BC,Edge,s,LL.ratio,TP1-1-T1,TP1-1-T2,TP1-1-T3,TP1-1-T4
AACTCATCCTCAAAAGCAAGCCCATTAC,CCAGGATGTACCGCC,-0.010175082663936526,0.0,1552,3582,2513,1989
CCACCACTAGCAGTGGCACTCCCACGCC,TTATATTTATTTGCT,0.025960684866926164,0.0,835,2597,2762,3164
TACGCAATCGCACCACCAGCAACAAAGT,GGTTGCCCAGAAGTA,0.009873094144982083,0.0,830,2337,2038,1941
CTGGCATGACCAGCAGCACTAGCATTTG,AGTGTATGATAATAT,0.012937464157750699,6.853780086621555,761,2247,2064,1951
AGTACAGCATCAACAGCAAGCTCAGTGA,AGTGTATGATAATAT,0.008787927341708945,0.0,751,2021,1837,1700
CCTGCATCACCAGATACAAGAACAGCTA,TTATATTTATTTGCT,0.024172989247822286,0.0,509,1698,1758,1828
TTCACAGATCCATGCTCATCGCCAGCTC,ACAGTTGACGGACAG,0.004297422044420592,0.0,739,1867,1569,1462
TCGCCAGGTCCACGCACACGGCCAAAGT,CGATGATGATGATGA,-0.0005013392903555107,0.0,718,1864,1423,1230
ACTTCAGCTACAAATCCAAATTCAACGT,CGATGATGATGATGA,-0.01253407729733705,23.3155852689506,768,1836,1271,917
ATTGCAAGGTCACCAGCAATCGCAAAAA,TATATTGAACTTTAC,0.003047948489325207,0.0,593,1599,1225,1130
ACAACAATTACACAAGCACTCCCATACG,TATATTGAACTTTAC,0.005251385915693667,0.0,503,1477,1206,1024
CCAGCAGATCCACATGCATGCGCAGTCG,TTTATAAATCAATAG,0.007750962086042121,0.0,422,1199,1098,926
CCTGCAGCGTCACGGACAGGAACAGTGC,TTTATAAATCAATAG,-0.002389807445722998,0.0,459,1175,931,743
TGCACACGGGCATCAACACACGCATATC,TATATTGAACTTTAC,-0.005353799189938998,0.0,474,1009,852,702
CCTTCACTGCCAGGTGCAAGCGCAAGAT,TTTATAAATCAATAG,0.0012118595047671949,0.0,407,986,827,734
GGAGCAGTAGCATCAACACTCACATCAG,AGTGTATGATAATAT,0.009827616777584768,0.0,328,1036,799,766
CTGCCAGCTACAAGGTCATGAACATACT,CCAGGATGTACCGCC,-0.012416266973810328,0.0,454,979,674,544
GCTTCATTCGCATCGACATGATCAAAAT,CTACTTACAACGGAA,0.007626272242790637,0.0,317,892,732,693
CTGCATCTGCATCCGCAACATCAAGTG,TTTATAAATCAATAG,0.002374195279217043,0.0,347,900,713,648
ATTGCAAACTCATATACAGGGACAGCCA,TATATTGAACTTTAC,0.0030465994441117718,0.0,328,827,710,625
CCCCCATTTGCAAAACCAGCCGCACGGA,AGTGTATGATAATAT,0.019063498773493465,12.335235228972124,247,784,719,761
ACACCAAGGCCAACCCCATAAGCACTGG,TTTATAAATCAATAG,0.009968229062192345,0.0,252,770,628,591
GTAACAGTCTCAGGCTCAAATACAAACA,CTACTTACAACGGAA,0.006292950319043704,0.0,249,758,665,523
CCGCCAGGTCCAAACCCACAATCAGCAC,ATGAAGTTCATAATG,-0.013473817146810655,0.0,342,802,598,397
GATACATAAGCACACCCAGGGACAAATT,TCTTGGAGGTGAATG,0.021671003581082215,0.0,199,679,607,663
AACCCACGGGCACGCGCACAGTCAATAC,TGATCATCACGGGAC,-0.008481988675569803,0.0,333,714,543,449
GGGGCACGGCCATAAACAAGCTCAGAAG,TGATCATCACGGGAC,-0.0055436217203192585,0.0,292,729,566,430
GGATCAATAACATGCCCAACGGCACGAC,GTTGGGCGCTTAAAG,0.016706576680670642,15.880082645588573,201,707,545,577
AGGACAGGCGCAAAGACAGTTACACTAA,TGATCATCACGGGAC,-0.0019382059984870044,0.0,245,701,531,402
GCTACATACGCACCTTCACCGCCAGCAA,GTTCAGCTTTGATCG,-0.022145945820113717,0.0,314,741,479,281
GCTGCAATCTCACAGGCAACGGCATTTA,TTTATAAATCAATAG,0.013046929288642891,6.001062209767952,194,621,572,499
GCTGCATGATCAGCCGCACATACATCGT,CCAGGATGTACCGCC,-0.01883339992589157,0.0,345,665,459,341
GGACCAGCCGCACTGCCAATGACACCCC,CTACTTACAACGGAA,0.009909667601136984,0.0,214,587,528,501
GTATCAAAAACACCAGCAGCCGCACGAA,TGATCATCACGGGAC,-0.0014725188070996431,0.0,241,683,502,401
GGAACATTTGCACCTACAAGGTCACAGG,TCAAAACGGAGTGTT,0.010904707371618015,0.0,199,640,482,480
ACCTCAGGGACAGTGACATAGGCACGTA,TCAACAACCTATGCA,-0.0022190667544972043,0.0,244,627,510,397
TGATCAGGGCCATGCCCAGGTACAGGTG,TATATTGAACTTTAC,-0.004849324639826146,0.0,278,570,447,418
GCAGCAGTATCAGTGGCAGTCTCACCGC,CAAGGATCCCCGTAG,-0.03933707232146588,0.0,408,691,382,218
CTGGCAGCGACATAGGCAGGTGCACGGA,CTACTTACAACGGAA,0.0022459094895408726,0.0,229,599,427,426
GCGTCAACGGCATTCCCAGGGGCATGCC,GTTCAGCTTTGATCG,-0.025907020591191043,0.0,344,584,406,275
CACACATAGACATGACCAAGCACAAAGC,TCTTGGAGGTGAATG,0.019301303103667452,0.0,165,481,475,512
GGAACATTCACATATCCAGGGCCATAAG,AGTGTATGATAATAT,0.01694237580747456,5.243712232766484,156,498,471,451
AAACCACGGCCATGAGCATATACATCGA,TCAGAGCATTGGCCT,0.006049327297720304,0.0,188,518,482,392
AACGCAACGGCAGATACACCAACAAGGT,TCAAAACGGAGTGTT,0.002214152553233924,0.0,212,509,399,394
TAGACAACAACATGAACAATGGCATGCA,TTTATAAATCAATAG,0.004927976474276838,0.0,186,529,381,375
AATGCAATGACATCAGCATTTGCAGGGA,TTTATAAATCAATAG,-0.0037924104126905614,0.0,221,518,395,343
ATACCACTGACATGACCAGAGACAATTG,GTTGGGCGCTTAAAG,-0.0013815162358002734,0.0,187,515,418,312
TCAGCAACATCACCACCAAAGGCACTCC,TTTATAAATCAATAG,0.0003796943524429607,0.0,195,488,399,343
GCGTCATCCTCAGAGGCACAAGCAAATG,GTTCAGCTTTGATCG,-0.030100460216955106,0.0,305,532,318,215
CCAGCACGGTCAAGAGCAGATGCATTGG,ACAACCTACCTGCTA,0.008562122598401965,0.0,153,508,368,344
GGGGCAGTACCATCGGCACTCCCAGTAC,CTCGCTAATACTCCT,0.00844172521962753,0.0,154,433,424,345
ACGGCAGAGACATGTCCAGTTCCACCTA,AGAAGACGACGATGA,-0.022137505483254775,0.0,267,482,347,239
CTTTCACAGCCAGTGACATTTGCATAAT,TATGCCCTTCTTCTG,-0.01500815163339766,0.0,221,497,369,245
GAGGCAATCCCAGGGCCATTATCAATCC,TCAACAACCTATGCA,0.002017543988542207,0.0,164,456,394,303
CGCGCATAAGCAGTAGCAATCTCATACA,TGATCATCACGGGAC,-0.008354003607086083,0.0,198,443,362,268
CAGCCATGCTCACCATCAATACCAATGT,ACAGTTGACGGACAG,-0.0011880518325050396,0.0,174,422,366,292
GAGTCAAATGCACGAGCATCAGCACGGA,TCAAAACGGAGTGTT,-0.0007130267603873362,0.0,178,415,367,303
TAGGCAGATGCACAGACAGGTTCAAAGG,ACAGTTGACGGACAG,0.006392228715391734,0.0,150,429,349,316
GTATCAAGGACAAAGGCAAGCCCAGAAG,TGATCATCACGGGAC,-0.011478341805092935,0.0,185,457,348,228
GGTCCAAGGACAGACGCAACGACAGTCA,AGAAGACGACGATGA,-0.022262719992037227,0.0,231,437,311,206
CCTGCATATGCAAACACAAGGACAGTAC,AGTGTATGATAATAT,-0.0006281563392336459,0.0,167,367,398,285
GGGCCACGATCACGAGCAATGTCAGCGA,TTTATAAATCAATAG,0.01662055129994687,8.25282720114501,117,380,364,335
TGTACATCCCCACTAACAAGCTCAATAA,TATATTGAACTTTAC,0.004890918845853835,0.0,144,388,324,290
GGTTCAATCGCATCGACAACACCAAACT,GAGTGCTTCAAAGTT,0.0038109345743351972,0.0,159,369,309,310
TTGACATCGGCAAGCACATTATCACACG,TTTATAAATCAATAG,0.0029504609381163505,0.0,150,399,303,285
GTGGCAGGCCCAATAGCAGGCTCAACGA,TCTTGGAGGTGAATG,0.022403293539730324,0.0,106,338,313,361
CAGCCATGATCATACCCAACAACAATAA,TCTTGGAGGTGAATG,0.009355485174921204,4.703894685243085,119,348,353,274
TTAGCAGAGACAGTGGCATCGACAACAT,TTAGTCTTTCCATCA,-0.013333534603606742,0.0,175,386,273,204
ATTGCAGGGGCATGATCAAACGCAGCAA,TCAAAACGGAGTGTT,0.010092281068015149,0.0,113,349,291,266
TAGGCACGTGCACAATCAAACGCATTGG,TATATTGAACTTTAC,-0.0037835768805510503,0.0,143,361,283,222
GCAGCAAACACATGCGCAAAACCACCCA,TTTATAAATCAATAG,0.0033045360933371035,0.0,138,332,252,265
TGCACACAGACATGTGCAAGGCCAAACG,AAAAGAAAAATGTAT,0.0020491759753711314,0.0,146,292,277,270
CCGACAGTCGCAACTCCATGTCCATTGT,TATATTGAACTTTAC,0.0042409446774726986,0.0,120,343,271,237
AGTTCAGGGGCAGGAACATTCGCAATAC,GTTGGGCGCTTAAAG,0.008921349801364187,5.136317122232867,121,322,251,275
CGGCCATGGGCATGTGCAGATTCATCTC,CCAGGATGTACCGCC,-0.014747978733182078,0.0,162,341,282,181
TATGCACGCGCACACACACATCCAAGGC,TCAAAACGGAGTGTT,0.008267356905709131,0.0,105,343,273,234
GCGCCAACGTCAGGATCAGATCCATTCC,AGTGTATGATAATAT,0.0034209373096429027,0.0,137,284,249,264
CTCACACGAGCATAGGCAGTGCCAGTTT,AATGATACCATTTTT,-0.02265445944510652,0.0,177,336,222,156
CCACCATTGGCATTCCCATGCGCAAATA,CGATGATGATGATGA,0.0005839181590922374,0.0,139,287,230,246
ACAACAATTCCAAGGGCAACGGCAATGC,CAAGGATCCCCGTAG,-0.03702037263350245,0.0,213,357,170,122
TGCTCACAATCAGGCACAGTAACATACG,ACAGTTGACGGACAG,0.0031332528833249115,0.0,134,259,256,256
GAAACAATCGCAAGAGCAGCTACAAAAA,ACAGTTGACGGACAG,0.002077320901755542,0.0,114,337,244,211
ACTCCAGTTCCAGTTCCATTAGCAGGCC,CCAAGACCGTGTAAA,0.01398820058405989,0.0,96,282,248,254
AGATCAACGCCATCCCCAGGTTCAATCT,ACAGTTGACGGACAG,0.003997525065907078,0.0,127,252,215,249
TACACAAACACAACACCACGGCCAGATT,TATGCCCTTCTTCTG,-0.01931617793777421,0.0,155,311,186,151
TGTGCAATCCCACAAGCAGTACCAGGAC,ACAACCTACCTGCTA,-0.011507812802641156,12.640094962021067,134,286,231,165
TCTCCAACGCCAACCACAACCTCAAAAG,TTATATTTATTTGCT,0.028101280738587062,0.0,74,194,258,299
TGTTCACTGACACGCACAGTCTCACCAA,TTTATAAATCAATAG,0.012813520294883675,0.0,83,263,268,212
GCGCCATCATCATCGGCACGCACAGAGT,ACAACCTACCTGCTA,-0.004840394416708538,5.025161504891457,125,267,230,188
CTCACAAATGCAGGTGCATAGCCACTGC,TTTATAAATCAATAG,0.017761657021354942,7.69720489542533,81,251,238,240
CGGGCACGGGCATTTACAGGTTCATCAG,GTTGGGCGCTTAAAG,-0.003934066225701974,0.0,121,269,219,187
TTATCACATGCATCGACAGTCTCATCCC,AGTGTATGATAATAT,-0.004368927720145285,0.0,118,322,170,180
GAGACAGGGCCAGATTCAAAGTCAACAG,TGATCATCACGGGAC,-0.008777475407696756,0.0,107,321,211,143
AATCCACGAACACACACAATGCCACAGC,GTTCAGCTTTGATCG,-0.03889782022956322,5.908612729604101,157,343,164,85
CTTCCAAGAGCAAAGGCACGTCCAAAAA,ACAGTTGACGGACAG,0.009489949231516746,0.0,93,252,204,215
AGCGCAAAAACATGTCCAGTAGCAACTC,TGATCATCACGGGAC,-0.0038829545366689654,0.0,115,266,177,178
GCTACAGATTCAGGCACAATAGCAGTTT,TGATCATCACGGGAC,-0.0046405629059208305,0.0,115,285,176,174
CTTACAAGGGCAACGGCAGTGACAAATG,GTTGGGCGCTTAAAG,-0.007127763923751235,0.0,94,290,210,132
CACTCACAGACAATTCCAGGTACAGAAT,TGATCATCACGGGAC,-0.015321819131719393,4.089069702725737,112,293,188,123
ATTTCAGTATCAGTCACAGCGGCACGTT,CGATGATGATGATGA,-0.002976886525655746,0.0,105,246,192,167
AAAGCACATTCATCAACAGAAACACTGT,GTTGGGCGCTTAAAG,0.006424317466179463,0.0,92,258,170,194
ATGTCAGGACCACGACCAGTAGCACAGC,GTTCAGCTTTGATCG,-0.030305331188263437,0.0,167,240,171,117
TGCGCAGCTCCATCCGCAACAGCAAACT,TCTTGGAGGTGAATG,0.023630055147366935,0.0,75,190,180,265
GAATCACCACCAAGGTCAAGTCCAGGAA,ACAACCTACCTGCTA,0.021388802543809034,0.8192404690341846,56,232,212,185
ATGACAATTTCAGGGACAAGCGCAATCA,TTATATTTATTTGCT,0.02183893004874742,0.0,66,192,199,221
AGCGCAAGTTCAGGTTCAAGGACATCTC,TTATATTTATTTGCT,0.030433233692150743,0.0,51,171,233,221
CAAACAGTCACATTGTCAGCAACAACAG,TTTATAAATCAATAG,0.010065795911551175,0.0,71,216,212,167
GACCCAAAGGCAGCGTCATGTTCAGGGC,ACAACCTACCTGCTA,0.007113964662476224,0.0,72,242,189,155
CAAACAGGTACACATCCACGGGCAGCGT,TTTATAAATCAATAG,0.008015021610357624,0.0,85,218,171,188
GGGACATTGACAATTCCAGATCCAACCA,TCAAAACGGAGTGTT,0.004468113927143029,0.0,87,190,198,173
GGGCCACGTACAGTGGCATAGCCAAGGG,TCAAAACGGAGTGTT,-0.006490208320161301,0.0,102,228,164,146
TACGCAGGCGCACTCTCACGGACATCCC,ACAAGTTTTACAGTT,-0.04460982626139909,0.0,171,237,123,78
TAATCATCCACACCGGCAGATACATTCG,CTCGCTAATACTCCT,0.019977981730316032,0.4166942236704472,54,230,180,171
TCGCCAAAGACAACACCAAAACCACGAA,TCTTGGAGGTGAATG,0.004858061935028543,4.641376707412292,84,197,176,169
TTGCCAGCACCAGTAACACCAACAGGGG,ACAACCTACCTGCTA,0.016420949905126124,0.0,65,172,190,185
CCGTCAGTGGCACGAGCAGTCGCAAGCC,TCTTGGAGGTGAATG,0.015610372983435905,0.0,54,230,154,150
TGGACACACGCAGGTCCAGGGTCATGTG,GAGTGCTTCAAAGTT,-0.012511896761118281,0.0,77,240,167,92
CGATCACATACACCGCCAACCTCAATCA,ACAGTTGACGGACAG,0.007401507358933776,0.0,70,191,158,152
ACTGCAAACGCAGAAGCAATCACAGAAT,TGATCATCACGGGAC,-0.005713514911031108,0.0,86,189,166,126
CAGTCACCTGCAGGTTCAGCCTCATAAA,TTTATAAATCAATAG,-0.0031743738811772578,0.0,74,204,165,117
GTGTCAATCTCAATGACAATGGCACGGA,TCAAATGATGAGGAT,-0.03864919538664067,0.0,121,247,111,66
GCACCAATACCATGTCCAGGCTCAAGGT,TTTTGCATTTAGGCG,0.006462478126710577,0.0,63,208,153,133
AGAGCAGCAGCAAACGCAAAATCAAATA,TCTTGGAGGTGAATG,0.007493344512147805,3.979955545073153,62,183,175,135
GGATCATGCTCATTAGCACACTCAGGCT,CTACTTACAACGGAA,0.03024957849845178,8.75335778519775,42,173,143,181
GGAGCATAAGCACCTTCAGTTTCAATGC,GTTGGGCGCTTAAAG,0.009962393905357617,1.5566392932512372,58,198,145,136
TTATCAGAGGCACAAGCATGGGCATATA,TGATCATCACGGGAC,-0.012304919776637923,0.0,89,212,114,107
TCGACAAAACCATGACCACCGGCAGGAA,AGTGTATGATAATAT,0.020903408296227905,0.5158632515344834,43,193,142,140
AACACATTGGCATAAACATTCCAATCC,TATATTGAACTTTAC,0.013191349888941389,0.0,60,167,133,155
TAAACACAGGCATCTTCATTCACACTGC,AATGATACCATTTTT,-0.015575514975255356,0.0,89,195,96,97
ATTGCATCAGCAACGCCAGCGGCAAACT,GAGTGCTTCAAAGTT,-0.008368639538532344,0.0,85,159,129,115
TACACACCTCCATGTACATCTGCATCCG,TCAAATGATGAGGAT,-0.03666279214656581,0.0,95,227,98,55
CCCACAGCTGCAGACACAAACCCAACAT,TTATATTTATTTGCT,0.022963831095601604,0.0,41,123,157,142
CAGTCAGTACCACGCCCAATTCCAATTA,CGATGATGATGATGA,-0.0003241537146641017,0.0,54,164,151,93
AGGCCAATACCAGTGGCAAACCCAACGA,TCAAATGATGAGGAT,-0.03603242667037589,0.0,100,182,90,59
GTGCCACGAGCATCTCCAAGAGCAGCAA,CCAAGACCGTGTAAA,0.0024776397717178114,0.0,71,167,95,133
GACGCAGATCCAGGGTCAAGATCACATC,AGTGTATGATAATAT,-0.012215422823302962,13.18081912820844,73,195,98,88
GTCTCATATCCAAGTCCAACAACAAGCA,TCAACAACCTATGCA,-0.005852585082335851,0.0,61,182,118,89
GGAACAGGTACAGCAGCACCAACAAACT,TATATTGAACTTTAC,0.014249639832760744,1.4597843969513633,45,158,128,120
GTAACAATGCCACTATCACAGTCATGGG,TTTTGCATTTAGGCG,0.026111912065053807,1.9133408718012106,31,173,139,118
GGAGCAAAAACAAGGGCATCGGCATCTG,ATATTGAGTAAGTAC,-0.028818420929695953,0.0,86,178,103,63
CCCACAGTAACATGGCCAAGGGCAACAC,TTTATAAATCAATAG,0.0043903304099473855,0.0,62,158,107,123
TACGCAGGAGCATTGACAATGCCATGCA,ACAGTTGACGGACAG,0.011381482287476263,0.0,47,130,156,115
ACCACACGTGCAATAGCACACACAGGGT,GTACAAGAAATTTTG,0.021511856306539612,0.0,38,118,167,126
GAGACAGCGGCATGGCCAACATCAATAG,TGATCATCACGGGAC,0.0013983777509094075,0.0,59,154,120,107
AAACCACGGTCAGTCACAACCGCAGGTG,ACAGTTGACGGACAG,0.009711900688608062,0.0,55,151,110,128
GGGCCATCGGCACTCGCAACAACACTGC,TTTATAAATCAATAG,0.00527187537330791,0.0,54,146,117,110
GATCCATAGCCACAAACACTCGCAGCTT,TATATTGAACTTTAC,0.022174384857272827,2.3111360347529626,34,160,124,115
GGGACATCTGCAATCACAACAACAGTGT,TTTTGCATTTAGGCG,0.00622547018729375,0.0,52,156,104,109
CACACAAAGTCATGGGCACGGGCACTAT,ATGGCGATGGTCTTG,0.004012967889131325,0.0,52,150,119,102
GACTCATGGGCATCTCCAGCGGCAGCAT,GAGTGCTTCAAAGTT,-0.013190370460844038,0.0,82,136,102,96
AACTCAGAAGCACTGACAGTATCACGTG,CGATGATGATGATGA,-0.016062703134891974,5.911399169259539,81,162,94,87
CGAACAGGTCCATAGACAGGTACAAGGC,TTATATTTATTTGCT,0.039711730011372175,4.1472091589312186,29,104,120,166
ATGGCATGAGCACCGACAAGAGCATGAA,AAAAGAAAAATGTAT,0.006858836344094615,0.0,44,149,111,94
AACCAAAAGCACTACCACATTCACGAT,TGATCATCACGGGAC,0.006020970568376545,1.9137729089200093,48,142,110,100
AATGCACACCCATTTACATGGTCATGCG,TTTATAAATCAATAG,-0.0019241284308813892,0.0,53,143,114,87
TAGACACATTCAAACACAGCTGCAGCAA,CCAGGATGTACCGCC,-0.017971847434564925,0.0,70,143,108,71
GAAGCACGGTCACTGGCAAGCTCAGTCC,TATATTGAACTTTAC,-0.010616682231716785,4.373707075961647,68,154,89,86
GGATCATCCGCAGCGACATTCACAGTAT,TTATATTTATTTGCT,0.01817574102130684,0.0,37,117,128,111
TGCGCATCTCCATTAACAGGTACAGAAGC,TTTATAAATCAATAG,-0.003934066225701974,0.0,55,127,115,85
GGGACAGAAACAAATCCAAAAGCATGAG,CGATGATGATGATGA,0.023719781536223946,13.004476884256746,35,103,128,124
GCTGCAATAACACAGACACACACACATC,TCTTGGAGGTGAATG,0.021448808560613986,0.0,42,118,94,139
AGGACAGGTACAAACCCACCGGCATAAG,TATGCCCTTCTTCTG,-0.014823540567536972,0.0,61,167,78,68
TGGACAGATGCACCCTCAATTGCAATAG,ACAGTTGACGGACAG,0.02132543580200424,6.468882342210009,37,102,116,122
TCAACAATCCCAACGTCACGCGCAGGCA,TCAAAACGGAGTGTT,0.003986813840450705,0.0,50,152,66,98
GCCCCATGAACACCAACATGTACACGAT,TCTTGGAGGTGAATG,0.03474029140815098,3.8495557146959527,29,101,105,143
AGAGCATTGACACCTTCACATCCAGAGG,ACAACCTACCTGCTA,0.013405712899951095,0.0,45,103,104,117
GTAGCATAGTCACAGACAGGGTCATACG,TTTATAAATCAATAG,0.004206715682508741,0.0,37,138,113,73
GTAACATGAACAAAGGCATTAACACTCC,TATATTGAACTTTAC,0.005707443958814017,0.0,47,105,90,97
AGAGCACCCACATTAACAGGCTCACATC,TTTATAAATCAATAG,0.00048813265256783387,0.0,51,103,99,90
ACAACAGGGTCACCTGCAGTTTCATAAA,GTTGGGCGCTTAAAG,-0.005909627837567773,0.0,46,125,104,67
ACGTCACCGACAACTGCACCTTCACTAC,CTCGCTAATACTCCT,0.004048599462094797,0.0,55,95,86,108
GTGTCACTCACAAATACAGGTTCAGCTA,GAACTCAGGTTCCAT,-0.029164122738545562,0.0,80,124,69,58
TTTCCAATACCAATGGCAACTCCACTGA,ACAAGTTTTACAGTT,-0.01780972876860698,5.2058297364173995,52,145,72,53
GCCCCATGTCCAACGGCAAAGACACGGT,CCAGGATGTACCGCC,-0.005732416716660005,0.0,56,118,70,82
CCGGCACTCACAGGCACAGATACACGCC,ACAAGTTTTACAGTT,-0.0511389770346877,0.7557054320541283,80,151,58,30
ACGGCACGCGCACTCCCATAATCACAGG,TCGATAGAATTTACT,0.006784097897238291,0.0,38,119,87,81
CAGCCAAAGCCAACGGCAATAACAGTTG,CTACTTACAACGGAA,0.0005397722187954803,0.0,43,101,100,76
GATTCATGTACACCTGCATTGCCAGAAC,TCGATAGAATTTACT,-0.012136601946345851,2.6323516766100283,48,132,92,58
GCGCCATACACAAATGCATGTCCAATAA,ACAGTTGACGGACAG,0.037244715988197154,5.986781084502809,19,105,89,101
CTGCCAAACACATGTGCACGCCCAGTTC,GAGTGCTTCAAAGTT,0.011486717839235125,3.5882734194394743,33,99,104,81
CCTACACGGACAAAAGCAGATACAGCAA,TTTTGCATTTAGGCG,-0.01390692945681081,1.4988895797449686,48,103,100,55
GGTGCAAGATCAGTGCCAAGTCCATTTT,CGATGATGATGATGA,0.0029932233985459967,0.0,41,103,94,78
GACTCATAAGCAGAGCCAGGTCCATACT,AAAAGCGACATTTCT,-0.004144815083684875,0.0,56,107,57,86
AAGACAACAACAGGAACATCCTCACGAA,CTATGCATTTACTCA,-0.07424388305335254,0.0,80,149,52,15
GGATCAGCCACATCCTCAACAACATGCT,ACAGTTGACGGACAG,0.026138804630718493,0.5409394554326354,21,121,85,80
GACCCAAGGTCAAAAACATAGTCACAGG,TCAAAACGGAGTGTT,-0.00468316142077058,0.0,45,104,79,68
ATAACAGGTGCAATAACACAAGCAGATC,GTTGGGCGCTTAAAG,-0.014594239030235349,0.8419311344221114,49,102,92,55
GAGACAGCTACATGAGCATGACCAGTGA,ACAAGTTTTACAGTT,-0.022222291444530265,4.475296247132405,56,116,68,50
GTGGCAAAAACAAGACCAAGTGCAATGC,GAGTGCTTCAAAGTT,0.0019921471619168394,0.0,39,114,72,72
ACTACATTTTCATTTCCAAGCCCAGACG,ACAGTTGACGGACAG,0.0050368892594991445,0.0,44,74,89,89
GAGGCATGCTCAGGCTCACTTTCAGGTG,TATATTGAACTTTAC,0.0034178575911269896,0.0,41,112,61,79
CCACCAATGTCACAGTCAACGCCAGCAA,GAGTGCTTCAAAGTT,-0.023789423603469445,3.1138549340730606,54,100,81,46
GTATCACGGGCACATCCATGATCAGACA,ACAGGGCAGCTCCCG,-0.046252194561625166,0.2291081604105898,76,101,61,33
TGCACACGGCCAATATCATAATCACCGT,CTTGCAAGTGTAATT,-0.019926394019991276,0.0,69,98,63,66
GAGGCACTTGCAGACTCATCAACAACAA,TTTATAAATCAATAG,0.014782984544308776,2.209372091340583,31,87,83,84
CAGGCAGTGACACCCACACAAGCATACC,GTTGAACTGGTTGTT,-0.034111456242487986,0.0,72,99,67,45
TCTGCACCGGCATTTACAAATCCAGGGT,TATATTGAACTTTAC,0.018521167255825064,6.107098907738646,32,79,81,97
GGTTCAAAATCACACGCAAAGGCAGTGT,TCTTGGAGGTGAATG,0.024985756471731155,0.0,25,97,75,92
CTGCCACCTCCAATCTCAGTCTCACTGG,TTTATAAATCAATAG,-0.0105337290574246,0.7107110772312808,56,79,78,71
TTAACAATAGCAAACACATGAACAAGGG,GAGTGCTTCAAAGTT,-0.004196534773398822,0.0,45,92,67,69
AGATCAGCGTCACTGGCAGTCGCAACCA,ACCACCGGTCCTGCC,0.015875978638408453,0.7894432167520335,20,128,77,56
TTAGCAAGGGCAAACGCACTCGCACCTG,ATATTGAGTAAGTAC,-0.007685555525528424,0.0,42,108,55,58
GGAACATAGGCAAGAACACGTGCAACCG,ACAGTTGACGGACAG,-0.01547975240041361,4.926430108450404,43,101,76,47
CTCGCACGTGCATTGCCACCGACACCCG,TCTTGGAGGTGAATG,-0.005156697166371328,7.672841991088717,49,90,55,73
CAAGCAAGCTCACGGTCAGCTTCAATGG,ATAGAGCGGCGTTGA,-0.043772620436250735,0.0,62,97,53,29
TGATCAGCCCCATCGGCATTTGCAACAG,GAACTCAGGTTCCAT,-0.025133691783035178,0.0,55,87,67,45
TCTTCAACTTCAACCCCAACAACAGCTT,TCAAATGATGAGGAT,-0.054164122476969834,1.9596414272722313,73,96,51,25
ATGCCAGTAGCAGATGCAGTCGCATCGC,ACAGTTGACGGACAG,0.002360475034802965,0.0,30,102,73,56
TACACATTTACATACCCACAACCACGGG,AGTTTATAAAAAATT,0.020721506980792656,0.0,21,82,85,68
GCACCATAAGCAGTTACACTAACACGAA,CCAGGATGTACCGCC,-0.014856979794551311,0.0,44,79,76,49
AACTCAACAGCATCATCATGGGCACGCC,TCAACAACCTATGCA,0.0036019474738820272,0.0,32,87,71,62
AGAGCAACGCCAATGACAGTTCAACGT,TTATATTTATTTGCT,0.0031562229083523796,6.527006129782194,34,84,61,65
GTTTCACCGACATACGCAGTCACAGATA,CATTGTCGGACGCTT,-0.015190052948832944,0.0,39,95,67,43
AGGGCATCCTCATTTGCATTGGCACGCA,TATATTGAACTTTAC,0.008099711958875724,0.0,23,89,73,51
TGAGCACTATCAAGTACAGGCTCAATTA,ACAACCTACCTGCTA,0.01681500787063168,0.0,25,80,59,72
TCAACAGAATCACTACACTGACAAGCA,ATAGAGCGGCGTTGA,-0.07933969490227433,5.0400366554134735,87,85,35,14
ACTTCACGGACAATGCCACCCTCACACG,CGATGATGATGATGA,0.028200879488611302,9.216859570050701,19,63,72,77
CTAACACTTGCACCTCCAGCAGCACTCA,ACAGTTGACGGACAG,0.010004992420207337,0.0,23,76,75,54
GGCACACCAGCACACTCATGTGCAGCCA,CGAATGCCATACAAA,0.016420949905126127,0.0,26,61,67,74
GTGTCACGCACACTGACAGAGACAGGGT,AGAAGACGACGATGA,-0.03660224111568589,2.2810106837699777,50,93,52,29
GCTGCAGCATCAGCTGCACGCCCATGCC,TCAGAGCATTGGCCT,0.017236711789083616,0.0,24,64,63,70
CGGACACATGCAAGTCCAATCTCATGAA,AAAAGAAAAATGTAT,-0.01519005294883294,3.9940055723584464,39,87,51,43
GAATCACAATCACTGCCATCAGCACGAC,TGATCATCACGGGAC,0.0009229941470111405,0.0,33,57,76,59
TTCCCAGACACAGACACACTCCCACAAA,GAGTGCTTCAAAGTT,-0.0012027847977541014,0.0,31,83,61,52
GCATCAACAACAAAACCATCTTCATTTC,CTATGCATTTACTCA,-0.06799059592352592,0.0,84,62,25,19
GCTTCAAGCGCAGGTACAAATCCACGAC,AAAAGAAAAATGTAT,0.0005734933479569845,0.0,26,84,57,46
CATGCACCAGCAATAACACTCGCAACCG,CTACTTACAACGGAA,0.02536602678219658,1.9122078425995142,18,72,58,67
CTTGCAACACCACCAACACAGCCAGTCA,ACAAGTTTTACAGTT,-0.053438739417586034,0.5872845139858782,60,80,41,21
TCCGCACTGACAATGGCAACCTCACGTG,TTTATAAATCAATAG,0.005250223321014738,0.0,28,69,63,57
GTCACACCGTCATCACCAATAACAACGC,TCTTGGAGGTGAATG,0.03602634889985226,3.01236162483508,16,54,61,82
GCGGCAAACTCACTGGCACTCACAAAAC,TCAACAACCTATGCA,5.5226135007451056e-05,0.0,31,66,57,54
ATACCAATGGCAGCCTCACACCCAACAA,CTACTTACAACGGAA,0.02776514343636623,2.722240345980481,18,71,52,72
ATACCACGGCCATGGACAGTCTCATACA,CTTGCAAGTGTAATT,-0.020406018601727933,0.0,35,89,49,33
CCAGCAGTCTCAGCATCATCGCCAGATT,GTTGGGCGCTTAAAG,0.023593038671232677,3.7021186732755496,17,73,61,60
TCGACACCCACATCCACACCATCAACGA,TCAAATGATGAGGAT,-0.05912807214353503,2.644335572459454,61,84,42,18
GGTACAGGTGCAGAGGCATTAACAGCAA,ACAGGGCAGCTCCCG,-0.04692517953949903,0.04869533759364231,47,68,47,20
ATCTCAAGCCCAGTAGCATAGACATTCA,TGATCATCACGGGAC,-0.020667714417585883,1.6593822522713708,31,79,57,29
AGCCCACGATCAAAGCCATCGTCAATAT,ACCACCGGTCCTGCC,0.0029504609381163487,0.0,30,51,59,57
CATTCACCGCCAATGGCACCGCCACCAA,TATATTGAACTTTAC,0.012956772331588845,0.0,23,52,56,59
GTCGCACCACCAAGAACAGCTACAGTCA,CTAAGCAGTCTTCTC,0.022626787442124263,0.0,14,82,48,48
CCTCCATAGGCATGGCCATTCTCAGGAG,CATTGTCGGACGCTT,-0.01844466860096349,0.0,30,81,50,30
CCTCCATATGCACCATCAAGGCCAAAGT,ACAGTTGACGGACAG,0.006141962836729173,0.0,22,72,48,46
TCATCACCCGCACGAGCATGATCATGAT,GAGTGCTTCAAAGTT,-0.004929164997358004,0.0,22,73,50,33
TAACCAACGGCAGCGGCAAAAGCATGGT,CTGATTTGTGCTGTC,0.01073762264416652,0.0,20,66,44,48
TAGGCACTAGCACAAACAGGTTCAGATA,TTTATAAATCAATAG,0.004059620567612069,0.0,28,42,52,55
TACCCAGCTGCAGAGTCATACTCAAACC,TCAAAACGGAGTGTT,0.01768911437393508,6.073098995585838,23,37,49,68
CGGCCAAACGCAGTCTCAAGCACATTTA,TTTATAAATCAATAG,0.029246868855394046,1.2444430858065516,11,64,51,46
TCTGCACAACCAGCGACAACATCACATC,ACAGTTGACGGACAG,0.005444587331374518,0.0,21,55,55,43
TGGCCACGCGCATACACAAGTACAAATG,AAAAGCGACATTTCT,-0.007597255253142521,0.0,26,59,53,36
TGACCAGCTGCACGACCAGCTCCATCTC,ACAACCTACCTGCTA,-0.007053025476894911,2.4942750757362546,27,62,44,38
CGCGCAGTGCCATGGGCACGGTCATCCT,TTTATAAATCAATAG,-0.0008424209276135739,0.0,23,56,52,39
AGGTCATAAACACTTACAACTACACAGT,TGATCATCACGGGAC,0.019089040160910644,1.1854004186540124,12,68,52,37
GGGACAGTGCCAGGACCATGAACACCCG,GTTGAACTGGTTGTT,-0.060203434217475704,1.660953544271763,42,59,45,12
CCTCCATAGACAAAAGCATCCACATGTC,TTTATAAATCAATAG,-0.02719014408321317,7.652957805075175,39,63,39,30
CAGTCAGCGCCAATTACACCCACATTAA,TCGATAGAATTTACT,-0.004520161910964168,0.0,27,48,51,41
GTCTCTTTCAGAAACAAAGACAATTC,TTATATTTATTTGCT,0.03202625582002907,0.0,11,37,68,50
GGGGCATCCACAAGTACAGGGACAAGAT,AAAAGAAAAATGTAT,0.00020919099688393103,0.0,20,65,41,35
TAGACACAGACAATAGCAGAGACACCCA,GTTGGGCGCTTAAAG,-0.005343248997309906,0.0,27,53,41,40
GGGTCAAACACACGTACAAACACATTGC,AGTGTATGATAATAT,-0.00115857357098914,0.0,9,64,47,45
ACAGCAACAACACCAGCACAGACACATA,AGAACATCATCTACA,-0.011887658792761673,0.0,23,76,33,28
AAGACAAACCCACACACATGAACAACGG,TCAAAACGGAGTGTT,0.024647608169338753,5.463478170393046,14,37,59,51
AACCCAAAATCACTGCCACCCACATGAA,ACAGTTGACGGACAG,0.018823010549876902,3.6171180549175688,17,37,55,52
AGGCCAACCGCAGATCCACTGACATTCC,TATATTGAACTTTAC,-0.019863322414923345,2.1179116622600986,24,58,52,23
TACACAAACCCACACACAGAGACAGCTT,ACAGTTGACGGACAG,-0.004929164997358004,0.13485120240579818,28,43,40,42
AGGTCAAGCCCAGCCGCACATGCAAGCG,TCAAAACGGAGTGTT,0.01170387387327493,0.7698572705016886,17,46,49,42
GAGGCATGTGCAATCTCAGCATCATCGT,GTTGGGCGCTTAAAG,-0.020071007406611174,1.7060268883515164,21,63,48,20
AACACAGCATCAGCGGCATCAACAAGTG,GTTCAGCTTTGATCG,-0.02667333786534769,0.0,32,68,20,25
TTGCCATACACAGCGGCATAGCCAGGGC,GTTGGGCGCTTAAAG,-0.01738637865714414,0.0034192681420108784,31,33,55,32
GATACACGTCCACCTACAAACGCAGGCG,GAACTCAGGTTCCAT,-0.016423847873748978,0.3276981949539959,16,72,45,17
GTAACAATCCCAGCATCATCCCCAGAAA,TCGATAGAATTTACT,0.017473960714712435,0.9196355544299877,16,50,39,47
ACTCCAGTGTCATGAACATAATCACCGT,CGATGATGATGATGA,-0.029059792971581313,4.737182413112464,33,53,38,24
CAATCATCAGCACAGCCACCAGCACCTA,TTTATAAATCAATAG,0.019089040160910637,0.47021290516204317,12,54,47,37
GCGTCACTGTCAGGTTCACCTCCACTTC,TCAAAACGGAGTGTT,-0.019926394019991276,1.3322443922046432,23,46,54,22
TTTGCAGACTCAAATCCAGAAACACAAG,CTACTTACAACGGAA,-0.011523356441688648,2.4806862722865617,26,52,31,32
AGTGCAGCGACAAGTACAGATTCAATCA,GTACAAGAAATTTTG,-0.008595861504502297,0.0,32,39,25,43
ACTCCAGGATCAACGCCAATAGCATGGT,ACAGTTGACGGACAG,0.01817574102130684,0.20128023067070444,12,51,42,36
AATGCAAGTGCAAGTTCACTTACAAAAG,TTTATAAATCAATAG,0.012607271532534626,0.0,13,61,35,33
TCACCACCGGCAATATCAGCATCATCAC,TTTATAAATCAATAG,-0.011523356441688648,0.0806944376561205,26,34,48,32
CGCTCACAGCGCATGACCAACTCCAATCG,AAAAGCGACATTTCT,-0.03305316629866863,2.420069061305867,31,47,38,20
TCCGCACACCCAATATCATAGCCAGACA,ATAGAGCGGCGTTGA,-0.04769700118526679,0.0,37,49,28,5
GATTCAGGACCACCTTCAAGCACATGTG,ACAACCTACCTGCTA,0.017551401444417226,0.0,5,45,42,46
AGCTCATAGTCAATCCCACATGCACGTC,ATTATCAAGTGCCAG,-0.011887658792761671,0.0,23,43,43,28
ATACCATACTCAACAACAACAGCATCGT,CAATCTTGAATTGAT,-0.05298106632385602,0.0,31,41,39,11
AACCCAGAGACAACGCCAGATTCAATGC,TGATCATCACGGGAC,0.00858633860624748,1.5191780630633502,12,42,52,27
ATCCCAATAGCACTGACAGGTACAACAG,TCAACAACCTATGCA,-0.05155306103463957,11.695242697411345,27,59,30,10
ATTACATGGTCAGGTCCACAACCACCTA,TATATTGAACTTTAC,-0.06323582682433328,20.347914569319528,46,38,32,12
TTTTCACGACCATTGGCATTAACAAGGG,TTTTGCATTTAGGCG,0.028452453009790712,6.6536497335798686,12,29,43,49
CTTACATCCTCAGCCACAATGACACGGT,TCTTGGAGGTGAATG,-0.004929164997358004,2.8416454746019326,22,40,33,33
TAAACAGCACCATGCACACAAGCAGATA,GTTGGGCGCTTAAAG,0.01073762264416652,3.4273707217474794,15,30,50,36
TTTACAAAGTCATGTGCAGGGACAAAAC,TTTTGCATTTAGGCG,-0.009587896409863286,1.7632815086230949,23,51,21,30
GTAGCATAATCAGTCTCAATAACAGAAG,TTTATAAATCAATAG,-0.021956685789557687,4.839781782602927,20,57,31,18
TCATCAGATACACGTGCACGGCCATTAG,TTTATAAATCAATAG,0.01158154957697617,0.0,13,43,39,32
CTGTCAAAAGCATCGACATCCACATAAC,CTTGATCAATCAAAA,-0.011006550223823167,0.0,20,41,34,25
GGCACACATTCGGATCATGAGCAAAGC,GTTCAGCTTTGATCG,-0.040437900693041894,5.406135012099639,24,70,21,6
CAGTCATGCGCACCAGCACTTGCAACAT,GTTGGGCGCTTAAAG,0.02858823052271194,2.93302324051308,10,46,30,41
GGGACAAAGCCAACTGCACGTGCATTTA,ACAGTTGACGGACAG,0.016270460559975202,0.1170724484989023,12,44,29,34
ATGTCAGTTACACCGACAATGCCAGAGG,CTTGCAAGTGTAATT,-0.013785937188458183,0.0,20,40,39,23
GACACATTGGCAAGACCAACCTCAGGGC,TGATCATCACGGGAC,0.010137005794077234,0.06740271465105252,14,55,20,33
GTACCATGGTCAGTCTCATCATCAGATA,TATATTGAACTTTAC,-0.004281895468787943,0.0,17,38,40,26
GGCACAAGATCAGCACCATTTCCAGAAT,ACAAGTTTTACAGTT,-0.032607441733138974,0.0,26,48,21,17
AGTTCACGCGCACACTCACGGACAAACG,TTTATAAATCAATAG,-0.003510511183398124,0.0,23,39,22,36
GAAACAGGCACACTCACACCCGCAGGAA,CTACTTACAACGGAA,0.026921216503556552,1.982887096571858,10,36,34,39
GCGACATGCTCAAGTCCACGGGCAGTTT,TTTATAAATCAATAG,0.0036651386460453254,0.0,17,33,35,33
GGGCCACATGCAGAGCCAATGGCAACCG,ATGGCGATGGTCTTG,-0.016144906218065105,0.0,14,51,37,15
GTGCCATCAACAGACGCAATGGCAAAAA,CCAAGACCGTGTAAA,-0.004929164997358006,1.577803697396348,20,46,24,30
TGGTCAACTCCACGGCCAACTACACATC,AGTGTATGATAATAT,-0.01236728337449833,0.33143609372552874,15,31,46,18
CGTGCAAACCCATGACCAACATCAAAAT,GGTTGCCCAGAAGTA,-0.01653938813963185,2.779247858011786,17,42,37,18
CATACAGGATCAATGTCATGGGCAGGAA,GTTGGGCGCTTAAAG,0.00783724341117884,0.0,15,53,13,33
CCCGCATACCCAAAGGCAGCATCACGAA,GTTGGGCGCTTAAAG,0.004660237417701354,0.0,12,45,36,24
TCGGCATCGGCACGCCCATCCGCACATT,ATGAAGTTCATAATG,-0.009236222713358206,0.0,22,39,28,29
GGAGCAATATCATTCACAAAAGCAAGTC,ACAAGTTTTACAGTT,-0.01838709607441773,0.0017409171219924247,25,47,34,6
GGGCCACTGGCATACACAGAAACATCCA,TGATCATCACGGGAC,0.01303738502706491,3.314245272733615,14,30,30,36
CAGTCAACCTCATTGCCAGGCACATTCT,GAGTGCTTCAAAGTT,-0.005678260192426638,0.0,15,45,28,22
AAGACAAAAGCATGTACAACTGCACAGG,ACAACCTACCTGCTA,-0.00010979070365442489,0.0,15,29,42,26
TTGGCAATTCCAGTTGCACGCGCAGATA,TTTATAAATCAATAG,0.021352747014784335,1.7627452133558563,10,33,37,33
CGGTCAGGTACAGGGTCAGGGTCATAGT,ACAAGTTTTACAGTT,-0.04287740890151351,0.0,24,56,20,7
CGACCATGGCCATTGACAGCTGCATTTC,ACCACCGGTCCTGCC,0.0007341362291552559,0.0,18,40,22,32
GTGCCAGCCTCAGTGTCATCCGCAATTG,GAACTCAGGTTCCAT,-0.03269280242852813,0.0,23,42,27,15
AGCGCAGTCCCACTTGCACACGCAGATT,TTATATTTATTTGCT,0.02198941939389834,0.0,11,32,32,37
ATAACAAGTGCAAAGTCAGTTCCAGCAT,AGTGTATGATAATAT,0.0025089533797823197,0.0,16,22,38,30
CTAGCAGCAACAAGATCAGCACCAGTAG,TATATTGAACTTTAC,0.005599230846587087,0.0,5,41,27,33
AAAGCACAGCCATGACCATGCTCATCAA,CTACTTACAACGGAA,0.010523259633156841,0.0,13,27,33,31
GACGCAGATACAAAAGCATCGGCAAGCA,GTTGGGCGCTTAAAG,-0.041549574619628334,10.923200674044779,22,57,15,11
TAAACAGGTGCAGTACCACACGCAGTAC,AGTGTATGATAATAT,-0.02333145107402602,5.572879485086446,22,43,23,19
TAAGCACAAGCACAGTCAGATACACCAG,ACAGTTGACGGACAG,0.036725711513886726,5.566410529598102,7,26,35,39
TGAGCAGTAACAGATTCAGTAACACAGT,GGTTGCCCAGAAGTA,-0.0018967723905004379,0.0,14,28,38,23
GCCGCACACTCAGCCGCACGGCCATTCT,TTATATTTATTTGCT,-0.02481317649305381,9.516751228923908,23,31,33,19
TTACCACCCACAGGGTCAGGGACAAAAG,ACAAGTTTTACAGTT,-0.038526840052031996,0.0,22,46,20,7
GCTTCAATATCAGCCGCAAGAGCACCAA,ATTATCAAGTGCCAG,0.007130503156158745,0.0,13,27,33,28
TGAGCAGGCCCATCGACAATAGCACTAG,AGAAGACGACGATGA,-0.06672361250602887,10.774183314533673,29,53,15,5
AAGTCAAGAGCAGTTCCAATAGCACGGG,ACAAGTTTTACAGTT,-0.0724208254734898,1.9218039402603608,26,52,12,7
ATATCAATTCCAGAGACAACCCCACAAG,CATTGTCGGACGCTT,-0.030157931495559787,0.0,27,33,18,19
CAAGCAACAACAAAAACAGAACCAGTAG,ACAGGGCAGCTCCCG,-0.01875610143929882,0.0,20,42,27,4
TCGACACACCCATGTTCATCCCCAACGT,TTTATAAATCAATAG,-0.0020287857643703036,0.0,11,34,37,18
TAGGCATCTACAGGACCAGTGGCAAATC,AAAAGAAAAATGTAT,0.0026394166904868677,0.0,17,38,13,32
AGTCCAGTGTCAGCTACAGCGCAGAAT,TCAAAACGGAGTGTT,-0.005795014544133388,0.0,13,35,29,19
CCTTCATGACCATGTGCAACGGCAACTG,TGATCATCACGGGAC,-0.015267662607485999,0.017352823208966583,10,33,45,11
TTACCAGTACCAATATCAGGGTCAGCGA,CGATGATGATGATGA,-0.0001097907036544207,0.0,15,30,29,26
TACCCAGCCACAAGATCATAAGCAAATA,GTGTGATTACTAAAT,-0.10075004833606557,0.0,42,23,11,5
ATATCAGCCCCACGCTCATCAACACCTA,TTTATAAATCAATAG,-0.025882786978103815,5.8359926603388885,20,44,18,16
AGGACAATTACACGTGCAACCGCATGGA,GAGTGCTTCAAAGTT,0.019787024833412083,3.953923357954068,7,29,27,31
GCGTCATGTGCATCGGCACGCCCAAGAT,TTTATAAATCAATAG,-0.0030908593258720963,0.0,9,34,24,23
CTGGCAGGCGCAGGATCACACGCATGTA,TTTATAAATCAATAG,-0.0033784978095282524,0.0,14,25,32,22
ATTTCATCAGCACAGCCACCCACAGCGC,TTTTGCATTTAGGCG,-0.0040852380645483265,0.00641025679408358,13,26,33,20
GGGTCAGTAACAGTTACACGAACAGACA,TCAACAACCTATGCA,-0.03876550398966483,7.896190517563355,21,37,19,9
AACACATTCGCAAAATCAAGCGCAATGC,TATATTGAACTTTAC,0.016091729121929087,1.384711023111322,11,25,19,31
CTAACACGCTCAGTCTCACGGGCAAAGA,TTTTGCATTTAGGCG,0.04199373729677798,3.531836006323772,9,18,30,30
TCGTCACAAACATAGGCCAACAACATGTC,CTTGCAAGTGTAATT,-0.00810617099083547,1.3152246817356854,11,25,34,15
CTGACAGGGACATGACCAGAGGCATTCA,TTTATAAATCAATAG,-0.0166424278919543,1.9158753511666191,18,29,15,19
GATGCATCATCATGACCAGCCTCATACG,TATATTGAACTTTAC,-0.0390293568447071,14.755725917536665,20,42,18,3
TCCCCAAGCTCAGGACCACAGGCAAATG,GTTCAGCTTTGATCG,-0.006555503803005714,2.6943790152982956,14,25,27,20
AGGTCAGCGCCACGGTCAATATCAGCGC,AGTGTATGATAATAT,-0.021345047833951164,3.9511264403471955,12,39,22,11
TTCCCAATTGCAAAATCAGATCCAGCTA,CCAGGATGTACCGCC,-0.001417147808763781,0.7598642933483006,18,26,13,30
AGGTCATGCTCAATGTCAATCTCAGAAT,ACCACCGGTCCTGCC,-0.012367283374498328,0.7728526686371708,15,26,24,18
GGGGCAGGAACAGAGCCATATACATTGG,ACAGGGCAGCTCCCG,-0.01844466860096346,0.0,12,39,16,12
TGATCAGGAACAAGCTCACACGCATTCG,CTTGATCAATCAAAA,-0.012367283374498333,0.0,20,28,10,24
TAGACACGTACAAACGCAGGTTCACGAG,TCAAAACGGAGTGTT,-0.008855266185904103,0.17175534064278963,18,21,17,24
ATGACAGAAACAGCTACAAGCGCAGCAC,CGATGATGATGATGA,0.014998735027829379,3.874983956515848,11,14,24,30
TTTCCATAGGCAGGCGCAGCTCCAGTAA,TCAAATGATGAGGAT,-0.01693771923075511,0.1498784458578939,15,35,21,9
GGAACATCTTCACGAGCAGCTACACGCT,ACAACCTACCTGCTA,-0.003820799296929733,0.0001030730467164176,7,30,27,20
ATGGCAAGTGCATATTCAGAGACAGTTG,TATGCCCTTCTTCTG,-0.013488075656407484,0.0,18,25,27,7
CCTTCAGGGACAGCGCCAGCTCCATGAA,AGAAGACGACGATGA,-0.025365980760238275,0.0,16,32,18,13
GTAGCAGGTACATTAACACAACAAATG,GTTGGGCGCTTAAAG,-0.011401032145389886,0.0475059914680287,17,23,20,21
CAGACAGGAACATCATCAGTTCCAAATC,ACAAGTTTTACAGTT,-0.008106170990835469,5.291647208774748,11,27,25,15
ACTGCAGCCGCAAGCGCATAAACACGCT,ACAGGGCAGCTCCCG,-0.0009223542423621982,0.24117059418875897,14,28,27,6
ACGCCACTTACAATCCCAGGTGCACTCG,TTTAACTCACCGTAA,-0.0390293568447071,0.0,20,34,18,5
CCACCACATGCATTATCAGTTCCAATCA,TCAAAACGGAGTGTT,-0.02862405691933621,4.175841726746455,19,28,16,14
GAAACAAGAACATGCCCATGCGCAGACT,ACAGTTGACGGACAG,0.0002435441092189395,0.0,13,38,9,19
ATGCCACCTGCAGCCCCAAACCCAAAAT,ACAAGTTTTACAGTT,-0.022604153496105228,0.012436957586942299,12,38,15,6
GCCCCAGGTGCAGAGACACGCACAATAT,TCAAATGATGAGGAT,-0.07957586765552346,7.53878093614901,35,21,14,4
ACTACAACTGCAGACACAGAAACAAATT,AGTGTTAATCAGACC,-0.03847815832492705,0.4058216367229761,9,33,22,11
AGCCCATTCCCAGGCTCAATAACACTAA,TCAAAACGGAGTGTT,0.0011482202291071587,0.0,10,23,25,18
ATACCATCCCCACATGCAGAGGCACAGT,TTTTGCATTTAGGCG,0.03592569444656459,4.843664134216908,5,21,20,31
GCGGCAATTTCAAGGCCACTCACACCCA,GTTGAACTGGTTGTT,-0.02591243691088172,0.0,9,35,16,15
ATGCCAAGGCCAACAGCATTCTCACGAC,AAAAGAAAAATGTAT,-0.010830139996836685,0.038201900452804693,6,36,7,21
CATTCAAGTACAACCGCATCAACAGAAA,CTACTTACAACGGAA,0.01144828318062925,0.0,7,21,26,19
TCAACATTGACAGAATCATGTCCAGGCA,GTTCAGCTTTGATCG,-0.02738680148745276,0.0,17,22,18,13
GGGTCAGTTGCATCCCCAACCTCACAGG,TATATTGAACTTTAC,0.0014832314242239225,0.0,11,23,19,20
ATCTCAGCCGCACGCGCAAATGCAAATT,ACAAGTTTTACAGTT,0.026798390054700548,14.28864032463079,6,21,9,26
CGTGCAATGTCAGCATCAGAAACACGGG,ATAGAGCGGCGTTGA,-0.029059792971581306,1.415060231203256,22,15,14,16
GTGACATGCTCAGGGACAGCACCATAAG,CTCGCTAATACTCCT,-0.01844466860096346,2.286861690280375,10,29,20,10
CAAACACCGTCATCCGCATTGACAAACG,ACCACCGGTCCTGCC,0.0041963332068292395,0.0,6,23,24,18
CCCCCAGTAACATATCCAGGCTCAGTCT,CTATGCATTTACTCA,-0.0572234251894634,0.28867937972836444,22,30,8,3
CAGACAAAGACAAAAACATAAGCATGAG,ACAAGTTTTACAGTT,-0.04665278652692075,0.00011852695294578552,22,20,17,9
GTGTCATTAACATGAGCATCTACAGTGA,AAAAGCGACATTTCT,-0.0264834038281931,1.9695042724191296,14,30,12,11
GTGACACACTCAGCAGCAATATCAAATG,ACAGTTGACGGACAG,-0.01844466860096346,0.7823724928351794,12,20,22,12
CTGTCAGCAGCACATGCAAAGCCAAATC,TCTTGGAGGTGAATG,0.06159584168557916,9.496868512460537,0,15,18,37
ACTGCACGACCACCAACATGGGCATTAG,GAGTGCTTCAAAGTT,-0.024013138089735712,0.005606102648300748,13,15,30,11
TGCGCAGCCGCACCGACATCTGCACGTT,TCAACAACCTATGCA,-0.015974402862506103,0.19547897977014372,13,19,20,14
CTCACAAAACCAGGCCCACTGTCATGCT,GTTCAGCTTTGATCG,-0.024522053827428628,0.0,12,24,19,10
GCCACACTGACAGTAGCAGGACCAGATG,CGATGATGATGATGA,-0.028586871158430994,1.1597770048271627,9,32,10,13
TTTCCACTGACATGGGCATACTCAATCG,ACAGTTGACGGACAG,-0.034777284130336074,2.222226075032154,19,20,8,19
TCACCAGACGCAAGGTCAAAAGCATGAT,TCAAAACGGAGTGTT,-0.013306312606721556,0.6420248720970676,12,20,15,14
GCGACAATAACATGCACAGGGCCACGGT,ACAAGTTTTACAGTT,-0.004614115599785507,0.017270941247772953,13,30,9,7
TGCCCAGCCACAGGCTCAGGTGCACGCG,TTTATAAATCAATAG,0.003109570229871662,0.0,11,11,23,21
CGATCAATTTCAGCTCCAGGTGCAGAAG,AGAACATCATCTACA,-0.04043790069304186,0.0,16,26,14,7
GTACCACTGACAAACACAGTGACATACT,TCAAAACGGAGTGTT,0.006744655386430541,0.0,9,17,21,14
GTCACACGAACACGACCATTAACAGTAT,AGTGTTAATCAGACC,-0.007229918508707245,0.0,10,25,17,6
TCCACAAGAGCAGGGACATCTACAACGG,AGTGTATGATAATAT,-0.00595488695291643,0.0,11,18,17,16
GACACACGTCCATCTTCACCTTCACCA,TATATTGAACTTTAC,-0.015878902137774233,0.20401843268501807,8,21,18,11
AAACCAAGCCCAGAATCACTTCCACAGA,AGAAGACGACGATGA,-0.07736666940495676,0.0035981409930627706,5,32,12,8
GTCTCAGGATCAGTGCCACACCCACGAA,TATATTGAACTTTAC,0.012053205531892035,0.0,10,15,25,8
TCGGCACAACCAGCCTCACCATCATTGA,AGAAGACGACGATGA,-0.010526601130863213,0.015907787703213216,11,24,8,14
AAATCAGAGACATTAGCAGCAACATAAA,TTTATAAATCAATAG,-0.0002265450553611432,0.0,11,14,14,19
TAGCCAACAGCAGATGCAACCGCAAACC,AAAAGAAAAATGTAT,0.01089117435296729,0.0,7,19,13,17
AAACCATAGACAAGCTCACCCGCACTGC,TATGCCCTTCTTCTG,-0.03376133106181571,4.534149087668396,15,21,15,1
GTTGCATTGCCACTCCCATTGGCATTAG,GAGTGCTTCAAAGTT,-0.013674640479607716,0.0,13,19,10,15
GGATCAGTCTCAGTTTCAAAAGCATAAC,CATTTATGGCTATCT,-0.01873093697602624,0.0,12,16,9,18
GGGGCAGCTGCAAAACCATAGACAATGT,ACAGTTGACGGACAG,,2.548362899850474,9,24,9,9
ACTTCACAGCCAACGACAGGCTCATTCT,TGATCATCACGGGAC,-0.03806241059399591,0.3545611841487357,4,27,15,6
TTTCCAGGCGCAGTCTCACAGCCAAGGT,CTTGATCAATCAAAA,-0.009511831291077489,0.0,6,23,17,2
GCTTCATAGGCACCAACAATGACACACA,AAAAGCGACATTTCT,0.016119685039797636,0.4112610999290496,8,19,8,19
CTGGCATGCGCACGCCCAACGACACCGA,AGTGTTAATCAGACC,0.08132983625324738,1.1951580638087762,8,12,22,8
GCTCCAACCACACTTTCAAATACAGTCC,TGATCATCACGGGAC,-0.005313447454413867,0.0,1,17,25,11
AGCGCAGCAACAATCACAAAACCAAGAT,ACAAGTTTTACAGTT,-0.0787079000394149,3.1604052854567897,20,22,9,2
TATCCATCATCAACGACAATGTCAGCAA,ACAAGTTTTACAGTT,-0.03428837779571117,0.0,2,26,15,8
ACATCAAGAACAAGGGCAATGACAAGTC,ACAGTTGACGGACAG,0.01056330432565926,0.0,1,18,15,16
AGAGCAACGACACAATCAACTGCACGCT,TCAAATGATGAGGAT,-0.03005593245412963,0.0,13,14,14,9
TCTACAGTCGCAAGTGCATGCGCACGAC,CTCGCTAATACTCCT,-0.0006920442844572609,0.0,10,24,8,5
TGAGCAGCACCATTTCCAGGGCCAGCCA,ATCGTTGGCATTTGG,-0.18379006252259086,0.0,26,10,0,0
CAGCCAGCCTCACGTCCAAGCCCAAGTG,CGATGATGATGATGA,0.03083655973106745,0.5040886878678634,8,12,13,16
ACGACACGGGCAAAACCATCAACAATTC,GGTTGCCCAGAAGTA,0.03272357613020982,0.8321734317220262,5,13,12,18
TCGTCAAATCCACCGCCATTCACATTCG,TTTATAAATCAATAG,-0.03746672966950185,2.416531650986883,14,14,13,9
CGGACACAACCAGACTCATTGGCAGCCC,TCAAAACGGAGTGTT,0.003334242885103887,0.0,3,13,22,10
AAGCCACCCACAAATTCAAAGTCATACG,TTTATAAATCAATAG,0.045841789353584385,0.5045821237953874,9,10,11,18
AGGACAGCGACAGGGGCACATTCATAAA,CTACTTACAACGGAA,-0.06401353014250448,2.3727095131167175,2,28,12,3
CCTTCAAACTCACGGGCAATCGCAACGA,TCAAAACGGAGTGTT,-0.02540862682865739,2.9995579275661726,11,17,13,6
TAGACAATTTCAGCCGCAGCTCCAAGGA,TATATTGAACTTTAC,-0.006524160360443476,0.0,4,19,13,12
TAGTCAAGGACAGGATCAATGACAACAC,GTGTGATTACTAAAT,-0.018967626261052098,9.385461719529076,13,8,8,14
TACACATACACATGGGCATACTCATTAC,ATATTGAGTAAGTAC,,0.0,8,21,8,4
AGATCACGATCATAGACAGAATCACGTC,ACAAGTTTTACAGTT,-0.05304363841686195,0.12977670500930572,7,23,11,4
GGGACAGTCGCAGCGGCAAAAACATCTA,TCAAATGATGAGGAT,-0.013772164997983437,0.8591566782469044,9,20,7,11
CCGGCAGAATCAACGGCAAAAGCACTAT,TAACCTCGCGCTGAG,-0.10900285449767173,0.0,16,13,5,0
GGGTCACCCCCATAGTCAGTCACATCTA,AGAAGACGACGATGA,-0.011861104356973495,0.43559785606092305,5,21,5,12
GGCGCAGGTACAGCAACATAGACACTAC,GCCCTCGAAACCTAT,-0.0748857787573951,0.0,14,16,3,1
AGGCCAGCAACAAATACACTTCCATGGT,GTTTGTTTTGGGAAA,,0.0,17,7,1,2
GTGTCAATGCCAAGGCCAGAGCCACAAT,TTTAACTCACCGTAA,-0.0015980992352051082,0.0,4,20,16,4
TGAACATTGTCAAGTCCAATGACAACTG,TCAAATGATGAGGAT,0.020454591492155273,4.454128833805669,7,12,10,13
CGGCCATGGCCAAGAGCACTCTCATACG,TCAAAACGGAGTGTT,-0.020643117838441194,1.8563502075048746,10,13,13,6
TGATCAGCGTCACTACCAAAAGCAGACG,TAACCTCGCGCTGAG,-0.029759195678138943,0.0,12,11,13,6
GGCCCAACGGCAAATCCAGTGCCATCCC,TACACCAATTACACT,,0.0,15,8,1,0
CCTGCAACACCAAATTCAATAACATACG,TTAGTCTTTCCATCA,0.0006119386246056457,0.0,7,15,8,11
AGTGCAGGAACACGTTCAATGACAACGA,CTTGATCAATCAAAA,,0.3487675601078024,7,21,4,8
AGTCCAGCCGCATCATCAAACACAGGAT,ACAGGGCAGCTCCCG,,1.2196747180448995,8,23,9,0
CCAACACAAACAAAATCATGTTCACAAC,CTTGCAAGTGTAATT,-0.033584547383040335,1.5801023339111282,11,19,5,6
AATACAACATCACACACAGAAACACTCA,ACAGGGCAGCTCCCG,,0.0,7,18,6,7
GGAGCACCGCCACAATCACAATCACACC,TGATCATCACGGGAC,0.008964642857764016,0.0,2,15,9,13
CAGCCATACACAGAAGCAGGCACAGGGC,GTGTGATTACTAAAT,,0.0,6,22,4,3
ATGCCACGTACACAAGCACAATCAGGGA,CCAACACAGGCTTCG,-0.043469132721023575,0.0,8,19,10,0
ACCGCATATTCATAGACAGTGTCATACA,CTTGATCAATCAAAA,0.020716255896215775,0.0,6,13,13,6
ATGACAGGCTCACTGCCAATCGCAGGAT,CATTTATGGCTATCT,-0.047692407209030924,0.0,10,15,6,4
TGGTCAGGGTCATATCCACAAACAAGTC,CATTGTCGGACGCTT,-0.06200249157309816,0.0,10,13,9,6
ACGCCACAAACAGTCGCATCGTCACAGA,GTTCAGCTTTGATCG,,0.0,7,13,7,6
GATACAAGTCCAGCAACATAGCCAGGGA,TATATTGAACTTTAC,,0.0,1,21,7,6
GCCGCACTTACAGAAACAAACACATGAC,TTATATTTATTTGCT,-0.10494432648616403,0.0,13,11,5,2
GGCACAAATGCATGCTCAAAACCACATC,GTTTAGCTTCCGTTG,0.004010847429899211,0.0,7,13,11,2
GGCTCACTTACACGTTCACACCACACC,CCAACACAGGCTTCG,,0.0,9,14,5,2
TGTTCAACGCCAACAGCAAACACAGATG,GTTAAATCAACAGTT,,0.0,18,7,0,0
CTGGCATAGCCAGCTCCAGCGCCATTAC,GTTTAGCTTCCGTTG,,0.0,19,7,3,0
AGATCATGCACACCATCACTCACAGAGT,ACAGTTGACGGACAG,,0.0,6,9,11,9
GGATCAAAGGCAGCGCCAAACGCAATGT,GTTTGTTTTGGGAAA,,0.0,9,4,3,4
GGACCAGTTGCACTCCCAATTTCAACGG,TCAAATGATGAGGAT,,0.0,5,12,9,6
CAGCCAGTAGCACAAGCATGAACATGTT,CCAACACAGGCTTCG,,0.0,7,16,6,5
CGGTCAAAGGCATAAGCACCATCAGATA,CCAAGACCGTGTAAA,0.06771661882078943,0.0,4,10,16,4
GAAACACACCCATCTTCAGCTACACGTT,CGTCAAGACCTTCTA,0.012711985128862137,0.0,6,13,12,2
AACCCAGTGCCACCTCCAAAGACACATG,ACCACCGGTCCTGCC,,0.0,4,8,8,10
GACACAATTTCAGACTCAATGGCAACGA,CCAACACAGGCTTCG,0.02071625589621595,0.0,6,11,11,2
GACTCAAAGCCAGACTCAAATTCAGGGG,GTGTGATTACTAAAT,-0.10900285449767173,0.0,16,13,2,1
ACAGCATGCTCAAGTACAGATTCAATCC,ACAGTTGACGGACAG,,0.0,6,12,8,2
TGCACAAGATCAGATACATAGGCACATC,GTTGGGCGCTTAAAG,,0.0,8,13,2,7
GGGTCACTGCCATGTCCAGATCCATGCA,ATATTGAGTAAGTAC,,0.0,7,17,1,1
ACAACATCACCAGCTGCAACATCAAATG,CAAGGATCCCCGTAG,,0.0,9,7,5,7
GAGACACCAACAAACCCATCGTCAATAG,CAATTTCAACGTTGT,,0.0,5,20,4,1
GTTCCAGTGCCAGTGGCAGACACAAACT,ACAAGTTTTACAGTT,,0.0,2,13,9,4
GGACCAGCCGCAGCTTCAGGGACACAAT,TTTATAAATCAATAG,-0.08823891801984729,0.0,10,10,3,1
GGGTCATGAACAAAAACATCTGCACCGG,ACAGGGCAGCTCCCG,,0.0,5,9,10,3
CCATCAACGACATAAGCACTTGCATACG,TTAATTAGAGGTATG,0.011769116190316087,0.0,1,12,4,11
GCCACAAATGCATCATCATCTACAAGGC,TACACCAATTACACT,,0.0,10,2,0,0
GGCACATCTTCACACACAGGGTCACAAA,CAATCTTGAATTGAT,,0.0,11,8,8,0
CCTCCACGGCCACGCGCAGACTCAGTCT,ATGAAGTTCATAATG,,0.0,2,9,12,2
TAGACAATTCCAGGTTCAGATCCAATGC,CAAGGATCCCCGTAG,,0.0,1,14,7,6
TATTCACCTACAAGGCCAACCACACGTG,ATATTGAGTAAGTAC,,0.0,5,6,4,6
AGGTCAATCGCATGGGCATTAGCATCTA,CATCAATGAGGCAGT,,0.0,9,4,0,0
GGAACAGTGGCAGCCCCAGATTCAACAC,AGAAGACGACGATGA,,0.0,7,9,2,0
CGGCCAGTGGCACCAACAGGTTCAGACA,TTTATAAATCAATAG,,0.0,6,8,4,6
TGTTCAAAGGCAAGCACAGTAGCACTGG,GTTAAATCAACAGTT,,0.0,12,7,2,0
CAATCAAGCCCCCAACACCGTCAAGAC,AGAAGACGACGATGA,,0.0,4,4,7,9
CCAGCAACACCAATTGCAGTGTCACTGA,AGAAGACGACGATGA,,0.0,0,6,7,14
GATCCACTACCATAAGCATGGCCAGGAA,GTGTGATTACTAAAT,,0.0,10,4,1,1
TGCCCAGCAGCAACATCACGCACACAAA,TCAAATGATGAGGAT,,0.0,8,12,5,0
GGCGCATCATCACGAGCAGTACCAGTCA,CAATCTTGAATTGAT,,0.0,6,9,8,0
GTATCAGGTCCATATGCAAGGACAAGCG,ACAAGTTTTACAGTT,,0.0,13,7,2,0
TGTGCATAAGCATAAGCACAACCATCGG,TCAAATGATGAGGAT,,0.0,8,9,7,0
AATCCAGAGTCACGGTCATTCACAACAA,TCAAATGATGAGGAT,,0.0,7,10,5,4
AAACCAGCAACACCTCCAATTGCACAGG,TCAAAACGGAGTGTT,,0.0,4,8,5,7
GTACCACTCACACGACCAGTCGCAAAGA,TAATATTGTTTTGCG,,0.0,7,1,0,0
GCGCACGACCATCGTCACACGCATGGT,AGAAGACGACGATGA,,0.0,7,10,3,4
CGAACAGGGGGCACGAACAGTTACACTTT,GTCACCGGCACTAAC,,0.0,4,17,1,0
GGCTCATAAGCAGATACAGCTCCAAAGT,AGAAGACGACGATGA,,0.0,4,7,6,6
GCACCACTATCAGCATCAGCGCCACATA,CATTGTCGGACGCTT,,0.0,9,6,7,0
TGACCAAGGGCAATATCAAAGGCAAATA,ACAGGGCAGCTCCCG,,0.0,10,7,2,3
AGGGCAACGACATGACCACTAACAAATG,TCGATAGAATTTACT,,0.0,5,12,3,2
CTGACACTCGCAAGCTCAGCTACAAAGT,AGAAGACGACGATGA,,0.0,6,10,3,4
ACGACATTCACAAGGACAAATGCATTCG,ATTATCAAGTGCCAG,,0.0,4,10,7,2
CCGCCAAGCGCACGGTCAGCTGCAACAG,CCAACACAGGCTTCG,,0.0,4,10,6,1
ACTGCAGGCGCATAAGCATTTCCAACCG,CATCAATGAGGCAGT,,0.0,6,1,0,0
AACACACTAGCAAGGCCAGGATCAGTTT,TCAAAGCATGAAAAA,,0.0,10,5,0,0
ATGTCATGGACATCAACAACGACAGAAA,ACAAGTTTTACAGTT,,0.0,7,9,2,3
TGTACAAATTCAGGGTCAACTCCAGAGC,TATATTGAACTTTAC,,0.0,4,9,3,6
TAAGCAGGGTCATAGGCAGTTGCAGACT,CTTGATCAATCAAAA,,0.0,2,6,7,7
TTCTCACGAACAGCCGCAGATACATTGG,ACAGTTGACGGACAG,,0.0,4,5,7,4
CGTTCAGGTTCAGTGTCAAAACCATAAC,ACAGGGCAGCTCCCG,,0.0,5,6,9,0
AGTCCATAGACATGAGCACGTCCACACA,ATATTGAGTAAGTAC,,0.0,4,7,1,6
ATGGCAAATCCAATTACAGCATCAGGAG,TCAAATGATGAGGAT,,0.0,3,8,7,2
TTACCACACACAACATCATCTCCAAGTT,CTTGATCAATCAAAA,,0.0,7,8,3,3
TTATCATGGCCAGAATCAAGGGCACTTC,GAACTCAGGTTCCAT,,0.0,4,10,3,2
ATATCAATGTCAAGGTCAACCACAAATG,GAACTCAGGTTCCAT,,0.0,0,2,9,6
AGGGCAGGGACAGAGACAACGCCAACAG,TCAAATGATGAGGAT,,0.0,1,5,9,3
AAATCACGGGCACATCCATTCCCACATA,CTTGATGGCTGAAAG,,0.0,3,3,7,6
GCAACAGAAACAATACCACTTGCATAGA,ACAAGTTTTACAGTT,,0.0,3,11,5,0
TAGGCATAATCAGGATCAGGCACATGGA,GTGTGATTACTAAAT,,0.0,5,12,2,0
GACTCAAGGACATCCCCACCAACATCCC,TCGATAGAATTTACT,,0.0,4,7,4,5
TTGCCACATCCAGTTACACTGGCATGGG,TACACCAATTACACT,,0.0,8,3,0,0
GATACATCGGCATGCACAATTGCATCCT,TTTATAAATCAATAG,,0.0,6,7,1,1
AGTGCAGGGTCAGCAACAGAGGCAATAA,TGATCATCACGGGAC,,0.0,2,15,0,0
GGTTCAAATCCATGAACAGTCTCAGCAC,CGATGATGATGATGA,,0.0,3,4,8,2
GCCACAATTTCATAACCAACCACAGGGG,CAATCTTGAATTGAT,,0.0,2,3,12,1
TGATCACGAGCATCAGCAATTGCAATAA,GTTAAATCAACAGTT,,0.0,6,5,2,4
CGGTCAGCGGCACACTCAGTTCCACATG,GCCCTCGAAACCTAT,,0.0,4,13,0,0
GTCCCATTACCAATGGCAGCCACACAAA,AGAAGACGACGATGA,,0.0,3,7,6,3
GCTCCACGCCCAAGGTCACGAGCATACG,GTTTAGCTTCCGTTG,,0.0,13,0,0,0
AGTTCAATTACATTGACAAGCTCAGCGG,TCAAATGATGAGGAT,,0.0,3,12,2,0
TAACCAAACTCATTGGCAAATCCAAATA,GAGTGCTTCAAAGTT,,0.0,8,9,0,0
CCGACAAGAGCAACTGCATTAGCATGTA,GTTAAATCAACAGTT,,0.0,3,5,8,1
AGCACAAATTCATATCCAGCGCCATATG,CTTGATCAATCAAAA,,0.0,4,9,5,0
TCACCAGGGTCATTGCCATAGACATGCT,GTTTAGCTTCCGTTG,,0.0,5,6,0,0
TGCCCATGATCATCAACAGAACCAAGCA,CCAACACAGGCTTCG,,0.0,9,4,0,3
GTGACAGGCTCAAGATCAGATTCACCAT,ACAGTTGACGGACAG,,0.0,0,7,4,5
CCAACACAGACAAGGTCAGGTACAAACA,CTTGCAAGTGTAATT,,0.0,3,5,3,5
CGGCCAGGCCCACAGACAGTTTCAAAGT,ACAAGTTTTACAGTT,,0.0,2,9,5,1
TTGTCACAAGCAATTGCAAATGCAACCG,GTTTAGCTTCCGTTG,,0.0,7,2,3,3
CGTACACTGCCAATTTCAAAGACAATAG,CTAAGCAGTCTTCTC,,0.0,6,2,0,0
ACCCCATGCTCAATGGCAACGGCAAACA,ACAGGGCAGCTCCCG,,0.0,1,10,3,0
CAACCAGGACCAAACGCACTAACACGGG,GTTTAGCTTCCGTTG,,0.0,5,8,0,0
TATCCAAGGACAGATGCATGCCCAACAA,CTAGTTGTATAGCCA,,0.0,9,2,0,0
GAGACACGGGCATACCCAAGCTCAGATG,TCAAAGCATGAAAAA,,0.0,9,1,0,0
AAGACAGTGCCATGTACAGGGTCATACT,ATATTGAGTAAGTAC,,0.0,5,7,0,0
CAACACTAACATCAGCACACTCATCAA,GTGTGATTACTAAAT,,0.0,4,3,5,2
AAGCCATGACCAAAACCAATGTCACGTC,CTTGATCAATCAAAA,,0.0,6,6,3,0
CATGCAGGTGCATGTACAAGGTCAGTGG,GTAATCTGACTCTAG,,0.0,10,4,0,0
CACACAACCACAGGCTCATTGACATGGT,GTGTGATTACTAAAT,,0.0,6,4,0,0
ATCGCACAGGCAGTGGCACGTGCATGCA,CCAACACAGGCTTCG,,0.0,9,6,0,0
TGACCAACGGCACGGACAAGATCAGCTC,GTTTAGCTTCCGTTG,,0.0,10,4,1,0
TACGCATACCCAACCTCACACTCATGGT,GTTTAGCTTCCGTTG,,0.0,3,4,0,0
TGGACACGTACACAGCCAATGACATTGT,CGCGATCAATCCTCT,,0.0,5,3,3,0
GTGCCATATCCACCAACATCTACACGTT,CGTCAAGACCTTCTA,,0.0,6,6,0,1
GACTCATGATCAACGACAGCCACAGGGA,ACAAGTTTTACAGTT,,0.0,2,5,2,5
AATACACAGGCACGCCCAAGCCCAGGAC,CTTGCAAGTGTAATT,,0.0,2,7,5,0
TGGTCATAAGCACTGTCATACTCAGCTA,GTAATCTGACTCTAG,,0.0,0,7,7,0
GATCCAACTCCACGTCCAACCGCAACGG,ACCACCGGTCCTGCC,,0.0,0,5,5,2
CACCCAGCGCCAAACACAAGCGCAACAT,CAATCTTGAATTGAT,,0.0,3,2,7,0
GGGACATAAGCAATACCAGCTCCATCAA,ACAGGGCAGCTCCCG,,0.0,7,3,1,0
TCTACAATGTCAATGCCAAGAACATCGC,GAGAATGAAGGACAG,,0.0,3,9,0,0
GATACACATGCAGTACCATGGCCATCGG,ACAAGTTTTACAGTT,,0.0,4,8,0,0
GTACCAGCGCCACGAACAGGCCCACTTA,TAGACGGACATCTTC,,0.0,1,7,1,4
GGGCCAAATCCAGGGACATTTACACATG,GTTAAATCAACAGTT,,0.0,1,1,0,0
CTGGCATAGCCAATAACAGTTCCAAACC,GTTAAATCAACAGTT,,0.0,6,0,0,0
GAAACACTCGCATGCGCAACTTCAGGAG,CGTCAAGACCTTCTA,,0.0,5,3,0,0
CTAACAAACACATAAACAGCACCATCTA,TGGAGTCTTTGTTGA,,0.0,4,0,0,0
GTACCACTTGCATGCGCATCAACATAAA,CTCTTGAGAATACTT,,0.0,3,0,0,0
ACGGCAAAGTCATAAGCAATAACAACCT,CTAGTTGTATAGCCA,,0.0,7,0,0,0
GGAACAAAAGCAATCGCATTCGCATATA,GTAATCTGACTCTAG,,0.0,1,4,2,4
AAGACAACCTCATGTACAATAACATAGA,TACACCAATTACACT,,0.0,6,0,0,0
TCTTCAAGCCCAAGAACATCAACACCGG,GTTTAGCTTCCGTTG,,0.0,6,2,2,0
GTCGCACCGGCAGCCTCAATTGCACAGA,ACAAGTTTTACAGTT,,0.0,6,4,1,0
TCTCCATCACCACTCACATTAGCAAATT,GAGAATGAAGGACAG,,0.0,2,6,0,2
GGAGCACGGCCAACAACACAGCCAAATA,TCATAGGTATCTCGC,,0.0,5,6,0,0
GGTTCAAAACCATCGACACTTCCAGTAG,GTTGAACTGGTTGTT,,0.0,3,5,4,0
ACTGCAGATTCACTACCACCATCAACCA,TGGAGTCTTTGTTGA,,0.0,4,1,0,0
TCCGCAGGCACATTGACAGCAACAATCA,GTGTGATTACTAAAT,,0.0,4,3,2,0
CTGGCACAAACATTTTCATGGGCAAAAA,CTTGCAAGTGTAATT,,0.0,0,6,4,0
ACTCCATATACATCGACAGTCCCAGAAG,TATATTGAACTTTAC,,0.0,3,1,6,0
TACACAGGGGCAGTGACAGGTGCAAGTT,CGTCAAGACCTTCTA,,0.0,3,5,2,0
TGGCCAATAACAACGTCAGTTCCACTCA,TTTAACTCACCGTAA,,0.0,1,4,5,1
GGCGCAGAAACACATTCAAAAGCAAGGT,CTTGATCAATCAAAA,,0.0,1,9,1,0
CAATCATTGTCACACCCACCATCACGCG,TCAAAGCATGAAAAA,,0.0,4,0,0,0
GGCACACGTTCATGGACAAGGCCATTAA,AAAACATTATCAAAG,,0.0,3,4,0,0
TTGTCACGTTCACAGGCAATTGCAAGCA,TCAAATGATGAGGAT,,0.0,5,2,0,0
GCGGCAATGGCAGAGGCACACACATTCG,GAGTGCTTCAAAGTT,,0.0,4,2,0,0
CTCCCAAACGCAAGCACAGTCTCAACGG,TCTTGGAGGTGAATG,,0.0,0,0,6,3
CGACCACAGGCAACAACACTCGCATATT,TCATAGGTATCTCGC,,0.0,3,0,0,0
AATCCAGTTACAAGGCCACTTACAAACG,CATCAATGAGGCAGT,,0.0,1,0,0,0
GACTCAGAATCACAGTCACGGCCAATGA,TATGCCCTTCTTCTG,,0.0,2,1,3,0
CATGCAGTAACACCTCCAGCTTCAGGGG,CTAGTTGTATAGCCA,,0.0,6,1,1,0
ATGACAGCATCACGGACATTCGCACCAG,TCATAGGTATCTCGC,,0.0,3,3,0,0
GTGCCAATGGCAAGGCCATAATCACCTG,GTTTAGCTTCCGTTG,,0.0,5,2,1,2
GAGACAAGTGCACATGCACGGTCATACA,GGTTGCCCAGAAGTA,,0.0,1,8,1,0
TCATCATCACCATAAGCATTGCAGCAA,CTAAGCAGTCTTCTC,,0.0,3,1,0,0
TGCCCACGCACAAAGTCATATCCACAGT,CATCAATGAGGCAGT,,0.0,3,1,0,0
GCGGCAAGAGCACACTCAATTTCAGGCA,CTCTTGAGAATACTT,,0.0,2,0,0,0
TGTTCACCAACACGGGCAGTTTCATGGA,AAAACATTATCAAAG,,0.0,5,2,0,0
CTAACACTTCCAGCATCAGCCACACCAT,ACAAGTTTTACAGTT,,0.0,3,1,1,2
GGTACACACTCAGGCACAGCCGCATATA,CATCAATGAGGCAGT,,0.0,5,0,0,0
AAAACAGTTACATAATCAGCGGCAACAA,CGAACAGAAACACAA,,0.0,3,2,1,0
ATTACAATTTCATGACCACCAGCACTCG,TAGACGGACATCTTC,,0.0,3,5,0,0
GCGTCAACATCAGAATCATGGTCAATCG,GAGAATGAAGGACAG,,0.0,5,0,0,0
ACTACATGATCAGCGTCACGCGCAACGT,CTAAGCAGTCTTCTC,,0.0,7,0,0,0
ACTACATTGGCAACATCAATGGCATGCG,GTAATCTGACTCTAG,,0.0,4,4,0,0
TGTCCATAGCCAGCCCCACCGGCACGAC,GTGTGATTACTAAAT,,0.0,5,4,0,0
TAGACAGAGGCATAGCCACGTCCAAAGT,TCAAAACGGAGTGTT,,0.0,4,2,0,0
TGGACACAGGCAGTGGCAGGTTCAATAA,CGCGATCAATCCTCT,,0.0,4,0,0,0
CCAGCAGATCCAACATCAGAGTCAACAA,GTTGAACTGGTTGTT,,0.0,1,1,0,5
CAATCAACAACACGGGCAAAGCCATAAC,ATCGTTGGCATTTGG,,0.0,5,2,0,0
ATTGCACGGACAAAATCAGCTCCACGCT,TCAAAGCATGAAAAA,,0.0,4,2,0,0
CCGTCATCCGCACTTACAAGTACATGAT,ATAATTTTCATCCAC,,0.0,0,4,2,0
GGGTCAAAAGCAGGCACACGAACAAAAT,GTTCAGCTTTGATCG,,0.0,2,5,0,0
TCACCATTGGCAATTGCACTCACAATGG,ACAAGTTTTACAGTT,,0.0,2,2,2,0
AGAACAAGGCCAGCCACACTTACAGCAG,GTTCAGCTTTGATCG,,0.0,4,1,0,2
AACGCACCGACACTCGCAGCAGCATCTA,CCAACACAGGCTTCG,,0.0,7,0,0,0
GCTCCACGTACAGTGACACTATCAAAAG,CATTTATGGCTATCT,,0.0,2,4,1,1
AACCCACCTTCATGGACAGAAGCAGACA,TTTATAAATCAATAG,,0.0,3,4,1,0
TACGCATTTTCACTCACACTTCCATTTC,GTTCAGCTTTGATCG,,0.0,2,2,1,3
TCAGCATCAGCATGATCAATTGCACAGA,ATGGCGATGGTCTTG,,0.0,0,2,6,0
TCAGCAGCCCCAGATCCATCAACATCAC,ATCGTTGGCATTTGG,,0.0,2,1,0,0
CATGCAAAGACAAGATCACGGTCATCGA,CATCAATGAGGCAGT,,0.0,1,1,0,0
AACTCAGAGACAGTAACACAGTCAAAGA,ATTAATACTTTGCAG,,0.0,4,1,0,0
TCGGCATGGCCAAACTCAAATCCACAGG,TTTAACTCACCGTAA,,0.0,2,1,3,0
CAGGCAGCCTCAGTATCACAGCCACGAA,CCGTTAGTATCGCTA,,0.0,4,0,0,0
TGGACATACCCACGCCCAGTGTCACTCC,GCTAATTTCAAGAAT,,0.0,4,2,0,0
CAAGCAATCACAATCTCAATAACATATG,CCAACACAGGCTTCG,,0.0,0,4,2,0
GACGCATATCCAGTCACAGTCGCACAAG,GTTGAACTGGTTGTT,,0.0,3,3,0,0
ACGACAGTGCCATGGACACCGCCAGGGT,ATAGTCGATTAAGAT,,0.0,2,3,1,0
ATATCAGAGGCACAAGCACAGTCATGCC,TCAAATGATGAGGAT,,0.0,4,2,1,0
GCAGCACTCACAAGCTCAAAATGCAATGA,GTTTAGCTTCCGTTG,,0.0,2,5,0,0
TAAACTCAACATCGCCACGGTCAAGCC,ACAAGTTTTACAGTT,,0.0,2,5,0,0
TCAGCACAGTCAGAATCAATCACATCCA,GAGAATGAAGGACAG,,0.0,0,6,1,0
CGGGCATTGGCAAGAACAATATCAGGGA,CAATCTTGAATTGAT,,0.0,1,1,2,0
CATCCATGATCAACGGCAGAAACAGACA,CATTTATGGCTATCT,,0.0,0,4,0,0
TGTACAGAGGCAGATCCAATCTCAGCAA,ACAGTTGACGGACAG,,0.0,1,0,2,0
AGCCCAGGCACATCCCCAGCCACACGTA,TCATAGGTATCTCGC,,0.0,4,1,0,0
TTCGCATGCACAGCTGCAACGCCACGAG,CCAACACAGGCTTCG,,0.0,5,0,0,0
TATGCACAACCAGACACAGCACCAAAGG,TACACCAATTACACT,,0.0,1,1,0,0
GTCTCAACGCCAGCTACAAGTCCACTCG,TGATCATCACGGGAC,,0.0,1,4,0,0
GGAACATCACCAGTGACAGGCTCACCAC,CTAAGCAGTCTTCTC,,0.0,3,1,0,0
GGAGCACGCTCAGTCACAGCAACAAAGA,CTTGCAAGTGTAATT,,0.0,2,2,1,0
TCCGCACTGGCATAGGCAAGACCATTCC,GTTTAGCTTCCGTTG,,0.0,3,2,0,0
TGGACATCGGCATCACCAACTTCAACCC,CTAAGCAGTCTTCTC,,0.0,5,0,0,0
AAGACAATTACAGGGCCACCTTCATAGC,ACAAGTTTTACAGTT,,0.0,2,4,0,0
GCACCAGCGGCAGCTCCAGAATCAAACC,CTTGATGGCTGAAAG,,0.0,4,0,1,1
CACCCACGGCCAGGCCCAATACCACATT,CCAACACAGGCTTCG,,0.0,3,2,1,0
ACCACAAAAACACCACCAGTTTCAAAAA,TCATAGGTATCTCGC,,0.0,3,0,0,0
AACACAAGCCCACGCCCAGTAACAAACA,CATCAATGAGGCAGT,,0.0,0,1,0,0
AAGGCAGGAGCAGCCCCATTCGCAACCC,ATCGTTGGCATTTGG,,0.0,1,0,0,0
GGCCCAGCGGCATGAGCAACCGCAGCGT,TAATATTGTTTTGCG,,0.0,2,1,0,0
TACCCACGCACAAAAGCACTTGCATATG,TTTTGCATTTAGGCG,,0.0,1,1,2,0
CCCACAGGAGCAGCTGCACAACCAGGAT,GGTGGAAGTAGCAGT,,0.0,1,0,3,0
CGATTCAACGCCAAGATCAGTTCCAGCA,CTCTTGAGAATACTT,,0.0,4,0,0,0
CCTGCAGCAACAGTAGCAGCCTCAAAAA,TTTATAAATCAATAG,,0.0,0,4,0,0
AGGCCAGATACACGCTCAGCAACAGTAG,ATATTGAGTAAGTAC,,0.0,1,0,1,0
CGTGCACATACAGGGGCAAACACAAGTC,TCAAATGATGAGGAT,,0.0,2,1,0,0
GAGCCAGTGGCAACTCCAAAAACAAAGG,TCATAGGTATCTCGC,,0.0,4,0,0,0
AATGCAAGAGCAGTACCAATGCCAGGCA,TCATAGGTATCTCGC,,0.0,3,2,0,0
AACCCATTTACAAAACCATGAGCAGACC,TCATAGGTATCTCGC,,0.0,5,0,0,0
CATGCACGGACATGTGCACCGACAATGT,TTAATTAGAGGTATG,,0.0,3,2,0,0
GTGCCATAAACAACCCCAGATTCACGCT,CAATCTTGAATTGAT,,0.0,5,0,0,0
TTAACAATAACAGCCTCAACTCCAAACT,GTTTAGCTTCCGTTG,,0.0,1,3,1,0
TGCCCACAAGCACGGTCACAACCAATCA,GTTGAACTGGTTGTT,,0.0,4,1,0,0
AGCCCATCTACATAATCATAATCAGGCC,CTTGATCAATCAAAA,,0.0,2,1,1,1
TTATCAACCCCAACGCCAGGAACATCCC,ATATTGAGTAAGTAC,,0.0,0,2,2,1
GTCCCAGTCGCAGGGCCAGCGCCATTCC,TCATAGGTATCTCGC,,0.0,0,1,0,0
CACACAGGACCAATGCCAAAGTCATCGT,CATCAATGAGGCAGT,,0.0,3,0,0,0
CTTCCAACGTCATTCCCAACCACAGTCA,GTTAAATCAACAGTT,,0.0,2,0,0,0
GTGGCACATCCAAAGACACCCTCAAACG,GTTAAATCAACAGTT,,0.0,2,0,0,0
TTGGCAAGATCAAATGCATTCCCACTAA,ATAGTCGATTAAGAT,,0.0,2,1,0,0
TATGCAACCACATAGACACACTCACCGC,GTTAAATCAACAGTT,,0.0,2,0,0,0
ACGTCATGAACATGGCCAGAAGCATTCC,GTAATCTGACTCTAG,,0.0,1,2,0,0
GTGCCACACCCAGAGACACAAGCATGTT,TCAAAGCATGAAAAA,,0.0,0,1,0,0
TTAGCATTTCCATCGGCAGGGACAGGTA,CTTGCAAGTGTAATT,,0.0,2,0,0,0
TTGTCAAGCTCAACGGCAGCCTCATCAG,TATGCCCTTCTTCTG,,0.0,1,2,0,0
CCTCCACATACAGTCACATCCTCACTAA,CTAAGCAGTCTTCTC,,0.0,3,0,0,0
GAGGCACGCGCACTCGCAAGAACATTTA,CAATCTTGAATTGAT,,0.0,2,1,0,0
GCGACAAGTACATAAGCAGAAACACAGT,TCATAGGTATCTCGC,,0.0,0,1,0,0
AGTACACGGTCAAGTGCACAAACATCAT,GTTTAGCTTCCGTTG,,0.0,1,2,0,0
GGTGCATTACCAAAGCCAACGTCAACAG,GTTAAATCAACAGTT,,0.0,1,3,0,0
TCTCCATCTTCAGGTCCAGGGTCAGGTC,CTAGTTGTATAGCCA,,0.0,1,3,0,0
TGTACATCAGCAGGGTCATCAACACTGA,GTGTGATTACTAAAT,,0.0,2,2,0,0
CCCGCAATCGCAGTCACACATTCACGAT,GAGAATGAAGGACAG,,0.0,1,3,0,0
ATTTCAAAGCCAAGGGCATCCACAGTCC,CGTCAAGACCTTCTA,,0.0,2,1,1,0
AGGTCAACCCCAAAGCCAACCACAGGGA,GTAATCTGACTCTAG,,0.0,2,1,1,0
GCTTCAAAGTCACGGGCAGGTGCAGGTA,GAACTCAGGTTCCAT,,0.0,2,1,1,0
GAAACAATAGCACGCTCAGCAACAAGCT,TCATAGGTATCTCGC,,0.0,1,2,1,0
CGGACAGGTCCAGATTCAAGTTCATCAC,CATTTATGGCTATCT,,0.0,1,0,1,0
CGCCCAAAAACATGTGCAGAATCAGCGC,CATCAATGAGGCAGT,,0.0,2,0,0,0
AAGCCATTATCAGAATCATCCCCACTAG,GAGAATGAAGGACAG,,0.0,2,0,0,0
GTATCAAATGCAGGGCCAACAGCAATAT,CATCAATGAGGCAGT,,0.0,1,0,0,0
CTTTCAAGGACAGTAGCAATGACAGGGG,GTTTAGCTTCCGTTG,,0.0,2,0,0,0
CACACAAATCCACTCACAGTTCCAGCCT,TCGATAGAATTTACT,,0.0,0,2,0,0
GTGCCAACGGCACGGGCAATCTCAAAAC,CTTTCTTGTGTATTT,,0.0,1,0,0,0
AGGACAAAAGCAATCTCAGGACCAAGCG,AAAACATTATCAAAG,,0.0,0,1,0,0
TGGCCAAGCGCAGGTGCAGTTCCATTTA,CATCAATGAGGCAGT,,0.0,1,0,0,0
GCTCCAAGCACAATGGCACATACAGGTA,GTTAAATCAACAGTT,,0.0,0,1,0,0
AACACATGAGCATCTCCATTAGCAAATC,CTAGTTGTATAGCCA,,0.0,1,0,0,0
GCGACAGGGACAACGTCAAATGCACAAA,CTAAGCAGTCTTCTC,,0.0,2,0,0,0
GCCTCACGTGCAGGCACAATCCCAGGCT,ATAGAGCGGCGTTGA,,0.0,1,1,0,0
TTTTCAAGGACAAAGTCACACTCAACTC,TTTAACTCACCGTAA,,0.0,1,0,0,0
CAAGCAAGCGCAGTTACATAAGCACTAG,TCATAGGTATCTCGC,,0.0,2,0,0,0
GTTACACGGACACGCTCAGTTGCATAGA,CTTTCTTGTGTATTT,,0.0,1,0,0,0
GGAGCATTCGCACGTTCAGTTCCAGTCC,CTAGTTGTATAGCCA,,0.0,2,0,0,0
GGTCCATTCTCAGTATCAACAGCACGCG,CATCAATGAGGCAGT,,0.0,1,0,0,0
GCTACAGGGCCAGCACCACTGCCAACAT,CTTGATCAATCAAAA,,0.0,0,2,0,0
ATTCCATGAACACTTGCATGACCATCTA,CCGTTAGTATCGCTA,,0.0,0,2,0,0
AGATCACTCGCATTTCCATCAGCAAACA,GTGTGATTACTAAAT,,0.0,2,1,0,0
CTATCATTTGCAACAACATGCCCAACGG,GTTTAGCTTCCGTTG,,0.0,1,0,2,0
ACTACACAGCCAAAACCACACTCATAGA,CATCAATGAGGCAGT,,0.0,3,0,0,0
TTAACAGTAACAAGCACAAAACCAATCC,CTTTCTTGTGTATTT,,0.0,3,0,0,0
CCTACAAGCGCATTATCACCGTCATCAC,CATATGCATTCCTTG,,0.0,2,0,1,0
TAGGCAGATGCAGATTCAAGTCCACAGT,CCAACACAGGCTTCG,,0.0,1,1,0,1
CCGCCAACCCCAATTACAGCTTCATACG,ACAGGGCAGCTCCCG,,0.0,3,0,0,0
CAGCCACGAACACAGGCATCGCCATACA,TCAAATGATGAGGAT,,0.0,2,0,1,0
TTTTCATCAGCAGCTCCAGGGGCATTAC,GTGTGATTACTAAAT,,0.0,1,2,0,0
AATACATGCCCAGGTACATGAGCAATCG,CCGTTAGTATCGCTA,,0.0,2,1,0,0
TCTCCATCGTCAAGCTCAGATACAGTGT,CTCTTGAGAATACTT,,0.0,0,3,0,0
GGCCATTGTCAGCTACAACTACACCTT,CTTGATCAATCAAAA,,0.0,0,2,1,0
ACTGCAGGTGCAGCGGCAAGGGCATTCC,GTAATCTGACTCTAG,,0.0,0,3,0,0
ACCGCAGCCGCAGTTGCATACGCAACGT,TCTTGGAGGTGAATG,,0.0,0,0,3,0
GTGGCAACGACATGCGCATTTCCAGCGA,GTTTAGCTTCCGTTG,,0.0,0,0,0,3
CGTGCAGAGACAAAACCATACTCACTCA,TCATAGGTATCTCGC,,0.0,0,1,0,0
CAATCACTCCCAAGAGCAAAAACAGGCA,GCAAGAAAGAAACCC,,0.0,0,0,1,0
TTACCAGGCGCAACACCAACTCCAGTTC,CCAACACAGGCTTCG,,0.0,1,0,0,0
ATCTCAGATTCATCAGCAGTGGCACGAT,AAAACATTATCAAAG,,0.0,1,0,0,0
ATCCCATCGACAGGCGAGCGACACAAG,ATTATCAAGTGCCAG,,0.0,1,0,0,0
GGTTCAGTCCCAGCTGCAGCGGCACTCG,TCAAAGCATGAAAAA,,0.0,1,0,0,0
GAGCCAAAGCCAGCATCAGAACCATACT,TCATAGGTATCTCGC,,0.0,1,0,0,0
CCTGCAGAAACAGTATCATAGTCAACAA,CTAAGCAGTCTTCTC,,0.0,1,0,0,0
TGAGCACGAACAGATACAAGTGCATTGA,GTTAAATCAACAGTT,,0.0,1,0,0,0
AGATCACCTTCAGTATCATGGTCAGTGG,AAAACATTATCAAAG,,0.0,1,0,0,0
CATTCATAAACAGCAGCATAGGCAGGAA,GCTGCTTATGAGGAT,,0.0,0,1,0,0
ACAGCAATTCCACGGCCACTTGCAACAA,CATCAATGAGGCAGT,,0.0,1,0,0,0
TTCCCACGTTCAGCACCAGGTGCATGGG,CTAAGCAGTCTTCTC,,0.0,1,0,0,0
GCGACATAAGCAGCGCCACGGTCAAGCA,TCATAGGTATCTCGC,,0.0,1,0,0,0
GAGCCAGGTTCAGCGTCACTCGCAGTTG,GTTTAGCTTCCGTTG,,0.0,1,0,0,0
GCCGCACGAACAGTCACACGGGCATCCA,GTAATCTGACTCTAG,,0.0,1,0,0,0
GAAACAACGGCAATGTCAAGAACATGTC,ACAGTTGACGGACAG,,0.0,1,0,0,0
AAGGCAACTCCAGTAACACCCACAATGT,TCATAGGTATCTCGC,,0.0,1,0,0,0
CGCGCAACCCCAATCACAAATTCAGCGG,GTTAAATCAACAGTT,,0.0,1,0,0,0
CACTCACAGTCATGTACAAGTCCAGGTC,AAAACATTATCAAAG,,0.0,2,0,0,0
TATACAGGTGCATCGCCAAGCTCATTGA,TGGAGTCTTTGTTGA,,0.0,2,0,0,0
TACACACCTCCACAACCAGTTACAATGA,CCAACACAGGCTTCG,,0.0,2,0,0,0
TCGTCAATTGCAATCACAGGTCCAACAA,TAGACGGACATCTTC,,0.0,2,0,0,0
TCAGCAAGTTCATCCGCAACCTCAACCA,CTAAGCAGTCTTCTC,,0.0,2,0,0,0
CACTCAGCACCAAAGCCATTTGCACGAA,CCGTTAGTATCGCTA,,0.0,2,0,0,0
ATCGCAAATGCACCGACAACTACACTTC,CATTTATGGCTATCT,,0.0,1,0,0,1
GACCCAAGTCCATCAGCAGGGGCAATTC,ATAGTCGATTAAGAT,,0.0,0,1,1,0
CTGGCATTGACACACGCAGTGACACGCA,TCAAAGCATGAAAAA,,0.0,0,2,0,0
ACAGCAGCCTCAGCCACACAATCATAGC,GCCCTCGAAACCTAT,,0.0,0,2,0,0
TCGACAAAAGCATCCCCACTGACAACTA,GTCACCGGCACTAAC,,0.0,0,0,2,0
GCCACAGCCTCAAGTGCATGGACATTGC,GAGAATGAAGGACAG,,0.0,1,0,0,0
ACGTCATGCCCAGGGACAACACCATCGT,CATTTATGGCTATCT,,0.0,1,0,0,0
CTCCCAGGGCCATGCCCAAATCCAACCC,ATCGTTGGCATTTGG,,0.0,1,0,0,0
CTTGCATAGGCAAAGGCAACGTCATGCT,CGTCAAGACCTTCTA,,0.0,1,0,0,0
GATACAGAATCACCCACATAACCAGAAG,AAAACATTATCAAAG,,0.0,1,0,0,0
TGGACACTGTCACATGCATACGCAGCGG,CATCAATGAGGCAGT,,0.0,1,0,0,0
GACACACATGCACTGCCAGAAACAACGT,GTAATCTGACTCTAG,,0.0,1,0,0,0
TCTTCAGTAACACGGGCACAGACAGGCG,GTAATCTGACTCTAG,,0.0,1,0,0,0
GCCACATACCCAGGTCCAACATCACTTA,GTTTAGCTTCCGTTG,,0.0,1,0,0,0
AATACAGTCTCAGTCACAAGTTCAGTCT,CTTTCTTGTGTATTT,,0.0,1,0,0,0
CAGGCACTGCCATAGTCAGTAACATTCT,TCAAATGATGAGGAT,,0.0,1,0,0,0
CCTTCAGCAACACAATCAATCCCACCGC,CTAAGCAGTCTTCTC,,0.0,1,0,0,0
TACTCAACTACACTGGCACCGGCAGTTG,TCATAGGTATCTCGC,,0.0,1,0,0,0
TCGTCAGGATCAAGGGCAGTAACAGTAG,TAACCTCGCGCTGAG,,0.0,1,0,0,0
TCGCCAACTGCATTCTCAGGTTCAGGAG,CATATGCATTCCTTG,,0.0,1,0,0,0
ATGACAACTCCAGAGTCAGATGCATAGC,CATATGCATTCCTTG,,0.0,1,0,0,0
CAACCAGATGCATAAACACGTCCAGCTT,TGATCATCACGGGAC,,0.0,1,0,0,0
GCAACACACACAGAATCATTCGCACTAA,GTAATCTGACTCTAG,,0.0,1,0,0,0
CCTACATGGGCACAATCACGTTCAAAGT,CTATCAAGGCTTAAT,,0.0,0,1,0,0
TGAACAACTTCAATAGCATGGACATCCC,GAGAATGAAGGACAG,,0.0,0,1,0,0
CCTCCAAATGCACCAACAGAATCATATA,GAGAATGAAGGACAG,,0.0,0,1,0,0
AAAGCAAATCCACTAGCATAGCCAACAG,GTTGGGCGCTTAAAG,,0.0,0,0,1,0
GCCTCATATCCAACGACATGCCCACGAA,CGTCAAGACCTTCTA,,0.0,0,0,1,0
GTCGCAGCGGCAACAGCATGATCATTCG,CCAGGATGTACCGCC,,0.0,0,0,1,0
GCAACAAGGCCACGCGCAATACCAGGTA,CTAAGCAGTCTTCTC,,0.0,0,0,1,0
TGGTCATCAGCAAAGGCAAACACAATCT,GCTAATTTCAAGAAT,,0.0,0,0,1,0
AGACCAAGGGCATAATCATAATCATACC,GCTGCTTATGAGGAT,,0.0,0,0,1,0
CATTCATCATCACTAGCAGGTTCAACTA,TCAACAACCTATGCA,,0.0,0,0,1,0
ACGGCAACTCCAATCACAGTAACAACCG,TTAATTAGAGGTATG,,0.0,0,0,0,1
