BC,Edge,s,LL.ratio,TP1-1-T1,TP1-1-T2,TP1-1-T3,TP1-1-T4
GACTCACAGACATTAACACTGGCAGCCC,GAGTGCTTCAAAGTT,0.0837884390859016,1076.4899606613872,1659,6049,8945,15505
TGGCCATCAGCATTCCCATAGCCATGAT,GTCACCGGCACTAAC,0.057014793549830724,0.0,898,2483,2875,3759
GATACAACTGCAATTACATGCGCAGTTC,CGAATGCCATACAAA,0.062297977955970446,0.0,715,2028,2512,3507
GGGCCAGATGCAGTTACAGGGCCATCTG,AGTGTATGATAATAT,0.05961759373220363,157.3265051439639,540,2124,2041,2444
AAATCAATAACAGCTTCAGTATCAGTGA,CGAATGCCATACAAA,0.06500175200885298,0.0,476,1522,1869,2532
TTAACATACACAAGTACACACCCAGGAG,TATATTGAACTTTAC,0.07770637876414167,690.6632279547448,376,1416,1654,2928
GGTGCAGGGACATGAGCAAAGACAAACG,GTCACCGGCACTAAC,0.058759924520965325,0.0,511,1670,1834,2254
GAGCCACGCACAAGCACATTGTCATCAG,GTTGGGCGCTTAAAG,0.07056984788589998,136.94803571873263,412,1465,1765,2590
TCACCACGCCCAATGTCAGCTACATTCC,TAGACGGACATCTTC,0.0919546540117188,83.39783597026235,252,1065,1611,3009
GACTCACATGCAAAAACACATGCAATGG,TCTTGGAGGTGAATG,0.07292248809849687,458.3526664500214,323,1188,1540,2179
CGTGCAACATCATGGGCAGGTCCACGTT,GAGTGCTTCAAAGTT,0.08144900719622138,433.1357282342087,247,970,1286,2152
GCATCAAGTGCATCGTCAATCCCAAATC,CGAATGCCATACAAA,0.05712187954018996,0.0,356,1027,1070,1495
AGCTCAATTGCAGCGGCATCCACAGAGA,TTTATAAATCAATAG,0.01864478376943068,0.0,463,1000,727,613
TTGGCACCTACACCGACAAATGCAGCAT,TCAGAGCATTGGCCT,0.030414313044069576,0.0,364,868,689,686
CCGGCATCTGCACCTCCATGCTCATACT,CTACTTACAACGGAA,0.05471484653146508,84.79853928700703,247,675,653,965
CAATCCACTTGCAGAGTCATTTGCAGAG,TTTATAAATCAATAG,0.019785794799629358,0.0,381,837,651,522
GCCCCACATCCAGTGTCAAATCCATAGG,TGATCATCACGGGAC,0.06743351372543878,311.34796484024446,169,574,685,967
TAGCCATAGCCAGAAGCAAACGCACCTC,TTTATAAATCAATAG,0.02158231241635598,0.0,370,782,595,535
GGTGCAAGTTCATTCGCACTGCCATGCA,TCAAAGCATGAAAAA,0.0624458447590564,205.55767108693772,191,507,649,941
CAAGCACCATCAAGCACAGGCTCACGGT,CCAGGATGTACCGCC,0.0507485469005266,250.45259877977878,207,613,661,718
GCTGCAGGGACACTCCCAGATGCATTAA,TCATAGGTATCTCGC,0.033169721924150984,85.18879776412996,319,619,578,653
GCCTCAGCATCACATCCACCGTCATTAA,ACAGTTGACGGACAG,-0.0030917702963341974,0.0,477,731,445,329
GATCCACATACAACAGCACGGCCAATTG,GAGTGCTTCAAAGTT,0.02703259811652267,0.0,286,639,546,487
TTGGCACACACATATACACGATCATCCG,TTTATAAATCAATAG,0.023704218310987873,0.0,305,637,512,470
GGTACAGTCACAACCGCACCTACACGTA,TATATTGAACTTTAC,0.07557802416515322,360.63069308662625,108,382,592,789
TAGCCAGTTACAGAGCCAATAACATAGA,AGAACATCATCTACA,0.06003006635305639,122.79491949135172,158,465,479,724
AGTTCAAGAACAAAGCCAAATACACACG,AATGATACCATTTTT,0.04362239096504872,0.0,206,461,428,577
TCAGCAACATCATCAGCATTAACATCGC,TCTTGGAGGTGAATG,0.08701171728300376,326.829512802542,78,304,455,803
GAAACAGCCACAACCGCATTTACAATAG,AGAAGACGACGATGA,0.007037078003347151,0.0,306,625,389,286
TTGTCATCCCCAATTGCATGGACATGAG,TTTATAAATCAATAG,0.020451772404238466,0.0,264,566,380,369
CCTGCATTTCCAGGCTCAGTGTCAGCAC,TCTTGGAGGTGAATG,0.017976891502735095,0.0,262,581,375,340
ACTACAATAACAGGGTCACCTGCACTAT,TTTATAAATCAATAG,0.022756707712058247,0.0,227,504,438,340
AACACACCAGCACGCTCAGTATCAACAA,TTTATAAATCAATAG,0.023544819894514294,0.0,223,527,405,342
TGGTCAAAGGCAGGTGCATGCTCAGGGC,GAGTGCTTCAAAGTT,0.016497624656752634,0.0,261,512,379,324
GAGTCACCGACAGGTTCAGTATCAGCGT,TTATATTTATTTGCT,0.05104895332427703,0.0,140,424,421,490
ATGACAGTCACAACATCAGGTACAGCCA,CTCGCTAATACTCCT,0.00319176535006595,0.0,317,559,319,264
TATTCAGCCACAGTTCCACGGCCATAAA,ATGGCGATGGTCTTG,0.05763406170392551,179.44383608308522,121,312,397,516
GCAGCAGTCTCAGATCCACACTCAGCGA,ACAGTTGACGGACAG,0.06944013754128091,215.2093429766237,78,330,396,474
GTAGCATACCCATATGCATCAACATCAC,GAGTGCTTCAAAGTT,0.02872839721928532,0.0,192,422,309,344
ATGCCATGTACACGCGCATCAGCAAAC,TCGATAGAATTTACT,0.008549416481607756,0.0,273,395,319,267
GATCCACGTTCACCACCAGATACAAATG,GTAATCTGACTCTAG,0.0280410876458608,12.794640375296694,196,376,333,344
GCGACAACTACAATCTCACAGTCAGGTA,ACAGTTGACGGACAG,0.007721270679165246,0.0,261,428,285,249
GAACCAGTAACAGTCGCAACGGCATGGC,TTTATAAATCAATAG,0.0792922153371838,172.63587361868667,66,276,364,539
ATTACAAAGTCATGGGCATAAACAGGGA,TTTATAAATCAATAG,0.022991392813018763,0.0,179,432,327,270
GCTTCAAGTCCATAACCAAATGCAGCTC,CCAACACAGGCTTCG,0.007495413307070673,0.0,248,439,250,235
TAGCCAGGGTCAACTACAGTGGCAGCAC,CGAATGCCATACAAA,0.059843484493575266,0.0,97,303,345,442
AGCTCAAAGTCAGCATCAGCCACACTGC,TTTATAAATCAATAG,0.026826624237657387,0.0,182,379,297,308
GTCTCAGGTACAAACTCAGTGTCAGAGT,TCTTGGAGGTGAATG,0.017084123793135755,0.0,205,396,277,259
AGAACAGGACCAGACACACATCCAAACG,CCAACACAGGCTTCG,0.01027065054797453,0.0,201,390,264,207
CCGGCACCCGCAAAGGCACTCCCAATCT,GTCACCGGCACTAAC,0.07270249906683225,0.7326342378491972,57,290,339,382
GAATCAAAAACACGAGCATAACCATCTT,CATCACCGTGCTCAT,-0.0036489326588386973,0.0,258,392,214,175
CCCACACAAACAGCAACAGGATCATGTA,ACAGTTGACGGACAG,-0.0037197085134016484,0.0,229,410,227,155
TGGACATAAACAGCGACACATTCAGCGC,TCAAAACGGAGTGTT,0.0013271240983531117,0.0,240,389,206,189
GCCACATTCACACCGGCAATCACACCAA,GTGTGATTACTAAAT,0.034916340866616956,7.422401132568439,140,339,239,302
AAAGCATGTCCACAATCAACATCATACG,ACAGTTGACGGACAG,0.0049067774278400205,0.0,211,358,226,185
CGATCACTACCAGTGCCAGGCGCAAGGT,TCAAATGATGAGGAT,-0.029455775859805206,4.056589088333112,259,439,169,81
GCTGCAGAAGCAGTACCAAATGCACCAT,TTTATAAATCAATAG,0.02039167574606295,0.0,167,292,240,233
CAATCAGTACCATAGACACCCACATTCC,CCAGGATGTACCGCC,-0.015532506648072854,0.0,219,378,207,104
GAGTCAACGGCACTGACACGCACAGTAA,CTCGCTAATACTCCT,-0.011630250264930983,3.4482173704536763,251,327,205,134
CCTGCATGTTCAGTACCACGGTCATGAT,TCAGAGCATTGGCCT,0.022280746079098922,0.0,128,340,263,189
ATGCCATGAGCAGGAGCACCCCCAATCG,TTTATAAATCAATAG,0.019402887107594236,0.0,158,301,215,214
TCCACATGAGCACGATCAAGGACAACCT,TTTATAAATCAATAG,0.014428543702006696,0.0,144,356,200,168
CAAACATATACAAAAGCAGATGCACGGA,TCTTGGAGGTGAATG,0.012077325709135868,0.0,172,309,196,187
CTAGCAGCGACACGTTCATGGGCAGCTG,TTTATAAATCAATAG,0.025253273596530807,0.0,140,280,213,226
TTAGCACGGTCACCTACAATGTCAAGCC,TTTATAAATCAATAG,0.024274357637837935,0.0,148,287,185,232
TCCACATTTGCAGCACCACAGACAGAAA,AGAAGACGACGATGA,0.011324717393977078,0.0,143,326,209,152
TCGGAAGGACAGTTGCACCTTCAGTCT,CCAACACAGGCTTCG,0.009847303740222765,0.0,178,298,172,181
AGGACAGGAACAGGAACAGTGCCAGATC,GTCACCGGCACTAAC,0.0601353475485501,0.0,62,252,237,285
GCAACACGTACAAATCCAGCGACAGGAT,GTAATCTGACTCTAG,0.012952403627049148,0.0,155,275,224,173
ATGGCACTGTCACTAACAAGCTCAGCGG,TTTATAAATCAATAG,0.02515171787009691,0.0,128,292,206,206
ACCTCAATATCAAAACCAGGATCAGTCA,TGATCATCACGGGAC,0.0012689640823738632,0.0,173,297,190,136
TGCTCAACTACACAGCCAAGAACACCCG,ACAGTTGACGGACAG,-0.005753528833354661,0.0,212,285,166,135
CAATCAAACACAAGGTCAAAAGCAAGCC,GTGTGATTACTAAAT,0.01809891431588753,0.0,162,241,189,211
GCAGCAGATCCAACGCCAATAACAGCAC,CCAGGATGTACCGCC,-0.01258000925488846,0.0,212,295,162,110
CAAGCAAGATCAGTCTCACCGTCAGGTA,TGATCATCACGGGAC,0.01236253636775334,0.0,145,270,168,159
AGGCCAGTATCAGTTTCAGGTGCACGCC,CTCGCTAATACTCCT,-0.006376599933759764,0.0,168,331,138,105
TGTCAAGGCCATCTGCAATACCAGCGG,TCATAGGTATCTCGC,-0.027796429980330203,2.9846397178450843,216,321,120,71
ATGACATTGGCAAATGCACCTACATAAG,TTTATAAATCAATAG,0.018685226112464343,0.0,129,258,179,171
CAAGCATCCACAGTTCCACGAGCAAAAT,GTAATCTGACTCTAG,0.016295399567344732,0.0,124,247,218,153
AGAGCACAGACAAGTACAGAATCAACAG,GAGTGCTTCAAAGTT,0.020040721878678537,0.0,134,251,158,185
AAATCACGAACAGAAACAATCCCAAGGC,TTTATAAATCAATAG,0.02086716063946777,0.0,118,235,210,167
ACTGCAAGAACATGCACAGCCACAAGGG,CTTGATCAATCAAAA,0.04604419804328638,48.42441457547204,83,211,192,250
AAGACAGGGTCAGGCGCAACTCCATCGA,TTTATAAATCAATAG,0.02280569131137025,0.0,98,244,229,147
GTTGCAGAGCCAAAGACAAAGGCAGTTC,TTTATAAATCAATAG,0.017460936308864267,0.0,126,238,182,161
GTTCCAATCTCACAGCCACTACCACGGT,TTTATAAATCAATAG,0.027082672932815948,0.0,112,191,188,191
TTTCCAACGGCATCAGCAGTTTCAAGCG,GAGAATGAAGGACAG,-0.013320882118062073,0.0,201,232,128,102
GTCCCAGGCTCATTGCCAGAGCCAGAGC,TCTTGGAGGTGAATG,0.013155517077593706,0.0,122,250,157,137
CGGGCAACCCCATTGTCATACACAGAGTT,TGATCATCACGGGAC,0.0026279921596026206,0.0,138,273,145,113
GAAACAATTTAATGGCCAGCTTCAAATC,TTTATAAATCAATAG,0.007299546551044028,3.7372541217305297,138,215,177,130
GATGCACATCCAAGCGCACAGCCAATGT,CGATGATGATGATGA,0.01654763716926044,2.5821720053404533,111,244,143,138
GTTTCAGCTCCATATGCAGCCTCAGCTT,CCAACACAGGCTTCG,0.009621865402870388,0.0,100,260,183,101
AATCCAGCCGCAGAATCATTGCCAGTCC,ACAACCTACCTGCTA,-0.0013249366628530536,0.0,143,263,121,104
GATCCATCAACAGGCACAGCTCCATCAA,TTTATAAATCAATAG,0.02259538567159476,0.0,106,207,173,158
CCCGCAGTAACATCTGCAAGAACACGGC,AGAAGACGACGATGA,0.008460269320373857,0.0,122,218,154,119
CCATCAGTCGCAGGCACAAGTGCACCTT,GTCACCGGCACTAAC,0.06724998549603617,0.0,42,131,206,239
CATACATCTCCAAAAACATCGGCACGCG,TCAAAACGGAGTGTT,0.004803849242005914,0.0,135,221,131,118
GATTCACTGACAGCTCCACCGACAAAAG,CCAACACAGGCTTCG,0.0066220974519801854,0.0,117,219,163,108
CTCGCAACGCCATATTCACTCGCAGCAA,CAATCTTGAATTGAT,0.017169813643239117,0.0,105,229,141,133
GTGCCATCTCCAGATGCACCATCAACAG,ACAAGTTTTACAGTT,-0.011011947737215373,0.0006550833331857575,171,215,115,93
GGGGCAAGTTCAATATCAGCCTCAGCTA,GTTTAGCTTCCGTTG,0.03089107921708063,2.3473680898044904,68,251,147,130
ACCTCAAGTACACCCGCAGTTACAAACG,AAAACATTATCAAAG,-0.00867636231665815,4.476463277295807,144,261,95,84
CTCGCAGCAACATCCGCAGGAACACAGT,GTTTGTTTTGGGAAA,0.008743727381908905,0.0,123,187,162,121
CACCCAAGGGCAATAGCAGGGACAAATG,ACAACCTACCTGCTA,-0.008038994268432197,0.0,148,222,124,88
GCGGCAGAGGCAACGCCAATGTCAGTAA,CCAACACAGGCTTCG,0.012802204896358957,0.0,117,197,139,130
GCAACACTTACAAGAGCAGCTTCACCCC,TGATCATCACGGGAC,0.004839141286947336,0.0,120,172,154,105
TTTCCATGAGCAGCTACATAAACACTAG,TCTTGGAGGTGAATG,0.013964499084719776,0.0,93,213,146,107
ACAACAAGTTCACACACAATGCCACGTC,TTTTGCATTTAGGCG,0.014060215829120539,0.0,104,212,120,120
GAATCAGTTCCACATTCATCATCAGGGA,TATATTGAACTTTAC,0.0044174373684953755,0.0,125,182,132,108
TCAACATGGACACATCCAAATTCACCGT,CTTGCAAGTGTAATT,0.00625779510090719,0.0,115,184,141,105
CATGCATAGCCAGTCTCAGCGGCAGAGT,TCAAAACGGAGTGTT,-0.0013605682358165591,0.0,117,196,138,85
CCGACACCGACAGGGTCAAGGGTCACGAA,CTTGCAAGTGTAATT,-0.006714033521474709,4.644675229695622,139,197,120,86
CACACAATAACAGTGTCATCTTCACCGA,GTAATCTGACTCTAG,0.012190566940752432,0.0,110,187,121,120
TTCACAACTCCACACACACGTCCACCAC,ATTATCAAGTGCCAG,-0.010207598822892312,0.0,140,200,118,78
GTCTCAGTGGCAGAAGCAGTCACAGAGC,CTCGCTAATACTCCT,0.005740738361016423,0.0,99,222,127,89
AACGCAGTATCAATCACAACTACACGAT,TCAAATGATGAGGAT,-0.017281042095034994,0.0,162,200,97,73
CTAACATGGTCAACCACATTCGCATCCG,ATTATCAAGTGCCAG,-0.002598977090192985,0.0,140,203,89,98
AATACAGGCTCAGGCCCAATCTCACGGT,CTTGCAAGTGTAATT,0.005138096953039346,0.0,111,213,101,98
GATACAGATGCAATACCACGTGCATTGC,ACAAGTTTTACAGTT,-0.016692321093849983,0.5795732993085494,133,231,94,61
TCAACAAGAACACCAGCATGTACAGCCA,ACAGTTGACGGACAG,0.001178645753373787,0.0,125,176,123,98
CCAACAAAGGCATCAACAGCCCCAAACG,AAAAGAAAAATGTAT,0.07002349952169053,102.0358945070459,38,91,157,235
GCTGCACATCCATAGACAGTCCCATTGG,CTCGCTAATACTCCT,-0.0028756038506828085,0.0,121,193,109,84
AGGCCAGATACAGCTACAAAACCACGAT,GAGTGCTTCAAAGTT,0.02294258404312535,0.0,81,175,128,122
TAAGCAGGAACATGTGCAATGCCAGCTA,TTTATAAATCAATAG,0.026490420458031055,0.0,77,160,142,129
GGTTCAAACGCAGATACAAGGCCACCGG,TGATCATCACGGGAC,0.0037875293624497993,0.0,92,185,143,78
TGTTCAAACCCACATTCAGGACCAGGCG,GTAATCTGACTCTAG,-0.004087858656378646,8.193450842587936,121,188,98,81
GCAACATCGACAAGGCCAGGTACATTAG,TCAAAGCATGAAAAA,-0.012161486939587657,0.0,118,186,114,62
CCTGCAAACTCATGACCACGTTCACTGC,TCAAAGCATGAAAAA,-0.03004855081330916,17.80139296511129,166,190,58,51
GTTGCAAGTACACAACCAGCGTCAATTT,AAAAGAAAAATGTAT,0.009290187707764762,0.0,79,207,113,79
TGTACAAACCCAGGTCCAGGGACATGTT,TTTATAAATCAATAG,0.01357743363516789,0.0,102,130,130,116
TGTGCACCTGCAGGTACAACGTCAGTGA,CCAACACAGGCTTCG,-0.013814718310900054,13.344154185048637,118,210,92,59
GTCACATCTACATCCACACATGCAGTGT,TCAAATGATGAGGAT,-0.012507361205790704,0.0,125,166,116,65
CTATCATTAACAGTTACAGTAACAAAGT,TAGACGGACATCTTC,0.020821887060289986,3.023970840498464,75,150,153,106
CGAGCAAGGCCATGCGCACTCACAAACG,CGATGATGATGATGA,-0.011380547143737077,1.8275639435206585,132,158,109,71
GGGGCAGCGTCACAGTCACACTCAACTG,TCTTGGAGGTGAATG,-0.0019772732026562905,3.6511777910322962,129,138,113,92
GAGCCAGTAGCAAAAACAGTCGCAGTTT,TCATAGGTATCTCGC,0.04528752622963,58.696047920178444,54,142,117,159
ATTACACGCGCAGAAGCACTCGCAACTA,AGAAGACGACGATGA,0.0051417152253178805,0.0,94,191,101,83
CGTTCATAATCAGGCTCACGCGCATCAC,TTTATAAATCAATAG,0.03809368699788426,8.592465263142458,59,133,132,140
AATGCATAATCATGACCAGCAACAAATG,CTTGCAAGTGTAATT,0.014744501833824824,0.0,90,168,99,106
GATACAGAACCAGTGGCACAAACAATTC,ATGGCGATGGTCTTG,-0.016766498222281562,0.0,118,162,113,54
GCGTCAACGGCAGGTACACGACCAGATG,CCAAGACCGTGTAAA,-0.029941283356835796,0.0,146,173,78,45
CTTTCAAAAACAACTACAGGTTCAAGCC,AGAAGACGACGATGA,0.0018520693306244378,0.0,90,149,129,72
CCCTCATCCCCAGAGACAAGGACATGGT,CTCGCTAATACTCCT,-0.004406969388092877,0.0,92,192,96,61
TTGACACCTTCACATTCAAACGCACGGA,TATATTGAACTTTAC,0.09260703601473652,146.0299964490232,17,87,136,207
ATAACACGAGCAACTTCACCTGCAACAA,GTGTGATTACTAAAT,0.009977497281189273,0.0,96,151,89,98
ATCTCAACACCAGGATCAGGGGCATAAA,TATATTGAACTTTAC,-0.017355458752743667,4.574191921831016,129,155,88,58
GAGGCACATACATGCACAGGTACAAGTA,TTTAACTCACCGTAA,-0.022111253224787547,0.007205587342127728,118,174,92,46
AAAGCACATACAACAACACTTTCAATAC,GTGTGATTACTAAAT,0.03550615838617025,1.9256551035831535,46,168,116,101
ATTACAACCACAAAAGCATGTCCAACTA,TCGATAGAATTTACT,0.010487921348633569,0.0,82,181,83,85
ACCGCATGTACACCAGCAACCACAGGTC,TAGACGGACATCTTC,0.031225383066053936,0.0,58,125,138,112
ATTACATCCACAGGCGCAAGGGCAAATC,CGTCAAGACCTTCTA,0.06293811812223478,0.0,36,103,112,180
ACGTCACCGCCAAATCCAGTAGCATATG,TCAAAACGGAGTGTT,-0.02604306071024626,12.146785490705724,127,154,92,44
TGTACAAAGACATGAACAGGTACAAGAA,TATATTGAACTTTAC,-0.002226533736922142,0.0,89,184,85,63
GGTGCAATCCCAACAGCATCGGCACAAA,CTTGCAAGTGTAATT,0.014428543702006696,0.0,72,168,104,84
AGAACAGCCACACTACCACTATCACGGT,CATCACCGTGCTCAT,0.0061974632593992185,0.0,79,195,73,72
GCCTCAGTTTCACGCCCAAGGCCACGAG,CTCGCTAATACTCCT,-0.0058403953420389345,0.0,74,188,109,47
CGTGCAGTGGCAGAATCAATGTCACACC,CTCGCTAATACTCCT,-0.006771081855326509,0.0,102,149,100,63
AGGGCAATACCAGGCACACAGACATCAT,TATATTGAACTTTAC,-0.007941832703352128,0.0,109,153,84,65
CCGACATTAGCATGTCCAAAGTCATGCA,AAAAGAAAAATGTAT,0.012644971900421029,0.0,85,154,78,94
ATGCCAAAGTCATATCCAGATGCAGATT,CTCGCTAATACTCCT,-0.016531152785939526,8.124692745496304,115,178,63,53
GAAACAGATTCAACGTCATTGTCAGCAG,TGATCATCACGGGAC,0.0023928305141873592,0.0,107,132,78,87
GGCCCATCTTCATGTACATGAACACTAG,GAGTGCTTCAAAGTT,0.024304070906779118,0.0,58,117,138,91
TCGACAATCGCATGAACATTCGCAATGC,TATATTGAACTTTAC,-0.021827563569190616,6.81127719875235,117,160,80,46
CAACCAGGCACATGTACACGATCAGCAA,CGATGATGATGATGA,0.006908222241693245,0.0,87,154,84,81
GACGCATACCCATGCGCAGGCTCATCTT,TTTATAAATCAATAG,0.004035889567645335,4.636491804133584,96,130,97,82
GATGCAGAGACATTCACAGCCTCAGGAG,TCAGAGCATTGGCCT,0.03624552329715775,0.0,49,128,114,110
AAAACATGAGCATACACACCGCCATCGC,CTCGCTAATACTCCT,0.003931080354839713,0.0,101,118,93,86
AGAACATACGCAATAGCAAGATCAATTC,GTTGGGCGCTTAAAG,-0.0022044951686262387,3.20543701629731,72,169,103,51
GCGGCATTGCCATCTCCATCAACAATAA,TGATCATCACGGGAC,0.017837838672687314,3.8230665177572973,65,137,107,84
TGTACAGATACAGGGGCAACACCACCAT,GAGTGCTTCAAAGTT,0.018378327544006104,0.0,67,147,96,88
CTGGCACGAGCAATGGCAAATACAAGGG,TTTATAAATCAATAG,0.02024032327349928,0.0,72,141,76,100
GCTCCACCACCAGGGGCAGTGACAAATA,ACAAGTTTTACAGTT,0.037014632502634516,22.42485583712221,37,147,112,85
GCTTCAGTGCCATACGCACAAGCATCCA,TTTATAAATCAATAG,0.018261143192965876,0.0,68,113,98,89
AAAGCAGTAGCACGGACAACCACATAAC,CCAGGATGTACCGCC,-0.03261256661356473,3.94673312739269,116,153,68,33
GGCTCAGGGACAGAAACATACACATGGA,TTTATAAATCAATAG,0.0019488279858898099,10.941822941218561,86,143,58,69
CAAGCAGTATCAAGGACATTCGCAGTAC,TTTATAAATCAATAG,0.027944047305612185,0.0,52,125,97,91
CAGGCACGTACATGGTCACGCCCATACC,TTTATAAATCAATAG,0.010650920858439923,0.0,72,122,85,75
GGTACAAAGCCACTGCCAGTTCCAGGGT,GAGAATGAAGGACAG,-0.0056614354337177685,0.0,83,161,59,53
GACTCAGGAGCACTCCCAGCTCCAGAGG,AGAACATCATCTACA,-0.0010009950138890056,0.0,64,158,89,47
AACTCACTACCAAAATCACTTCCAGCGG,TCGATAGAATTTACT,0.0063898084747770895,0.0,72,130,94,66
ACGTCAGGTCCATCCCCAGGAGCATGAA,CAATCTTGAATTGAT,-0.003997783726827402,4.403199209693753,73,148,90,49
GTGACATGGGCACTCCCAAATGCATGCG,TTTATAAATCAATAG,0.023200173232937025,0.0,56,125,91,85
ATGTCAATCTCAGAGACATGGCCATTTC,CGATGATGATGATGA,-0.00029921470729459807,0.0,84,109,94,63
GACACAGTCACAATGTCAGGGGCAAGAA,GTAATCTGACTCTAG,-0.016413436359890485,10.011112681233953,80,147,88,37
TCATCATGTCCAGTCACAACCGCAGAGG,CCAACACAGGCTTCG,0.014753116211268643,0.0,73,106,87,86
GGTACATTGGCACATCCAGTAACACTCG,TCAAATGATGAGGAT,-0.029401281284739095,0.5344160656953818,83,165,74,26
AAGCCACGCACACAAACATGCTCAGATG,ACAACCTACCTGCTA,-0.014516498617494497,0.0,96,137,71,47
CTCGTCAATAACATGACGAGCAGGTA,CGAATGCCATACAAA,0.0434403315915777,5.332378553059016,42,98,99,117
ACCACAACGTCAGTAGCACGAACAAAAC,CAATCTTGAATTGAT,0.015615405550480512,0.0,67,106,96,81
ATCTCAAGTCCAGGCGCAAAACCAAGGT,TTTATAAATCAATAG,0.020197284748045313,0.0,62,137,66,86
ACAGCAGCGACAAAACCAAATTCAAAGT,TCTTGGAGGTGAATG,-0.00759518645821968,5.9188774844708405,78,133,85,47
TGGGCACCCTCATGACCAGGTCCAAGTT,TCTTGGAGGTGAATG,0.0036429159758298787,0.0,77,115,92,65
TAGGCATCGACATCGTCATCCACACTTG,TCAAAACGGAGTGTT,0.002555966778655204,0.0,82,112,86,67
TCGACAGGACCAAACCCAGGCTCAATTG,TGATCATCACGGGAC,-0.017503570573817396,6.327844155227012,105,120,75,47
GTAGCACCTACATATGCATCGTCAAGTT,TATGCCCTTCTTCTG,0.00838923196150079,0.0,75,105,79,73
CGTTCAGCCTCAGGGGCATTGACAGCGC,ATGGCGATGGTCTTG,-0.015656807600068403,0.0,93,102,92,44
TATGCACGTCCACAATCAGCATCAATCG,CCAAGACCGTGTAAA,-0.020468486774367276,0.0,105,119,58,43
CGGTCATGGTCAGATACAGAAGCAAACT,TCATAGGTATCTCGC,-0.03098685248971969,0.09639199743037352,77,143,80,23
GTAGCATTTACAGAGCCAAACACATGGA,GAGTGCTTCAAAGTT,0.05167790280108978,8.37896739575308,30,106,89,107
CTCACAATTCCATGCGCAGGCGCACTAA,TGATCATCACGGGAC,0.0072061758083869784,0.0,66,115,79,62
CCTACATATTCACGACCAGTCACAAGGT,AAAAGAAAAATGTAT,0.012295224274241347,0.0,53,124,83,58
TCGGCACCCTCAGCTTCAGTCTCAGTTC,TCTTGGAGGTGAATG,0.0014379853306725372,1.581413287232408,81,102,78,64
CATACAATTTCAATGTCACCGGCAGCCA,GAGTGCTTCAAAGTT,0.0022177037096435676,6.009976217055737,68,116,81,55
CATCCATGTCCACGGGCAATGCCACGGC,ACAAGTTTTACAGTT,-0.027330221914505543,1.9435418984653552,93,132,60,31
ACTACAAATACAAATTCACTATCAGCCA,TTTATAAATCAATAG,0.01576205485579667,0.0,56,130,63,68
GCACCACCGTCATTACCATGTCCAGGTT,TATATTGAACTTTAC,0.003427165492309305,0.0,62,134,65,52
GGTACAGCGGCAACGGCACCTTCATACT,TTTTGCATTTAGGCG,0.003721718218992545,0.0,52,132,85,44
ACGGCAAGTACAGGCACACGACCAGACG,CCAGGATGTACCGCC,0.003528760613117725,4.507029736672052,63,118,71,53
TTCACATGCCCATGTACATACTCAGCAA,AGAACATCATCTACA,0.001119439106665284,0.0,69,129,57,54
TGCGCAGCAGCAAGGCCATGTACATAAG,TCATAGGTATCTCGC,-0.01330580257320714,0.0,65,125,75,33
TGGGCACGAACAAAACCAGTTTCAATAG,ACAACCTACCTGCTA,-0.012059927194719336,0.0,74,116,68,39
GGATCAGCTGCAGGGACACGATCATCCT,TCAAAACGGAGTGTT,0.00929018770776476,0.0,60,105,68,60
GGGGCAAGGCCAGTGGCACCCTCACACT,TATGCCCTTCTTCTG,0.008788925128946743,0.0,67,86,80,66
CTACCAAGGCCATAGGCAGTGTCAAGGT,AGAAGACGACGATGA,-0.009589661456261953,2.0499137899062134,74,105,74,42
CCGACATTATCATGTCCACATACATACC,TCAAATGATGAGGAT,-0.008246248822127867,0.0,66,111,73,39
CTGACAAGAACAACTACAATCCCAATTC,ATTATCAAGTGCCAG,0.00511808294263124,0.0,68,100,61,60
GCCGCAAGTACAGCTACAGGGACAATTA,TGATCATCACGGGAC,0.03662015058106775,6.801954539153257,37,125,51,84
GCTTCAAAGACAAACGCAAAGTCACACC,TGATCATCACGGGAC,0.022546286629968413,4.444760572218456,43,103,81,64
CTGGCAAGGGCATAGACAGTTGCAACTC,TCAAAACGGAGTGTT,0.007786173198415785,0.0,68,96,59,65
GGAGCATAGGCACTTACAAGGGCAAATG,TCGATAGAATTTACT,0.004050668257017702,0.0,55,108,83,47
GACCCAATGACAGCGCCAGTAACAGGTA,ACAGTTGACGGACAG,-0.00689340615162527,0.0,65,121,62,40
AAGACATTGTCAGAGGCAAAAACATCCT,TTTATAAATCAATAG,0.015576560034683095,0.0,53,112,57,64
TTCACAAAGACAGGGACACTTCCACAAA,CTATCAAGGCTTAAT,0.03084442653859985,0.0,44,68,95,84
GATTCAGGAGCATCGGCACTAGCAGGTA,TCAAAACGGAGTGTT,0.003773039758512319,0.0,59,98,83,50
AACCCAGTGGCATTAACAGAGACAAGCT,GTAATCTGACTCTAG,0.00456850380566388,0.0,53,116,69,46
TGTCCACCAACAGGGACAAGAACATCTG,TATATTGAACTTTAC,0.0004851352063785323,0.0,56,111,80,43
ACGTCAATATCACTCACACGATCAAGGG,GAGTGCTTCAAAGTT,0.023247198869704278,0.0,50,96,67,76
CTCACAGTTCCAGCGACATACTCAAAG,TCAAAACGGAGTGTT,0.00695004575198981,0.0,59,107,65,55
ATGGCAAATCCACATGCACAAGCAAGGT,TTTTGCATTTAGGCG,0.06659019153928565,36.66770493203762,19,71,89,106
AGTTCACATCCAGGGCCAAAAGCAGGGT,AGTGTATGATAATAT,-0.02272521063181164,3.7401435346853305,81,109,56,31
TACGCACACTCAGCCCCATCGGCACGGT,GCTAATTTCAAGAAT,0.01871894724162582,20.750144285318527,52,119,41,69
TGGTCAGAATCAAACACATTTCCATGGC,TCATAGGTATCTCGC,-0.014637805397245794,0.0,82,97,57,40
CCTACACCCGCATAAACAGATTCAAGCA,CTCGCTAATACTCCT,-0.014287539477298654,1.409222776149818,71,105,65,35
GGAGCAGAGTCATCGGCAGAAGCACAGG,CCAAGACCGTGTAAA,-0.03072297839150361,0.0,93,96,51,28
GAGACACCAGCAAAGACACTCACATGAT,ACAAGTTTTACAGTT,-0.041214053390997214,4.91003120606706,91,109,53,20
CCAACAGGCGCATTCCCAGAGCCGCTC,ACAGTTGACGGACAG,-0.0070804973817904975,0.0,67,114,55,41
GTGTCAGCCTCACCTCCAGGCACAGGAC,AAAACATTATCAAAG,-0.017957975533485965,5.701128168258435,77,118,46,34
AGAGCAGGCACACGATCATCTTCAGTCT,CTCGCTAATACTCCT,-0.001599286634070264,0.0,61,114,57,44
ATTACACAAGCAAACTCACCCTCACGCG,TTTATAAATCAATAG,0.030243809688510575,0.5238016268863248,32,98,83,60
ACACCATAATCAGGGGCATGGCCAGTAG,ACAGTTGACGGACAG,0.019239953992964645,3.0007677505823267,46,108,60,62
TTGGCACAGGCACGTCCAACATCATCCC,AGAAGACGACGATGA,-0.0019255535129423368,0.0,63,102,56,45
AGCACAGGTACATCCCCATGTTCATTCC,AGTGTATGATAATAT,-0.01910155265012137,2.307943480253016,75,99,55,32
CTTGCAAAACCAGATCCACCGACAAGGG,TTTATAAATCAATAG,0.027716515136598858,0.0,42,109,50,73
CAAGCACTTTCAGCGACATAGCCAATAA,CCAACACAGGCTTCG,0.0074205388193966555,0.0,55,105,58,52
TCAGCAATCCCAACGTCATAAACAACAT,CATCACCGTGCTCAT,-0.00203873981298027,0.0,59,119,50,42
CTGGCACGCCCAACCTCATTGCCATCTC,CTGATTTGTGCTGTC,-0.004524271561932736,0.0,56,110,63,37
CCAACAGTGACAATTCCAAGAACAGTAC,CCAACACAGGCTTCG,-0.016665457425505476,6.140511557856371,61,114,63,28
ACCGCAGTTGCAAGTGCAGAATCACTAT,TTTATAAATCAATAG,0.0028938207807612444,3.4226166438465953,63,86,65,52
GGTTCATGTCCACGTCCAAAATCAAAAA,TCAGAGCATTGGCCT,0.04006230807982867,0.0,29,82,80,73
GACAAATCCAGCACCACTGGCAAGTG,CCAAGACCGTGTAAA,-0.011606405459526728,1.242365252870627,73,111,37,39
TTGACAGATGCAGCCGCATGCCCACCAA,AGAACATCATCTACA,0.00803217677500318,0.0,54,105,53,52
TATCCAGGGTCACCACCAAAGTCAGCGC,TATATTGAACTTTAC,-0.009209707028206178,0.0,54,119,58,31
GTTACAATTGCAGTCTCAAGCACAAAAG,CTCGCTAATACTCCT,-0.003244853055630927,0.0,67,75,63,46
CTGGCATAGGCACAGTCAAAACCATGGA,ACAGTTGACGGACAG,0.01240772297479221,1.76844046681299,51,93,61,56
TGAACAAGTTCAAAAGCACCGACAGCAA,TATGCCCTTCTTCTG,0.004752448563612108,0.0,55,92,63,48
CCTTCAAAAGCACTACCAAGGACATGCT,TAGACGGACATCTTC,0.046278925202921255,0.0,30,77,59,91
GCGCCATTGCCATCAGCAATTCCATCCC,TGATCATCACGGGAC,-0.00969425311199421,1.0759693741858882,76,73,64,43
ACGTCATCGGCACATACATCGCCATCTA,TTTATAAATCAATAG,0.03753344972067154,0.8451735574285522,27,98,64,63
GCCACACAAACACACACATATTCAGGGG,AGAAGACGACGATGA,0.007309407025404724,0.0,52,92,61,49
TCGGCATGCGCACAGACACGTGCACAAA,TCTTGGAGGTGAATG,0.016437183419279935,0.0,46,83,63,57
GAACCATGCGCACAAGCAACTGCACGAT,ACAAGTTTTACAGTT,-0.011833937628540047,0.33951038973884806,49,103,65,26
GGCACAAAAGCATCATCATTAGCACGGA,AGAAGACGACGATGA,-0.035645583902225005,21.155597822864024,77,111,35,20
AATACACTGTCAGATGCATGCGCAGATG,AGAAGACGACGATGA,-0.0028066620818808694,0.0,46,101,58,32
CATGCAAGCGCAACAACACAGGCACAGT,TTTATAAATCAATAG,-0.003923654711843452,7.206663500808872,55,92,56,37
CAAGCAACGCCAGTAGCATGGACAGCTG,TATATTGAACTTTAC,0.013515244562402896,2.685726413705652,37,90,67,42
ATGACAACGCCACGAACACCCGCAAATC,TTTTGCATTTAGGCG,0.019905312078382576,0.0,40,90,54,55
GGGCCATGGCCAGACGCAGGTCCACCAT,ACAAGTTTTACAGTT,-0.027330221914505543,1.3846498683076334,69,99,47,23
AGCACAGGGTCAATCGCATATTCAATCA,TCAAAACGGAGTGTT,-0.005374855098213009,0.0,59,86,54,38
GTTGCAATCGCAGTGACACGTACACTAG,TTTATAAATCAATAG,0.034149884842610355,6.36952732930331,37,51,70,78
GGCGCAAAGGCAAAAACATGTTCATAGG,TGATCATCACGGGAC,0.017494623359061708,1.0405826875452249,43,89,46,55
CCGCCATTGCCAAACTCAAGGACAAGCA,AGTGTATGATAATAT,-0.01774081949944621,0.006914500292282355,54,70,80,24
AGTCCAGAAACAGCTACACGGACAGATG,AATGATACCATTTTT,-0.05286929910033341,0.0,71,110,35,11
CCTGCATATACAAAACCAGGAGCATGCC,TGATCATCACGGGAC,0.00217105103116279,0.0,52,97,33,42
GTTACAGGCGCAGGGCCAATGGCATTAC,CTCGCTAATACTCCT,0.002525492907875086,0.0,49,76,57,40
ATGCCAATAACACGGACAGATCCAAGAA,AATGATACCATTTTT,-0.02480649452331569,0.0,89,70,33,32
CCTGCAGGATCATTGTCACGGACAGTGC,TATATTGAACTTTAC,-0.02577955472667579,3.8915294223887713,63,89,50,22
GGCACATTCGCACTACCACGCCCAAATT,CTTGCAAGTGTAATT,0.01913899480422596,0.0,32,84,68,43
GACACAACACCAACCGCAAAGTCACAGT,TTTATAAATCAATAG,-0.011011947737215371,14.037179958632578,57,95,40,31
GTACCATCCCCAAGGCCACTTCCATTGT,TCAAAACGGAGTGTT,-0.0016599478579697585,0.0,50,85,56,36
TTGGCAGGGCCAGACACATAACCATATA,CAATCTTGAATTGAT,0.008486935988462759,0.0,42,81,60,41
ATAGCAGTGTCAAGGACATGGCCATATA,TTATATTTATTTGCT,0.08319769584252776,0.0,11,37,78,101
GTAACAGTACCAACAACAGATACATGAA,TATATTGAACTTTAC,-0.013167448782330024,1.5263474453527124,51,102,46,26
GGATCACAGACAAAACCATAAGCATACA,AGAAGACGACGATGA,0.014317617365584213,0.0,43,78,47,50
ACCTCAGCTGCAGGGGCAAAGTCACAGT,CCAGGATGTACCGCC,-0.017740819499446215,0.0,54,100,38,24
CGGGCAGGGCCAACGACATTAACATTAC,ACAACCTACCTGCTA,-0.0022523535161630185,0.0,41,94,53,29
CACACACGAGCAATCACAGCCACATGGA,GAGTGCTTCAAAGTT,0.038206873297922196,0.9686924579440301,21,77,71,50
AAGCCATGCCCAGGGACAGGATCAGATT,ACAACCTACCTGCTA,-0.005114257465246117,0.0,57,74,45,37
TGAGCATAACCAAGCGCAGGGTCAGTTT,CCAGGATGTACCGCC,-0.029291571915269987,0.7281133507343611,70,74,51,22
GGCCCAGGAACAAGGCCAACAACACTAT,GTTTAGCTTCCGTTG,0.013376931777509163,0.0,46,77,42,52
CTACCATTGTCAACGACAAGCTCAGATA,TATATTGAACTTTAC,0.025706070544357917,5.425653336713594,33,82,45,54
CATCCACCGACAGTCCCAAGTACAGATT,TCAAAACGGAGTGTT,0.011644106614896515,0.0,41,68,63,44
GTCTCATATGCACAAGCACTCTCAATAC,TTTTGCATTTAGGCG,0.018879590122824124,0.0,30,89,58,40
TAGGCAACGACACGAGCAGGTACAAATG,ACAAGTTTTACAGTT,0.026583314154937022,10.982269990194993,25,83,66,42
AATACAGTACCACAGGCAGTATCACCAC,ATGGCGATGGTCTTG,-0.009727974241155686,0.0,46,87,55,26
AGCTCAGGCGCATCCACAGAGACAATCG,GAGTGCTTCAAAGTT,0.007269366980550277,2.999394212328184,34,88,57,32
TCGACAGGGGCAAACGCATTATCACTAG,ACAAGTTTTACAGTT,-0.0024230751868315344,0.0,54,81,37,38
GATCCACGCCCAAGAGCAATTTCACACG,CTCGCTAATACTCCT,-0.011909437849568445,0.6522770417969923,51,78,49,27
AAATCAACTACACAGGCACCTGCACTTA,TCAAAACGGAGTGTT,0.0011194391066652553,0.0,46,76,46,36
ACTACAGTACCACATGCACCGCCAGGAT,CTTGATGGCTGAAAG,0.01932702413389548,0.0,37,67,53,50
GGGGCAACGTCAATGGCATACTCAAGCT,AGTGTATGATAATAT,-0.011752204853630488,0.0,47,79,50,25
CAACCACCAACATTAACAAAGACATGTG,CATTGTCGGACGCTT,-0.018352457455052738,0.0,55,74,49,24
GGCCCAGGGTCATGCACATAGACATACG,TATATTGAACTTTAC,0.006035572055634241,0.0,43,78,42,39
AGTGCAACCACAGAATCAGGATCACGTG,TTTATAAATCAATAG,0.024017946117066053,0.0,36,70,43,56
TTGACACTAGCACCCACACGTCCATGCA,ATTATCAAGTGCCAG,-0.013814718310900087,0.6709538380083586,46,91,38,23
CAATCAGTGTCAACGTCACCTTCAGTCT,ATGGCGATGGTCTTG,-0.02125283668804044,0.0,45,92,45,18
CGATCATGGTCACCAACAACTCCAACGA,AGAAGACGACGATGA,0.013067810551331561,0.0,25,96,46,28
CCAGCACAGGCATAGTCAGGCCCAGAAA,CCAAGACCGTGTAAA,-0.02976439308166855,0.0,71,81,20,22
TAGGCAATGGCACCCCCAGCATCAACCA,TTAGTCTTTCCATCA,-0.017454694709733154,1.074798263424384,58,68,41,26
GTTACAACTACACACGCATCAACAGCCG,TTTATAAATCAATAG,0.012544803359895282,0.0,39,70,45,43
ACCGCAGGCGCATCAGCATTGCCACGTA,TCAAAGCATGAAAAA,-0.0005364636329234183,0.0,47,62,46,35
GTACCACACCCACGGACATACGCACGGC,TCTTGGAGGTGAATG,0.010999964187349763,0.0,38,48,63,40
TCCGCATGGACAAAAGCATGGCCAAATA,TTTATAAATCAATAG,0.014299594476076032,0.0,37,57,51,43
ATCGCACTGACAGAGGCAAACACATTGC,TTTATAAATCAATAG,0.0038728900578389527,2.101689194642404,40,67,51,34
CTATCAGGGTCACTTCCACAAACAACAG,TCTTGGAGGTGAATG,0.010840854895594514,0.0,42,65,41,44
TCCCCAGGGGCAGGGGCACTTTCATAAG,GTTGGGCGCTTAAAG,-0.022289189590374764,0.0,49,77,46,19
GAGACATCGCCAGGAACAGGTTCACTCT,TCAAAGCATGAAAAA,0.0028183205597328794,0.0,34,66,56,28
TCCCCAGGAACAACAGCATACGCAGGTA,AGTGTATGATAATAT,0.0007937793868051084,0.0,40,75,42,31
TAATCAAAACCACAGTCATCGGCAGAGA,TATATTGAACTTTAC,-0.012332992891872271,1.5235835830804945,44,82,34,23
ATCGCAACAACACCAGCAGCTCCATAGC,CTCGCTAATACTCCT,0.004520159586408982,0.0,30,76,52,26
CTGGCATAGGCAAACACACATGCAATAG,TCAAATGATGAGGAT,-0.015524494790485094,0.0,40,99,24,19
GGCGCAGCGGCACTCCCACGACCAGTAC,ACAGTTGACGGACAG,0.010203486847368562,0.0,36,61,49,37
CCTACACCTACACATCCAACTTCATGGC,CTTGCAAGTGTAATT,-0.012645007650524379,4.440644925373022,56,61,33,29
AATTCAAGATCAGTACCAAGTCCAAAGA,TCAAAGCATGAAAAA,-0.026707150814100498,4.828782250905078,53,77,27,18
TTAGCATCCCCAAGCCCAGGGCCACACA,CTTGATCAATCAAAA,-0.01973742421881518,0.09915571235342213,43,68,47,18
TGCGCACAAACAGGTGCACACGCATACT,TGATCATCACGGGAC,-0.0015027148620318047,0.0,47,52,45,34
GTAGCAGTGACACGTGCAATAGCAGTAA,GTAATCTGACTCTAG,-0.004634318982234534,1.48815432940944,41,60,49,27
TAGGCATCGTCAGTGCCACGGGCAGGGT,CTTGCAAGTGTAATT,-0.0019255535129423101,0.004879709113311037,42,46,59,30
TCACCAGACGCAATAGCAGAAGCACCCA,TATATTGAACTTTAC,-0.0037778818847693366,0.0,37,77,35,25
GATACAAGGGCAGGGCCACCCACAAGTA,AGAACATCATCTACA,0.015367572934229926,0.0,40,58,31,48
GACTCAACACCATGTACACATCCAAACG,TGATCATCACGGGAC,-0.021601880016950254,4.077703284677682,48,71,39,19
TGCACAACCACACCAACACTTGCAAACT,CTCGCTAATACTCCT,0.0015030260017145937,0.0,48,52,40,38
TCAGCAGTAACAGACGCATGTCCACGGC,TGATCATCACGGGAC,0.0059540724225320175,0.0,42,58,36,38
CTAGCATAAACAAATGCAAACGCAACTG,ACAAGTTTTACAGTT,0.01741092379635643,9.484410578706445,29,53,59,37
CTATCAGTGTCACCTGCACCCACAGAAC,TTTATAAATCAATAG,-0.018953074305142023,6.804084944274791,49,51,57,21
ACGGCACTCCCATATGCAAAGCCAACAG,GAGAATGAAGGACAG,-0.011216000261909687,0.0,37,77,36,20
GGGGCAGGTACAGGCACAATTTCACAAA,GGTTGCCCAGAAGTA,0.03898928517076028,0.28753456052942283,16,69,47,39
GAGCCACGGTCAGGTCCACTCTCAAGAC,TGATCATCACGGGAC,-0.019232015960825924,4.5137913794619635,40,84,32,17
CGCCCATAAGCATGCACACGCGCATCGT,CCAGGATGTACCGCC,-0.027330221914505543,0.0,42,70,42,14
TATTCAAGAGCAGGAGCAAGTACATCTG,TCTTGGAGGTGAATG,-0.011793897583685603,4.831320405788915,32,79,38,17
TTTCCACCACCACGCGCATGGCCATAGG,CAATCTTGAATTGAT,0.024224345125330105,1.191392369685218,23,52,55,36
CAGGCATCAACAACGACAGTTACACGTA,TCAAATGATGAGGAT,0.006303115751441865,6.807287065735977,35,52,51,32
GTTACAGCAGCATGAGCAACGACAAGCG,TCAACAACCTATGCA,-0.018654118639049984,2.2721822861935266,37,80,37,16
CCAGCAATATCAGCAGCACTACCAATGT,AGAAGACGACGATGA,0.008323936478656379,0.0,35,69,31,34
GGGGCAGCCCCAATATCATGACCAGTTA,TTTTGCATTTAGGCG,0.010348477651584087,0.0,31,60,50,32
CTCCCACTTGCAGAAACACATCCAGGGT,TATATTGAACTTTAC,-0.00161690933251576,0.0,43,57,36,31
CCGTCAATAACAACTGCAGCCTCAGGAG,CTACTTACAACGGAA,0.05399598523574545,45.594577696926194,17,54,36,65
AAGACAATCGCAAGCCCATGATCAAGGC,TCAACAACCTATGCA,0.0068199219693073744,0.0,28,74,40,26
TGGCCATAACCAGACGCAACCACAGCCA,TCATAGGTATCTCGC,-0.025030459531607152,0.021642348554223645,42,71,39,15
AAGCCAAATACAGGTGCAGAGTCATCAG,TTAATTAGAGGTATG,-0.012453985160224895,0.0,48,61,30,25
CGACCAGCCACATCTACAACTTCATTCG,CTTGCAAGTGTAATT,0.009290187707764762,0.0,31,77,26,31
AACGCAATGTCAGCCACAGAATCAACGG,TCTTGGAGGTGAATG,0.014766956084140642,0.0,28,56,46,33
AACACAGGAGCAGCGACATTCACATAAG,TCTTGGAGGTGAATG,-0.009979073984740513,8.304692821094363,41,79,22,23
GCTGCAGTGACAACGTCAAGTGCATCCT,GAGTGCTTCAAAGTT,-0.01121600026190969,10.030606239570034,37,74,35,20
GTCGCAGTACCAAACCCAGCCTCATAAA,GTAATCTGACTCTAG,0.011855555745635729,0.0,25,63,49,27
GGGCCATGCACAGCTCCATGCTCATTCG,AGAAGACGACGATGA,-0.013814718310900085,4.435851216506194,34,81,27,17
AAGACAAGTGCAGTACCATGCGCAATGG,ATGAAGTTCATAATG,-0.02287917549368812,0.17664892021284118,42,69,30,16
ATACCACGAACACACTCACCATCAGGTG,GAGTGCTTCAAAGTT,0.012108767308700202,0.7889876460477581,34,52,38,37
TCCACACTCTCAGATGCATGTGCAACCA,ACCACCGGTCCTGCC,-0.025703883108857805,0.0,40,67,37,14
AATACAAAGTCATTGTCAGTTACAGCAG,AGTGTATGATAATAT,0.003945432705258781,0.0,27,62,50,23
GGAACAAGTGCACGCGCATGAACATGTC,TTTTGCATTTAGGCG,-0.008086376413344767,3.0937071531512856,32,71,33,19
ATTGCAGATACATAGCCATTAACAGTAG,ATGGCGATGGTCTTG,0.04301021809704742,19.40352633324727,20,54,28,55
TCAGCACATGCAACAACAAAAACACCCA,CCAGGATGTACCGCC,-0.01536538549872984,0.0,44,62,27,21
GTAACAACCACAAACCCAATTACACCGG,ATAATTTTCATCCAC,0.019628685317892757,0.0,22,63,42,30
TCAACAGTCACAGTAACACGTGCACTGC,CAATCTTGAATTGAT,0.03665620611009241,3.879490081883432,22,47,38,50
TATGCAAGTCCAGACGCATCCCCATAAA,TGATCATCACGGGAC,-0.013814718310900087,4.228257831531437,46,68,24,23
ACGGCAAAGGCAGAATCAACCTCAGGGT,TATGCCCTTCTTCTG,0.010134114640574413,0.0,39,35,40,40
CCAACACCCGCACCTACACTTTCAGCAA,TCATAGGTATCTCGC,0.0012514524805351858,2.4529457016819833,28,61,39,22
GGATCAGAGCCAACATCAGTAACATACC,GAGAATGAAGGACAG,-0.07863865363483669,15.143914591012049,69,57,14,9
AACGCAGGAACATCATCACGGGCAGGGT,CTTGCAAGTGTAATT,0.02921808773295208,3.7635254504421027,22,49,44,40
CCTGCAAAGGCAATGCCAATTCCACATA,AAAAGAAAAATGTAT,0.005203443638020361,0.0,26,75,29,23
GGGACAAGCGCAACATCAAAAACAAACG,CTCGCTAATACTCCT,0.012069574672399807,0.8524520352292484,23,64,40,25
ATCCCACGGACATTTTCAATGCCACGCC,TATATTGAACTTTAC,0.008077932902068955,0.0,28,64,32,27
AGAGCAGAGTCAGTCTCAACTCCAGGAC,GGTTGCCCAGAAGTA,0.03459369265282284,2.9961843778660295,22,31,53,47
ACGGCAATTGCAAGGTCAGTAACAACTA,AGTGTATGATAATAT,-0.0007858413546663589,0.0,46,48,27,34
GCTCCATCCCCAGCCGCATGGACAACTG,CTGATTTGTGCTGTC,0.018498633595370042,1.1802872262131814,22,64,39,29
GAGGCATTTCCAAGCACACAGCCATATG,ACAGTTGACGGACAG,0.013216288896310888,1.1428031360898103,24,55,39,27
AATGCAGAAGCATTGACAAATGCAGAAT,TGATCATCACGGGAC,-0.017150833596132828,2.7812121214183207,42,57,32,19
CTCGCACGGACAACCACAGCACCATAGC,TCAAAACGGAGTGTT,0.053348715707175386,10.952922581689563,12,54,39,45
ATCGCAGGCTCAGGGTCAAATACAGATG,AGAAGACGACGATGA,-0.017326735499494313,1.8131344258978288,40,52,42,18
GAATCACGCTCAGAAGCATATCCAACGA,CTTGATCAATCAAAA,-0.0012675973351994312,0.0,43,57,41,8
GATACAAAAACACGAGCAATAGCAATAG,GCCCTCGAAACCTAT,0.016460567028329633,0.0,25,67,26,31
CGGTCATATGCAGAACCAATTGCATAGG,TAACCTCGCGCTGAG,-0.036919624329564936,0.0,52,55,22,13
GAATCATCGGCATTGTCACTTGCAGGAC,GTTGAACTGGTTGTT,-0.029998312170290118,0.0,39,56,38,12
ATAGCACTTACAGCGTCAAGATCATACA,TCAAAACGGAGTGTT,-0.012970791378090436,0.9148967453512569,39,52,39,20
TTGACAGTCCCACCATCAATGTCATGAC,ACAACCTACCTGCTA,0.028883076537835412,7.305911900762567,25,56,22,45
GAGGCAATAGCACTGTCAGGCGCAGTTG,TTTAACTCACCGTAA,-0.015966002348819088,0.35110043573695293,32,64,37,15
TCACCAGAAACACTTCCAATTCCAATAG,AGTGTATGATAATAT,-0.05411339650546593,13.841569692960775,67,43,27,10
ATCGCAGCTACATAGACATGTGCACTGG,TCAAATGATGAGGAT,-0.021694344246374408,0.0,38,61,32,15
ATGTCAGTTGCAAAGACAGTCACAGGTA,TGATCATCACGGGAC,0.008231897763945435,0.0,32,62,23,31
GAGTCACATTCACACTCATGAGCAAACC,TTTATAAATCAATAG,0.016974309661492507,0.0,27,49,40,34
AGTCCAGAAACATCGACAATTTCACTAG,TCAAAGCATGAAAAA,-0.029847140331443738,4.622717135794176,55,48,27,17
CAGGCAAGCGCAATCACAGATGCACTCA,TGATCATCACGGGAC,-0.014984428971275734,0.0020097233784781565,29,49,58,14
CAGACATCTCCAACGCCATTGCCACACT,TCAAAGCATGAAAAA,0.0033924974357955064,0.0,37,49,27,31
AGCTCAAAAGCAGGGGCACGGACAAAAA,ACAACCTACCTGCTA,-0.003286286663617497,0.0,35,49,34,24
GCAGACAAACCCAGGGACACTTCCACAGC,GAGAATGAAGGACAG,-0.015524494790485089,0.0,40,55,31,19
TCGACAGAAACAAATGCATTGCCATCAA,GAGTGCTTCAAAGTT,0.004716816990648601,1.229064914130504,39,34,35,34
ACCGCAGGTGCAAGTGCAAGGACAGAAA,AGAAGACGACGATGA,0.004839141286947335,0.0,24,71,30,21
TACCCAAATGCAGCAACACCCCCAACAG,ACAAGTTTTACAGTT,0.020298243936783974,2.7548024664772583,23,67,21,32
GAACCAGTACCAAGCACAGGTACAGGCA,TTTATAAATCAATAG,0.03492795729236035,2.2866281620897553,19,39,43,41
AGCACATCAGCAAAGGCAAGAGCACAAC,CGATGATGATGATGA,-0.02733022191450557,2.626015640314108,36,59,34,12
CTGGCAGACACAAGTACATGCTCAAGTT,GAGTGCTTCAAAGTT,0.03578785020342771,0.019258857704471666,14,60,39,31
CAACCAGTCGCAACAACATAGCCAAACC,TTTTGCATTTAGGCG,0.007871533893804907,0.0,24,55,39,23
TATCCAAGATCACTGACACGACCATACC,TGATCATCACGGGAC,-0.012188379505252348,1.111799540608672,40,46,34,21
GCCCCACGGACACAAACAATGTCAGTAC,TGATCATCACGGGAC,0.013462292472898311,0.01958192192853403,30,57,18,34
AGGGCACACCCAGTGTCAAGCACAGCAC,TCAGAGCATTGGCCT,0.03410487020601461,0.0,19,30,52,40
GAACCAACTGCATCCGCAGAGTCATTCT,TCAAAACGGAGTGTT,0.006819921969307373,0.0,28,49,38,26
TGTACAGGCGCAGTAACACTTCCATCAA,AAAAGAAAAATGTAT,-0.0055326730009500795,1.9518508204836849,39,52,20,25
GAGACAAACGCAATAGCATTGACAGCGC,ACAAGTTTTACAGTT,-0.012756428367080729,0.016160738383177886,31,59,26,16
CAAGCATGACCACGTTCATACACAGTCA,ATTATCAAGTGCCAG,-0.013814718310900115,0.9135380122633592,36,59,21,18
CATACAAATGCAATGTCACTACCAGGGA,GAGAATGAAGGACAG,-0.01622540703022096,0.0,43,42,30,20
GTCTCAAGCCCAGTCTCAAACGCATCAC,GGTTGCCCAGAAGTA,0.02280569131137022,0.0,22,45,36,33
GGTCCAGGCACATGAGCAGAACCAACAA,GTTTAGCTTCCGTTG,0.02598269730484774,2.8307303395918666,20,38,48,33
TTGACATTGTCACGTACAGAAGCAGTGG,TTAATTGCACTTATG,-0.032468577908747506,1.7806921469394297,42,54,25,12
TCGGCAACACCAGCGCCATACGCATACC,TGATCATCACGGGAC,0.021179352505722542,3.1470909412371384,21,42,45,30
TGGGCACGAGCAAGATCAAAGCCAGCAT,TATATTGAACTTTAC,-0.02733022191450557,1.90000220695174,39,44,33,13
ACGCCACGCGCATGTTCAGGTACAAACC,TTTATAAATCAATAG,0.008077932902068954,0.9029790538427278,28,44,32,27
TGGGCAGAAGCATTTGCAGTCTCACAAA,CTTGATCAATCAAAA,3.5796487822134515e-05,0.0,33,38,37,25
TTGACAACAACAAAAGCAACTGCACTCA,TATGCCCTTCTTCTG,-0.04755865217144191,15.874941516689375,45,60,17,9
ATGTACAGTGGCAGTACCAAAAACAAAGA,ATGGCGATGGTCTTG,0.010771913126792548,5.556948762446325,22,43,46,23
ACGGCATTTACAACACCAAAGGCAGAAG,CCAGGATGTACCGCC,-0.01989210353736522,0.0,36,50,29,15
GTCGCATTCACACGTCCATACGCAAGAC,AGTGTTAATCAGACC,0.020505928928471858,0.0,25,40,35,35
ACAGCACTACCAGCATCACGGCCAGTGA,TTAATTGCACTTATG,0.007067141891142373,0.2949906918162526,31,53,23,29
GTCTCACAACCAGTTGCAGGCTCATCAC,TGATCATCACGGGAC,-0.0023200354345090843,0.0,34,52,27,24
ATAACAGCATCAAGTTCAACCTCATTGG,ACAAGTTTTACAGTT,0.0199785166713367,0.024189610224709668,24,67,35,8
TTCGCAAGTCCAGGTCCAGCGACATCTT,ATGGCGATGGTCTTG,-0.0147809695400085,0.0,35,55,24,17
TGGGCAGTTACAGCGTCATCCGCAAATT,TTAATTGCACTTATG,-0.00480504065290302,0.0,29,57,27,19
TCCACAACGGCAAAGGCAGCTTCATGTA,TTTATAAATCAATAG,-0.004225315895840756,2.3244173301287674,27,47,40,18
TGTGCAAGATCAGCAACATCGGCATAGG,TATGCCCTTCTTCTG,0.015153209923220246,0.0,26,51,24,31
GGGCCATTTACAAAGTCATCCACATAAC,CTTGCAAGTGTAATT,0.009290187707764762,0.0,22,54,35,22
AGGACAGGGGCAAGATCATGGACACGGA,ACAGTTGACGGACAG,-0.01571999877223173,0.5020400927776336,36,41,35,17
GTAGCATTTGCACTGGCACGGACAATAT,GAGAATGAAGGACAG,0.009290187707764791,0.691082723570446,15,72,25,15
CTCCCATATACAGGGTCAATGGCAAATC,AGAACATCATCTACA,-0.016114480693798446,1.3571354570665335,30,50,30,14
GCCGCATTAGCAGTGTCAAAGACACACG,TTTTGCATTTAGGCG,-0.005318309989940435,0.8143685743347078,31,42,34,20
GTCGCAGTGCCACGGCCACTCACACAAT,CTCGCTAATACTCCT,-0.032468577908747506,5.31963658716279,35,60,21,10
GCGCCAATCGCAGGGACAACAACACTTA,AGTGTATGATAATAT,-0.004225315895840694,0.0,33,52,20,22
AAGACAAACACAGCGACAATCACACGCA,GAGAATGAAGGACAG,-0.034019245096577264,4.217699456178423,44,49,12,12
AGTGCACGCACAAATTCAGTCGCAAAAT,TCAAATGATGAGGAT,-0.02733022191450557,0.05057603467281524,39,41,32,13
CTCACAGAGACATACGCATTTCCACGTC,TCAAATGATGAGGAT,-0.017326735499494313,0.0,40,42,27,18
TCCTCAGGATCATATTCAGGCACACACG,TATATTGAACTTTAC,-0.0017178685212544513,0.0,32,49,20,23
GCGCCAATAACACCAGCAGCATCAGTCA,TCAAATGATGAGGAT,-0.039104835669245205,4.25961097214946,38,64,17,6
GATACACCGGCACTTTCAACTGCAAATT,AGAACATCATCTACA,0.02762506560507383,1.4756213305162191,15,54,31,26
TAATCAACACCATTTTCAAGCCCAGTTG,CTACTTACAACGGAA,-0.0032072719887993976,0.0,41,65,8,4
AGGACACAAACAAGTTCACCCGCAAACA,GTTGGGCGCTTAAAG,-0.021761752425733357,0.0,33,52,27,13
AGCGCATTTACAACGTCACTCACATGGA,TTTAACTCACCGTAA,-0.020286585458931968,0.032693666480383854,34,51,19,14
AATACAGTTTCACGCACACATGCAGTAG,ACCACCGGTCCTGCC,-0.03150232667963909,0.0,34,57,14,10
GTCTCAACACCAATAGCAATAACAAATG,GTTTAGCTTCCGTTG,0.002601164525693074,0.0,33,36,26,27
TGGGCACATACAATTCCAGTTGCACGTT,TATATTGAACTTTAC,0.006389808474777121,0.0,24,43,30,22
TAAGCAGGGCCAACCACACTTCCAGCAA,GTAATCTGACTCTAG,0.023330636543641547,1.879210412878649,21,29,36,32
ATAGCAAGGGCAGGAGCATCAACAGCAT,TCAAAACGGAGTGTT,0.03133680378261028,2.1782515153799977,16,49,23,31
GGATCACGCCCATATGCAGCACCCAGGGG,AGTGTATGATAATAT,-0.02065209844862892,6.229963210184508,34,56,22,5
GTGCCAAAGACAATGTCAGATGCAAGGG,AGTGTTAATCAGACC,0.0004334155166645856,0.0,30,45,20,23
AATGCAGCATCAAATACAAAAGCACAGG,AGTGTATGATAATAT,-0.0024230751868315344,0.0,27,44,25,19
AAGGCAGTAACAGAGGCAACTGCATTCA,CTTGCAAGTGTAATT,-0.004225315895840696,0.15407843220037876,24,43,37,16
CTGCCACGCACACGACCACAAGCAAAGG,CCAACACAGGCTTCG,0.023330636543641547,1.362366561829731,21,39,29,32
GGCCCACGGTCAATAGCAGCAACATACT,TCAAAACGGAGTGTT,0.030489813265097993,2.4597264950033377,18,47,21,34
GCGACACTTCCATGAACAATGGCACGAT,ACAACCTACCTGCTA,-0.017986823076033578,1.0692503971930023,34,50,19,15
CAGCCAAAGACACACGCACGAGCAAAAT,TCAAAGCATGAAAAA,-0.0030952641733180165,0.0,29,44,21,20
CCCCCATTGTCATCCGCACTAACACCGA,GTAATCTGACTCTAG,0.009290187707764762,0.0,21,45,28,21
CATCCATGAACACTCGCAAGCGCAAGAC,GTAATCTGACTCTAG,0.02661819326232156,6.116968890479484,6,47,29,37
GTGACAGTATCATCTCCAAAACCATGGG,AATGATACCATTTTT,-0.051377301110670535,0.0,40,52,14,9
ACGACAAGGCCATTGACACTTGCAAAGA,TCAAAGCATGAAAAA,-0.015072729243661667,1.2811690806403249,27,56,18,13
TGACCAAAAGCAGTAGCAATCACATTTG,GAGAATGAAGGACAG,-0.0010483099023632046,0.45920965783233214,30,38,19,22
AATACACGGGCAATGTCATAGTCACAAT,TGATCATCACGGGAC,-2.5904120256233415e-07,0.0,37,35,16,28
GAGGCACCTCCACGTTCATGAACAAAAC,ACAGTTGACGGACAG,-0.013814718310900058,3.219939267905602,32,54,12,16
TTCTCACGCACACGTACACCAACAAGAG,ACAACCTACCTGCTA,-0.012602463505204248,0.0,27,34,37,14
CGACCAGGACCAGGGCCAGGTACAAATA,ACAGTTGACGGACAG,0.023330636543641547,3.084732793239027,21,36,23,32
ACGACACTCACAAAAGCAATCTCAGGTC,TCATAGGTATCTCGC,-0.02065209844862892,0.0,34,47,22,9
CACACACGGGCAAATACACCGGCACACT,TCAAAGCATGAAAAA,-0.05118462264487107,10.937847364464233,37,56,13,4
CCTACACACACACGCACAAAGTCAGTTC,GAGAATGAAGGACAG,-0.014907712404999766,0.0,31,36,20,15
CGGGCAGACACAGACTCATCAGCAAGTC,TGATCATCACGGGAC,-0.02310516505986741,3.4202641221544354,37,35,23,14
TAGACAGCGTCATTAACACGCCCAGCTA,GTACAAGAAATTTTG,0.011958277963549308,0.0,24,33,27,26
CATACACCCGCACAGCCAGCCGCAATCT,CTACTTACAACGGAA,0.02471097177270186,21.146217851674976,17,44,25,27
TCCTCAGAACCAAAGACACTAGCACAAT,TTTTGCATTTAGGCG,0.01793741694532396,0.0,20,52,28,9
GGCCCAGGGTCACAACCAGATTCAGCAG,GTTGAACTGGTTGTT,-0.025030459531607152,0.0,42,38,13,15
AATTCAGCTCCACCACCACAATCACTTT,CGATGATGATGATGA,-0.0016599478579697898,0.0,25,45,19,18
GTTCCAGGGGCATCAACAATAGCATCGG,CTCGCTAATACTCCT,-0.013814718310900082,0.1877204647655617,24,43,30,12
GCTGCAAGAGCAGCCACAAACGCAGACT,AATGATACCATTTTT,-0.016801790267222956,0.0,35,35,22,16
GGGACACTGTCAATAGCAATCTCAATGG,TATATTGAACTTTAC,-0.002320035434509112,0.0,17,49,26,12
GGCTCAGATGCACCTGCAGAGTCAAGGC,CTCGCTAATACTCCT,-0.0010483099023632046,0.0,15,42,32,11
GAATCACAGCCAGCGACAACTACACGGA,GTACAAGAAATTTTG,0.00091304009840121,0.48400754659672884,27,30,19,21
GAGTCATAACCAGATGCACGTTCAGAAG,CTAAGCAGTCTTCTC,-0.019383187799672272,3.051902208359138,26,50,14,11
ACGCCACAGCCAGTATCAAGGGCAAACA,AGAACATCATCTACA,0.015367572934229893,0.0,15,43,32,18
CCGACACCTGCAAGTACAGAGTCATCAG,GCTAATTTCAAGAAT,-0.04593536210896301,0.0,41,37,16,3
GCATCATCGTCAAAAACAGGCTCATTCA,TCAAATGATGAGGAT,-0.006376599933759734,0.0,24,47,18,15
GACCCAGTAACAGCGACATACTCAGTAT,ACAAGTTTTACAGTT,0.009290187707764736,0.0,18,48,13,18
ACTCCACGGACACTAACAAAAGCAATGA,TCAAAGCATGAAAAA,0.0012514524805351847,0.0,28,28,23,22
TGGTCACCGACATCCGCAACTGCATGCA,GTTGAACTGGTTGTT,-0.029291571915269987,0.0,35,40,17,11
TGGGCACACCCACGTTCAAGGCCACTAG,TTTTGCATTTAGGCG,0.020900410850038575,0.0,12,53,24,17
TGTTCAGTTCCATTTACAGGAGCACAGC,AGAAGACGACGATGA,0.010840854895594545,0.0,21,35,22,22
TGGTCAAGCACAGTATCAGTGACAACAC,TATATTGAACTTTAC,-0.001165064254069953,0.0,26,30,25,19
GCTGCAACGTCACCATCACGAACAAGCA,CTACTTACAACGGAA,-0.03598306212220556,0.5931126237863396,42,30,20,7
GTTGCAGGATCAACACCAATAACACCGC,GAGTGCTTCAAAGTT,0.00022573052497672913,3.254389573623371,21,41,21,16
GATGCAGCTACAAACACAGTCGCACTCC,TCAACAACCTATGCA,0.002246551252191184,0.0,21,35,25,17
CTACCAGTCTCACAGCCAGGGACAACTC,TATGCCCTTCTTCTG,-0.019383187799672272,3.343832127061148,26,42,22,11
GCGACAAACTCAAGTTCATTGACACAAG,ACAGTTGACGGACAG,-0.02302316419850534,1.7240599025001302,29,38,23,11
CCGACATCAGCATGGGCAAGCCCAAGAG,AAAAGAAAAATGTAT,0.001113805114263313,0.0,20,47,20,8
ATAACATCAGCAGGCGCACGCCCATCA,ATAATTTTCATCCAC,0.009290187707764732,0.0,17,45,20,17
ACTCCATCGTCACGTGCAAGCGCACAGA,GGTTGCCCAGAAGTA,0.018879590122824124,0.0,18,23,31,24
GGTCCACTGTCATAAACAATATCAGTCC,GTGTGATTACTAAAT,-0.0028066620818808416,1.3894370820445943,23,37,24,16
AAGACATTAACATATGCAAGAGCAGTAA,AAAACATTATCAAAG,0.01597921088983648,0.0,18,31,28,22
ACGTCATGCTCACTGGCACTGACATCTA,CTCGCTAATACTCCT,0.007580411228179758,0.0,20,37,21,19
TCTGCAAAAGCAGAATCAAGGCCAACAA,GTTGGGCGCTTAAAG,0.04504474778325971,19.61523209138437,13,24,23,38
CCATCAACCCCAACACCAAGGGCAGAAA,CTACTTACAACGGAA,-0.045464105085983864,0.5437482423985216,33,39,13,6
AGGGCACGTACAGTATCACACACATTGT,CTAAGCAGTCTTCTC,-0.06216951355230048,0.0,39,39,11,6
TGCGCACGGGCAAAGACAACCTCACAGG,TCAAAACGGAGTGTT,-0.005586049046515856,0.0,25,36,22,16
GGTACAAGTACACCTACATCTGCAACAA,ACAGTTGACGGACAG,0.027256737732187675,1.7411963507701103,14,41,19,24
AGATCACAGACACACGCAAAGGCACGAA,ACAGTTGACGGACAG,0.0006958840643614001,0.0,22,32,28,17
AGTGCATCCACAGAACCACGATCAATCT,CCAACACAGGCTTCG,0.020900410850038575,0.570090819111897,12,34,29,17
GGCGCACAGGCAATTGCAGTATCAAAAA,TCTTGGAGGTGAATG,-0.0057759830836704796,1.8871022083274624,22,38,21,14
AACCCAATGTCAGTCCCAAACTCAGTAG,CAATTTCAACGTTGT,-0.02639119268228235,0.0,35,34,13,12
ATGACAAGTTCAGGGGCAACGGCATCAG,TCAAATGATGAGGAT,-0.023835753191686092,0.0,28,39,17,8
AGCACAAGCACAAAGCCATCACCAACCA,TCAAATGATGAGGAT,0.00034805482127543236,0.7803644954852302,17,44,20,13
TGATCAGTGGCAGAACCACTTGCATGTG,CTCGCTAATACTCCT,0.00929018770776476,0.8068063098122593,20,32,25,20
ACGGCACAAGCACTTACAACAACAATCG,CTCGCTAATACTCCT,0.0057781705191705356,0.0,20,34,19,18
AGAGCAATGGCATAGTCATACACAGGCA,ATGGCGATGGTCTTG,0.014428543702006696,4.670777463373213,12,34,36,14
TATGCACGTTCAGGTCCAATGTCAAGTA,ACAACCTACCTGCTA,-0.029481505952424613,3.2755669972730175,32,39,12,10
AATTCAGTATCACCGCCAACGCCAGCAC,GAGAATGAAGGACAG,-0.024153215921028048,0.37945107655991706,30,31,18,11
CGGACATAAGCAGACGCAAATACAATAT,TCAAATGATGAGGAT,0.005582666537423929,2.6804732744705007,19,30,23,17
GGAACACACGCAGCTTCATCAACATCTG,ACAGTTGACGGACAG,-0.01200440810911125,2.9180501955961518,26,37,20,7
TCCACAGAAACACGGCCAATCACACACG,TATATTGAACTTTAC,-0.007257708502698266,0.0,23,40,15,14
TGCACACCCCCAAGGACATAAGCACCTA,GAGAATGAAGGACAG,-0.00702808646952544,0.0,31,28,12,19
ATAGCAATGACAAAAGCATACGCATGTC,GAGAATGAAGGACAG,-0.016284984049357475,0.0,28,27,18,13
TAGTCAGCATCAAACACACAGCCAGGTA,CTCGCTAATACTCCT,0.0032128024812996003,0.0,24,28,14,20
GAGTCAACGCCACAATCAGCCACAGGCG,ACAGTTGACGGACAG,-0.015175451461575245,0.2550770383975305,25,25,24,12
GATCCAGGCACAGTTTCATCCGCACTAG,ACCACCGGTCCTGCC,0.009290187707764729,2.5266066913864336,17,41,14,17
CGCGCAACCCCAGGGACAGTCACAAACA,TCAAATGATGAGGAT,0.025935649429957894,0.2968329341679805,14,44,23,7
CCAACAGCGTCAATCCCATGCACAGGAA,TCAAATGATGAGGAT,-0.02733022191450557,1.1534732247437773,30,27,11,10
AATGCAGGTGCAAAACCAATGTCATAGA,TGATCATCACGGGAC,-0.015441057116547826,1.439946763201931,21,37,18,10
CCACCATTTGCATGAGCATTAACAAGTC,TGATCATCACGGGAC,-0.0042253158958407006,0.0,24,38,10,16
TCCGCAGGCCCATCCCCAGGTCCAAACT,TCAAAACGGAGTGTT,0.0069904253248664,0.0,15,37,17,14
GGAGCATTGTCAGTTACACTGTCACTCC,GAGTGCTTCAAAGTT,0.06049242426217108,5.138541902340421,8,20,27,31
CTTGCATATTCATCCGCACTAGCACATC,TCATAGGTATCTCGC,0.013741234128582214,4.4156950826675825,14,26,23,16
AACACAAGCACATGGCCACAGGCAAATC,AGAAGACGACGATGA,-0.020798941432294486,8.492468831880558,31,28,20,4
AACGCAGGGGCACTGCCACCTTCAATCG,ACAAGTTTTACAGTT,-0.019892103537365247,0.05808703766206236,24,25,26,10
ATCGCAACAGCAGCATCATGCCCAGGCG,GCTAATTTCAAGAAT,-0.03195611899800492,0.0,31,32,16,3
GAGTCAGGGACAACACCAGGGCCATTCT,TTTAACTCACCGTAA,-0.0014508596051141963,0.0,20,36,19,9
GGCCCATCATCAGTCACAATACCAATGC,TATATTGAACTTTAC,0.015367572934229893,1.1181236257098135,15,30,20,18
AGATCACACGCATCTTCAACGTCAACTG,TGATCATCACGGGAC,0.0311828389207338,4.694158000333687,14,20,20,27
GCGACAGAGTCAGCACCATCAACAATAC,CATTGTCGGACGCTT,-0.021252836688040413,0.0,25,34,13,10
TCAGCACTGTCAGTAACATGCTCACCGG,ACAAGTTTTACAGTT,-0.04065447505974096,3.138933907428509,34,26,7,11
GTACCACCCTCAAAATCAGCAGCAAAAG,CTCGCTAATACTCCT,0.012997708878105566,0.7036892861968909,17,27,16,19
ATTACAGAGGCACAGCCATACGCAGTAT,CTCGCTAATACTCCT,-0.01381471831090008,1.3759187107613116,26,29,12,13
CAGTCAGGTCCATCATCAGTTGCAACGC,TTAATTAGAGGTATG,-0.06152434331050509,0.0,35,28,10,6
TTTGCACGAGCATTTGCATGGGCAACGA,CTTGATCAATCAAAA,0.020396929154862554,0.05581381070965108,17,32,25,5
ACTCCAAGATCAGAAGCATAAGCAACAA,TTTATAAATCAATAG,0.01483564739935135,0.0,19,32,25,6
CATTCAGCTCCAGCGCCATCAGCAGTTA,GAGAATGAAGGACAG,-0.029541418530057137,1.919520108804761,24,41,13,5
CACTCACGCTCAGCCTCAGATTCACGGA,TCATAGGTATCTCGC,-0.013814718310900082,0.0,22,26,18,11
AGAGCATCATCATATCCAAATGCAGAAA,TCAAAGCATGAAAAA,-0.008927935837837558,0.0,19,36,14,11
CTATCAGTATCATCTGCACAAGCAGTGA,ATTATCAAGTGCCAG,-0.012104941831315085,0.0,19,24,26,10
CATTCAAGCGCATGCGCAGCCGCAACGT,CTCGCTAATACTCCT,0.002818320559732851,0.0,17,33,14,14
ATTGCAGGCCCAAGGCCATTGCCAGCGT,AGTGTATGATAATAT,0.018879590122824117,0.6325779718267199,12,35,15,16
TTACCATCCCCACCCACAAGAGCAATTA,CTTGCAAGTGTAATT,-0.016350936717792214,0.11307992291193614,8,39,21,13
AACACACGGACAATCTCAATATCATATA,AGAAGACGACGATGA,-0.01456907282848876,5.448270570052102,26,28,19,5
GGGTCACATTCACGAACATGCCCATAAC,GAGAATGAAGGACAG,-0.010043372451447173,0.0,25,20,20,9
CGGACATCTTCAAAGTCACCAACATACA,CCAACACAGGCTTCG,0.021779969355811824,0.00040459873645204425,11,38,14,16
CCACCACTATCATGCTCAAACCCACCCG,CTCGCTAATACTCCT,0.01823232059425403,1.692296321997162,13,26,21,17
TGTTCAAAAACAAATACACTTACAGGTC,ACAAGTTTTACAGTT,0.0011138051142632645,0.0,17,40,17,3
GGGCCACGTACATTCTCAAGTCCAATGG,CTTGATCAATCAAAA,-0.008002272725434384,0.0,30,17,25,6
GGAGCAGAAGCATAGTCATACACAAACA,TCAAATGATGAGGAT,0.02244100810246068,11.177134918019647,6,29,19,21
CTACCACATTCATCAACAGGTCCATAAA,CTTGATCAATCAAAA,0.02764521766737178,0.251921493734244,10,43,17,7
TCCACACAGACAGAGTCACCTCCAGAGA,TCTTGGAGGTGAATG,0.003817166177777097,0.0,18,35,19,6
TGTACATTCCCATGCACACGACCATCTC,CCAGGATGTACCGCC,-0.02621338020414017,0.0,19,39,11,6
CACACAAGCTCATGACCAGTGTCACACT,ATGGCGATGGTCTTG,0.005665408935619596,0.05618266183995502,17,38,7,12
AGCCCAAATTCATCGACACGTTCAATTT,TAACCTCGCGCTGAG,-0.014000238479383406,0.708750659127702,23,25,17,8
CGCGCAGCTACAAGGGCAAAGACACACC,TTTATAAATCAATAG,-0.0225601937931498,8.095274903295376,26,26,13,10
GGTTCACACCCATGCCCACACTCACATA,CTATCAAGGCTTAAT,0.030562545211854312,0.0,9,27,12,23
CTGGCATCGCCAAGTCCACTATCAGACG,CAAGTTCGGCGAAAT,-0.02559031918224961,0.0,29,25,17,2
TCAACAACGACATAGGCAAATCCACCTT,TGATCATCACGGGAC,0.013948919120270069,0.8213079062587099,20,17,14,23
GGTTCAATTGCACCGGCAACAACACCTG,CTCGCTAATACTCCT,0.006113181714287268,0.0,11,34,21,10
CGCTCATTGGCATCGGCACCAGCATCAT,ACAAGTTTTACAGTT,0.0011138051142633113,0.0,19,29,19,5
GGGCCAATAACAACAACACCAACAACAC,GTAATCTGACTCTAG,-0.002320035434509113,0.2684580886796084,17,22,22,12
TCCGCAGCATCAAAATCAAAATCATGCT,CAATTTCAACGTTGT,-0.027877119648383752,0.0,25,29,14,2
GTATCAGACTCAATTACACGTCCAAAAC,TCAGAGCATTGGCCT,0.02888307653783535,0.0,10,22,22,18
CCGACATGAACACGGCCAAAGACACTCT,CCAACACAGGCTTCG,-0.0050692428286503765,0.7188301401863555,20,25,16,13
TGTGCAGAGGCAACGGCAGCAACACGGA,GTACAAGAAATTTTG,0.022056596116301643,0.10697910719616743,15,22,12,22
GCCCCAGCTTCATCGTCAACGCCACTGC,CCAACACAGGCTTCG,-0.030093910339386423,5.517057826852863,28,20,15,8
TCGGCACAAGCAATAGCAAGAGCAAGCG,CTTGCAAGTGTAATT,0.007487946998755536,0.0,19,24,11,18
GTGTCAGTGGCAAACGCAGTGTCATCCA,AGTGTATGATAATAT,0.0018520693306244378,0.0,15,23,19,12
TGAACACTCGCAGTCCCATCAGCAGGCC,TATATTGAACTTTAC,0.02622622340620757,3.503219050725818,9,29,8,23
AAAGCACCTCCAATCCCATTGCCACAAG,ACAACCTACCTGCTA,0.005222919508134605,0.22502219997090833,17,28,9,16
GCTGCATTCTCAAGCACAGGGGCATGGT,ACAGTTGACGGACAG,0.0028183205597328517,0.0,17,16,25,14
GGGCCACCGCCATACGCAACCCCAAACG,TCAAATGATGAGGAT,-0.004775346668555834,0.03916033407438135,18,28,16,6
ACCCCAGAGGCAAGCGCACCTTCAGCCT,TTTATAAATCAATAG,0.014428543702006696,0.0,12,21,21,14
CAACCACAGCCAACAGCATGTCCATCTA,CTACTTACAACGGAA,0.005118082942631239,9.541405916448397,17,22,13,15
GATTCACCGGCAGTCACACACCCATTGA,TCAAAACGGAGTGTT,-0.020697069206860874,0.003641763548785093,8,35,17,9
GACACAAACTCACCCACACGTTCATACC,TTTATAAATCAATAG,-0.019892103537365254,7.200732844981019,24,22,10,10
TCGGCAACTTCAGTTTCAGGAACAAGCC,GTAATCTGACTCTAG,0.0018520693306244354,0.0,15,31,10,12
ACCGCACTTGCACATACACGTACACCAT,ACAACCTACCTGCTA,-0.0019174259765584161,0.0,17,27,16,8
AATACACTGCCACGGCCACAAGCATGCG,CTCGCTAATACTCCT,0.001113805114263268,0.0,17,27,17,6
AGTTCACCTGCATATCCACCAGCATTAA,TGATCATCACGGGAC,0.07323703674361055,10.928376726327997,8,14,19,28
AGACCAATGACAGAAGCAAAGACAGTCC,TGATCATCACGGGAC,-0.0025989770901929574,0.0,20,22,13,14
GTGTCATATTCAACAACAGGCACAAGGT,GTTGGGCGCTTAAAG,0.0009130400984012401,2.2877811401313295,18,14,19,14
AAGCCATCATCACCGCCATACACACGTC,TTTATAAATCAATAG,0.03577116414226063,0.8216936633110095,11,26,22,8
ATAGCAGCCTCACACTCACATACAAAAA,TCAAATGATGAGGAT,-0.006041237067770355,0.0,15,28,13,9
CTCTCAAAGTCACGCACATTCACAACAC,TCATAGGTATCTCGC,-0.028778044923517675,2.2888882687773844,20,31,11,2
TGCGCAATTCCATGCGCATGGCCATCTT,AAAACATTATCAAAG,0.0259356494299579,1.9573120620683255,14,27,23,2
GGACCAGCAGCACAGGCACAACCAATTG,TCAAAACGGAGTGTT,-0.0019668330952031764,0.0,8,27,20,12
AGCCCAGCCACAGAATCATGCACAAATT,TGATCATCACGGGAC,0.024956975349289284,2.6796850950966586,10,17,23,16
CGACCAAGTTCAGGTACACAGACAGTTA,TTTATAAATCAATAG,0.014428543702006696,0.0,12,27,14,14
CATTCAGGTCCACCTACAGGTTCAAGGA,GTTTAGCTTCCGTTG,0.011760453446222148,0.0,13,28,12,14
CCTCCACATCCACGAACATGGTCACCTA,TATATTGAACTTTAC,0.02808069965859343,0.004028997388843436,11,36,8,13
ACCTCAAGGTCACCAGCAAATTCAACAA,TATATTGAACTTTAC,0.017207476974266323,4.360164226238737,6,23,22,15
ACACCAATACCAATAACACAACCAGGGC,CCAACACAGGCTTCG,-0.01545127665083321,1.804864922215529,21,23,8,13
CATTCACGTGCATAGCCATCAACACTGC,CAATCTTGAATTGAT,0.012467193701242251,0.0,10,29,15,11
TACGCAGGCGCAGCACCACGTTCATAAC,ACAAGTTTTACAGTT,-0.004225315895840726,0.0,15,26,14,10
GCCACATGATCAACGGCAGGCCCACTTC,TATATTGAACTTTAC,-0.02381820472591138,2.0181946386870777,27,15,12,10
AAAGCACTAACATAGTCAAGTCCAGAGG,CCAGGATGTACCGCC,0.004520159586408982,2.0684019232764967,15,17,17,13
GCAACATGGGCAGAATCAATCGCATAGC,GAGTGCTTCAAAGTT,0.006050299408555795,0.06719599531362519,9,23,19,12
ACCACAAACCCAGAGGCATAAGCATGTG,ACAGTTGACGGACAG,-0.046661767137108526,7.174340941778496,26,23,10,4
CACACAGAGGCATCGACATGACCAACCC,GTTTAGCTTCCGTTG,-0.01699172430437761,0.9062777685946344,22,15,17,10
TGGGCAAATACAGTATCACCAACAATCT,AAAAGAAAAATGTAT,0.009290187707764732,0.0,13,25,13,13
TACACACACACATGTCCAGCTACAAAGG,CAATCTTGAATTGAT,-0.0010483099023632033,0.24357279022373746,15,19,19,11
TCTACACTTGCAACCTCAACCACAAATA,CGATGATGATGATGA,0.0011138051142632662,0.0,17,22,17,6
GTACCATAGGCAAAAGCAGGGCCACTTA,TCAAATGATGAGGAT,-0.010043372451447173,0.0,15,32,12,5
GGCGCAATAGCAATACCAGGGGCACTAT,TCATAGGTATCTCGC,-0.009268163124648909,0.0,16,28,13,5
TGCACAGTCTCACAGGCACTGGCATGGG,TCAAAACGGAGTGTT,-0.01701145308162708,6.523790423411469,21,29,6,5
GAGGTAAGGGCACCCCCAGTTACAATGA,AAAAGAAAAATGTAT,-0.02549498181233696,4.683654787559647,23,24,4,10
AACACATATCCACAATCATCTCAGAGT,GTTGAACTGGTTGTT,-0.011451916299781971,0.17626494193066833,18,22,14,8
GTATCAATTGCAAACGCAAGAACAACGA,ATGAAGTTCATAATG,-0.008397420660974278,0.0,17,24,10,10
CGAGCATATTCAGTAACAAGAACAGTAG,TCATAGGTATCTCGC,0.01803566319001444,2.3643503956462553,10,24,11,13
TTGCCACAACCAACTACATTGCCAGCCC,CTCGCTAATACTCCT,-0.010043372451447125,0.0,20,14,16,9
AGCACAATGGCATCGCCATCCACAGTTA,TATATTGAACTTTAC,0.009290187707764732,0.0,10,27,11,10
GGGTCACACTCATAGGCACAGACATAAA,ATGAAGTTCATAATG,0.016635770580494216,0.4169288982323849,15,29,8,5
GCGACATAATCACCTGCACTCGCAGACA,TCAAAACGGAGTGTT,-0.008742281497115822,3.1407196710158587,18,27,7,7
GCTTCAACAGCAGAATCAAGGACAGCTA,ACAGTTGACGGACAG,-0.06839431598420323,2.3053315490647606,23,19,9,9
GCTTCACTTACACGAGCAGGGTCAACAA,TCTTGGAGGTGAATG,-0.004802349435835022,0.038697477888604226,17,15,9,20
GAGACATAACCAGAAACATCCCCAGACA,GTTAAATCAACAGTT,-0.1087595030826015,1.3542023009223243,29,16,4,0
AAAGCACTACCAAAAACAAGTCCAAGTC,CATCACCGTGCTCAT,0.013462292472898282,1.7070971287009797,15,13,13,17
GTGCATATGCACGATCAACAACACTCA,TTTAACTCACCGTAA,0.007002956897082455,0.11478952923717145,16,17,18,5
CGAACAGACTCACCAACACGGCCAGAGG,GTTGGGCGCTTAAAG,-0.015709806716797337,0.0,14,29,10,6
GACGCAACTGCAAGATCATCGTCATGCC,CTAAGCAGTCTTCTC,-0.05337099175995777,0.0,25,24,8,2
GACACATACGCACCGGCATCGGCAGAAG,TCTTGGAGGTGAATG,0.015079496253326542,0.0,7,24,14,15
GGGCCAATGGCACAATCACTGACAACAC,CCAACACAGGCTTCG,-0.005193759152081732,0.09665766228522443,7,24,15,10
GTTCCACCACCACGATCAACATCAGGAA,TTTTGCATTTAGGCG,0.01303839652731376,0.0,5,20,18,12
CGAGCACTGTCATAAGCAAAATCACGGG,GGTGGAAGTAGCAGT,-0.058819810288364846,0.0,22,20,5,9
CGAACAGTTCCAGAATCATCAGCAATTC,TATGCCCTTCTTCTG,0.020025925748062345,8.546417768729015,16,32,5,2
GTTGCAGGACCACCAGCAGGTGCATAAC,CTTGCAAGTGTAATT,0.01158995009066318,0.0,14,17,11,15
GCGTCACGCACACTGCCACTCGCACGGT,ACAGTTGACGGACAG,0.007924454071292834,0.0,9,24,12,13
TTCGCATAGACAGGGTCATTTGCATTCG,GTTGGGCGCTTAAAG,0.001881218961603228,2.6604572933162274,9,25,13,12
GTACCATCCACACGCCAAGGCCATAAG,GTAATCTGACTCTAG,0.007924454071292832,0.0,8,24,14,13
CCCCCAAACTCAATAGCACTTGCACCGG,TTAGTCTTTCCATCA,0.004151831713522828,0.0,14,18,11,12
GCTGCAGTGGCAATAACAGGTACAGCCA,TATATTGAACTTTAC,0.02331059523805421,2.2571362709035157,8,19,14,14
AGGGCAGATCCAGGATCAACCACAGTCA,CCAACACAGGCTTCG,-0.0072388991188950145,0.6395843232756988,13,23,11,9
CGGCCAGTCACAGCACCACAATCAGTAA,CTTGCAAGTGTAATT,0.05104141857844616,2.1508799470634585,11,30,9,5
ATCTCAAAAACACAGACACGTCCAAGCG,AGTGTTAATCAGACC,-0.004011422312255443,0.0,14,21,9,10
CCCACAAAGGCATGGGCATCAACAGGGG,TCAAAACGGAGTGTT,0.014232018337637833,0.21246633425380423,10,28,13,7
CAAGCATACCCAAGGGCAAGCTCATTGC,TATATTGAACTTTAC,-0.0010483099023632033,0.0,15,20,12,11
GTTCCAATAACAATGGCATTTCCATCGC,CTTGCAAGTGTAATT,0.0011138051142632662,0.0,12,22,12,9
ACCACAAGGCCAGTGGCATTGTCATCCA,AGAAGACGACGATGA,0.08336177564831235,1.8726913894066683,5,16,22,9
CAGCCACTCACAATATCAGTACCACCTA,TCAAAACGGAGTGTT,-0.010944297726581053,0.5488191165242142,14,22,11,8
GGGCCAAGTACACCAGCAAGCTCATGGA,AAAACATTATCAAAG,0.005115940497940088,1.1931871357148935,12,24,13,6
TAGACAGTAACACTAGCACAGGCATAGT,ACAAGTTTTACAGTT,0.047071226279375544,0.07656674623873982,9,23,22,1
GTTCCAGTCTCAAGTGCACTTACACTGC,CGATGATGATGATGA,-0.02592730718978178,3.7639568850492253,19,24,6,6
TTCCCAGGACCAGCATTCAAAGTCATGGC,AGTGTATGATAATAT,0.016635770580494216,2.4210798593941547,15,29,6,5
GGGTCAGTGTCATGGGCATGTACAACTA,GGTTGCCCAGAAGTA,0.022652950918885972,0.0,13,15,20,7
GCATCAGTAGCATCGACAACCTCAGTAG,TCTTGGAGGTGAATG,0.03010877011771087,1.0726451482303787,7,21,9,18
CCATCAGAGTCAGGGGCAAGTCCACCTA,TCAAATGATGAGGAT,-0.023052365861183154,0.0,20,26,9,1
ATTGCACAACAGGGCCAGTTCCAAAGA,ACAACCTACCTGCTA,-0.010722544226733795,0.0,17,25,8,3
CAGGCAGACGCAGCCGCATCTCCAAATG,ATGGCGATGGTCTTG,-0.025417607438845247,0.8195820638145506,17,21,10,5
TGCTCACGTTCAACTGCATAGTCAGTAA,TCAAAGCATGAAAAA,0.012270982679973709,0.0025747565518088322,12,20,15,7
CGCGCAGCCTCATGATCACGGACAATAG,ACAACCTACCTGCTA,-0.023510019140626386,0.5077850216494539,18,19,11,7
CTGCCAGAAGCACGAGCAGAACCATATA,CCAACACAGGCTTCG,-0.005562764516962781,2.9500368952089957,16,21,14,4
ACATCAGGTTCATTGGCAGGATCAATCA,ACAAGTTTTACAGTT,0.03487427910792716,6.754179669679871,7,14,21,13
GAAACAAGATCATTCACAAGTTCATCAT,TCAAATGATGAGGAT,-0.0068004729114057305,0.0,17,26,5,3
TCCCCAGGGGCACAGGCACCTGCAGACG,TCAAATGATGAGGAT,-0.044843616050848925,8.740916172393696,22,23,4,0
GGCGCAACACCAGCCACAAGCACATGAT,TCAAATGATGAGGAT,0.0011138051142632662,0.1921290409050016,12,22,12,7
CTTGCAGGGGCAGATGCACCTTCAAGTC,ACAGTTGACGGACAG,0.029202047405038026,0.5232168667961332,8,20,16,9
GAAACATCAGCAGCAGCAAGTACACTTA,AGAACATCATCTACA,0.009290187707764732,0.0,12,18,11,12
GGCTCATGGGCAACTGCACAAACACGCA,GAGAATGAAGGACAG,0.029415036734901756,8.329035709636173,13,7,9,23
TCATCATGCTCACGAGCAACCCCAGAGT,TCAAAGCATGAAAAA,-0.004775346668555842,0.0,18,12,16,6
GGGCCATTACCAGGCTCATGTACACACA,CTCGCTAATACTCCT,-0.0023358384600842257,0.0,15,21,14,4
GGGCCACGAGCATGGTCATCCTCAGCTT,CTCGCTAATACTCCT,0.056168404099948256,3.6241062883985364,2,21,22,9
CTACCAAACACAACCTCAGCCGCAGCCC,TCGATAGAATTTACT,-0.028157882941211642,3.9059538445492876,17,21,7,6
AAACCAGGTTCAATAGCAAAGGCATAAT,AGAAGACGACGATGA,0.05151640253645891,0.40035855184737557,7,18,18,8
AATACAGATTCAGATGCAATCTCAATCC,GTAATCTGACTCTAG,-0.00466008204509025,7.624243726893383,16,25,7,3
CTTACAACCGCAACGGCAGCATCAGTCC,CTCGCTAATACTCCT,-0.0032367637352181955,0.0,12,24,11,5
GGCTCACTTGCAGTAGCAAAGGCACACG,TGATCATCACGGGAC,0.0016997305590743337,0.0,7,23,12,11
GCAGCACCTTCAATGGCACCTACACACG,ACCACCGGTCCTGCC,-0.043226330126288834,0.06450760592795746,16,17,9,7
GTGACAAGCTCACATCCACAAGCAAGTC,CTCGCTAATACTCCT,-0.0004282501618654497,0.0,6,24,10,11
CTGAGCAGATTCAAGTACACACTCAGGCC,ACAAGTTTTACAGTT,0.03673133421437891,0.6174849835480529,11,26,6,4
GTCACAATATCAGCTGCAGCTCCAGCAC,GAGAATGAAGGACAG,0.012933244017474838,0.027360124082520088,15,12,19,4
TTGCCAGGATCAAAGGCAGGTTCATCTC,CCAGGATGTACCGCC,-0.03097888919435645,0.5286459962197227,19,16,10,6
AACTCACTTTCAACTGCAAGCGCAATAT,TCATAGGTATCTCGC,-0.00466008204509025,0.0,16,25,8,1
ACCACACTGACACAATCAACATCAGGAT,ATGGCGATGGTCTTG,-0.01915945029114492,0.0,18,13,12,4
TTAACAAAACCAGTCACAATGTCACGGA,TTAGTCTTTCCATCA,-0.0036517038759529266,0.0,11,19,10,9
AGGGCAGTTTCAAGGGCACAGTCATCTC,AAAAGAAAAATGTAT,-0.043226330126288834,1.4238943565476632,16,17,8,8
CCCACATTCGCAGTGGCAGCAACAGAAT,TGATCATCACGGGAC,0.013955853460723635,0.24922302341224167,9,18,11,11
CTTACAGGTACAAAGCCAGCCACATGTC,ACAAGTTTTACAGTT,0.012270982679973707,0.3879274356201563,12,15,15,7
ACCGCAGCGGCAACAACATTGACAATGG,ACAGTTGACGGACAG,0.019628685317892785,1.18737686255281,11,15,10,15
CCCGCAGTATCAAACGCAGGTACATTCA,AGTGTTAATCAGACC,-0.024776546504633765,0.0,18,23,4,3
TAAACATGGGCAGAGCCACTAGCAGGCA,ATAATTTTCATCCAC,,2.4020650605290825,9,26,7,4
TATTCAAAATCATAGGCAGGGGCACGGA,TCGATAGAATTTACT,0.022748195291280738,0.3168743129222662,8,20,15,4
ATCACAAGGCCAGTCGCAAATCCAGCGA,AAAACATTATCAAAG,0.015497908736852348,0.0,12,13,16,6
AGTCCACAGGCACTTTCACTGACAACAT,AGAAGACGACGATGA,0.0476512634108782,4.695581327322486,11,29,8,1
ATGTCAGCGACATGGTCATCTGCACATA,TCATAGGTATCTCGC,-0.025417607438845247,0.0007285591651111645,17,14,10,8
GTTGCACTGCCAGGCTCAAAACCAAGTC,ATAGTCGATTAAGAT,-0.12211264234505377,0.0,29,14,0,6
TCGACACGTCCACTGCCAAGCCCAGGAG,ATTATCAAGTGCCAG,0.015497908736852353,0.035957905312301364,12,16,16,6
CCGCCAGAGGCAAGATCACTGGCAAGGT,AAAACATTATCAAAG,0.03487427910792716,0.5770394901719555,8,14,15,13
ATAACACTGACATCCCCAACGGCAATCA,TCATAGGTATCTCGC,0.0003548963234568901,0.37269267674957973,14,23,9,4
CCCACATGGTCAAGAACAAAGGCAAAAT,CTCTTGAGAATACTT,-0.023505881377722294,0.0,17,22,5,0
ACGCAAAAACATCTTCAGTGACAAACC,GTTGAACTGGTTGTT,-0.022677331936478848,0.0,8,21,10,8
TGTCCAGTCACACGAGCACTTACACGCG,TATATTGAACTTTAC,0.010959490214962142,1.9115087828749324,10,13,9,15
TGAGCATAAACAAGTGCAACACCAGGGG,CTTGATCAATCAAAA,-0.08983530311874866,2.6032453374899944,21,14,8,3
GGTACAAGTGCATATACAAAGGCAACTA,CTTGATCAATCAAAA,,0.04891316778767418,9,28,8,4
TTCGCATCCCCACCCGCAATAACACGCA,TATATTGAACTTTAC,-0.006593728877099593,0.0,14,16,12,4
GCTACATAGCCAGAAGCAGCGTCAATAG,TCAAAACGGAGTGTT,-0.02987319086383655,0.8102532516267047,14,17,9,7
GTTCCACTCTCAACCCCATGGGCAAATC,TCAAATGATGAGGAT,-0.07005272878575673,0.39462806463725997,16,13,8,5
CGCCCACTCTCATTTCCATCATCATGTG,TCAAAGCATGAAAAA,-0.006041237067770357,0.0,15,11,13,4
GCCACAGCAGCATTTGCAGCATCAACGG,ACAAGTTTTACAGTT,0.01793741694532396,0.1861406433218349,10,16,14,5
GCACCAATTTCACCCGCACGCACAGTAA,CCAACACAGGCTTCG,-0.027329333499968196,0.1224506737027582,6,22,10,6
GAGTCAGTTGCAGCACCAGATACATGTT,ACAGTTGACGGACAG,-0.004225315895840728,0.0,15,11,10,10
GCCTCATGGTCAAATGCAGTGGCACTAT,GTTCAGCTTTGATCG,-0.028275528130842664,0.0,18,17,10,0
TCAACAAGGACATCTACATGACCAAGTT,TGATCATCACGGGAC,0.021164343002202515,1.3953129582936867,6,17,12,12
GGTCCAAACCCACTCCCACCGACAAACT,TTAATTAGAGGTATG,-0.008742281497115822,0.0,14,21,9,3
GGGGCATTCGCATCGGCAGGTTCACGCC,CTTGATCAATCAAAA,0.015079496253326453,1.920866440990693,9,16,12,10
TTGGCAAATGCACGACCAGCAGCATCTC,GCTAATTTCAAGAAT,-0.14483993681067595,1.2251118407751846,26,10,2,4
TAGTCAGTAACAGCGGCATCAACACCTG,GCTAATTTCAAGAAT,-0.023505881377722294,0.051077189817647195,17,22,4,2
GTGACATTGCCAGGTACACTCGCAAAAG,AGTTTATAAAAAATT,0.01584890814258575,0.0,7,20,14,3
CTTGCACTATCAGGCTCAGTTGCATCGG,AGTGTATGATAATAT,-0.016301529599147498,2.428385240121372,17,11,12,2
GGGGCATAGCCAAACTCAGGGACATCAA,TCAAAACGGAGTGTT,0.020025925748062168,7.076547664036752,13,26,3,1
TGCGCAGGGGCAAACGCACGACCATACA,GTAATCTGACTCTAG,0.01754304870366563,0.0,6,18,7,12
GCTACAGCCACATTGGCAGGTGCATCTA,GTTTAGCTTCCGTTG,-0.027329333499968196,0.06418104829498361,7,22,10,7
GAGTCAACTTCAAGCACATCTGCATAAG,TTTTGCATTTAGGCG,0.012696637168879758,0.0,14,8,7,15
AATTCAATGCCACTCGCATACTCACGGA,AGTGTATGATAATAT,-0.0028883302694135554,0.0,13,15,12,3
GTCCCACCGGCACGCGCAGAAACATGCA,ACAAGTTTTACAGTT,-0.007238899118895017,0.0,13,15,11,2
AAAGCATAAGCAGTAGCAAACTCAATGA,CTAAGCAGTCTTCTC,,5.209474241413375,6,23,8,6
GTTACACCACCATATTCAAGCTCACCGA,ACAAGTTTTACAGTT,-0.09724610033412091,4.407653065023368,21,13,6,3
GCTACAAGCACAATTACAAACTCAGAAA,GTTGGGCGCTTAAAG,,0.1530892719809458,9,21,8,6
CTGCCACAGCCAGAACCAATTACAAAAA,GTTGGGCGCTTAAAG,-0.07611519096740027,0.027111197987267133,17,13,7,8
GCCCCACATACATGCCCATGCTCACAAT,CTGATTTGTGCTGTC,0.015079496253326453,0.0,7,16,12,10
TTGGCAGGCCCAGTTTCAGGATCATACG,CTTGATGGCTGAAAG,0.08718389693033207,0.0,4,14,20,7
GGTACAACACCAACCACAGTGTCAACAC,GAGAATGAAGGACAG,-0.03258338384161563,0.2646248973798322,11,13,8,8
ATCGCATGCACAGTAGCAAAATCAAGGC,ACAAGTTTTACAGTT,0.07093200398055455,2.1225575059372943,6,14,17,6
GCAGCAGTGACAATCCCAGTACCAATCT,CTTGCAAGTGTAATT,0.04234028087948323,4.520045229657654,10,25,9,0
TCTTCAGCAACAGATGCAAAGACAGCTA,TCGATAGAATTTACT,0.02307193130042129,1.201878885587206,5,15,13,11
TGCCCAGTCTCACTTCCATGCACAACTA,ATTATCAAGTGCCAG,-0.002888330269413552,0.0,13,13,12,3
GCACCATCACCAGAACCATTTACAGGCT,ATATTGAGTAAGTAC,,0.0,15,9,9,9
AGTGCACAACCAGTGCCAGTCGCAGCGA,AATGATACCATTTTT,-0.07292767011435526,0.0,19,15,8,1
CATCCAGGCGCAAGAACAAATTCACGGT,AGAAGACGACGATGA,-0.003335559370088337,0.0,12,19,6,4
GGGCCAGTAGCATGTTCAACTACATGAG,CTTGATCAATCAAAA,0.013171907955107767,0.0,11,12,14,1
ACGTCAGTAGCAAACTCAGGACCATTAC,TTTTGCATTTAGGCG,0.024698090885699252,0.009650980154788158,9,13,8,10
TGACCATGGACAGTAGCATGCCCATTGG,GTTAAATCAACAGTT,-0.05669958952330445,0.0,14,13,2,3
TGCACAAGACCAATGGCACCATCAGGAC,TTTATAAATCAATAG,-0.005756985182147734,2.6940652613506586,11,17,7,6
CCCACATGGACAGTAACACTGACAGGTA,TTTAACTCACCGTAA,0.04410560532108665,0.9365027210248371,8,14,13,5
AAATCAAGTACAACCTCAATGACAGGCA,ACAAGTTTTACAGTT,0.020025925748062345,0.49762745930237884,11,22,4,5
AATGCATGAGCAGCTGCAACCACAGGTA,CTTGATCAATCAAAA,,0.0,7,9,20,2
TCGCCAACAGCAGGATCAAAAGCAGACT,CAAGGATCCCCGTAG,-0.0065937288770995875,0.0,14,11,12,0
GATACAGAAGCAGCGTCAACATCATAAA,GTTGGGCGCTTAAAG,-0.04928879230793219,0.1817622756379933,14,14,7,5
CGCGCATGGCCACATCCACTCGCATCAA,TTTATAAATCAATAG,0.037816304109073814,0.0,4,15,4,15
TATCCAACAACACGTCCAAGCGCAAAGG,TCATAGGTATCTCGC,-0.04928879230793237,0.0,13,13,8,5
TTAGCATCGGCAGGAGCATGCCCAGGTA,GCCCTCGAAACCTAT,-0.11395150880043749,0.0,21,11,8,0
AATCCAGAGTCAACCACACCTACATTGT,AAAAGCGACATTTCT,-0.015709806716797337,0.0,14,13,10,3
AGGACAATTACACTCACATGCGCAGAAT,AGTGTTAATCAGACC,-0.10037135468453133,0.0,20,12,5,0
TTCTCACAAACACGCACACGGCCACCTA,GTTAAATCAACAGTT,-0.05618807945662736,0.0,15,14,3,0
AAGCCAGACACATCGGCAGAGACAGACT,ACAAGTTTTACAGTT,0.005563169598614873,0.0,8,19,12,1
AAGCCATCAACAGATCCACCTGCAATCA,CTTGCAAGTGTAATT,0.010969891725642535,0.0,9,18,12,1
GAGACATAGGCAGTGTCATGTTCAGGAT,CTACTTACAACGGAA,,0.0,8,17,8,2
AGAGCAAAAGCACTTCCAAATGCAAGCG,TAACCTCGCGCTGAG,-0.04928879230793219,0.0,14,14,7,2
GCGGCAGTAGCAACTACAGGGACAGGAA,TCATAGGTATCTCGC,-0.041877995092560114,0.0,13,14,9,0
TCACCAGCAACAGCTTCAGTTACAACGT,AGTGTATGATAATAT,,0.0,9,21,6,2
CAACCACTGTCAAGGGCAGCCCCAATGC,CTTGATCAATCAAAA,0.0037740327982846537,0.0,10,17,3,3
CGGACATGCACAATCTCATGTACAATGC,ATTATCATCGCCATC,-0.042389505159237034,0.0,14,15,6,0
TCCACAAGGGCAAACGCATTTACACCTA,TAACCTCGCGCTGAG,,0.0,1,23,9,3
AAGGCATTAACAATTCCATGTACAGTTT,AGTTTATAAAAAATT,-0.003236763735218199,0.0,12,13,11,1
TAGACAAATGCACCGGCACTTACAAACG,ATTATCAAGTGCCAG,0.005365578328874765,0.0,11,19,3,4
TTCCCACTCACAGCGGCAGAAACAACGA,ATTATCAAGTGCCAG,,0.0,7,16,7,8
GACTCAGGCACAGCCACATACACAACCC,GTTGGGCGCTTAAAG,-0.031056636628536884,0.0,10,12,9,7
GCCTCAAGACCAGTCGCACCAGCAGTGG,CTACTTACAACGGAA,-0.04928879230793237,0.0,10,10,9,9
GCATCAGCATCAAAACCATTGACAGCGC,CTACTTACAACGGAA,-0.018796630602644956,0.0,15,8,10,0
CATGCATTTCCAAAAGCAAAAACAAGAC,CTTGATCAATCAAAA,-0.041877995092560114,0.0,13,14,2,7
CGCCCATTAGCACATACATCCCCAAGTC,TCAAAGCATGAAAAA,,0.0,6,22,3,5
ATTCCATAAACATGGCCATCTTCAGAAA,CCAACACAGGCTTCG,-0.04128452154057874,0.0,12,13,9,3
AACCCAATGTCAGTACCATACACACCTG,GTTCAGCTTTGATCG,,0.0,7,17,8,5
GCTGCAGTGGCAAGCACATTCACACTCG,CTACTTACAACGGAA,,0.0,8,16,7,0
ATGTCAGTGACAAAGCCAAGTCCACACT,TCAAAGCATGAAAAA,,0.0,6,12,6,6
ACGGCAAAACCAACATCATGGGCAAACG,CTACTTACAACGGAA,-0.042389505159237034,0.0,14,15,4,1
GTGACAGACTCACCCACAGTAGCAAGCA,ACAAGTTTTACAGTT,-0.0818310323513951,0.0,18,13,3,0
TACACACAGACAGTTGCACTGTCAACGC,CTAAGCAGTCTTCTC,-0.07005272878575673,0.0,16,13,4,0
AAAGCATCTCCAACTTCACTCTCACATC,ACCACCGGTCCTGCC,0.00179377006866668,0.0,12,20,2,0
ATGGCAATCACACAAGCAAAGTCATCTT,TCAAATGATGAGGAT,-0.08983530311874875,0.0,15,10,5,4
AGAGCAATGTCAGTTCCAAAGTCACTGG,TCAAAGCATGAAAAA,0.010229882953961012,0.0,10,12,12,1
GGGCCAAAAGCAACGCCACGTCCACGAT,CTCGCTAATACTCCT,,0.0,8,19,6,2
GCAGCATGTCCACAGCCACACGCATTCC,ACAAGTTTTACAGTT,,0.0,3,20,7,5
TTAGCAGGGACAAGAGCATGACCAGGAG,GGTGGAAGTAGCAGT,,0.0,6,15,8,2
GCCGCAGTAACAGATGCAAGACCAAGTG,TCATAGGTATCTCGC,0.03328424685706342,0.0,6,12,10,4
GTGGCATAAGCATCAGCACAGTCATGTC,ACAGTTGACGGACAG,,0.0,7,17,7,2
GCGACAGCATCAATACCATACCCAGAGT,TCATAGGTATCTCGC,-0.08675813725207329,0.0,16,11,3,3
CAGGCAGAGTCAGGGGCAAAATCAATAA,CTCGCTAATACTCCT,-0.012668986080780618,0.0,5,19,10,0
CGGCCACAAACATCTTCACCCACAATTG,ATGGCGATGGTCTTG,,0.0,8,9,8,9
TCAGCATGGTCAGGTCCAGTGACATATA,CTCGCTAATACTCCT,,0.0,7,15,4,8
GACTCATTCTCAAGTTCACGTACAGGGA,GAGAATGAAGGACAG,0.060217540235421835,0.0,6,11,12,3
TGTGCACGCCCAGGGACACCCTCAGAAA,ACAACCTACCTGCTA,-0.0022884293833587144,0.0,10,16,5,2
GGTGCATGTACAGGCCCAGGCGCATTTC,TTAATTAGAGGTATG,-0.042389505159237034,0.0,14,15,3,1
CAGGCATTACCAGGGGCATTTCCAGCGC,CTCGCTAATACTCCT,0.03328424685706342,0.0,5,12,10,6
TGCCCAATAGCATCTTCACGTGCAGGTA,GGTGGAAGTAGCAGT,,0.0,14,8,4,5
GGCACACGTCCACTGGCACGCGCAGTTA,CTACTTACAACGGAA,,0.0,16,9,3,0
TTTCCAGGACCAGATTCATTCCCATCCC,AAAAGAAAAATGTAT,,0.0,2,19,8,2
TCTACAAGCACATAGTCAGCAGCATGTA,CTAAGCAGTCTTCTC,,0.0,9,14,6,2
CACGCACTCGCAACGACACAACCAATGA,AGAACATCATCTACA,-0.040587654608969265,0.0,11,12,4,5
GTGACAGTGGCATGGCCAGTAACAGATC,CTTGATCAATCAAAA,,0.0,7,13,7,5
GGGTCAAAAACACTCTCAATCTCAGTCC,TCAAAGCATGAAAAA,,0.0,12,9,4,5
TGAACATTAGCAGAGGCAGGAGCAGGGA,TAACCTCGCGCTGAG,,0.0,11,9,5,4
TCGGCAAGACCAGTTACAAAGTCAGCAA,TGATCATCACGGGAC,,0.0,8,14,4,2
TTTCCACAAACACGATCAGCGTCACGTG,AGAACATCATCTACA,,0.0,5,16,7,2
GGGCCAGTGCCAGATTCATCGACAGTGA,ATGGCGATGGTCTTG,,0.0,9,11,3,7
TCGCCACGTGCACCTGCAACTGCAGCAA,ATTATCAAGTGCCAG,,0.0,9,8,7,6
TACGCATTTCCAACTCCAAGTACAATTC,ATTATCAAGTGCCAG,,0.0,10,6,9,5
GTCGCACGTACAGACGCATATGCAACTC,CTCGCTAATACTCCT,,0.0,7,12,8,3
ATAGCAACGTCACTCCCAAGTTCAAAAA,CTTGATCAATCAAAA,,0.0,5,15,3,7
GTGACAATCACAAAATCACTGTCACCCT,ATTATCATCGCCATC,-0.03387372432520648,0.0,12,14,3,2
TTACCACCCCCAGTCCCAGGCCCATTAC,TCAAATGATGAGGAT,,0.0,2,10,9,6
AAAACACCTGCACGGGCATGTCCAGCGA,GCTAATTTCAAGAAT,-0.05669958952330445,0.0,14,13,0,2
GATGCATTACCAGCGACAATACCAAGCT,TCAAAGCATGAAAAA,,0.0,5,14,6,2
GGTGCATAACCAAAATCACTCACAAGCA,TCAAAGCATGAAAAA,,0.0,7,17,3,1
TAAGCAGGACCAGAACCAAATCCACGCT,ACAAGTTTTACAGTT,-0.023052365861183245,0.0,10,13,2,0
GGTGCATTCACAGGAACAACGACAGGGA,ACAGTTGACGGACAG,,0.0,2,17,7,2
CAGTCACCTGCATGAGCAATGGCAGCTA,CTCGCTAATACTCCT,,0.0,7,16,3,1
TAGGCACAATCACACGCAGCAGCAACTC,TTTAACTCACCGTAA,,0.0,12,7,3,4
GTACCACGTTCAGAAGCATCTACAGGGG,AGTGTTAATCAGACC,-0.06599420077424893,0.0,13,11,3,1
GACTCACCTTCAAGCTCAGAATCACACC,TCAAAGCATGAAAAA,0.025279976089709777,0.0,4,13,10,1
GGCTCAGATGCATTAGCATAAACAATGA,TCATAGGTATCTCGC,-0.031056636628536884,0.0,10,12,6,1
ATTCAGCACAATTCCAGCTACACCCA,CTAAGCAGTCTTCTC,-0.0579899300068953,0.0,12,11,3,3
CTCCCAGAACCAAAGTCATACACAGTTA,TTTAACTCACCGTAA,-0.003288884187452965,0.0,11,8,10,0
ATGGCACCGGCAGAGGCATGGCCAACAC,ACAAGTTTTACAGTT,-0.0755252187546815,0.0,13,10,5,1
CGGTCACGCGCATCAGCATACTCATCTC,ACAACCTACCTGCTA,,0.0,10,9,1,6
AACGCATATACACCCACACAGCCACACC,GAGAATGAAGGACAG,,0.0,5,9,10,3
GTGGCATTGACAGCAACATCGGCATAGG,CTATGCATTTACTCA,,0.0,8,9,4,5
AGTTCAGGTCCAACGCCATCCCCAGTTT,TCAAAGCATGAAAAA,,0.0,3,13,7,3
CCCGCAGTTCCACGCGCAGGATCAAGCT,CTTGATCAATCAAAA,,0.0,5,13,7,2
AGCGCATCGTCACACTCAGATACAGAGT,ATTATCATCGCCATC,,0.0,17,9,1,0
CGGCCATAGTCATGGTCACGCTCATATA,CTTGATCAATCAAAA,,0.0,1,15,9,3
GCGTCACGGCCAAGCTCAATAACAGTGG,TCGATAGAATTTACT,,0.0,4,13,6,3
TGGTCAAGGGCAAGTGCATAGCCATTAA,CTACTTACAACGGAA,,0.0,5,12,2,7
GGGTCATGTACAAGCTCAGCTGCAATAC,TAACCTCGCGCTGAG,,0.0,5,11,9,0
AGCCCACTTACAAGTTCAATAACACGCA,CTCGCTAATACTCCT,,0.0,5,14,5,2
TGCACAAAAACACTCACATGATCATCCT,AATGATACCATTTTT,,0.0,1,16,6,3
GGATCACGTTCAAACGCACAGGCAACAG,TCAAATGATGAGGAT,,0.0,6,3,13,5
ATCTCACTGGCACGGGCACGTTCATTCG,CTTGCAAGTGTAATT,,0.0,6,13,7,1
GGTCCACGTGCAGGTCCAACTCCAGTTC,CTACTTACAACGGAA,,0.0,3,14,6,1
GATACAAGTACAAAACCACAAGCATGGC,CTTGATCAATCAAAA,,0.0,5,10,9,1
TTCGCAAACACATGAACAGCCACAGTGG,CTCGCTAATACTCCT,,0.0,12,9,2,1
CAAACATTGTCAACCACAGGTTCAAAAT,CTTGATCAATCAAAA,,0.0,6,5,9,5
AAGACACTTTCAAGGCCACGGCCACCAG,CATTTATGGCTATCT,,0.0,4,10,8,3
TCAACACGGGCATTTTCAGAATCAAGTG,ACCACCGGTCCTGCC,,0.0,10,6,3,4
CTGTCACTCGCACTTTCAAGTGCACGGT,GTTAAATCAACAGTT,,0.0,13,6,3,0
GCGCCAAGATCAAAGGCACCTTCATCGT,CTTGATCAATCAAAA,,0.0,5,9,9,1
ACCACAAGTCCAAATCCAGAGGCAGATC,ACAAGTTTTACAGTT,,0.0,9,9,7,1
CATACAGCCGCAGTTTCACTCACAGACA,TCAAATGATGAGGAT,,0.0,4,7,5,10
TGCACAATATCACTAGCACCAACACGGA,CCAACACAGGCTTCG,,0.0,7,11,3,5
TCTCCACGCCCACGATCAAGAGCATGCT,TCAAATGATGAGGAT,,0.0,11,5,3,5
AGTGCAACAACAGATCCAGAGTCACAAT,TCGATAGAATTTACT,,0.0,6,9,2,7
GTAACACAGACACTAGCATTTCCACGGT,ACAGTTGACGGACAG,,0.0,9,7,2,4
GCCAACTTCAGGCGCATATACAGAAT,TTTATAAATCAATAG,,0.0,2,11,2,7
GACGCAAGGACAAATACAGGGACAAGTA,TAACCTCGCGCTGAG,,0.0,8,13,1,2
TGACCACTCACATGGTCATGATCACCTT,TAATATTGTTTTGCG,,0.0,4,12,3,5
CTCACAGATACAAGGGCAAACCCAAAGA,CTATGCATTTACTCA,,0.0,7,14,1,3
CCGACAACCTCAATAGCAACTGCAACGA,CTGATTTGTGCTGTC,-0.031056636628536884,0.0,10,12,3,0
GCTACAGGTACACTTGCATATGCATTAC,GGTTGCCCAGAAGTA,,0.0,9,7,6,3
TTAACAGTTCCATGGTCAAATGCAACCG,GAGAATGAAGGACAG,,0.0,4,11,8,2
TCAACAGGGACAAGTACACCGGCACTGG,GAACTCAGGTTCCAT,,0.0,3,12,6,2
TAGGCAGTCACAGCTACAATGACAACAC,CTCGCTAATACTCCT,,0.0,4,6,4,6
GCAACATGGTCACTGTCATCCTCAAGGC,GAGAATGAAGGACAG,,0.0,7,8,6,2
GCATCATAGTCACGATCAGGGACAGTGG,CTAAGCAGTCTTCTC,,0.0,9,8,7,0
ACATCAACCCCAGTCGCAAGCGCACATG,AAAAGCGACATTTCT,,0.0,4,12,3,5
GACCCAACGACAGCAACAAAAGCAGCCA,CTCTTGAGAATACTT,,0.0,15,8,1,0
ATCACATGAGCATACCCAGAATCAAGTC,TTAATTAGAGGTATG,,0.0,7,5,10,2
GGGCCAGAGACAGAGGCACCTGCAAACC,ACAGTTGACGGACAG,,0.0,3,10,3,8
TCCGCATCACCACTCCCACCGCCATCTA,GAACTCAGGTTCCAT,,0.0,1,10,5,5
TTTACAGGGACAACCTCAATCACACCAG,ACCACCGGTCCTGCC,,0.0,4,10,7,0
ATCACAAACACAGGTTCATCCTCAGAGA,CATTGTCGGACGCTT,,0.0,8,4,9,0
GTTGCACCATCATGTCCAAAACCAGAAG,AGTGTATGATAATAT,,0.0,11,7,3,1
TGTACAGCCACATTACCAGCCTCACTGG,AGTGTATGATAATAT,,0.0,8,9,4,2
GAATCATGAGCAAGACCATCACCAAGCA,ACCACCGGTCCTGCC,,0.0,9,11,2,1
AGCCCAATAACAGAGGCAAGGACATCAT,GAACTCAGGTTCCAT,,0.0,4,17,1,1
AGCACACGATCAGGCACACCATCACTGA,TCATAGGTATCTCGC,,0.0,3,18,2,0
GATACAGAGGCAGGTACAATTTCAAGCG,ATGGCGATGGTCTTG,,0.0,3,12,4,4
GGGACAGGCACATCTTCACATACAAATA,CTTGATCAATCAAAA,,0.0,4,12,2,0
ATTCCAGGGACAACACCACCACCACATG,AGATTCATCCCATGG,,0.0,4,13,3,0
GTCTCAACGTCAATGCCATAATCAGAAT,TCAAAGCATGAAAAA,,0.0,5,4,9,0
GACACAGACGCACTGACAAATGCATGTC,CATATGCATTCCTTG,,0.0,5,11,4,1
GATTCAGGGGCAATAACACCAACAGGTG,ACAGTTGACGGACAG,,0.0,5,9,1,6
ACGTCAAGTACATGGGCATTTGCAGATA,CTATGCATTTACTCA,,0.0,8,7,2,4
GGCTCATCGACAATGACAAGACCATTAG,CTCGCTAATACTCCT,,0.0,6,10,0,6
TCCTCAACTCCACCTACATACTCAGGAC,AATGATACCATTTTT,,0.0,4,14,3,1
GTTACAGTTGCAGTCACAGGCGCACTCC,TCTTGGAGGTGAATG,,0.0,1,16,4,1
ACGACATGTGCAATTCCACGAGCACAAA,GTTAAATCAACAGTT,,0.0,16,2,0,0
AAAGCACTAGCACCACCAGGATCAGCCA,TCGATAGAATTTACT,,0.0,6,7,1,6
ACGGCACGGTCAAGTACAGACGCAAAGC,CATTTATGGCTATCT,,0.0,6,7,3,0
TAAGCAGAAGCAATATCAATACCATACC,ATGGCGATGGTCTTG,,0.0,3,13,1,3
GGTACAAAGTCAAGCACAATCACACGAG,CCAACACAGGCTTCG,,0.0,2,7,7,4
ATAACAGGTACACAGGCACCTGCAGAGC,TGATCATCACGGGAC,,0.0,9,7,3,1
GGGACAACGGCATGGACAAACCCAGAAT,CATTTATGGCTATCT,,0.0,13,6,2,0
CTTTTCACAGTATGCATGTGCACTTA,TGATCATCACGGGAC,,0.0,2,15,4,0
TGGCCAACCGCAACTTCAACAACAACGG,TCAAAACGGAGTGTT,,0.0,4,8,6,3
CTAGCATCATCACGTGCACCCCCACATA,CTCTTGAGAATACTT,,0.0,2,15,3,1
GCAGCACTCTCACGATCACCACCAAGCC,ACAGTTGACGGACAG,,0.0,1,7,9,4
ACTACAAGGCCATCCACAGCGGCACGGT,CAAGTTCGGCGAAAT,,0.0,3,14,4,0
CTTGCATACCCATAGCCAGCGGCAAC,TTAATTAGAGGTATG,,0.0,0,10,9,2
CGCACACTTCCATCCGCACTCACAATGG,TCGAAAGCACAGTAG,,0.0,7,6,6,0
ACCACAGGGTCAAAGACAATGACAAAAA,ACCACCGGTCCTGCC,,0.0,11,6,1,0
CCGCCAAATTCATTAGCAGCTACAAGGA,AGAAGACGACGATGA,,0.0,4,6,6,3
TCAGCATATACACAGTCATACGTCAGCCT,GCTAATTTCAAGAAT,,0.0,9,4,5,1
TAAACACAGTCAGAATCACAGGCACCCC,CGAACAGAAACACAA,,0.0,11,3,3,0
AACGCAGCTACAACATCACCTGCACAAT,CTATGCATTTACTCA,,0.0,6,10,2,1
TCAGCATTCTCAGGACCAATACCAGTAG,TAACCTCGCGCTGAG,,0.0,7,10,1,0
GAATCAACCACAGTGTCATTGTCATCCC,TATGCCCTTCTTCTG,,0.0,1,12,6,0
TAAGCAGAGGCATTCGCACGATCAGATT,CTAAGCAGTCTTCTC,,0.0,8,9,0,1
CAGTCACGGGCATTTACATAAGCAGAGG,TATATTGAACTTTAC,,0.0,10,6,2,0
TGAGCAAGAGCAATCTCAAGGGCATAGT,CTTGATCAATCAAAA,,0.0,4,6,5,2
AGGTCATGGGCATTACCAGGCGCAGGGG,CGATGATGATGATGA,,0.0,5,11,0,2
AATGCACTCACACAGACAGAGGCACCAA,CTTGCAAGTGTAATT,,0.0,5,6,8,0
GGATCATCGTCAGGTCCAAAGACATTAA,TCAAATGATGAGGAT,,0.0,5,5,5,4
TAAGCATGGTCAAGGCCAGGCACAGGAT,CATATGCATTCCTTG,,0.0,13,3,0,0
GACCCAAAGTCAACACCAGCGCCAGCCG,CTTGCAAGTGTAATT,,0.0,4,5,5,2
CGGTCAAGAGCATCTACACCAACAGATA,CTTGCAAGTGTAATT,,0.0,3,10,1,0
ATGCCACTTTCACACACAACAACAGCTC,GTTGAACTGGTTGTT,,0.0,4,6,5,1
GAGTCACAACCATCCTCAAGCCCACGAC,CTACTTACAACGGAA,,0.0,11,3,1,1
ATGGCATTTTCAGAGCCAGACACAGCGG,CTTGATCAATCAAAA,,0.0,5,9,3,0
AGGCCATCAACAGACACAGTCGCATCCT,GTTCAGCTTTGATCG,,0.0,5,5,6,2
AGCCCAACAACAAACTCACGTCCAGAAG,CTACTTACAACGGAA,,0.0,7,9,1,1
AAGTCAGTGACAGGACCACCGGCAGCTA,AATGATACCATTTTT,,0.0,7,8,2,1
TATCCATAGACAGGTCCATGGGCATGTG,ATAATTTTCATCCAC,,0.0,6,7,1,4
TGCGCACTAACAACACCAGATACACACC,TCAAATGATGAGGAT,,0.0,2,7,3,2
ATTCCAGGTTCAAAATCAGGTGCACCGG,GAGTGCTTCAAAGTT,,0.0,5,8,2,1
CTGTCATATCTCAGACTCAATTGCAACGG,CCAAGACCGTGTAAA,,0.0,8,7,1,0
CTCCCACCGACACCGGCAAATCCAGACA,ATTATCAAGTGCCAG,,0.0,7,6,2,0
ATAGCAGCTCCACCTCCAGGAACAAACA,TATGCCCTTCTTCTG,,0.0,4,10,1,1
CGGACAGCTTCAACGGCATTCACACCGT,CAAGGATCCCCGTAG,,0.0,6,7,2,0
GTCCCAAACTCACATAAGATCACGCG,CATTGTCGGACGCTT,,0.0,0,9,4,2
TGCTCATGTGCAAGCCCAAATCCAGCAC,TAACCTCGCGCTGAG,,0.0,2,11,2,1
ATGCCAGTCATATGCACCGGCACTGG,CTTGCAAGTGTAATT,,0.0,8,4,3,1
TTCACAATCGCACAATCAACTACAAGCG,TCAAAGCATGAAAAA,,0.0,6,8,3,0
AAATCAATAACAATACCAGAGTCAACAC,ATCGTTGGCATTTGG,,0.0,5,7,5,0
CTCTCAGGTCCAATTTCATGGACAGGCT,CTTGATCAATCAAAA,,0.0,11,4,2,0
GAAGCATTCACACTGGCAATAACATAAA,CTTGATCAATCAAAA,,0.0,6,8,3,0
AGGACAGCGCCATGCGCATACCCACTGA,TGATCATCACGGGAC,,0.0,1,5,5,6
CCGCCAGTCTCATATTCAAGGTCAATAT,AGAACATCATCTACA,,0.0,1,5,7,4
CCATCATGGACATGGGCACACTCAAAAG,AGAAGACGACGATGA,,0.0,3,10,4,0
CCCACAAGAGCAAGGCCATCCTCATAAT,CTTTCTTGTGTATTT,,0.0,3,12,0,0
GAAACACATCCACGCACAATAGCAGACA,CAATCTTGAATTGAT,,0.0,4,7,2,2
AAACCATGGTCACGGCCATCTCCATCAT,CTAAGCAGTCTTCTC,,0.0,8,2,5,0
TCGCCACAGCCAGAATCATCTGCAAGTT,ATTATCATCGCCATC,,0.0,10,4,0,0
GATACACAGCCAACGTCACCGTCAAGCA,CTACTTACAACGGAA,,0.0,8,4,3,0
GGATCAGAAACAATTCCAGCTACAGTGC,CGCGATCAATCCTCT,,0.0,0,7,6,2
CCGGCATAGGCAGAGACATACTCAGTAC,GTTTAGCTTCCGTTG,,0.0,3,5,3,5
TACGCAGTTACACGTACAGCCCCATAGG,TCATAGGTATCTCGC,,0.0,7,5,4,0
GTTTCACCCACATCGCCATAGACAAGGC,CTAAGCAGTCTTCTC,,0.0,2,6,4,4
ACCTCAAACGCAATATCAAGACCATAAA,TCAAATGATGAGGAT,,0.0,1,2,10,3
TTCACAGGAACAGCAGCATCAGCATGCC,GTACAAGAAATTTTG,,0.0,3,6,6,1
AATGCAGGCACAAAAACAACGTCATGGG,AGAACATCATCTACA,,0.0,0,7,7,2
GCGCCAGGGCCAAACGCAACACCAACTG,CATTTATGGCTATCT,,0.0,7,2,4,0
CGCCGCACGTCCATATTCACCATTGC,GTTAAATCAACAGTT,,0.0,7,3,0,0
GAGCCAGACGCAAACCCAGATTCAGTCT,CTAAGCAGTCTTCTC,,0.0,10,1,1,0
GTAACAAAGTCACCCACAAGTGCACTGA,ATTATCATCGCCATC,,0.0,4,6,1,0
GTGACAGCGCCACGGACAAACGCATGGC,CTAAGCAGTCTTCTC,,0.0,8,5,0,0
ACAGCAGAGTCACTGGCAGTCACAAACG,ATGGCGATGGTCTTG,,0.0,3,4,5,1
TTTGCAGAAGCAGCCCCAACAACAGGCG,AGTGTTAATCAGACC,,0.0,2,7,0,5
GTTCCACTGTCACCCGCATCGGCACCGC,CCAAGACCGTGTAAA,,0.0,4,4,2,4
TGACCATATACAGGAGCACGCTCAACGA,TCAAATGATGAGGAT,,0.0,9,3,0,2
TTTGCAGCAACAGTATCAACGTCAAGCG,GTTGGGCGCTTAAAG,,0.0,0,1,4,9
GGCAGCAACATTCGCAACTGCAAATA,AGTGTTAATCAGACC,,0.0,11,3,0,0
GCCCCAGCACCACATTCAAGATCATCAC,CTTTCTTGTGTATTT,,0.0,4,9,0,0
ATCACACGATCAGTAGCAAGGGCAATCT,TATATTGAACTTTAC,,0.0,4,8,2,1
ACATCAGAACCAAATCCAAGGCCAGGAA,TGATCATCACGGGAC,,0.0,3,5,5,2
ACGACACCGACAGCTGCATTAACATGTG,ACAAGTTTTACAGTT,,0.0,5,10,0,0
CCGGCAGTCTCAGCCCCATTAACAAGAT,TTTAACTCACCGTAA,,0.0,5,6,2,2
ACAGCATTCTCAGCGTCATGGTCAATAA,CTCTTGAGAATACTT,,0.0,9,2,0,0
TGGCCATCAACACGGACAACAACAGTTA,AGTGTATGATAATAT,,0.0,6,2,1,2
ACCGCAATCACACGGACAAGGACAAATC,CATTTATGGCTATCT,,0.0,5,6,1,2
GCGCCAGGTCCATTCGCACTGCCACAAT,CTTGATCAATCAAAA,,0.0,7,4,2,1
CGCCCACGCGCACCATCATTTGCATAAA,AGTGTATGATAATAT,,0.0,9,2,1,2
ACTACAGTCACATCTGCATCCCCACACC,GCCCTCGAAACCTAT,,0.0,11,3,0,0
TTCACAGGGTCAAGCGCAGATGCAGCAC,GGTTGCCCAGAAGTA,,0.0,1,4,3,6
CGCGCATGAACATTGCCATTAGCAGCCG,GAGAATGAAGGACAG,,0.0,8,3,0,0
TGTACACATCCAAATACAGCAACAAGCC,CTATGCATTTACTCA,,0.0,4,7,0,0
CTAGCAGGCCCAACGCCAACAGCATTAG,CAATTTCAACGTTGT,,0.0,7,3,0,0
TCAGCAGCGGCACCGCCAGTGACAATGG,CTTGATGGCTGAAAG,,0.0,1,1,4,6
GTCGCATCCCCAACGGCAGGCGCATGCT,ACCACCGGTCCTGCC,,0.0,1,6,1,3
TAGCCACCGGCATCGTCAACGTCATGCT,GTTAAATCAACAGTT,,0.0,6,3,2,0
TAGACACAATCATGCCCACTGACATAAG,AAAACATTATCAAAG,,0.0,1,7,1,3
GATTCACAGTCAAAGACACGTTCACGGA,TGATCATCACGGGAC,,0.0,4,7,1,0
ACGCCACCCTCATAGGCAATAGCACAAC,CTAAGTGTGAAGGAG,,0.0,9,1,2,0
GCGCCAAGAGCACTTACAAGTCCAGGAA,TAACCTCGCGCTGAG,,0.0,9,3,1,0
AAGCCATCCACAGGAGCAGTGTCACGTC,TCAAATGATGAGGAT,,0.0,5,7,1,0
CGGCCAGAGGCACCGCCATACACAGGGA,TATGCCCTTCTTCTG,,0.0,2,4,4,3
GGTCCATGCCCACATCCAAAATCAGCTA,CTTGATGGCTGAAAG,,0.0,4,4,5,0
GTGGCATCATCACATCCAAGTACAGAGT,CTTGATCAATCAAAA,,0.0,3,5,4,1
CATACACTCGCACGTCCAACTGCAGTCA,CTTGATGGCTGAAAG,,0.0,1,7,4,1
GTTGCAAATACACACACAGCGCCACAGG,TCAAAGCATGAAAAA,,0.0,2,1,2,8
AGACCATGCGCAGGCGCATCATCACGGT,CTACTTACAACGGAA,,0.0,2,2,2,7
AGGACAAATACAATAGCACCCACAGCGT,CTAAGTGTGAAGGAG,,0.0,6,2,1,0
CAAGCACTCGCACGTGCAAACGCACAGT,AGAAGACGACGATGA,,0.0,6,5,0,0
GTCACATGTCCAGGGACATCAGCATGAC,TCAAATGATGAGGAT,,0.0,9,1,0,0
ATACCACCTTCAAGTGCATGTCCAGGGC,GCTAATTTCAAGAAT,,0.0,1,8,1,1
CAAACAAAGTCAGCATCATATGCAATTG,CTAAGCAGTCTTCTC,,0.0,2,6,1,0
TCGCCACCGCCATCAACAATACCACCAG,TGATCATCACGGGAC,,0.0,0,8,1,0
CGAACAACTCCATTAACATACACATTCA,CCAGGATGTACCGCC,,0.0,1,5,2,2
TGTTCAGTACCATACCCAGGAACAGGGA,CTACTTACAACGGAA,,0.0,2,8,0,1
AAAGCAGTAGCATTATCAAGTACAGCGA,TATATTGAACTTTAC,,0.0,7,4,0,0
ACAACAATGCCACTCGCAACGCCACGCG,CTACTTACAACGGAA,,0.0,7,2,3,0
GGACCAATGCCAAGGCCACGTCCAGGCT,TAACCTCGCGCTGAG,,0.0,7,3,1,1
CCTACACGACCATAACCACCTCCACCTG,CTTTCTTGTGTATTT,,0.0,3,6,2,1
GTTGCAGGACCATTGCCAAGTTCACGAA,ATGGCGATGGTCTTG,,0.0,4,7,1,0
TAAACAGGGACATTCGCATAGTCAAATA,ACAGTTGACGGACAG,,0.0,1,7,2,2
TATGCATGGTCATTAGCAAAACCAACGG,AGTGTATGATAATAT,,0.0,4,6,0,0
AAGACATGGCCAAGCACATTCCCAACGC,CTTTCTTGTGTATTT,,0.0,8,1,1,0
ATTGCAAGGGCAGCTCCAGTATCAGACA,CTCTTGAGAATACTT,,0.0,1,5,1,0
AGTTCAACCGCATTGGCATGTACACGAG,TAACCTCGCGCTGAG,,0.0,4,3,3,0
CTCTCAAGTACAGAGTCAGGAACATAGA,ACCACCGGTCCTGCC,,0.0,3,6,1,0
AACACAACCACAGGCTCAACACCAGAGC,AATGATACCATTTTT,,0.0,1,5,2,2
GCCCCAGCCGCAGGTCCAGGTTCAATTG,AGTGTATGATAATAT,,0.0,3,6,0,2
TAAACACCCTCACCTACAATGTCATTGA,TAATATTGTTTTGCG,,0.0,7,4,0,0
TCTTCAACCGACATGACCATCTCCAGCCC,CATTTATGGCTATCT,,0.0,1,9,1,0
CCCACACAGGCACCCACATATCCATCCA,ACCACCGGTCCTGCC,,0.0,1,4,4,2
TCATCAGGAACAGAGGCAGGTCCATTAC,CTTGATCAATCAAAA,,0.0,0,9,2,0
GCATCAACTGCAGGACCACGTTCAGCAA,AGTGTATGATAATAT,,0.0,0,7,2,2
GGAACAACGCCAAGCACAAGGACACAAA,CTACTTACAACGGAA,,0.0,4,5,0,0
AATGCAACGACAGAACCAAAGGCACTCA,CTCGCTAATACTCCT,,0.0,3,3,0,0
CAAACAATGCCAGGGCCAAAAGCAAGAG,TCAAATGATGAGGAT,,0.0,3,3,0,2
TTTCCAACGCCAGCACCAAACCCACCTG,CCAACACAGGCTTCG,,0.0,2,6,0,0
CTTGCACGCACAGCAGCAGGGGCATAAT,TCAAAACGGAGTGTT,,0.0,0,3,0,6
TGAGCACTAGCAAACACATCTACATAGA,TCAAATGATGAGGAT,,0.0,7,0,0,0
GTGGCAAAATCAAGGTCACCCACATGCT,GAGAATGAAGGACAG,,0.0,3,6,0,0
GACGCAGGTCCAAACCCATCTGCATTGG,ACCACCGGTCCTGCC,,0.0,7,1,1,0
GTCCCAGGTGCAACATCACTTCACGCG,TATGCCCTTCTTCTG,,0.0,3,6,0,0
AGTCCACGAGCAGTTGCATGGGCAATTG,CTTGATGGCTGAAAG,,0.0,0,1,7,1
CTCACAACTTCACCCCCAAGCGCATAGT,AAAACATTATCAAAG,,0.0,2,4,4,0
AGACCAGGGTCACGTACACTCACAACAA,AGTGTATGATAATAT,,0.0,3,2,2,3
TAGTCAAACACAATCACAACTACACCGG,CTTGATGGCTGAAAG,,0.0,3,2,3,2
ATACAGGGCCAAGCACATTGTCAACAG,CTTGATGGCTGAAAG,,0.0,2,6,1,1
TAGACAGGGCCATCAGCATGAACAGGAT,CTTGATCAATCAAAA,,0.0,2,6,2,0
TACCCACACCCAGTGCCAACTACATTTA,CTAAGCAGTCTTCTC,,0.0,3,3,1,3
ACACCATGATCACAAGCACTAGCAAGTC,TTAATTAGAGGTATG,,0.0,3,4,3,0
ACTCCAGAGTCATCATCAGGATCACGCC,CTTGATCAATCAAAA,,0.0,1,6,1,2
CATACATTGACAAGCCCACAGACAGGGG,CTTTCTTGTGTATTT,,0.0,4,2,1,0
TGATCAAAGGCATGGCCAAGGACATATC,CTTGATCAATCAAAA,,0.0,8,0,0,0
GCGTCAAGTCCAGCACCACTACCACTGG,CTTGATCAATCAAAA,,0.0,1,2,4,1
GCCCCAAGTGCACGCCCACATTCAACAA,CTTGATCAATCAAAA,,0.0,2,3,3,0
GCTGCAAAAGCACATACAGATCCATGAC,CATTGTCGGACGCTT,,0.0,3,1,4,0
GTCACATGTACAGTGACAACGCCAAAAA,CTAAGCAGTCTTCTC,,0.0,6,2,0,0
TTGTCAAACACACTATCAGAGTCAGCGA,GTTGGGCGCTTAAAG,,0.0,3,5,0,1
GACACAAGTTCATTTACATTCGCACAAT,CTATGCATTTACTCA,,0.0,4,5,0,0
GTTACAGGCGCAGCCGCAATTTCATCGA,ATTATCATCGCCATC,,0.0,5,4,0,0
ACGACAATGTCAACTTCATAGACACACG,CTTGATCAATCAAAA,,0.0,2,1,6,0
ACTACATGAGCACATTCACAAACAGTCA,CAAGGATCCCCGTAG,,0.0,4,3,1,1
TGCGCAGTAACAGACACAGGTACAGCGA,ACAGTTGACGGACAG,,0.0,2,4,3,0
ATGGCACTTGCAGGTCCAAGTTCACGTG,CTTTCTTGTGTATTT,,0.0,4,5,0,0
GCGACACTTCCACCGGCAGAAGCAGATC,CTTGCAAGTGTAATT,,0.0,1,1,3,4
AGCCCAGAGACAACCGCACTGACAGTAC,TCAAAACGGAGTGTT,,0.0,2,5,1,1
GTTGCAGGTCCAATCACAAGTCCAATCC,AAAAGCGACATTTCT,,0.0,2,3,1,0
GGGGCAATTGCACATACACCTCCAAGGG,AGTGTTAATCAGACC,,0.0,2,3,0,2
ACCGCACGCACAACATCAGAAGCATAAA,CTGATTTGTGCTGTC,,0.0,1,1,3,1
CAGCCACGACCAAGCGCACCTTCATGAC,CTTGATCAATCAAAA,,0.0,4,1,0,0
GGGACAGCCGCAACTTCAGTTCCACAAT,TAACCTCGCGCTGAG,,0.0,2,3,2,0
GTTACATTCACAGTCACACTGCCACATG,ACAACCTACCTGCTA,,0.0,3,1,1,2
AAAGCAAACTCAAAAACACTAGCATATA,AGTGTATGATAATAT,,0.0,5,2,0,0
TCCGCAGAATCAAGGACATACCCAAGCA,CTTTCTTGTGTATTT,,0.0,3,2,2,0
AGTGCAATGTCACAACCATGAGCATGAA,GGTGGAAGTAGCAGT,,0.0,3,3,1,0
GAGACACGTTCACAATCAGAGGCATGCT,GAGAATGAAGGACAG,,0.0,2,5,0,0
CAAGCAATTGCAGGATCAGCGACAAGGT,ATTATCATCGCCATC,,0.0,5,3,0,0
CACCCAAACACACTTCCAGGAACACTAT,TTTATAAATCAATAG,,0.0,7,1,0,0
GTGCCATGGACAGACTCAAGTTCAGTCA,CTACTTACAACGGAA,,0.0,3,3,2,0
CGGGCACCGTCAATAGCATTGACATGCT,CTTGATGGCTGAAAG,,0.0,2,4,2,0
AAGACAGTGGCAAAAACACTCGCATTTG,TATGCCCTTCTTCTG,,0.0,4,1,3,0
ACAACAGCGACACAAGCAGGGTCAGTGC,ATTATCAAGTGCCAG,,0.0,5,3,0,0
TAGGCATCCACACGGGCATCGTCAGTGG,ATCGTTGGCATTTGG,,0.0,1,7,0,0
GATGCAGATACAAAAGCAGTCACAAGAT,GAACTCAGGTTCCAT,,0.0,1,1,6,0
AGCACAAACGCAATTCCAACTGCAAGTG,TCAAATGATGAGGAT,,0.0,2,0,6,0
GGCCCATATACAAGAGCAAGGACAGTGA,GTACAAGAAATTTTG,,0.0,0,8,0,0
GTAGCACGTCCACAGGCATTCCCACCGG,CTACTTACAACGGAA,,0.0,0,1,0,7
TCAACAAAATCAGTCACACTGTCAGGGG,CTAAGTGTGAAGGAG,,0.0,2,1,1,2
GGTCCACTACCAGTAGCACGCACACTCT,CTCTTGAGAATACTT,,0.0,3,0,0,0
GGGACACGTTCATTGGCATTGACATGTG,AGAAGACGACGATGA,,0.0,1,2,0,3
ACTCCATGCTCACTTACAAAGACAGGGT,TCAAAGCATGAAAAA,,0.0,4,2,0,0
CTGGCAGTCGCATCCGCATTTGCACAAA,GTTAAATCAACAGTT,,0.0,3,1,0,0
CAGGCATGACCAAGTGCACAAGCATTGC,GTTAAATCAACAGTT,,0.0,4,2,0,0
CTATCACGCACATCGGCAATTCCAATGC,AGTTTATAAAAAATT,,0.0,2,3,0,1
CTAGCAATAACATGGACAGGGGCACATT,TCAAATGATGAGGAT,,0.0,2,2,1,1
CTGCCAATGGCATCAACATCGGCACTAG,ACAGGGCAGCTCCCG,,0.0,3,3,0,0
CCCGCAATTACAGTCACAGCACCATCAG,CTCGCTAATACTCCT,,0.0,3,3,0,0
CTTACAAAAGCATGCGCAGAGTCATCTA,TTTATAAATCAATAG,,0.0,1,3,2,0
CGTGCAGGGCCAATTGCAAGGTCAGTTT,TTAATTAGAGGTATG,,0.0,5,2,0,0
GGGGCAAGCGCAAAAACAGTAACATAGG,GAACTCAGGTTCCAT,,0.0,6,0,1,0
CAATCACAGACAGTAGCCAGGACCATCAG,CATTTATGGCTATCT,,0.0,5,1,1,0
ATCACAACCGCAATCCCATGCACATAGC,TCAAAACGGAGTGTT,,0.0,2,3,2,0
GACTCAGGGCCATGCGCAGTATCAAGTC,ATTATCATCGCCATC,,0.0,2,2,2,1
TGGGCATACCCAATGGCACAATCAGCAG,ATAGTCGATTAAGAT,,0.0,7,0,0,0
GTTGCATGGCCACTTGCATAACCAGGCC,ATTATCAAGTGCCAG,,0.0,3,0,3,1
CTCACAGCCACAGTTACATTAGCATCGG,ACAGTTGACGGACAG,,0.0,2,3,0,2
ACGTCACAACCACAGCCATTAGCAGAAC,TTAATTAGAGGTATG,,0.0,3,3,0,1
TATGCACGACCATCTGCAGGTGCATGCAA,ACCACCGGTCCTGCC,,0.0,4,1,2,0
GCCGCAATAGCATTGACACTCTCAGGAC,TCAAAGCATGAAAAA,,0.0,0,3,3,1
ATATCAACACCAGAGCCAAACACAAGGC,ACCACCGGTCCTGCC,,0.0,2,1,0,0
GTAACATGACCACGAACACATACAGGAT,TGATCATCACGGGAC,,0.0,3,2,0,0
CCTGCAGAAACACTCTCAAAGCCAAGAT,TATATTGAACTTTAC,,0.0,3,2,0,0
GTGGCATAAGCATAATCATGGGCAGGTA,AGAACATCATCTACA,,0.0,2,1,0,1
GGCACAGTGCCATACGCAATGCCATCAA,ACAGTTGACGGACAG,,0.0,1,4,0,0
TTCGCAGTCCCAGGATCATTAGCATGTT,ACAGTTGACGGACAG,,0.0,2,3,0,0
CGGGCATCTACAGCATCACACACAACGA,GCTGCGGAGCCTCAG,,0.0,5,0,0,0
CAGCCACGAACAGTTACAACTACAAGTA,ATTATCAAGTGCCAG,,0.0,5,0,1,0
CTGCCAGTGACAGTTTCAGTAGCACCTG,TTAGTCTTTCCATCA,,0.0,4,2,0,0
GTCTCAGATTCAGCTGCAGGTGCACCGA,CCGTTAGTATCGCTA,,0.0,6,0,0,0
GTCACAGAGCCAGATTCATTGCCATTCC,TTTAACTCACCGTAA,,0.0,2,3,1,0
ATCTCAGTGGCAAACCCAAGGCCAGTTA,ACCACCGGTCCTGCC,,0.0,3,3,0,0
CCTACAAGTGCAATAACAGGCACATCAA,TCAAAGCATGAAAAA,,0.0,0,2,4,0
CAAACAGCTTCATCGGCATAACCAGCCA,CTTGATCAATCAAAA,,0.0,2,2,0,0
TGCACAAGGGCACCTGCAAGGCCAAATC,GTTGAACTGGTTGTT,,0.0,1,1,1,0
CCTACATGAGCAAGCACATGCACAGGGA,ACAGTTGACGGACAG,,0.0,2,1,1,0
GAATCATAACCAGAGACAGAGGCACTTG,CTCTTGAGAATACTT,,0.0,2,1,0,0
CGGGCAGGGGCAGACTCATCTACATTAA,CAAGGATCCCCGTAG,,0.0,0,4,0,0
TACACACATGCAAGTTCATCCGCATAGC,CTCTTGAGAATACTT,,0.0,4,0,0,0
CTGGCACCGGCATGTGCAATCACAACTC,TCGAAAGCACAGTAG,,0.0,3,0,0,0
CACACAAACCCATACTCATAAGCATCGC,GAGTGCTTCAAAGTT,,0.0,2,2,0,0
TTGGCAGCGACATGCGCAACCACATGAT,AGTGTATGATAATAT,,0.0,1,2,1,0
GTGGCATGCCCAGCGGCATAAACAAGGT,ACAGTTGACGGACAG,,0.0,4,1,0,0
ATGTCATGCCCAGCAAACAGTCTCAGCAC,ATAATTTTCATCCAC,,0.0,5,0,0,0
TAGCCAATAACAATCACACTTCCACCTG,CTATGCATTTACTCA,,0.0,2,0,1,2
TACTCAAGAACAGGCACACGATCAAACG,ATAGTCGATTAAGAT,,0.0,2,0,3,0
TTCAGTAGCAGTCCCAGTGTCACCAG,CTCGCTAATACTCCT,,0.0,2,0,2,1
GGCACATTTGCAACAGCAGAATCAGCGG,ATAGTCGATTAAGAT,,0.0,2,0,0,3
CACCCAAACCCATGCACAGACGCATCAA,CTTGATCAATCAAAA,,0.0,1,2,2,0
CGGACAGCGCCATGCGCAAAAACAAAGG,CATTGTCGGACGCTT,,0.0,4,1,0,0
CCGCCAGCGACATCAACACGTACATCCC,CTTGATCAATCAAAA,,0.0,1,4,0,0
CTGTCACCGACAGCGTCATTAGCAAATT,CTTGATCAATCAAAA,,0.0,1,4,0,0
ATCACAGCTGCACTCCAATGTCAGGAT,CTTGATGGCTGAAAG,,0.0,0,5,0,0
ATGTCACACTCACACGCAAAGTCAGTGC,ATCGTTGGCATTTGG,,0.0,3,0,0,0
TAGGCACTGCCAGATGCATCAGCATTGG,CTTGCAAGTGTAATT,,0.0,1,1,0,1
TAAACAGGCACATGGGCAACCACATGCT,CATTTATGGCTATCT,,0.0,0,3,0,0
GACACAAATTCATTCTCACGTCCAAAGC,CTAGTTGTATAGCCA,,0.0,2,0,0,0
AGGGCAAGCGCATGCGCAAATTCAACAT,TAACCTCGCGCTGAG,,0.0,1,0,0,0
CAATCATCAACACATGCACCTGCACAAT,CTAGTTGTATAGCCA,,0.0,1,0,1,0
TTGTCAGCCGCAACCACACGTTCAGTGG,ACAAGTTTTACAGTT,,0.0,2,1,0,0
GGAACAGTCTCAGTTTCACTGGCAGCCA,ATAGTCGATTAAGAT,,0.0,0,1,0,0
TGCACATGCACACGCACAGAGGCACGCA,ATAGAGCGGCGTTGA,,0.0,2,1,0,0
TACTCATCACCATACACAACGACAGGGC,CTAAGCAGTCTTCTC,,0.0,2,0,1,0
CTCACAGGCACAACTACAAGGGCAAACA,CTTGATCAATCAAAA,,0.0,3,0,0,0
CGACCAGTGCCATGTGCATTCGCAAAGC,GTTAAATCAACAGTT,,0.0,2,0,0,0
TGGACAACTACATTTACAGGATCAGACG,AGAACATCATCTACA,,0.0,1,1,0,0
TTCACATTATCATGAGCATCCGCAGTAG,ATAGAGCGGCGTTGA,,0.0,1,1,0,0
TCATCAGGAGCACATTCACCTGCAATGG,CGAACAGAAACACAA,,0.0,3,0,0,0
GAACCACTAGCATTGTCAGGGTCAGCTT,CTTGATGGCTGAAAG,,0.0,0,1,1,1
TACACATGAGCACCGACAGCATCATAGA,ACAACCTACCTGCTA,,0.0,3,1,0,0
TTAACAGCCGCAGGTCCAGCTACAGACA,TCGAAAGCACAGTAG,,0.0,4,0,0,0
AGGCCAATGTCACCAGCACACACACGAG,CATTGTCGGACGCTT,,0.0,3,1,0,0
GTTACAGGCACAGGACCATCTCCACCAC,CTTTCTTGTGTATTT,,0.0,2,2,0,0
GAGCCAGGAACAATGTCATGATCAGGTT,CGATGATGATGATGA,,0.0,3,0,0,1
TTCTCAACACCATCGACAGTGGCAACTT,TTTAACTCACCGTAA,,0.0,1,1,2,0
GGCTCAAGGTCATACGCAGAGGCATATA,CTAAGCAGTCTTCTC,,0.0,2,1,1,0
CTATCATATGCAAGATCATACCCACTCA,ACAGTTGACGGACAG,,0.0,2,2,0,0
GCTCCAAAAGCAGTCACATTGCCATAGA,CTTGATCAATCAAAA,,0.0,2,2,0,0
TAGACACGTTCAATGTCACCAGCAGTCA,GCAAGAAAGAAACCC,,0.0,3,1,0,0
ATATCAAGTTCAGGCTCAGGAACAATAA,CTCTTGAGAATACTT,,0.0,1,3,0,0
GCTCCAACGACACACTCAGTCCCAATCC,ATTATCATCGCCATC,,0.0,1,3,0,0
TGGGCATACTCAGGATCAAGTCCATAGT,CTTGATGGCTGAAAG,,0.0,0,2,0,2
TCGCCATAAGCAACTTCAACCTCACAGC,TAATATTGTTTTGCG,,0.0,0,4,0,0
ACGGCAAGGACACGGGCACGGGCAGTTC,GAGAATGAAGGACAG,,0.0,0,3,1,0
ATCCCATCATCATCAGCAGGCGCACAGC,AGAACATCATCTACA,,0.0,0,3,1,0
CAATCAGTGGCAACGTCATCACCATGCA,TCAAAACGGAGTGTT,,0.0,0,1,3,0
TGCGCACAGCCACCTACATAGACAAGCA,TTTAACTCACCGTAA,,0.0,0,0,2,2
TCCTCAGCGGCAACGTCACTCCCAAATG,CTCTTGAGAATACTT,,0.0,2,0,0,0
CACGCATTGACATTCCCACATGCAAGGG,ATTATCATCGCCATC,,0.0,1,0,0,0
GAGACATAGGCAACCGCAATCACAAAGC,TGGAGTCTTTGTTGA,,0.0,2,0,0,0
CTCGCAGAATCAGTGGCAATAACAGGGG,TAATATTGTTTTGCG,,0.0,2,0,0,0
TGGGCAGGATCAGGGCCAAAGACACTGC,ATAGTCGATTAAGAT,,0.0,1,1,0,0
ACATCATAAACAAAAGCACCATCAAAAC,AGTGTTAATCAGACC,,0.0,1,0,1,0
AGCCCACACACATAATCACCTGCATGAA,CGTCAAGACCTTCTA,,0.0,1,0,0,0
GCGGCATCAGCACGCCCATCGCCACACG,TAATATTGTTTTGCG,,0.0,1,0,0,0
CAGGCATCTCCAGGAGCATGCACAGGCT,ATTATCATCGCCATC,,0.0,1,0,0,0
AGAGCAATGGCAGCCTCAAGCACAAATA,GCAAGAAAGAAACCC,,0.0,1,1,0,0
GAGACAAGCACAAATTCAGAGTCAGTGA,GGTTGCCCAGAAGTA,,0.0,2,0,0,0
GGTCCACGGACAATGACAAAGACAAAGC,TAACCTCGCGCTGAG,,0.0,1,1,0,0
ATCCCACGGACATCAACACGGACAAATG,CATTGTCGGACGCTT,,0.0,1,0,0,0
GTAACAGGTGCATTGGCATGTTCAATCG,CTTGATCAATCAAAA,,0.0,2,0,0,0
TACCCATCCGCACACTCACCCGCAGTAG,AAAACATTATCAAAG,,0.0,0,2,0,0
CAAACAAGGGCAGCCACAAAAACAATTG,CATCAATGAGGCAGT,,0.0,2,0,0,0
CGCCCAGCAGCATGTGCAAGAACAACAG,ATTATCATCGCCATC,,0.0,3,0,0,0
TAGACAGAACCACGAGCATAGGCAAATA,CTAGTTGTATAGCCA,,0.0,1,2,0,0
GTGACATGAACAAGTTCAACGTCACTCT,GTTAAATCAACAGTT,,0.0,3,0,0,0
GGCGCACCAACAAAATCAAAATCAACGT,ACAAGTTTTACAGTT,,0.0,2,1,0,0
GGACCATATCAGCGACAAAAACAGGTA,ATTATCATCGCCATC,,0.0,2,0,1,0
TCCCCAAGGACACAACTAGTACCAATAA,GTTTGTTTTGGGAAA,,0.0,3,0,0,0
GGCGCAAACTCAAATGCAGTCCCAACAG,TAATATTGTTTTGCG,,0.0,3,0,0,0
TAATCATGCACATTGCCACCATCAGCTG,CGATGATGATGATGA,,0.0,2,1,0,0
GTGACAAGGACAACGCCAAGGTCAATTT,CTTGATCAATCAAAA,,0.0,3,0,0,0
GTTCCAGTTGCATACACAGTGTCAGCAG,CTTGATGGCTGAAAG,,0.0,3,0,0,0
GAGACAGAAGCACCGGCATGGACATGGT,TAATATTGTTTTGCG,,0.0,3,0,0,0
GACCCACATACAGACCCAAACGCATTCC,CAAGGATCCCCGTAG,,0.0,2,1,0,0
TAATCAGATTCATGCTCATTGGCAATCG,ACAACCTACCTGCTA,,0.0,1,0,1,1
AGGGCACTAACACCGTCACATCCAGATA,AAAACATTATCAAAG,,0.0,1,1,1,0
ACGGCAAGCACACAGGCATCATCAAACT,TAACCTCGCGCTGAG,,0.0,1,1,1,0
TTCCCAAGTGCAGGTGCACATCCACGAA,TTTAACTCACCGTAA,,0.0,0,3,0,0
GGCGCACAAACATGGACAGTAACAAAGG,ATAGTCGATTAAGAT,,0.0,0,0,1,2
GGATCACTAGCACCTCCACAGCCAAAGT,CTATGCATTTACTCA,,0.0,0,0,2,1
GTAGCAGAGGCAATGACAATCACAAGAT,TCAAATGATGAGGAT,,0.0,0,0,2,1
CAAACAGGAGCAGCCGCATTAGCATCCG,CTAGTTGTATAGCCA,,0.0,1,0,0,0
TGCCCAGGCTCAGATACAATCTCACCGT,TAATATTGTTTTGCG,,0.0,0,1,0,0
TCAACATAATCAGCGACAATCCCAGGTG,ACAAGTTTTACAGTT,,0.0,1,0,0,0
AAAGCAATTGCAACAGCAGGGGCAGTCC,TCGAAAGCACAGTAG,,0.0,1,0,0,0
ACCGCAGAAGCAACATCACACCCATAAC,CTAGTTGTATAGCCA,,0.0,0,1,0,0
GACGCAAGTCCAGGCGCACTACCATCCT,TCAAATGATGAGGAT,,0.0,1,0,0,0
CCGACAAGAACATAAGCATGCTCAATCA,CAATCTTGAATTGAT,,0.0,2,0,0,0
ACCTCAGCGTCATGGGCAGGTCCAACAT,ACCACCGGTCCTGCC,,0.0,2,0,0,0
GCCGCAGCGACACCAGCAGATCCAAAAA,TACACCAATTACACT,,0.0,2,0,0,0
ATTCCACAAGCAAATGCAGTAGCAATAA,CTAAGCAGTCTTCTC,,0.0,2,0,0,0
CTAGCATCCGCAATCGCACACACAGATC,GCAAGAAAGAAACCC,,0.0,2,0,0,0
GCCTCAGCCACAGGACCAGAAACACTTC,ATTAATACTTTGCAG,,0.0,1,1,0,0
TGCACAGAAACACTACCAGGAGCACATA,CCAACACAGGCTTCG,,0.0,1,1,0,0
TACGCAGAGACAGGAGCAATATCATCTA,TAATATTGTTTTGCG,,0.0,2,0,0,0
AGGGCACTTACACCTACAGGATCAGTGT,CTTGATGGCTGAAAG,,0.0,2,0,0,0
TGGTCAGAGACATAGACACCAACAATAT,CTAAGCAGTCTTCTC,,0.0,2,0,0,0
GTGACATGTACATTCGCACGCGCAGCCT,TTAATTAGAGGTATG,,0.0,2,0,0,0
AAGTCAACAGCAATTCCACTAACAGTAC,GTTAAATCAACAGTT,,0.0,1,1,0,0
AACCCAACCGCAGGGACAGTTGCAGAAT,CATATGCATTCCTTG,,0.0,1,1,0,0
TGTCCAGTCGCATTGACAAAGACAGAGG,CTAGTTGTATAGCCA,,0.0,2,0,0,0
ACCGCACATACAGTTGCATCGCCACCTA,CTCTTGAGAATACTT,,0.0,1,1,0,0
ACTACATGCTCAGTCACATTCACAAAGG,TCAAAACGGAGTGTT,,0.0,2,0,0,0
CTAACAGCACCATGTTCAGGTTCAACAC,CTTTCTTGTGTATTT,,0.0,2,0,0,0
GACTCAGGCTCAAGAACAACCGCACAGA,CTTTCTTGTGTATTT,,0.0,2,0,0,0
ACGCCAAGCGCACATCCAACATCAGTCT,TCAAAGCATGAAAAA,,0.0,1,1,0,0
TAACCAAGATCAGAATCAGTGCCAGGGT,CGCGATCAATCCTCT,,0.0,2,0,0,0
AAGCCAAAGACAATAACAAAGCCACAGC,CTCTTGAGAATACTT,,0.0,2,0,0,0
AAAGCATGGACAATGTCACATACATCAC,CTTTCTTGTGTATTT,,0.0,1,1,0,0
GGTCCATAGGCATAGTCATGAACATGGT,TAATATTGTTTTGCG,,0.0,0,2,0,0
TCGCCAACCGCAGAAGCAGATACATAGT,TCATAGGTATCTCGC,,0.0,0,2,0,0
ACGGCATGAACAATTGCAGTTCCAACCG,ACAGGGCAGCTCCCG,,0.0,0,2,0,0
AGTGCAAGCACAAAGACAGAAGCATTTA,TAACCTCGCGCTGAG,,0.0,0,2,0,0
AGATCATTCGCATCTCCATCAGCATAGG,GCTAATTTCAAGAAT,,0.0,0,2,0,0
CTACCATGGTCAAGCACAGCTTCATCTC,GTACAAGAAATTTTG,,0.0,0,0,2,0
GCCCCACATTCACGGCCAACGCCAGTGT,TGGAGTCTTTGTTGA,,0.0,0,0,0,2
AACGCACGATCAATACCAGCTACACAGA,GTTAAATCAACAGTT,,0.0,1,0,0,0
AATGCAACACCATGGTCATGAACAGACG,CATTTATGGCTATCT,,0.0,1,0,0,0
CCAGCATCATCAACTTCAATCTCAAATC,TTAATTAGAGGTATG,,0.0,1,0,0,0
AGGACAGTTACATTTGCAGTGGCACCTG,GCAAGAAAGAAACCC,,0.0,1,0,0,0
TCCACATTTGCACCAACAGAAACAACCG,TATATTGAACTTTAC,,0.0,1,0,0,0
TATTCAAACACAGCTGCATCGCCAACCT,TTAATTGCACTTATG,,0.0,1,0,0,0
ATGTCATATGCACTTCCAGTGACAGTAA,AGATTCATCCCATGG,,0.0,1,0,0,0
TATACAGCTTCACAGTCAGCGGCAAGTA,TACACCAATTACACT,,0.0,1,0,0,0
CGCCCATTAACACTCTCACGTTCACCTG,ACAAGTTTTACAGTT,,0.0,1,0,0,0
TGAACAGTCCCATTAACAGCCTCAAGCT,TAACCTCGCGCTGAG,,0.0,1,0,0,0
CAGTCAGAACCAAGTGCATTGGCACGGA,CTATGCATTTACTCA,,0.0,1,0,0,0
AGTGCAAGCCCATACACACCTACAATAA,CTTTCTTGTGTATTT,,0.0,1,0,0,0
GATGCAAAGGCATGTTCACAAGCACCTG,GCAAGAAAGAAACCC,,0.0,1,0,0,0
TTGGCACGAGCAAATACAGGTGCAGATA,GCTGCTTATGAGGAT,,0.0,1,0,0,0
GGAACATTCGCAATAACATAAACAATCG,CTCGCTAATACTCCT,,0.0,1,0,0,0
CGAACAGCATCAGTAACAAGGGCATCGG,GCTGCTTATGAGGAT,,0.0,1,0,0,0
AGGTCATGAACAGCCCCATAAACAAGTG,CATTTATGGCTATCT,,0.0,1,0,0,0
TGACCAAAAGCACGGCCATAAGCACATT,ATCGTTGGCATTTGG,,0.0,1,0,0,0
GCGACATTGCCAGTTACAGATGCAGAGA,CATCAATGAGGCAGT,,0.0,1,0,0,0
TACGCAACGGCACTCACACGCTCATCTT,CATCAATGAGGCAGT,,0.0,1,0,0,0
TAACCAGTAGCATAGCCAACCGCACACC,CTAGTTGTATAGCCA,,0.0,1,0,0,0
ACCTCACTTCCACGGACACGAGCATTAG,GGTTGCCCAGAAGTA,,0.0,1,0,0,0
CGCTCACTAGCATCCCCACTAACACAAG,CTACTTACAACGGAA,,0.0,1,0,0,0
GAATCAGGCTCATAACCATATCCAGTCA,GTAATCTGACTCTAG,,0.0,0,1,0,0
GCGCCAGTTACAAACGCAGGTACAGGTA,AGTGTTAATCAGACC,,0.0,0,1,0,0
GTCCCACATCACCTTCAGCCACAGGTT,ATTATCATCGCCATC,,0.0,0,1,0,0
CCCACAAACACATGGGCAAAAACAAAGG,ATGGCGATGGTCTTG,,0.0,0,1,0,0
AATACAGAACCAATAACACGGGCACACT,GTTCAGCTTTGATCG,,0.0,0,1,0,0
CCGGCAGTGACAGAGTCATTGGCAACCT,TAACCTCGCGCTGAG,,0.0,0,1,0,0
TCGTCAGTATCAAGGACAATTTCACGTG,CTCGCTAATACTCCT,,0.0,0,1,0,0
AGGACATTAACACAAACAACACCACATG,CGATGATGATGATGA,,0.0,0,1,0,0
ATCTCACTAACATGTGCATTATCAGTAT,GCAAGAAAGAAACCC,,0.0,0,1,0,0
CTTACAATAGCACAATCATACCCATGGC,GAGAATGAAGGACAG,,0.0,0,1,0,0
GGACCATGAACACGCCCAAATTCAACCA,GCTGCTTATGAGGAT,,0.0,0,0,1,0
CGGCCAACACCATTCTCAGAAGCAGGTT,TCAGAGCATTGGCCT,,0.0,0,0,1,0
TGCACACAATCAGCGCATCTCCACGAC,GAGTGCTTCAAAGTT,,0.0,0,0,1,0
GGTTCAGCGCCAATGCCAATCCCAACGA,TCAAAACGGAGTGTT,,0.0,0,0,1,0
ACGACATGCACATGGTCATCGACAAGAA,TCAAATGATGAGGAT,,0.0,0,0,1,0
GATTCACGTACATCGGCACCCTCACGGG,CCAAGACCGTGTAAA,,0.0,0,0,1,0
AAATCATGTGCAGAGGCAGTCACATGTA,GAACTCAGGTTCCAT,,0.0,0,0,1,0
