BC,Edge,s,LL.ratio,TP1-2-T1,TP1-2-T2,TP1-2-T3,TP1-2-T4
ATACCACTTGCAGGCACATACGCAACAA,CCAACACAGGCTTCG,0.02262126456881318,800.6542063995803,29257,33825,25084,20720
CACCCATTGCCAGAAACAACTACATATA,GTACAAGAAATTTTG,-0.010291747783625106,0.0,24204,27215,8443,6386
AGATCATAGACAACACAGGCACAATGA,AAAAGAAAAATGTAT,0.00930789955113777,0.0,15726,17573,9940,7470
ATAACACAGTCACACGCATTACCAGGGT,ACAGTTGACGGACAG,0.00937624550250186,0.0,6704,7242,4261,3191
CAAACAGAGACAGCTCCAATTACAAGAA,TCAAAACGGAGTGTT,-0.03372819689606462,412.437227829505,8215,8358,1639,1073
TAAACAAGTACAAAAGCAAGGGCAAACT,TGATCATCACGGGAC,-0.028145774019239612,480.76068716713417,7013,7349,1680,1083
CCCGCAGTTCCAGGCACAACGACATCGG,GCTGCTTATGAGGAT,-0.001119759859530737,0.0,5849,6091,2894,2032
GGCGCATTAGCACAATCATAGTCACCGT,AAAAGAAAAATGTAT,0.0104824400496323,0.0,3520,3583,2131,1732
CTATCATGTCCAAAATCACTGCCAAGAC,CCAACACAGGCTTCG,-0.009678230179648188,0.0,4562,4990,1662,1226
GTCTCAGTTGCACAATCACCCCCACTTC,GAGAATGAAGGACAG,0.009269693902123406,111.70856166354679,3975,4285,2341,1886
GGTACAGCACCACAGCCAGCGGCAGGTC,GTTAAATCAACAGTT,-0.01161009084203452,0.0,3671,3243,1526,931
AAGACAGCCGCAGCGCCAGATGCAGTCA,TGATCATCACGGGAC,0.004536553261326759,0.0,3328,3311,1898,1370
TAAACACATGCAAAGCCACCAACAGTGC,TCTTGGAGGTGAATG,0.0019639944186000827,0.0,2548,2727,1337,971
TGTGCAAGTGCATCCACATATACACAAG,CTTGCAAGTGTAATT,-0.01829901289430815,0.0,3147,2324,1111,653
ATGGCAAAACCAAACACATCGGCAAGAG,TTTATAAATCAATAG,0.010944115040737341,0.0,2289,2807,1488,1142
ACCCCACATTCAAGAGCAAGTACAAATG,ACAACCTACCTGCTA,-0.006058441271227722,0.0,2784,2899,1162,834
AAAACACGCGCAAGCACATTCGCATTTG,TGATCATCACGGGAC,0.005650820719066699,0.0,2300,2406,1319,979
ACAGCAAGAACAGGTGCAATTACACCAT,AGTGTATGATAATAT,-0.005277883888280973,0.0,2550,2239,1204,782
GCCTCAACCTCACTCGCAGAGTCATAAG,CCAGGATGTACCGCC,-0.016713676390312612,0.0,2022,2022,729,440
TGGGCATCCTCAGTGTCAATAGCATAGT,GTTAAATCAACAGTT,-0.012350672165633134,0.0,2165,1956,720,537
CGGTCAGATACACTGGCAGTCTCAGGAG,TCAAATGATGAGGAT,-0.009936615300786282,0.0,1875,1830,702,500
TCCACATTGGCAAGAACAGGACCACTTC,TCGATAGAATTTACT,-0.0068969670980217205,0.0,1448,1660,566,423
GTGCCACGGCCAGAAACATCACCACAAA,TCAAAACGGAGTGTT,0.002628382625885184,0.0,1245,1404,723,484
AGCTCATAATCAGTCTCAGGAGCATGGT,GCTGCTTATGAGGAT,-0.006869318676777869,0.0,1245,1278,460,364
GTAACACACTCAACTGCAACCACAACCT,TAACCTCGCGCTGAG,-0.000830595352846094,0.0,916,895,477,321
GCGGCAATACCAAGTACACGGACAGGAT,ATAATTTTCATCCAC,0.0013018726974818758,0.0,1151,1056,676,430
TCATCATAAACAGTCACATTACCACCTG,ACAGTTGACGGACAG,0.005709015035468538,0.0,788,853,440,336
AACGCAATCACAGGTGCAGGCACAATAC,ACAGTTGACGGACAG,0.01837303098636669,12.637292242045078,1057,1192,730,659
ATCCCATATGCAGCATCATACGCAAGTG,ACAAGTTTTACAGTT,0.0018297746499616055,0.0,714,641,378,271
GCATCACGTACAACAGCAATCGCACAGA,GAGTGCTTCAAAGTT,0.0062934454253007035,0.0,772,771,439,335
AGGACACCGGCATTGGCAGAGGCATTGA,TCAAAACGGAGTGTT,0.008824435662802384,0.0,754,878,463,353
GATACACACACATAGGCAAAAACAAAGT,TCAAATGATGAGGAT,-0.029298532078108595,0.0,791,839,187,118
GGTGCAGCTACAACGGCAACCTCAGCGA,CTAAGCAGTCTTCTC,-0.060207359126378236,0.0,898,535,127,53
GGGACAGTTCCACCGGCAGTACCAAGAA,GTTAAATCAACAGTT,-0.035099040644816344,28.963174065415842,710,487,179,89
GGCACACTAACAAGTCCAAATGCAGAGA,GAGAATGAAGGACAG,-0.015586252524921946,0.0,542,469,169,122
AGGACAAACACAAGCACACCTCCAGGGC,GAGTGCTTCAAAGTT,-0.003040514286038606,0.0,558,577,245,183
GGCCCAGAGGCAAGCGCAACAACAATAC,GAGAATGAAGGACAG,-0.02500814902897724,0.0,666,464,203,113
AAGTCAGTCTCATGATCAACCACAAGAA,CCAACACAGGCTTCG,-0.0027774385793298303,0.0,720,897,324,238
ACCTCAATTACACCGACAGTAGCATCAC,ACAAGTTTTACAGTT,0.007178906045384774,0.0,662,655,410,295
TACCCAGCGACATACACAGATGCACTCC,CGATGATGATGATGA,0.007076384326586401,0.0,574,573,310,255
CGATCACGGTCAGTGCAGCTTCAGAAT,GTTGAACTGGTTGTT,-0.05375997223188233,0.0,768,578,126,55
TAAACAAGTACAGCAGCAACCGCAGAGT,GCCCTCGAAACCTAT,-0.037748526937835196,0.0,691,443,100,80
CGGTCATATGCATGGACACGTACACGCA,CTTGATCAATCAAAA,-0.0016627090052420653,0.0,512,411,256,175
GCTACATGAACACCCACACCGGCAAGAT,TAACCTCGCGCTGAG,-0.0017443169397133157,0.0,437,437,224,149
AGTGCAAACGCACAAACATATACACTGA,TTAGTCTTTCCATCA,-0.01457043576875474,0.0,418,333,177,97
TGAGCACCTTCAAATCCACATACAATAA,ACAAGTTTTACAGTT,-0.010809203742957093,9.377988203626046,358,361,150,93
TGCGCAGCCTCACAACCAGCATCATACA,TCAAAACGGAGTGTT,0.002138596491777988,0.0,402,384,180,154
GCCCCAGAGGCAAGGACAGTATCAAAGA,TGATCATCACGGGAC,-0.018378277835129502,19.376101833959638,314,371,112,65
TCTTCAAGATCAGACTCAAGCCCAGCGT,TATATTGAACTTTAC,-0.028228005477206494,28.52330809059481,383,405,65,59
CAAACACCCGCAATATCAGTGTCATTCC,TATATTGAACTTTAC,-0.006403666662001376,0.0,199,156,75,59
TGTCCAAAAGCAACGCCACGCCCAACGT,GTCACCGGCACTAAC,0.01606866995086621,0.0,275,418,192,160
GCTGCACCCATCTTCAAAAGCAGCAA,CTTGATCAATCAAAA,-0.01272982655885245,0.0,367,315,165,90
CACACAACGCCATCCTCATGAGCAACGG,AGTGTATGATAATAT,-0.0364342777964492,0.0,465,383,100,56
GTAGCAGACGCAGTTCCACTAACACGAG,TATATTGAACTTTAC,-2.823118518853936e-05,0.0,390,394,205,140
TGTCCAATAGCACCCACAGTTACACCGG,TAACCTCGCGCTGAG,0.006687837299245794,0.0,312,350,199,137
AGTACAGCTGCAGCATCACGGGCATGCC,TCATAGGTATCTCGC,-0.10972556364412744,0.0,86,29,7,0
GAACCATGGCCAAGCTCAAATCCATTGT,GTTTAGCTTCCGTTG,-0.008491600604999136,0.0,316,213,68,88
CCGACAATTACAGCCCCAGAGGCACCGT,TAACCTCGCGCTGAG,-0.00752592658146541,0.0,300,339,113,86
TCTGCAATAACAAGTACACCAACACGAC,TATATTGAACTTTAC,-0.018065930293899187,2.526237560014124,134,111,55,28
GGAGCATTTCACGGACACATACATAGA,AAAAGCGACATTTCT,0.0027098136258266806,0.0,136,120,73,53
TATGCACCGACAGCTGCACAAACAGATC,TATATTGAACTTTAC,-0.00022352690584239004,0.0,269,267,135,96
GGTCCAAAGGCATCCACATTCACAGCCT,GCTGCGGAGCCTCAG,-0.10224033842412869,0.0,247,96,16,8
CGGCCAAAACCAATGCCATTTCCACGGT,AGAAGACGACGATGA,-0.004932668090808938,0.0,284,220,101,88
GACTCAACCGCAGAAACATTGGCAAAGC,TCAAAGCATGAAAAA,-0.12265994944987337,0.0,135,40,6,2
AGGGCATGGGCAAAATCACAACCAATGA,ATGGCGATGGTCTTG,-0.0040491641114757115,0.0,132,122,58,42
CTCGCAACAACATCGACAACCTCAGACT,TTTAACTCACCGTAA,-0.036255917483235284,12.528148466992832,223,170,45,27
ATACCATTCACACAAACAGACTCAAGAT,GTTGAACTGGTTGTT,-0.05454779968201393,0.0,113,66,19,6
GTCGCATGAGCACGCGCAGTGACACATT,ATAGAGCGGCGTTGA,-0.02012594069369511,0.0,46,38,5,4
ACACCAGGAACATGTACATCGTCACGGG,ATGGCGATGGTCTTG,-0.011897965301550692,0.0,175,152,70,44
GTCACACTATCATGCCCACGTTCAGCAA,TTTAACTCACCGTAA,-0.014532275108223624,0.0,99,94,75,23
AGAACAAATTCAGGTGCACGGGCATTGG,GAGTGCTTCAAAGTT,-0.0020510629125745964,0.0,74,60,23,25
GTTGCAGGAGCAACAGCATCGGCACTAT,TCATAGGTATCTCGC,-0.14698298043796817,0.0,99,23,7,1
GGGCCAAAATCACGTACAGTATCAAAAA,CTAAGCAGTCTTCTC,0.044932815920419866,0.0,12,19,0,4
TATGCACAAGCAGCAACATGTTCAAGAG,CCAACACAGGCTTCG,-0.030100713538956467,2.0080538295337647,103,82,38,15
CCAGCAATAACATAGGCAAGTGCAGCAT,TTAATTAGAGGTATG,-0.023034333201638238,0.0,57,29,18,9
CTCACAAAGCCACAGTCAACGGCATTCG,CGAACAGAAACACAA,-0.017891463929652796,0.0,60,30,21,6
GCGTCATGGGCATCATCATTAGCAACTA,TCAAAGCATGAAAAA,-0.06388128295966143,0.0,75,40,7,4
GAGACACCCGCATTACCATAAACATGTT,GAGAATGAAGGACAG,-0.016996403413190773,0.0,87,53,31,9
AACACACCACCAGTTCCAAATCCATCGT,AGATTCATCCCATGG,-0.05616485603663133,0.0,86,37,14,5
CTCTCAGTGCCAACTACACACGCAACTA,CAAGGATCCCCGTAG,-0.040276357516224694,0.0,76,49,17,7
GGCACACGCGCAGTAGCAAAAGCATTTC,TCTTGGAGGTGAATG,-0.007636852917887862,0.0,56,67,31,16
GTTGCAAATACATAGACAGTTTCACTCT,ACAGTTGACGGACAG,-0.05698199581096626,9.628291179884911,35,20,8,2
CCTACATACACACGAACATCTTCAACAA,ACAGTTGACGGACAG,0.002271531197709819,0.0,52,73,46,20
GGTACACTCACAGAAGCATAGGCAAATA,ATTATCATCGCCATC,-0.0885672907528142,0.0,36,15,1,3
ATCGCAGCGGCAACCGCAACGCCACGGC,GCTAATTTCAAGAAT,-0.017725825483740732,0.0,52,44,8,0
TCGCCAGGAACAATTCCAGTTCCAGGAG,GTTTGTTTTGGGAAA,,0.0,12,5,0,0
GGGACAAACCCATCGGCAATACCAGTTA,TGATCATCACGGGAC,-0.004059852116392992,0.0,26,37,12,9
TCTCCAACATCAACGCCAGGGGCAAGCC,GTTTGTTTTGGGAAA,,0.0,37,7,0,0
GGCCCAGCTGCATGCTCATGCTCAAGAG,AAAAGCGACATTTCT,-0.005517681330965817,0.0,29,25,13,5
CGGGCAGCTCCACGGCCATGCTCACGAT,TTTAACTCACCGTAA,0.007649817258646774,0.011632466699381894,24,26,14,7
TTGACACAGTCACATTCAAATCCATAGG,CAAGGATCCCCGTAG,,0.0,8,5,3,1
GCGACATTGACAGGGCCAATAGCAAATT,TAATATTGTTTTGCG,,0.0,4,4,1,0
CTGACACAGGCAATCACATTTCCATCCC,CATCAATGAGGCAGT,,0.0,2,0,0,0
GGCCCATATACATAGTCAAAGCCACAAT,GAGTGCTTCAAAGTT,,0.0,1,0,0,0
GTTACAGCACCACCAACACTCCACTCT,TTTATAAATCAATAG,,0.0,0,0,0,1
ATAGCAGCATCACTGCCAATACCACTAA,GCTGCTTATGAGGAT,,0.0,2,0,0,0
GCAGCAGTAACACAAGCAATTTCAGGTG,CCAACACAGGCTTCG,,0.0,1,0,0,0
AGGTCAGATGCAGTCACATCTACATGGG,TAACCTCGCGCTGAG,,0.0,1,0,0,0
GGAACAGAAGCATGGCCAACATCACAAG,ACAGTTGACGGACAG,,0.0,0,1,0,0
ACGTCAATTGCAGGGCCAAACGCAAATG,TTAGTCTTTCCATCA,,0.0,0,1,0,0
