BC,Edge,s,LL.ratio,TP1-1-T1,TP1-1-T2,TP1-1-T3,TP1-1-T4
GAATCAGGTGCACACCCACAAGCACGGC,CCAGGATGTACCGCC,0.002610600230485671,0.0,898,2145,1814,1655
GGCGCAGCGACAGGCACAATTGCATTGG,CTACTTACAACGGAA,0.014194627381139363,0.0,588,1512,1428,1534
ACCCCATATTCAGCGCCAACAGCAGTGC,AAAAGAAAAATGTAT,0.005364788197563527,0.0,578,1478,1218,1157
CTGTCAGTAGCAGACTCACATACATTGT,GGTTGCCCAGAAGTA,-0.0010557020579406693,0.0,682,1405,1198,1126
GGCCCACAGCCAAACACAGTAACATATC,CTTGATCAATCAAAA,-0.004785080196463583,0.0,632,1397,1139,933
TAACCACGTCCATTGTCACACTCACACA,CCAGGATGTACCGCC,-0.0015937545143920762,0.0,610,1349,1101,991
GGGGCAGGAGCACATGCACGTACAAGCA,CTACTTACAACGGAA,0.01857786985519622,1.7969313255671295,367,1183,1059,1092
ATCGCACGGTCAACCCCATATTCACCTC,TATATTGAACTTTAC,0.0023147231286873167,0.0,427,971,863,780
GTAGCAACGACAGTGACACCTCCAGATA,CGATGATGATGATGA,0.013086342309445387,7.192719741229212,340,947,815,858
AGGCCAGTAACAGGTCCACGTTCATCTG,AGTGTATGATAATAT,0.0006459695287472332,0.0,400,851,783,695
GTACCAGAGGCAATATCACAATCATAGC,TATATTGAACTTTAC,0.00016804567066883708,0.0,376,823,678,644
GATGCAAATGCAATACCAAAGGCAGTTC,ACCACCGGTCCTGCC,0.007408346016676192,0.0,304,683,762,647
AAGACACTTCCATAAGCATCAACAGCAA,ACAACCTACCTGCTA,-0.0010887514044018477,0.0,328,769,663,541
AAGCCAACCACATACACAAGGGCACGTT,ACAGTTGACGGACAG,0.010750409245322466,0.0,292,710,591,687
TGTCCAAGCGCACGAGCACTAACAAATC,CGATGATGATGATGA,0.004006885890605819,0.0,307,721,556,590
GACTCAGGAGCAAAACCAAAACCAGTAA,TTTATAAATCAATAG,-0.002888626442931442,0.0,327,710,522,511
TCACCACGTTCAGGTCCACAAGCAGTCC,CTTGATCAATCAAAA,-0.008307595531953711,0.0,326,685,551,433
ATCACACCCTCATTTGCATCAGCAGGGG,ACAGTTGACGGACAG,0.007610272972240202,0.0,262,584,530,561
AAGGCAGCCCCAATATCATCAACAGTAC,TCAAAACGGAGTGTT,0.013624389883719895,0.0,209,638,536,536
GTTCCAGATGCACAGGCAGTAGCACGGA,ACCACCGGTCCTGCC,0.002389986723549908,0.0,266,632,526,487
GAACCATTCACACAAGCACTCACAGTGC,TTTATAAATCAATAG,-0.0013272577883303455,0.0,287,631,513,470
TCGCCACTAACAGGAGCAAGTTCAGCTC,TCGATAGAATTTACT,-0.004931426290778384,0.0,298,600,509,438
CATACACGCTCAACCTCATAAGCAAGCG,CTACTTACAACGGAA,0.007968912642806058,0.0,219,557,494,474
TACGCAGACTCACGCTCACCTGCAGCAG,TTTATAAATCAATAG,0.004045481859495388,0.0,237,521,436,456
CTTGCACTCGCATCGCCAGGCACACGAC,TATATTGAACTTTAC,0.0037776662797159564,0.0,208,538,456,397
GGTACAAGCACACTGCCAGCTTCAACAG,TTTATAAATCAATAG,0.011316872224438083,3.6829538597648934,173,576,421,414
TGGACAAGGTCAAAAGCACACGCATACT,TTTATAAATCAATAG,-0.007908900523470291,0.0,276,507,407,371
CTGGCACGCGCATCGACATGTGCATGTC,GGTTGCCCAGAAGTA,0.0016659702314609636,0.0,235,499,392,421
GACTCAGGGCCAGTCACAACGCCACGAT,ACCACCGGTCCTGCC,0.014236480120292461,0.0,165,513,379,431
TTGGCAAGCTCAGCGCCAAGTTCAAACA,GGTTGCCCAGAAGTA,0.00011699690913373705,0.0,207,482,424,354
AACCCACAAGCAGACTCACGTCCACCCA,ACAACCTACCTGCTA,0.0027221452313971255,0.0,179,507,425,331
GCGCCAGCTCCATTGTCATAAACACGTA,TTTATAAATCAATAG,-0.003195146872388295,0.0,248,416,387,384
TGCGCACAGCCATGCCCAAAATCACAAG,AGTGTATGATAATAT,-0.0022297620855380594,0.0,229,450,390,365
TAGCCACTGACAATTCCATCGTCATGGA,CTACTTACAACGGAA,-0.002971227455281111,9.042601004520293,238,435,372,371
ATAACAGGGACAGGCGCAACTACAAGAT,TCGATAGAATTTACT,0.009171609925011306,7.219035331188024,164,467,387,368
ACCGCATCGGCATTAGCACGTACATCCA,AATGATACCATTTTT,-0.01598051663673578,0.0,254,477,382,268
CCTTCAGCGACAGGGACATCAACAAGTC,AATGATACCATTTTT,-0.015278155546615239,0.0,232,535,356,250
TTAGCAAGGACATTCGCAAGTACACGGC,ATTATCAAGTGCCAG,0.00205462983840996,0.0,192,479,356,348
CCTACATAACCAAGATCATAGGCAGCGC,TATATTGAACTTTAC,-0.00198498804137377,0.0,213,434,371,342
TTGGCACACGCAGAACCACATGCAGCCA,TTTATAAATCAATAG,-0.00814284748554755,0.0,227,460,365,303
ACAGCATGGACAGCAGCATGAGCAAGTT,TCATAGGTATCTCGC,-0.007168746993827167,0.0,203,483,382,279
AGGCCATAGTCATAAGCAACGACAAGAG,AGAAGACGACGATGA,-0.02017962913913401,0.0,258,457,381,240
GTGCCAGGTCCAGTACATTGACACCAA,CCAGGATGTACCGCC,0.003917311784891852,0.0,192,398,376,368
GCCTCAATAACATAGCCATTTCCAGAAC,ACAGTTGACGGACAG,-0.0025386330636573214,0.0,221,371,370,349
CCTTCAACACCAAGTTCACCCACAAAGC,ATTATCAAGTGCCAG,-0.0065317560762479555,0.0,222,431,318,311
AACACAGGATCAGATACACATGCAGTGT,ACAGTTGACGGACAG,0.012064837361082548,0.0,152,403,360,372
AGTACACGTACATGCCCAGAAACAGAGA,TATATTGAACTTTAC,-0.0006420653563421909,0.0,201,371,378,336
TCTGCATTCGCACATGCAGCGACATGAA,TCTTGGAGGTGAATG,-0.03386789606191392,0.0,295,492,278,182
TAGCCAAAGAACAGCGACACGATCAAAAC,ACAGTTGACGGACAG,0.00543216576182289,0.0,173,355,373,347
TATGCAAGCTCAGGGCCACTTTCACATC,CTACTTACAACGGAA,0.011629101308837477,0.0,154,382,324,372
TCGCCACGCCCATGATCAATAGCAGATA,TATATTGAACTTTAC,-0.0034733232034022785,0.0,183,419,300,281
CAGCCACGGTCACGTGCAACATCATCTG,TCAAAACGGAGTGTT,-0.0009292135515553002,0.0,178,377,319,295
CTATCAGGGCCAATCCCAGTAACAGTTA,GGTTGCCCAGAAGTA,-0.005558100427449982,0.0,165,408,335,238
TGAGCACTCGCACTGGCAAGTTCAGAAC,CTTGATCAATCAAAA,-0.0075514350780377425,0.0,184,388,292,250
CGTGCATAATCAAAAGCACAGTCACCCG,TCTTGGAGGTGAATG,-0.030786922349529428,0.0,266,391,254,180
CAAGTCACGACCAGGTTCATACTCAGTAA,AGAAGACGACGATGA,-0.017613539982952734,0.0,214,367,291,215
CCGACATAGTCACACGCAAAACCAGGAG,TTTATAAATCAATAG,-0.0011004895270104802,0.0,168,355,293,277
GCCTCAGAGTCAACCCCAAACGCAGTCT,GGTTGCCCAGAAGTA,-0.006367497697457525,0.0,179,326,305,252
GAATCAAGGGCAACAGCAAAATCAAAGC,CTTGATCAATCAAAA,-0.010140888005518192,0.0,175,389,278,220
TCGTCATGGCCAGCGGCAACGCCACACA,TGATCATCACGGGAC,-0.027358342834872502,0.0,212,406,272,159
GCGCCAGTATCAGAAGCAATATCAGTAG,CTAAGCAGTCTTCTC,-0.013296533323267403,0.0,195,337,289,223
TCATCAAAAGCATCCTCACTGACACGAG,TATATTGAACTTTAC,-0.0023098377699764714,0.0,161,320,313,256
ATGCCATACTCAAGTTCAAATGCACGAG,TCAACAACCTATGCA,-0.0142194910730648,0.0,178,362,269,198
TTTCCATACACAAGGTCAATGCCAAAGA,ACCACCGGTCCTGCC,0.0024807841129019354,0.0,134,313,278,246
AAGGCATCTGCAGAGCCAGATACACCAG,CTACTTACAACGGAA,-0.0008374811734430521,0.0,139,326,260,231
TACACATGGGCAGGGCCATTCGCAGGGC,CTACTTACAACGGAA,0.015697603323295575,0.0,96,284,253,262
CAAGCACGAACAACGCCAGAAGCATGTT,AGTGTATGATAATAT,0.015244349714449448,3.1147801869556133,91,300,247,245
CCGGCAAAGCCACATGCAGAGCCATAAC,TCATAGGTATCTCGC,-0.026569710357650902,8.944706295374544,181,307,248,139
CATACACTCTCATCAGCAGACACACCGA,TCAAATGATGAGGAT,-0.022907296414055072,0.0,168,331,220,144
CAGCCAGCTTCATCGTCATCAGCACATC,CTACTTACAACGGAA,-0.004167415263091262,16.390877714944963,129,337,204,194
GGTCATGTGCACTTCCAAACGCAGCAC,AAAAGCGACATTTCT,-0.01556062756843978,0.0,146,292,221,156
TAGACAGGAGCAAGTGCATAAACATCCT,CTTGATCAATCAAAA,-0.019615566399472727,6.778645250819864,167,278,193,158
AGGACAGCCCCATAGTCATATGCAGACA,AGTGTATGATAATAT,0.0032058388662023745,0.0,105,239,250,197
GGTGCAAGTGCACATCCAATACCAGGGT,TCATAGGTATCTCGC,-0.000100374230017185,0.0,103,316,182,175
CAAACAGCGCCATTCCCACAGCCACCGG,AGTGTATGATAATAT,0.0005776973412034989,0.0,109,280,201,189
TTGACACGATCAAGGCCATGCACATGTT,TCAAAACGGAGTGTT,-0.004625880169478469,0.0,120,271,198,178
ACGACAATGACAACTCCATAGGCAAACC,TCTTGGAGGTGAATG,-0.010546572526193362,7.1072353655172265,124,307,177,154
GCGGCAAAGCCAGGCTCAGGTGCACGAC,TTTATAAATCAATAG,-0.013195569702696952,3.828861326997867,136,261,200,156
CCGACACCAGCATGCTCATTCGCACATC,TTTATAAATCAATAG,-0.0038851089433214656,0.0,120,214,233,182
TTTCCATGAGCAGGATCAACCTCACACC,AGTGTATGATAATAT,0.0017899521468993356,0.0,109,236,203,196
GGTACAAGGGCACGCTCAATTGCACGCG,AGTGTATGATAATAT,0.004950604852149191,0.0,87,270,210,172
TCCTCATGACCATGGACAACCACAGTAT,TTTATAAATCAATAG,-0.013612157803114533,4.9900298628099335,128,264,187,145
GACTCAATAGCACTCCCAATGCCATGGA,TCGATAGAATTTACT,-0.006346800190841995,0.0,115,236,217,162
GGGTCACAGGCAAAGACAAGCCCAAATC,CTTGATCAATCAAAA,-0.006248783080330271,0.0,109,259,204,154
AAACAGAGCCATGACCATGGTCAGGAA,TGATCATCACGGGAC,-0.013350718554413677,4.241053394525579,127,254,184,145
TATTCACACCCAAAACCATGGTCAATAG,CTTGATCAATCAAAA,0.00246681197314363,0.0,97,230,203,178
GTACCACGGCCATATTCAGGGGCACATA,CCAAGACCGTGTAAA,-0.021398743361117707,0.0,126,280,145,113
ACGTCAGTCACAGTTCCACAAGCAATCC,TCAAATGATGAGGAT,-0.03861013958460426,0.0,185,234,134,99
CGATCAGACACACGTGCATAAACAGCAA,TCATAGGTATCTCGC,-0.012351642769887273,0.0,119,223,172,140
GGTGCAGACTCAGAGTCAACCGCACAGA,GGTTGCCCAGAAGTA,-0.008750747412853347,0.0,103,211,203,135
ACAGCATGCACAAGTTCATGGACACCAA,CTTGATCAATCAAAA,-0.008598830744982437,0.0,120,215,133,158
ACTACAGGTTCACGCACAGCTGCACCAG,CTACTTACAACGGAA,0.013784262292502994,0.0,78,170,182,201
CAGACAAGAGCAATGGCAAAAACACGTG,TCATAGGTATCTCGC,-0.0008139622750332826,0.0,92,201,180,153
GCCGCAGAGGCAACATCAAAATCAAAAT,TCTTGGAGGTGAATG,-0.02343224164632637,0.0,128,214,164,108
GATACATGATCATGCGCATGCGCAGCCC,AGAAGACGACGATGA,-0.024959226180702846,0.0,134,220,134,108
GCTCCAGAAACAAACTCACGCACAGTGC,CTTGATCAATCAAAA,-0.020918635200510505,5.0384288443488,122,208,159,111
CCTGCAAGCACACGTCCAATCACAATAT,GTACAAGAAATTTTG,0.02193652111463205,0.0,55,201,168,181
AGCGCATGTTCAGGAACACGATCAGCCG,TCAAAACGGAGTGTT,-0.01188705917509455,7.597993982968774,114,204,147,136
TTGCCAGTCCCATCTCCAACTCCAAGCT,GGTTGCCCAGAAGTA,-0.0016479443878964332,0.0,82,161,216,133
GACGCAAACTCATGCTCAACATCAAGTA,AGTGTATGATAATAT,0.007735082253021361,0.0,67,191,185,144
AGTCCAACACCACAAACACACACATAAT,CTTGATCAATCAAAA,-0.009564504768516165,0.0,86,214,172,110
CACACAGGCACAGTTGCAGGTTCAGCGG,CATTTATGGCTATCT,0.000388632094909284,0.0,87,188,160,150
ATAACAGTCACACAAGCAGTAACAACCA,ACCACCGGTCCTGCC,0.012070186527961296,0.0,67,192,153,164
GCCACAAGCGCAAGGTCACTTCCAGAAA,GTTGGGCGCTTAAAG,-0.020309852599409265,9.281954659890175,109,202,158,101
AGTTCAAGTTCAAGGGCATCACCAGGGC,TCTTGGAGGTGAATG,-0.001332713772192824,19.426617693884054,91,191,138,149
ACGGCAGGACCACCCACATAAGCAAGAA,ATGGCGATGGTCTTG,-0.01133340388391537,0.0,108,208,124,131
AGTACAACTTCAATGCCAGCATCAGTCT,TATATTGAACTTTAC,-0.005227758093372243,0.0,81,210,163,118
TCACCACACTCATCAGCACGTGCAAAAC,CGATGATGATGATGA,-0.009832769376066149,0.0,93,194,151,118
AAAGCAATGACACACCCATGGGCAACCT,ATGGCGATGGTCTTG,-0.006274257543422109,0.0,85,186,149,120
ACGGCAAGCACAGGATCAACTCCATCCA,AATGATACCATTTTT,-0.005924249722293255,0.0,75,198,150,107
TCGTCATAAACATCGTCACTCACAACAC,CTTGATCAATCAAAA,0.01177567323321367,12.629762544961068,61,135,176,148
GCGACATATTCATATACATTGGCAGATG,TATGCCCTTCTTCTG,-0.0023312487545473263,2.7081703331515996,73,157,174,116
GAATCAACGGCAGTTCCACTTACAGCTT,ACAGTTGACGGACAG,0.0023488936425288365,0.0,70,178,149,128
GGAGCAAAGACAACAGCAGGCACAACTT,TGATCATCACGGGAC,-0.035591501739418795,0.0,99,225,126,58
CGGACAGCTACAGGTACAGCATCAGGTA,TATATTGAACTTTAC,0.00019760960460980166,0.0,77,166,133,132
GGATCAGTCCCAGCTTCATAGTCATGTT,ACAGTTGACGGACAG,0.001537823620544481,0.0,65,175,145,116
ACTCCAACGACATTGGCAGATACACTGA,CGAATGCCATACAAA,0.01668620599329812,0.0,53,138,152,149
GCAACACCTGCACCTGCAAACCCAGAGT,AGAAGACGACGATGA,-0.005652243452842039,2.943649305472718,73,177,131,105
TACCCACTGCCATTAGCACCTCCATAGA,TCTTGGAGGTGAATG,-0.0314549473789776,0.0,98,189,141,65
GGTTCAGCAGCACTAGCATAAGCAGAGG,TCAAAACGGAGTGTT,0.013676782596081086,0.0,51,156,149,131
GTCGCAGCGTCAACTGCAGTAACAGAAG,CTTGATCAATCAAAA,-0.001984988041373799,0.0,71,165,125,114
ACTACAAATACATGCTCACACTCACCCA,ACAGTTGACGGACAG,-0.01111517195634592,3.8153612746395993,86,137,143,105
CTTACAATAGCAGTAACAACGTCACAAC,CTAAGCAGTCTTCTC,-0.005879775621855363,0.0,77,164,116,110
GAGGCATTCTCACGCCCACCAGCAGTAT,TATATTGAACTTTAC,-0.0011542216009374773,0.0,65,151,148,107
TAAGCATAGTCAGAGGCACCCACACGGA,TCAAAACGGAGTGTT,-0.009598191818713632,2.2704519314024765,90,134,127,115
GCTGCAGGTGCAGCCTCACATTCATGCC,TTTATAAATCAATAG,-0.006553199199106012,0.0,80,169,103,112
CCGTCATTGACAACCCCAAAAGCAGCTG,TCAAATGATGAGGAT,-0.03642280001766053,0.0,119,186,90,68
AGTGCACAGACATAAGCAAATGCAATTA,GTCACCGGCACTAAC,0.0015222872262602657,1.3285877536490034,74,117,134,132
AGGACAGGCACATTTGCATGTTCACGGG,AGTGTATGATAATAT,-0.009730205192583505,0.8160664138422362,88,125,126,112
ACCCCAAAATCACCGGCAAACGCATGAA,AAAAGAAAAATGTAT,-0.0040775349128461995,1.867848576756387,63,162,134,95
GTCCCAAAGCCAAAGACAAATTCAAGCA,TGATCATCACGGGAC,-0.019765545139182078,0.0,86,145,116,81
TGGGCAGTTCCATGAACAGTATCATATG,CTACTTACAACGGAA,0.021641436498345434,1.8310535401078596,42,125,132,137
TACGCATCAACACTCTCATCGACACACT,CTTGATCAATCAAAA,-0.007819174134613223,0.0,69,153,113,93
AACTCAGCGTCATCTCCATCTTCAAATC,TTTTGCATTTAGGCG,-0.013263114474204718,0.0,76,134,126,87
ACGGCAAGACCAGGATCATAATCACTAC,ACAGTTGACGGACAG,0.0022184303318242894,0.0,56,167,93,102
AACTCAATATCACAAACAGCATCATGTC,GTACAAGAAATTTTG,-0.01226628207449818,0.0,78,137,111,92
AGAACAAGGCCACCGTCATTCGCAATTT,CCAGGATGTACCGCC,0.005667643293957334,0.0,50,141,126,101
GCCGCAAGGACACGAGCAACCCCACATA,TCATAGGTATCTCGC,-0.014161820931805366,0.0,70,150,120,78
AAAGCATCGACATGTGCACCCACATACA,ACCACCGGTCCTGCC,0.026460090935156545,7.991061920283755,39,111,115,147
ACATCATAGGCATCAACAACGTCATGTG,AAAAGAAAAATGTAT,0.00676680042275284,0.0,57,122,110,119
AAGGATTGACATAGGCAAGTCCATGAG,ATGGCGATGGTCTTG,-0.011691555193347946,0.0,70,143,110,84
ACTACAGTACCAGGACCATGGCCATCAG,CTTGATCAATCAAAA,-0.011174748975482466,0.0,64,146,103,78
AACGCATCTGCAGAGTCAAACACAACGA,TATATTGAACTTTAC,0.007487249636770774,0.0,45,134,113,96
CGAACATGTACATTAACAGGCTCAGCGC,TTTATAAATCAATAG,0.005335965598851736,0.0,48,139,105,96
CCCACAAGGGCAGCTACAAATCCAGTGA,ATAATTTTCATCCAC,-0.044872490274443934,0.0,115,121,94,51
ATACCAAGCACATTCTCAGAACCAGGCA,TCAAATGATGAGGAT,-0.029529652907237847,0.0,74,163,95,52
CTCACAGCCACACCGTCAATAGCAGGAG,CGATGATGATGATGA,0.010929080806553223,3.0177776477648877,52,105,105,123
TTGGCATCGCCACGCTCAGCTGCAAGGT,GAACTCAGGTTCCAT,-0.01870796965203634,0.031042580545715737,72,142,90,70
GGACCAAGTCCAACCTCAGCGACAATTA,AAAAGAAAAATGTAT,0.008574757213973324,0.0,49,129,91,108
GAGTCAATACCAACACCATACGCACACC,AGAAGACGACGATGA,-0.02112909705721197,0.0,73,145,82,66
GCGGCAACAGCACGGACAATCACAGCGT,TTTATAAATCAATAG,0.014278098485341036,1.205178056610066,39,136,85,102
GTTACACGGGCAACGGCAACAGCAGGAC,GAGAATGAAGGACAG,-0.06749076964573703,0.0,120,132,74,27
CATACAACATCAAAGACAGGAGCAAATG,AAAACATTATCAAAG,-0.015807590419048667,0.0,66,116,106,70
GGTACATAACCAGTGGCAACTCCATACG,GTTCAGCTTTGATCG,0.0017396668651455587,0.0,44,138,88,79
GGCCCAGCTCCAATTACAGGTGCAAGGA,TATATTGAACTTTAC,-0.002868470052445208,0.0,55,132,85,86
ATGTCACGTCCAACTGCACTCGCAGGTA,AAAAGAAAAATGTAT,-0.0002325038899204807,0.0,52,118,92,88
AACGCACGGGCAGTGGCAAAAACAACAG,CTTGCAAGTGTAATT,-0.015807590419048667,0.0,66,131,79,70
CTGACAGGCTCAATATCAACCACAACAG,AGAAGACGACGATGA,-0.03289952346961683,5.320079088297462,74,156,65,47
AATTCAGTAGCAGTGTCATCGGCATGGA,TCAAATGATGAGGAT,-0.03245415468379428,0.0,87,118,81,56
AGACCATAATCAGCATCATCGGCACTAG,TATATTGAACTTTAC,0.0065939765316132895,0.0,39,117,96,81
TTTACAAAGTCATTTGCAGGTCCAGCGC,CATTTATGGCTATCT,-0.0016337609964335823,0.0,53,99,96,86
CCGACAGTGGCATACTCAGTAACACAGA,GTCACCGGCACTAAC,0.014716380913457927,0.0,40,76,98,106
CCGGCAGGTTCAGCCCCAAACTCACCAT,CTTGATGGCTGAAAG,-0.014868561186825467,0.0,66,121,58,72
AAAACATCTGCAGGGTCATGCTCAGATA,TCAAAACGGAGTGTT,0.00645338866680653,0.0,44,89,97,91
GGTCCACAGACAAGTCCATCGGCAACGT,AGAAGACGACGATGA,-0.047242354330568274,11.182914699534422,92,118,64,38
GGACCAGCTGCAATATCATTGACATCAG,TCATAGGTATCTCGC,-0.017243995187541813,1.8295691588257341,63,112,71,64
GGCTCAGCACCAGGTGCAGAGTCACGAT,AGTGTATGATAATAT,-0.00708654391065407,0.0,45,100,105,62
AACCCAACATCAAGGGCAGCGACAACCT,CTAAGCAGTCTTCTC,-0.03694774524993186,5.638358776115865,64,117,85,36
AGGGCATGTTCAAGACCAATACCACTTC,ACAGTTGACGGACAG,0.02215449929059825,4.769052109605582,32,76,83,106
CGACCAATAACACATCCACCGCCAGCTT,TATATTGAACTTTAC,0.003290334052975311,0.0,42,102,72,79
AGAACACTCGCACTGACAAGGTCAATGT,TTTATAAATCAATAG,0.0004052945962976573,0.0,40,112,75,69
TACACAGATGCACGACCAGTTACAAAAA,ACAGTTGACGGACAG,0.0037483639658765742,0.0,43,83,79,82
CTGGCAGTGGCAGTTTCATGGGCAGTCA,AGTGTATGATAATAT,0.0007834477653266905,0.0,47,94,73,82
AGTGCATCAACATACGCATTGGCACATG,TTTATAAATCAATAG,-0.008704483237025048,0.0,48,105,69,63
CAACCACTGTCAAGTGCACAAACACGAT,ACAAGTTTTACAGTT,-0.028984681640520205,0.0,70,97,66,50
CCTGCACGGGCAACAGCAGATTCATCAT,CTTGATCAATCAAAA,-0.00474006346357941,0.0,46,98,72,68
GAGACATTGGCAACTCCAGTTACACGAT,CTTGATCAATCAAAA,-0.006337448715585436,0.0,44,90,82,62
CAATCAGCGGCACTGCCAATTACAATCA,GTTGGGCGCTTAAAG,0.0035903660816078687,0.0,49,67,72,93
GCAGCAATGCCAAGGACAGGCGCAAGAA,AAAACATTATCAAAG,0.003875878176905313,4.20353995524988,35,98,80,67
TTATCAATCTCACCTACAGCTGCACACT,TGATCATCACGGGAC,-0.02717668934262035,0.0,61,94,79,46
TGGACACGGGCATCAGCAGGCTCATAAA,TGATCATCACGGGAC,-0.029865790209458714,0.0,69,90,71,48
AAAACATCTTCAGTCGCAGTCCCAACAA,AATGATACCATTTTT,-0.04493684035877921,7.034549082851299,61,111,79,27
GTTCCATTAACATCACCAAAAACATTTA,TTTATAAATCAATAG,0.00037444467893287995,0.0,47,53,94,81
GAGACATCCGCACTGTCAACATCATGCT,TCAAATGATGAGGAT,-0.03706016806588649,0.0,66,103,67,37
GGGACACACGCATAAGCAATAACATCAC,ACAAGTTTTACAGTT,-0.032969519995512966,0.0,71,110,46,45
CGCCCACGTTCAATGTCACTGACACGGC,CTTGATCAATCAAAA,-0.0005968062409935035,0.0,46,82,67,77
CCGACACGGACATCCGCAAGGGCATGAA,CAATCTTGAATTGAT,-0.046485023599118463,0.0,71,108,54,30
CGCACACAAACATTCGCAGTAGCAAACA,TTTATAAATCAATAG,0.008847982787445932,1.9274964789965452,36,80,71,80
CCGACAAGAGCATCCTCACACGCAAATC,ACAGTTGACGGACAG,0.01846610845575468,2.683733851379884,29,68,80,86
GGAGCACTTTCAATCGCAGGCTCAGTCG,TACACCAATTACACT,-0.03046135693707289,0.0,60,111,45,41
ACACCACGGGCACGTGCAATTACAAGGC,TTAATTGCACTTATG,0.02336284746478259,0.0,23,88,72,79
CTGTCACCCGCAATAACATGGGCATAAT,CTACTTACAACGGAA,-0.0045255471708463306,4.15926072869479,41,93,62,61
GTGCCACGTCCAGGCTCATATCCATGTA,CTTGATCAATCAAAA,0.012257277758126552,2.246614590828358,26,89,77,64
GCCTCACAAGCATTTTCATGCCAATGG,TCGATAGAATTTACT,-0.013317893998995684,0.0,49,80,71,56
GTGACAGCAACACAATCACCTCCACAGT,TATATTGAACTTTAC,0.011516073043230478,0.0015828955736196804,27,103,58,65
TAGGCATCGTCAGATGCAGAGACACTGC,TTTATAAATCAATAG,0.007188293970678765,1.4844668243990782,35,75,68,74
TGCCCATGGACAAGTGCATGACCAACCC,TATATTGAACTTTAC,-0.011812547461700603,0.62111663146311,46,74,78,55
TATACACGGTCAATTACACCGGCAGGTA,AGAAGACGACGATGA,-0.02505858045197408,0.0,56,84,59,45
CTCTCAGTCGCACGAACAAAGCCAGAAA,TCAAAACGGAGTGTT,0.0003515744664862523,0.0,36,81,66,62
ATTCCACTAGCACGACCAGGCACACAGG,GGTTGCCCAGAAGTA,-0.0066978125857259626,0.0,33,96,69,46
GGTCCAGATCCAGCGACATGGGCATCTG,AAAACATTATCAAAG,0.014459159948086405,6.571487082741214,27,89,57,71
AACCCAATTACACTCACAAAACCAGAGG,CTTGCAAGTGTAATT,-0.02245500544051944,0.0,61,76,55,53
ACTACAGGAACACTACCAAGTGCACTCT,CTTGATCAATCAAAA,0.007487249636770772,3.2072965864158505,30,69,78,64
TAGACATGAACATAAACAGGTTCATGCG,AGAACATCATCTACA,-0.02735834283487247,0.0,44,100,61,33
GCCACATGCACAGTAGCACAAACAATGG,CTATGCATTTACTCA,-0.05601568884773118,10.834161091499766,63,85,68,20
TGCCCAGAGACAAGCCCATCCCCAATAC,AGAAGACGACGATGA,-0.0007414196276134257,5.5326299833136545,36,66,69,60
TATACATAATCAGACGCAAGTGCACACC,TTTATAAATCAATAG,-0.0067863003821383655,0.0,41,69,64,57
GAAGCATATACAGAGTCACGGCCAAGGA,TCGATAGAATTTACT,-0.005586947969997628,0.0,34,85,63,49
TCGGCAGGGACACTGACAAGCACAAACA,CGATGATGATGATGA,0.005837228177669755,0.0,33,57,68,67
ACGTCAGGCTCAACCGCACAACCATGGG,AGTGTATGATAATAT,0.004242971504752029,0.0,31,63,76,60
TGAGCACGTGCAATAGCAGCTCCAAAAG,AATGATACCATTTTT,-0.005789807056216523,0.0,37,71,66,53
CACGCAGTCGCAGGCGCATGCACATTGC,AGTGTATGATAATAT,-0.014432825134580366,3.622232096936841,38,87,57,42
GTGGCAAGGTCACTCCCATCCCCAATCA,TCAAATGATGAGGAT,-0.02614608802917663,0.0,54,69,55,42
AAGCCAGACGCAGGTTCACGGCCACTGT,TTTATAAATCAATAG,-0.029227991723240573,9.242542608692247,55,79,42,39
ACCTCAGCAACAATAGCAACGTCATAGT,TCAAATGATGAGGAT,-0.02555610212586328,0.0,48,82,47,38
ACTGCAGTGCCAAAACACCATCACCAA,AATGATACCATTTTT,0.021089445963711487,10.312736699518382,24,72,45,77
TGCACAGTCCCAGTTTCACATCCACTTT,AGTGTATGATAATAT,0.01309004210781019,0.7058844466464507,21,70,71,53
TAGGCAACGGCATCAACATTGCCAGTAA,CCAACACAGGCTTCG,-0.04750220839665015,0.0,61,85,38,25
ATCGCATTGCCATCGCCAAATCCATACC,TCGATAGAATTTACT,-0.006553199199106012,0.0,25,103,47,35
CAGCCACCAGCAGCCGCAGCCACACAAC,CTCGCTAATACTCCT,0.02118342215602088,2.794783036134504,23,58,58,74
AACTCAGCTACATGTCCAAATGCAGAGG,ACAACCTACCTGCTA,-0.001221044209350081,0.0,28,84,51,46
GCTACACGTTCAGGGGCAGTTGCAATGC,TGATCATCACGGGAC,-0.01776894041981311,0.0,35,90,48,35
ACTACATACCCATGGCCATTCCCAATTCG,TCAAATGATGAGGAT,-0.004253436816207622,4.443016696151403,28,84,51,42
TAAACACACCCATGCGCACAAACAAGAA,TCTTGGAGGTGAATG,-0.026778618077810176,0.0,38,102,31,29
ACGTCAAGAGCATTCCCATATACAAGAT,GGTTGCCCAGAAGTA,0.04350704240895182,16.673457397916877,14,54,47,88
CATGCATCAGCAGAGACATCGACACAAA,ACAAGTTTTACAGTT,-0.04317360882137635,0.22313762411062044,60,69,45,28
GCCTCAGACACATGGGCATAGCCATGCA,CCAGGATGTACCGCC,-0.024690252579087923,5.288484733953965,48,63,53,39
ACCTCATCTCCATAAACAGGTACATAGG,ACAGTTGACGGACAG,0.007635727981750127,0.0,28,52,55,60
AATCCACCTACACCGGCACGGGCAGGAT,CATTTATGGCTATCT,-0.007646193293205722,0.0,31,83,40,42
GGGTCATCTACACTAACAAGCGCAACAG,CTTGATGGCTGAAAG,-0.0026110685159815316,0.0,33,60,39,52
GTAACAACTGCAGAGACAAGGTCACTCA,TTTATAAATCAATAG,0.030461692344731072,10.073108445357661,16,48,61,68
CCGGCAGGGGCAGGTACACCTGCATGGC,AAAACATTATCAAAG,-0.020437030675597687,0.0,39,63,52,36
TGATCAAGAGCAAACTGCATTAGCATGGA,TTTATAAATCAATAG,0.01814968889586278,1.1147935228939332,16,70,61,47
AATACACCGGCATGGCCAGATCCACCAA,CTTGATCAATCAAAA,-0.015469178036914721,0.15179002940908504,28,49,83,30
GAACCACCCGCAGTATCAAGCGCAAGGT,CTCGCTAATACTCCT,-0.0045395616059206835,0.0,39,43,47,58
GAACCACGTTCAGCTTCAAGGACATGGT,GGTTGCCCAGAAGTA,0.005925951502165092,0.0,28,45,56,57
TCGGCAATGCCACGTACAGGCACAGGCG,GTCACCGGCACTAAC,-8.789403654274145e-06,1.4604678355201486,27,52,55,46
CCAACAATAACATTCGCAGAAGCACGAA,CGATGATGATGATGA,-0.019789761147027626,1.7652899205560288,34,54,57,32
GGCGCAATTACATAGCCAAGCACACGAA,CTTGATCAATCAAAA,0.021803249113838703,9.668101510975248,18,41,59,59
TCGCCAAGTTCAAGCACAGAGACAGACT,TATATTGAACTTTAC,0.000388632094909284,0.0,29,57,42,50
TTCGCACGCCCACCTCCACTGCCAACAA,ATGGCGATGGTCTTG,0.007205614487219843,4.074848218652733,26,48,46,55
ATATCAAGCTCATCGTCACGTGCAGTAG,AGTGTATGATAATAT,-0.0149503608188777,1.281698768608294,34,53,51,37
TTGCCAAGGTCACCAACAGCGGCAGCCT,CGATGATGATGATGA,-0.026833397602601172,4.748672949427942,42,53,46,32
CAGACACGGCCAATCGCAACTCCAGACA,TGATCATCACGGGAC,-0.0036061672876375925,3.3175793524621895,34,57,27,52
TCCGCATTACAAGGTCATTAACACCCC,TTTATAAATCAATAG,0.023456480485151098,8.358197802758696,18,38,51,62
CCCACAGAGACAAGGGCATCTTCACTCG,TCAAAACGGAGTGTT,0.020001008404829507,2.2613819946325293,19,47,42,59
ATTCCATAAACAGGCGCATACACATCCC,CTTGATCAATCAAAA,0.0020971739837301203,0.0,27,47,43,49
CGATCAGGGACATGTACAATCGCATCCT,CTCGCTAATACTCCT,-0.0035208065922484716,0.0,30,50,39,46
GGTGCATGATCATTCGCACCCGCACAGC,CTTGCAAGTGTAATT,-0.022907296414055044,0.0,35,49,50,30
GGTGCATCACCATCCACAGAATCATGTA,CTACTTACAACGGAA,0.03321089973887236,2.337568864263176,13,48,40,60
GGGTCATCTGCAACCACAACGGCAGAGT,TCTTGGAGGTGAATG,-0.023846325646278272,0.0,24,76,43,20
TTAGCAAAAGCAGAGACAACACCAGCGA,TCGATAGAATTTACT,0.012455102275453706,2.164438134568286,21,53,38,52
TAGGCAGACGCAGAACCAAGCACAGTGC,AGAAGACGACGATGA,-0.033952534279203146,1.9362536965381878,39,61,34,24
ATCGCAGGCGCAGAGGCAGTTCCAGGCA,TCAAAACGGAGTGTT,0.009671069873791642,0.0,18,51,52,41
GGGGCATATTCACCGACACGCGCAGGTG,TCAACAACCTATGCA,-0.006008227932388369,0.0,26,40,54,37
TAGGCACTCGCATGGGCAGTTGCAGCAC,CTATGCATTTACTCA,-0.004913524392746979,0.0,17,68,46,25
CTCTCACTGCCACCATCATATCCAACTC,TTTATAAATCAATAG,-0.0166388886972904,2.18170584448751,29,60,36,30
AGCCCATACACACAAGCACAAGCAGTTA,CAATCTTGAATTGAT,-0.050949875500909104,0.0,46,57,31,17
TCTGCACTGACATGTGCAAAATCATACA,AGTGTATGATAATAT,-0.0025864227970522646,0.0,26,55,33,41
TCGCCATATCCATAAACAGTGCCAACAG,TATATTGAACTTTAC,-0.02324570879618899,4.043633953533799,33,52,36,28
GCCTCAGGACCAGTCACAACGTCAAATT,ACAGTTGACGGACAG,0.00019760960460980226,0.0,28,35,43,48
TAAGCAACAACAGCAGCAACACCATACA,TTTAACTCACCGTAA,-0.011691555193347946,1.8356872911454616,25,47,47,30
TGGACAGTATCAAAAGCAACTGCAAGGG,ACAGTTGACGGACAG,0.005335965598851709,0.0,23,35,45,46
ACTTCATTCGCAACGTCAATGACAGGGA,TATATTGAACTTTAC,0.024928854428922356,5.515560895922135,15,38,43,54
CTGTCAGTGCAATACCAATCCCAGGCG,ATGGCGATGGTCTTG,-0.032591801128527983,3.113461472773281,39,50,32,25
GTGTCAACGCCATAGGCAGCCGCAGTGA,TATATTGAACTTTAC,0.02313871512986032,7.705079720662866,17,30,42,58
AGGTCAGGTACAGCTTCATCCACAAACG,CTTGATCAATCAAAA,0.0044470240294463455,0.0,19,50,40,37
AGTCCACTGGCAGGTTCATCGGCACGAA,AAAACATTATCAAAG,0.016551706819558833,8.810287740438184,15,39,51,42
CACTCATCCGCATACACATCTCCATGGC,TTTATAAATCAATAG,8.166745873228302e-05,0.0,24,39,38,41
AGTTCAGTAACAAACTCAAGCGCAATCG,AGTGTATGATAATAT,-0.016218273231983354,3.2470199661906918,21,61,37,22
TCAACACATGCATCTACATGATCAGACA,GGTTGCCCAGAAGTA,-0.014256923231218915,3.1381324089015834,27,58,22,30
TATTCAAGCGCACCACCAACAGCAATTG,TCTTGGAGGTGAATG,-0.02764446762458553,0.0,39,37,33,29
GCAGCACTAGCAAGATCATCCTCATGGA,ACAGTTGACGGACAG,-0.00891216822871293,0.38678027110449875,23,36,49,30
GCTCCACAAGCAGAGACAGCGACACGCG,TCATAGGTATCTCGC,-0.0013530575832200107,0.0,22,47,33,36
GGGTCACAGTCAATGTCAAATACAGCTG,ATGGCGATGGTCTTG,0.009787012019669162,1.2737282485842343,14,50,38,32
TCTGCATTGACAGGCTCAAATCCATACA,TCAAATGATGAGGAT,-0.03308668473242778,0.0,38,52,18,24
TGCGCAACTGCACCACCATACACAGTTC,TTTAACTCACCGTAA,-0.027677324535410826,0.0,35,44,27,26
GAGTCACCGACAGGTACAACAACAAAGC,CGATGATGATGATGA,-0.0385740840555796,7.864136263915952,28,55,36,15
GAGCCATAGCCAATTCCAGAATCAGGGA,GTTGAACTGGTTGTT,-0.005879775621855362,0.0,21,46,34,30
TGGACAGGCGCAAAGCCATTCCCACATC,TGATCATCACGGGAC,0.010474321593093671,7.782131795437294,18,42,27,42
CGCACACTTTCACCAGCACGCACAGGAG,ACAGTTGACGGACAG,-0.0010325422932385777,0.0,23,23,47,38
CAACCAGAATCAGCGTCACATCCATCCA,ACAAGTTTTACAGTT,-0.04087384643847796,0.0,40,49,20,20
CTGTCAAGGCCAGAGCCATCAACAGATA,CATTTATGGCTATCT,0.027228616811820747,4.030281465224505,14,41,20,54
CCCGCAATTACAGCCGCAACCACAGCGC,CCAACACAGGCTTCG,-0.04258362291806297,0.0,40,47,21,19
ACGACACGGACAGTCTCACAAGCAGCAT,GAGAATGAAGGACAG,-0.053640254847014845,0.30201697122032556,44,47,17,15
TAGCCAGGCTCAGCGCCATCCTCATGTA,TTTATAAATCAATAG,0.00880954362695301,3.6578575742106523,8,42,39,39
ACCCCACCGGCACACGCACATCCAATAA,ATTATCAAGTGCCAG,0.010474321593093673,0.5692408917103648,12,44,44,28
AAGGCAAGACCAGCATCACAATCAGGCA,CTTGATGGCTGAAAG,-0.025715974534646382,0.22002107031079277,33,33,32,26
AATACAAGCTCAGGGGCATAGACATCGG,ATTATCAAGTGCCAG,-0.016350286605853255,0.1609731386411113,23,35,41,24
TGGACAATCACATTGTCACCAACATAGT,CTTGCAAGTGTAATT,-0.019187594233772993,0.0,24,43,33,23
ACATCACAGTCACCTGCAGGGGCAGGCC,ATGAAGTTCATAATG,-0.04087384643847796,0.0,40,32,31,20
CTGACAGGCACAAGAGCAACCTCAACGC,AGTGTTAATCAGACC,0.0034306851375200953,0.0,18,37,33,34
GTGACACCGACAAGGGCAATAGCATTTG,TCATAGGTATCTCGC,0.01984656797411322,4.3273527169012596,11,34,43,34
GTGGCATTAGCAATATCAAGCTCATCGT,CCAACACAGGCTTCG,-0.04087384643847796,0.0,22,58,27,11
GCGCCAGTGGCAAATACACGGTCATTTG,TTTATAAATCAATAG,-0.005279158771766108,0.0,22,34,32,32
AATACACAGACACAACCACCCCCAGGCG,AAAACATTATCAAAG,-0.0200687028027115,0.0,30,43,19,28
CATACAAGTCCAAAACCATACACAGTGA,TTTATAAATCAATAG,-0.03865450113688704,0.6644996906027245,9,64,21,23
GTGGCATCCACATCAACAATAGCAAAGG,TTTATAAATCAATAG,0.017225130396809483,0.4699224038324701,14,48,17,40
TCCACACCTCCAAAAACATTCTCACGAG,TTTAACTCACCGTAA,-0.03375470976187599,0.0,21,46,40,13
AGCCCAGCTCCACACACAAGCTCACAAC,TTTATAAATCAATAG,-0.009730205192583535,0.0,22,31,37,28
GGCCCATGCCCAATTTCAGTTCCATGCA,GAGAATGAAGGACAG,-0.0768061894441987,0.0,37,57,15,5
TACGCATCTTCACCGTCAGTGTCAACCG,AAAAGCGACATTTCT,-0.02066931965280078,0.0,24,32,39,22
GTCCCAAAAGCACAGCCAAATACACTCG,TCAGAGCATTGGCCT,0.03161787761099408,0.0,10,35,27,44
AGCCCAAGGCCAAAACCACGCACATAAT,CGAATGCCATACAAA,-0.006055677525216844,0.0,19,39,30,27
ATTACAATGCCACAAGCAACGTCAACGG,CAATTTCAACGTTGT,-0.0334811860756417,0.0,28,48,27,8
ACCGCATCTGCAGACGCAGGAACACTAC,CCAACACAGGCTTCG,-0.03343572806133766,0.0,24,55,18,15
GGAACAATCACATGACCATTGCCACATA,TTTATAAATCAATAG,-0.004843422719521005,0.0,19,43,21,28
TGTTCACGGCCAGTCTCAAGAGCAATGT,TTTATAAATCAATAG,-0.038968565977146374,6.934848385899613,34,33,24,18
CGATCATGGGCAGCGCCATCTTCATCAA,TATGCCCTTCTTCTG,-0.03872256240055889,0.5126727162346469,30,40,25,16
AGGCCAAGTACAATCGCAATCCCAGCGT,AAAAGAAAAATGTAT,0.023554089144454057,1.3286357861052238,11,35,26,38
GTCCCAACGCCATTTCCAATTGCAGGAT,TCAAAACGGAGTGTT,0.0156744632089797,9.399857094649633e-05,11,44,26,30
GAATCATGTACAGTGACAATTTCAGCCG,CTTGCAAGTGTAATT,-0.04770032686001172,1.3572143871045341,27,38,31,11
TATCCATCGCCAGGGTCAGTAGCACGTG,CCAACACAGGCTTCG,-0.010519961326096316,0.18025481413673106,19,54,29,7
TAGCCATGCCCACATCCAATTCCACGGA,GAACTCAGGTTCCAT,-0.00870448323702505,0.0,16,55,18,21
CGACCAGTTTCATATGCACCGCCAGCTT,ACAGTTGACGGACAG,0.001163860833718185,0.0,17,43,17,30
CTATCAGCATCAGCGCCATGCACATCCG,AAAACATTATCAAAG,-0.0234972823173684,0.0,19,46,24,16
AGCCCAGGGACAGCAGCATCCTCAACGA,AAAAGAAAAATGTAT,0.008975941997684802,0.0,13,30,35,29
GGCGCACAGTCAAAGACAATTTCAAGGG,AATGATACCATTTTT,0.005335965598851738,1.8969949152091772,13,35,34,26
CAAGCAAACACAGATGCAATCCCACAAC,ATGGCGATGGTCTTG,-0.021280957608407338,0.0,20,40,25,18
GGTGCAGTCACAGCTACAGTCACACGCA,ACAAGTTTTACAGTT,-0.024674706748340023,0.0,20,53,23,9
CTGGCAGAGTCATGGGCAACGCCATGAA,CGTCAAGACCTTCTA,-0.023846325646278272,0.3153470116679671,24,36,24,20
CAAGCAGGCCCACCTGCAACTCCAGCTC,TATATTGAACTTTAC,0.001558342755284961,0.0,14,35,31,25
GGAGCAGGGCCAGAATCACGGTCAGTTA,ACAGTTGACGGACAG,0.025263865624039063,2.836268548174985,11,24,27,40
TCAACATACACAAGCTCACGGCCACATA,CATTTATGGCTATCT,0.014544411486456988,0.05482899758209214,11,42,18,29
GATGCAGGTGCAAGGGCAACACCAGAGC,GAGAATGAAGGACAG,-0.061429072724324116,0.0,38,45,7,7
CGGACATCCACATCTTCATTGTCACCGC,ATGGCGATGGTCTTG,-0.021695041608359247,0.015337808970002698,27,16,31,24
CAGACATTGGCACTGCCAACCACAATTA,TGATCATCACGGGAC,-0.020150905885884626,0.0,29,27,16,27
CCAACAAACTCACTGACACTTCCAGGAA,TCAAAACGGAGTGTT,-0.0135499039470252,0.004726460046128977,9,32,39,19
TGCGCACATGCACCAACAAAAACAGTAA,GTCACCGGCACTAAC,0.012774083975992062,0.0,10,38,27,25
GGGACATAGCCAAGTCCATCCGCATGTG,GTTGAACTGGTTGTT,-0.012351642769887303,0.0,17,35,24,20
ATTACAACAGCAGAAGCAGTTCCATTGG,TTTTGCATTTAGGCG,-0.00032733562766152496,0.0,16,32,22,27
CGTTCAACGACATGGCCATCATCAGGGT,GAGAATGAAGGACAG,-0.09494612253366182,0.5152346534400749,39,41,11,7
TTCACATGCCCAAATGCAAAACCACCTT,TATGCCCTTCTTCTG,-0.023186238069738945,0.0,20,36,23,17
TTCTCAGTTCCAACCTCAATAGCAAGTT,TATATTGAACTTTAC,-0.03308668473242779,3.230622957774017,19,35,31,12
CGGCCAAAATCAGGTGCACGTCCAAACT,CTACTTACAACGGAA,0.008004055854636283,0.0,12,33,26,26
GGGCCAGGTCCATCTCCAGTGGCAGTTC,TTTATAAATCAATAG,0.014925368013911096,0.6500397233822923,12,35,19,32
ACTGCAGCTACAATGCCAGTGACATTCG,CCAGGATGTACCGCC,-0.0007414196276134266,0.0,12,29,36,20
GGCTCAAGGGCACTGGCAAAAACATTCA,TCAAAACGGAGTGTT,0.004205913876329026,0.0,15,26,24,29
TGCACACAGCCAAGGGCACCGACAATTC,AGTGTATGATAATAT,-0.0013530575832200141,0.0,11,32,34,18
TAAACACCAGCACCAACAAAGACACACT,TCAACAACCTATGCA,-0.006158717277539266,0.0,12,29,37,17
TACTCATGTTCATAGCCACAAGCAGGGT,ATTATCAAGTGCCAG,-0.001783171077750234,0.0,13,34,27,21
GAATCAGGGCCAGAGCCAACTGCAATCC,GTTCAGCTTTGATCG,-0.028984681640520236,0.0,21,42,15,15
GTGCCAAAGCCAATCGCAAATTCAGGCC,TATATTGAACTTTAC,-0.0028927036655324624,0.0,16,28,25,25
CAATCAAGGCCAGGCACATGAACACTCT,CTTGCAAGTGTAATT,0.006817691017879495,1.3247104548598827,11,38,20,23
CCAACATAGTCAGACTCAACTCCACCAG,TCGATAGAATTTACT,-0.025648566355287495,0.8760695607671778,19,29,28,15
GTGGCAAGCACAGCGGCAACATCAGATT,TATATTGAACTTTAC,0.0008849191780343121,0.0,12,28,31,21
TCATCAGCCACAACGCCAGTTTCACCGA,TTTATAAATCAATAG,-0.01776894041981314,0.43957617814680816,17,29,30,17
CTAACAATAGCAAGTACAGGTTCAAGAA,AAAACATTATCAAAG,-0.020068702802711468,0.0,15,49,15,14
TGACCAGGAGCAAGGACACATACACTCA,TGATCATCACGGGAC,-0.03277048889254181,0.0,9,47,18,19
TCAGCAGTAGCAGCCGCAAGGACATCTA,TCAAATGATGAGGAT,-0.02424080756784502,0.0,17,37,24,14
AGCCCAGCGACAGTTTCAGGGGCATATA,TCATAGGTATCTCGC,-0.037973467205490316,3.932439525005236,22,35,21,12
CAAGCAAGAACAAATGCATTAGCAAATT,ATGGCGATGGTCTTG,-0.011691555193347978,0.0,15,41,17,18
GGGGCACTTCCACAGGCAAGAGCATAGG,AATGATACCATTTTT,-0.022219986840630507,0.06256474849652705,16,32,29,14
CCCCCAGAATCATTATCAAGATCAACGA,TTTATAAATCAATAG,0.014840943016383674,2.600573412803101,7,21,39,22
GTAACACTGGCAAAATCATTAGCATAGA,CGTCAAGACCTTCTA,-0.0112970732717812,0.0,14,33,25,17
TCGGCAACACCACTAACAAACGCACAGC,GTTGGGCGCTTAAAG,0.006593976531613287,0.0,13,25,22,27
ATACCACAATCATTCACAGAAACAGTTC,GCAAGAAAGAAACCC,-0.08915806419274075,0.0,39,35,6,1
CCCCCATGCTCATGGACAGAGACATCTA,TTAGTCTTTCCATCA,0.010292354106097322,0.0,2,23,37,22
GGCGCATACGCAATGGCAGCATCAGCAG,GAACTCAGGTTCCAT,-0.00527915877176608,0.0,11,33,19,16
TCGCCACGAACATCAGCAACCACAACCA,GTTCAGCTTTGATCG,0.0053359655988517085,0.0,11,19,31,22
GGGACAGGCCCACACCCAGCACCATCCC,ATGGCGATGGTCTTG,0.0036261891192667325,0.1986582196829545,10,34,21,19
GCAGCACACGCACATCCAGCCACATGTG,CTTGATCAATCAAAA,-0.02614608802917663,0.6381989430626618,18,24,26,14
ATATCATGGGCAGTGCCAGAGGCAGGTA,GTTCAGCTTTGATCG,-0.003409509883397973,0.0,13,34,14,20
CAATCACGGCCAGTCACATAGACAATAC,CTTGATCAATCAAAA,-0.013026338953660434,0.0,1,40,17,24
CGTGCACGTGCAATCGCAAGTTCAGGGG,TGATCATCACGGGAC,-0.049589316055758,3.134089644209496,29,28,6,15
AACCCAGCCACAACGGCAATCACACCAA,CATTTATGGCTATCT,-0.0068733343157991065,0.0,8,28,22,19
TGGACACGCTCAAGACCATCGACATACG,TCTTGGAGGTGAATG,-0.02564856635528749,0.0,19,30,14,15
TGTTCACCCCCAGCTCCAAGCGCATTGT,GAGAATGAAGGACAG,-0.02253896854116889,4.716433327807181,15,37,12,13
CGGGCAGATTCAAGTTCACTGGCACAAC,CTTGATCAATCAAAA,0.00938622373639353,1.5406732265344658,11,34,25,7
CGACCACGCACAAACCCAATACCAAAAA,TCAAATGATGAGGAT,-0.031662803867097945,0.0,19,30,19,9
CCTACAAACCCAACGACAGAGGCACTGA,GTTCAGCTTTGATCG,-0.03545654878855215,0.0,17,24,24,10
AGGTCAGCAACAAGCTCAGTTCCACACA,CTTGATCAATCAAAA,-0.002102152778288558,0.0,10,23,24,16
AGCGCAAGACCATAAACATCGTCACACG,GTTGAACTGGTTGTT,-0.017768940419813084,0.0,14,12,33,14
GAGCCACCCTCATCAACAGCTGCAACAA,ACAAGTTTTACAGTT,-0.04419018931127593,0.3357157959595156,24,17,7,21
CCGCCACAGGCATAGCCACGGTCAGCTC,TCGATAGAATTTACT,0.05443140175486125,11.824937987812973,5,16,10,37
TTTGCAGTAGCAACAGCACAGGCAAACT,TGATCATCACGGGAC,-0.028107438029941076,0.0,15,32,11,11
ACTTCAGCCGCACACCCACGTACACCAA,CTACTTACAACGGAA,0.006515253042426718,0.0,11,30,9,19
AAAGCATAAACAGACACATCAACAAACA,CGTCAAGACCTTCTA,-0.0090234649375634,0.0,10,31,16,13
GCGACACAGGCAGAAGCATGATCAACTC,CTTGATCAATCAAAA,-0.04390832035625045,0.3976174023957242,7,34,16,11
GAAACAGTTCCAAAATCATTGACACCAG,ATTATCAAGTGCCAG,-0.009023464937563399,0.0,10,34,12,13
ATAACAGAGCCAATGGCAGGAGCACTTA,ATGGCGATGGTCTTG,-0.039323179250648176,1.7828853617811546,21,17,17,11
CAAACACGCCCATGCTCAGATACATGAG,TCTTGGAGGTGAATG,-0.026514415902062816,0.0,13,25,18,10
TTGACAGCCTCAGACTCAGCTACAATAA,GTCACCGGCACTAAC,0.012888140455202757,0.0,10,9,23,24
TCGACATACTCATTCACACCAACAAACA,CTTGATCAATCAAAA,-0.00316793570811298,0.0,4,26,17,19
CGAACACGTTCACTTACAGTAACACAGC,CAAGGATCCCCGTAG,-0.012630584425571146,0.0,12,25,12,14
CGGCCACAAGCATGTGCATGTACAAACG,TCAAAACGGAGTGTT,-0.04087708926542868,1.4806118979641383,7,32,15,11
TTAACAGACACAAGCACAGAACCAACAT,ATTATCAAGTGCCAG,-0.009730205192583503,0.0,11,25,15,14
GGGGCAAAGCCATAATCAGTATCAGAAA,TTAGTCTTTCCATCA,0.02727133020375465,3.6272504244925585,6,23,26,8
CTTCCAAACGCAATTACAGTTCCAGTAG,CTACTTACAACGGAA,-0.01776894041981308,1.5707564025078682,14,17,19,14
CCGGCACAGGCATACGCACAGACAATTC,CTACTTACAACGGAA,-0.042500185244125695,8.983550383198747,21,19,14,10
GAACCAGGTCCATCTACAACAACAGTCC,CCAACACAGGCTTCG,-0.016393721389538828,0.8665093731152069,14,23,19,8
CTGCCAGGCACACTCCCATTGCCAGTTC,GGTTGCCCAGAAGTA,0.03179806627523829,2.5741456282886475,7,17,15,25
CTCGCAGATTCAGCTTCACCTGCATCAC,AGAAGACGACGATGA,-0.020669319652800753,0.0,12,19,20,11
ATCACACAATCAGGGCCAATCACAGATG,CGAACAGAAACACAA,-0.005279158771766078,0.0,11,15,21,16
CCGTCAGCTGCATGCGCAGTCACATGTC,ACAAGTTTTACAGTT,-0.011691555193347946,1.0789622018575642,10,24,13,12
CACGCAAACGCACTATCAACCGCAATAG,AGAAGACGACGATGA,-0.026514415902062816,0.0,13,16,20,10
GAGCCACTGCCAACGACAGCCGCATCAC,ATTATCAAGTGCCAG,-0.009024203569983659,0.0,5,20,23,13
GGACCATAGCCAGTCACAGTCTCAAGCA,ATGGCGATGGTCTTG,-0.04848641569815864,9.064183697869055,21,24,15,2
GGTCCAAATTCACTAACATGACCACCTC,CATTTATGGCTATCT,0.012514942234639049,0.4594162051894841,8,19,16,19
GCGGCATTATCAATCACATAGGCAGCGG,ATTATCATCGCCATC,-0.08225877704404559,0.0,26,25,3,2
GAATCATCCACAGTCCCACCACCAGGAG,ATTATCAAGTGCCAG,0.023080396917999416,1.1928880570998217,8,17,13,21
GCCCCAGGACCAAACGCACGTTCACTTT,AGAAGACGACGATGA,-0.020324034584814417,0.0,9,27,10,14
ATCGCAGCCTCATGTACAGGAGCAGAGA,CTTGCAAGTGTAATT,-0.009501147808777066,0.36973345721662554,6,23,18,9
GCATCAACAACACGCACATGGGCAAGGC,TTAGTCTTTCCATCA,-0.007303257136899522,3.2001441397168833,4,25,20,9
ACTTCATCGGCACTTCCACGCACAAACA,AAAAGCGACATTTCT,-0.02128083562818577,0.0,13,22,16,8
TGAGCACCGACATTCCCAGTGGCAGCAA,AGTGTATGATAATAT,-0.03238213742565883,0.007519366082021861,3,27,18,11
ATGACAACGTCAGTGCCATGTACAAGGG,TCAAATGATGAGGAT,-0.05320194967172065,0.597622817894262,20,15,13,8
GCGACACAGACACAGTCATCATCAGCGC,CTTGATGGCTGAAAG,-0.011389548461689759,0.0,10,24,15,9
GTCTCACTCGCAGGCGCAATCCCAAGTC,CTAAGCAGTCTTCTC,-0.013517529182629544,0.0,16,11,23,5
AAGACAGCACCAGATTCAGCGACAAACA,CTGATTTGTGCTGTC,-0.02094594641329063,0.0,11,18,17,10
GATACAACGCCACGCACAACAACACGTA,CCAACACAGGCTTCG,-0.05964359326386908,1.9107168164490815,21,22,12,2
GCTGCAGAAACAGTACCATTCGCACAGC,AAAAGCGACATTTCT,-0.03645780058946796,1.1964096199839105,15,19,8,10
CCACCACCATCAGACACATTGCCATGAT,TCAAATGATGAGGAT,-0.02861635376763405,0.0,18,11,11,13
AATCACGGGCGCTTCAGTACCAAATG,AAAACATTATCAAAG,-0.01776894041981311,0.0,11,13,19,11
TACTCAATGTCACCAGCAGATGCACAAG,TCAACAACCTATGCA,-0.028984681640520208,0.2098934282858238,14,12,16,10
ATACCAGTAGCAACCACAGGAGCAGTAC,TCGATAGAATTTACT,-0.027660668483421122,2.614011708805492,12,21,13,6
CCCACACCGGCAAAGGCACCGTCAATTT,CTTGATCAATCAAAA,0.055557608805338,3.9784830789812986e-05,9,14,21,9
CAACCAGCATCATCAGCAAGGGCAGTTC,ATTATCAAGTGCCAG,0.03152452313809349,3.7278154856572883,10,30,5,8
ACACCAGGGACACCGTCACCAGCACTCA,ACAACCTACCTGCTA,0.044502835103929564,7.905615440177712,4,8,17,24
TCCGCAGGAACACCTGCAGGTGCACCTT,ATTATCATCGCCATC,-0.11462725509765442,0.0,23,16,6,6
CCACCACGTGCAATGGCAATATCAGGGT,TCAAATGATGAGGAT,-0.010771812935688362,0.05310468452580608,6,22,17,3
AGGTCAACGCCAAGAGCACTTACACGAA,CTATGCATTTACTCA,-0.012295568656664235,0.0,6,7,20,16
CAAGCAGGGTCATAGGCAACCTCACGAA,CTTGATCAATCAAAA,-0.0016111904573507196,0.0,13,28,2,8
AAAGCACCTACACGCTCATTGTCACCGT,TTTATAAATCAATAG,-0.031662803867097945,3.322339074753927,10,25,10,6
CATGCAGAAACACTAACATCGTCACTAC,TCAAAACGGAGTGTT,0.050573379805988215,1.669937583807041,8,12,4,25
CCTACAGCACCATTCTCAAGATCAATCC,CTTGATGGCTGAAAG,0.0037613494782655185,3.998329683047558,11,25,9,2
AAAACATATACATGATCACAACCAAACA,GAGAATGAAGGACAG,-0.06875967110356682,0.0,21,16,10,2
CGCGCATGTTCAGTATCATTGGCAGACG,TCAAAACGGAGTGTT,-0.006219730237431409,0.013814707230608292,6,16,16,11
CCAGCATGTTCAGAAACACTCGCAATAA,CAATCTTGAATTGAT,,0.028047436900976663,8,29,7,5
AGCCCAGCTACATGGACAGGTACAAGCC,GTTCAGCTTTGATCG,-0.035368202474784026,0.0,14,16,13,6
TTGACAGATACACATTCATTGCCATGAG,TTTATAAATCAATAG,0.015546173325460821,0.6679387723729633,6,16,10,17
TATTCATGCCCACACTCAGGGTCACATA,TTAATTAGAGGTATG,0.005359900052605427,0.0,6,15,13,13
CATACAGGACCATGCACAACAGCACGGA,TATATTGAACTTTAC,-0.03463259063686772,0.41222860141408546,4,23,14,7
TTGCCATTGACAGTACCAGGAACATAAC,ATTATCAAGTGCCAG,0.012514942234639049,0.13458176728374838,8,12,16,12
TAGCCAAAAGCAAGTGCATTAACATGTC,TCGATAGAATTTACT,-0.010120344833569116,0.0,6,18,14,9
CACGCATCGCCAGTGACATTCTCAGCCT,CTAAGCAGTCTTCTC,-0.03607146438207751,2.0842226574397955,9,20,12,3
ACACCACAGTCATAATCATAGGCAGTCG,GTTCAGCTTTGATCG,,0.0,6,25,6,8
CAATCACCGACAGGGTCAGGTTCATCAC,CTACTTACAACGGAA,-0.05193605927250618,6.654393573847244,15,14,10,7
GTGCCAGCCACATTATCAGCCTCATGCC,CATTTATGGCTATCT,-0.04220202599383034,1.4089648169336328,14,9,11,9
GGCCCAGGTTCAAAGGCAAAACCAAGCG,CTTGCAAGTGTAATT,-0.025727396139039627,0.0,13,22,6,3
GTAGCACACCCACCTCCATCTTCAGCCG,CCAACACAGGCTTCG,-0.015514412193127726,1.8471386545992061,8,18,8,10
GTGGCACGTTCAAACACAATTTCAACAG,ACAAGTTTTACAGTT,-0.016730723823251935,0.23429525421457242,13,8,17,6
GACTCAGGAACAAGCTCAGATACAGCGC,ACAAGTTTTACAGTT,,0.7000450606404627,2,26,4,8
AAACAGGTTCAGCTGCACACACATATG,TCATAGGTATCTCGC,0.06425874650430101,1.0053551372099605,3,11,18,8
TCGACAAGTGCATTGTCAAAGGCAACGG,GAGAATGAAGGACAG,-0.11018207884057106,4.282087756433668,22,16,2,1
AGCCCAAAAGCAACGGCAAGCGCAAAGT,TATATTGAACTTTAC,-0.0703324349613638,2.3189624747579387,12,13,8,8
TGTTCAGGCGCAGCAACAATTACACATG,TCAAAACGGAGTGTT,0.06096433093236557,0.5485112360991025,6,12,19,4
GAGTCAAGTACACATGCATGCTCAAGTC,GCTAATTTCAAGAAT,-0.07092590851334535,0.0,13,14,6,6
TGTGCAGTTTCAATAGCAACGCCAGGTA,GAGAATGAAGGACAG,,0.672305443710826,9,20,8,3
AGTCCACCGACATAGTCATGCTCACCAA,AGTGTATGATAATAT,0.01728045122485533,0.006521920632621914,8,10,11,11
CAACCACCCACAAGCCCAAATCCATGGG,TTTATAAATCAATAG,-0.04477260208104061,0.01780264651546304,2,20,11,7
ATCGCAACAGCATGCCCAGAATCACCCA,TATATTGAACTTTAC,,0.0,0,22,9,8
CTCTCAGGGTCACAGCCAACAACATTAT,CATTTATGGCTATCT,-0.01181530066494636,0.0,6,17,13,1
CGCGCAAATACACCGGCACAGCCAGTAA,TTTATAAATCAATAG,-0.009101695416943811,0.0,1,19,5,12
TACACATCCGCATGAACACGACCATCTT,TTTATAAATCAATAG,,0.0,8,7,14,9
GGGACATCCCCACCGACAACAGCATAAG,TATATTGAACTTTAC,,0.0,8,7,12,9
CATACAGACTCAAAAGCACCAACAACTG,CAATCTTGAATTGAT,-0.013673989236212237,0.0,11,21,0,2
AGTCCATCTGCAACTCCAGGTACATAAT,ATGAAGTTCATAATG,,0.0,8,21,1,4
CTCTCAAGAACAAGCTCACTCGCATGAG,AGAAGACGACGATGA,-0.015238664467523236,0.0,11,6,7,12
GAACCATCCACACTGTCATGTCCACGCG,CAATCTTGAATTGAT,-0.11316737515553905,0.0,17,12,6,2
TCTGCAACGTCATCTCCAGTTTCAGGAC,GAGAATGAAGGACAG,-0.10516310438818542,0.0,17,13,0,4
GGGGCACAGTCAACCTCACGAGCACGTT,CAATTTCAACGTTGT,0.015011097994521539,0.0,5,11,11,6
TAAACAGGTACACGGACAAGTTCATGTC,TTTATAAATCAATAG,,0.0,12,9,6,7
ATTACAGGGTCAACGCCAATGTCAGGGG,TCAAATGATGAGGAT,-0.0198195714323,0.0,4,17,12,0
ACGACAATCCCATTGACATACACAATCT,TTTATAAATCAATAG,-0.008378019590093655,0.0,11,5,17,1
AATCCAGGGCCAGGTCCAAATTCAAAGA,ACAACCTACCTGCTA,,0.0,3,15,9,6
TTTCCATAGGCACCTCCAAGACCAACTA,GAACTCAGGTTCCAT,,0.0,7,18,9,0
AACCCATAGGCACAAGCACAGGCATGTA,CTATGCATTTACTCA,0.015011097994521539,0.0,4,13,13,5
GATACATGTGCAGTGGCAACCTCAGAAG,GAGAATGAAGGACAG,,0.0,7,16,8,3
GCATCAGATCCAGAGCCACACACAGGAC,CAATTTCAACGTTGT,,0.0,15,8,6,2
CGAACACGTACAGATGCACACACAGAAA,CTTGATGGCTGAAAG,,0.0,11,9,6,4
ATACCAGAGTCAGTCGCAGATACATCTC,GCAAGAAAGAAACCC,-0.10245291141040634,0.0,14,11,5,1
CACTCATCCCCACGAGCAGATTCACGAC,CTTTCTTGTGTATTT,-0.15253044020165518,0.0,21,10,0,0
TCAGCAGGATCATAAGCACCAACAAACC,CTAAGCAGTCTTCTC,,0.0,3,19,6,5
AATGCAGACGCACTCACAAACTCAAGCA,TGATCATCACGGGAC,,0.0,15,5,7,6
GCGGCACTGACAACGACATTTACAATGT,TCTTGGAGGTGAATG,0.015011097994521539,0.0,5,13,13,2
GTTCCAAGGGCATTTCCACTAACACACA,CCAACACAGGCTTCG,-0.03779019491790105,0.0,10,15,6,2
TCCCAGTTACAAAGTCAGGAACATCTA,TCTTGGAGGTGAATG,-0.04468948206659622,0.0,10,14,7,0
TGAACAAAGTCACAAGCACGTTCAGGTA,CTTGATCAATCAAAA,,0.0,15,7,6,2
TTTTCAGGTACACGAGCAGCAGCAGACT,CTTGATGGCTGAAAG,,0.0,2,9,16,1
TCACCATTCACAAGGGCAACCGCATTTA,ACCACCGGTCCTGCC,,0.0,7,2,15,8
GGCACATCAACACATGCAAAATCAAGTG,TCTTGGAGGTGAATG,,0.0,6,13,4,5
GCAACAAAGTCGGACACAGCTCCACACC,GAGAATGAAGGACAG,,0.0,7,6,10,5
TTGTCACGAGCATAAACAGTGACAACTT,CTTGATCAATCAAAA,,0.0,4,6,11,9
AAGACAGTGTCAAACACATCTACATGGA,ATGGCGATGGTCTTG,,0.0,5,9,5,10
GATACAGTGGCAGTTTCACAACCAGCCC,GTTGGGCGCTTAAAG,,0.0,8,11,7,4
ACGGCAGGATCACAATCAAAGCCATCAT,ATGGCGATGGTCTTG,-0.003221057684873951,0.0,1,12,10,7
GGAACACAACCAAAACCATAGCCACAAC,CCAACACAGGCTTCG,,0.0,8,12,6,0
GGAGCAGTAACAGCGCCATTTTCAAGAG,TCTTGGAGGTGAATG,,0.0,1,16,5,5
AGGTCATGGGCATCGACAATACCACGCG,ACAGTTGACGGACAG,,0.0,11,8,5,5
TTACCACAAACACGCGCATCAGCACAGA,CTAAGCAGTCTTCTC,0.03324325367391703,0.0,3,10,12,0
GGACCATCAACAACAGCAGTAACATTA,GTAATCTGACTCTAG,,0.0,8,11,2,5
GGTACAGTCCCAACGACAGGGGCATATG,AGAACATCATCTACA,,0.0,5,9,9,3
TCCACAAGCGCACGACCAACTTCAGGCG,GAGAATGAAGGACAG,-0.04468948206659622,0.0,10,14,1,2
GTTACATGTCCAACCCCACCGGCAAAAA,CTATCAAGGCTTAAT,,0.0,8,10,5,0
GCATCAGGTGCATGGCCAAAGGCAGCGG,TAACCTCGCGCTGAG,,0.0,7,8,5,7
GCCTCAAAGGCATACCCACACACATGCA,AAAACATTATCAAAG,,0.0,2,2,7,17
ACCGCACCGACAGTATCAGGCTCAATAC,TTTTGCATTTAGGCG,,0.0,2,3,15,8
CGGACAGGAGCAGCTGCATAACCATCAC,TGATCATCACGGGAC,,0.0,3,14,7,4
GATGCAACGCCACAACCACTTGCAGATC,GAACTCAGGTTCCAT,,0.0,2,13,8,3
TCCGCAGTGTCATGATCAAGCGCACAGT,ATATTGAGTAAGTAC,,0.0,14,9,2,2
GGATCAGTTTCAGGGACACGAACAAACG,GTCACCGGCACTAAC,,0.0,8,9,7,3
GTGTCAGGAGCACGGACAACATCAAAAC,TCAAATGATGAGGAT,-0.030143923152985884,0.0,10,4,10,3
TGTTCAAGATCAAACGCACATACAAAGA,AGTGTATGATAATAT,,0.0,1,13,5,6
GTGGCACTAACAAATGCAAGCCCAATGG,AGTGTATGATAATAT,,0.0,5,13,4,3
GTTTCATGGACAACTACAGTGACAAAAG,TCAAAACGGAGTGTT,,0.0,6,8,5,5
TTTGCAGCCGCATCCTCAAACCCATAGG,ACCACCGGTCCTGCC,,0.0,7,9,6,3
ACGACAACAACACATACAGGGTCAAGGA,ACAACCTACCTGCTA,,0.0,8,6,6,6
CATTCACCGGCAATAACACACCCAAGCG,AATGATACCATTTTT,,0.0,5,8,5,8
TCGACACCTGCACACCCACTGCCAGGTC,CTCTTGAGAATACTT,,0.0,14,8,2,0
GCTGCAGGGGCAAGAACACTCACAACAA,TCAAATGATGAGGAT,,0.0,5,11,4,2
ACCGCATAATCAGTGACACTCTCATCTT,TCTTGGAGGTGAATG,,0.0,9,3,12,0
CATGCAATCCCACGAGCAGTCGCATCCG,GAGAATGAAGGACAG,,0.0,8,11,5,0
GAGTCAGCTTCAAGCACATGATCACACG,TCAAAACGGAGTGTT,,0.0,4,4,11,5
AGAACAAACGCAAAGCCACTACCAGCTC,CTACTTACAACGGAA,,0.0,4,14,1,3
CGAACAGCTACAATTGCACGATCAACAA,AGAACATCATCTACA,,0.0,4,15,2,2
AATACAATCTCAGGCTCATGGCCAGGTA,TATATTGAACTTTAC,,0.0,2,11,7,3
GTTACATCAACAGAACCAACTGCAAAAC,AGAAGACGACGATGA,,0.0,1,11,9,2
TGCGCATACGCATTCCCAAACTCAAAAC,TAACCTCGCGCTGAG,,0.0,7,12,1,0
CCTGCACTTGCAAATCCACGCCCATCTG,GTTCAGCTTTGATCG,,0.0,1,5,2,14
CTGAGGGTCACCCGCACAATCACCTC,ATCGTTGGCATTTGG,,0.0,11,7,4,0
GAGGCAGTTACAGAATCAAACACAGATT,CAATTTCAACGTTGT,-0.07833670572871743,0.0,10,10,2,0
GGGACAAGCACATCGTCACAAGCAAAGC,CATTTATGGCTATCT,,0.0,2,9,3,6
AACTCAACAGCAAAGTCATGAGCAACAC,AGAAGACGACGATGA,,0.0,8,7,6,0
CGTGCAGATCCAAGTGCAATCACATATG,ACAAGTTTTACAGTT,,0.0,5,11,3,2
TTGACAACAACATCATCAACAACACCGG,GAGAATGAAGGACAG,,0.0,2,12,5,2
GACCCAGAAACACGTCCAGGCACATAAA,ATAGAGCGGCGTTGA,,0.0,10,8,1,0
GAGGCACAGGCATTCACATTAGCAGCCC,CCAACACAGGCTTCG,,0.0,8,4,4,3
TACACAATCTCATCAGCATGAGCAGCAT,CTTGATGGCTGAAAG,,0.0,7,3,5,4
GTAGCACATACAATGGCAATGCCAAAAA,TCAAATGATGAGGAT,,0.0,3,8,6,3
TAGGCAAGCGCAAGACCATAGCCATAAG,CTTGATCAATCAAAA,,0.0,6,4,5,5
TAAACAACAGCAGGCACAAGCACACACA,ATGAAGTTCATAATG,,0.0,8,4,7,1
AACACAAGCACATATCCAAATGCACGCG,GAGAATGAAGGACAG,,0.0,9,5,2,1
ATGGCAATCTCACGAGCAATGTCAGGGA,CCAACACAGGCTTCG,,0.0,6,10,2,0
AGAACACTGACAGCCCCAATGCCAACCA,TCAAATGATGAGGAT,,0.0,5,8,1,2
GACGCATCTGCAGGGTCAAAGTCAATAT,TATATTGAACTTTAC,,0.0,3,6,3,7
GTAACATATTCAGAAGCACGGCCAGCAG,ATAGAGCGGCGTTGA,,0.0,8,6,1,0
AGTGCAATGCCATACGCAATGACAAAAG,AGTGTATGATAATAT,,0.0,6,5,5,1
CACCCACTGGCAGACACACAAGCATCGA,CTTGATCAATCAAAA,,0.0,6,7,5,0
TCATCAGATGCAGTAGCACACACACACT,CTTGCAAGTGTAATT,,0.0,5,11,2,0
TGCGCAATTCCAAGGTCACCAACATTTC,CTTGCAAGTGTAATT,,0.0,2,5,5,6
ACTGCACCCGCATATGCACTTTCAGGCT,CTTGATGGCTGAAAG,,0.0,3,7,2,6
TGGCCACCAGCAGTCACATTGACATGCG,TAGACGGACATCTTC,,0.0,6,7,1,1
TTAGCACCAGCAACACCACATCCAGCGG,GAACTCAGGTTCCAT,,0.0,4,5,3,4
GGTGCAATGTCAGAAACAATCGCAAAGG,CTTGCAAGTGTAATT,,0.0,0,4,1,11
GATACAAACTCACCCGCAAGGACACAGA,GAGAATGAAGGACAG,,0.0,2,13,2,0
CAATCAACGCCAAATCCACCTTCATAAG,TCAAATGATGAGGAT,,0.0,9,3,5,0
ATGGCACCCCCAACGCCAAGTCCAGGAT,CTACTTACAACGGAA,,0.0,1,8,3,5
GGAGCATGCGCACGGTCACCTACAAAAG,AGAAGACGACGATGA,,0.0,3,2,5,7
CCAACACGGCCAGCAGCACGTTCACGTA,GAGAATGAAGGACAG,,0.0,4,9,2,2
GCTCCAAGCACATCTACAAGCACAATAG,ACAAGTTTTACAGTT,,0.0,7,2,5,0
GAGCCACTTCCAAAGTCAAAACCAGACG,CTAAGCAGTCTTCTC,,0.0,6,3,3,3
ACGGCAATGACAAGGGCAGAGGCAGTAT,GCAAGAAAGAAACCC,,0.0,5,3,3,5
AGGCCATATTCATCCGAGGTTCAGTAG,AGAACATCATCTACA,,0.0,2,5,6,3
GGCGCACCACCAGTTCCATTAACAACTG,ACAAGTTTTACAGTT,,0.0,4,4,8,0
GCTGCATTAGCAATACCACAAACATGGA,ACAAGTTTTACAGTT,,0.0,3,8,5,0
ACCTCAGGAACATTCCCATGCGCAGGTC,CTTGATCAATCAAAA,,0.0,0,8,2,4
TACTCACTAGCAGCCACAAGGGCAGCTT,CCAACACAGGCTTCG,,0.0,6,3,5,0
GGATCAGCTGCACCGACATGGACAAACG,GCAAGAAAGAAACCC,,0.0,4,6,4,0
CTTTCAATGGCAAATCCAATGGCAGCGC,TTTATAAATCAATAG,,0.0,4,4,7,0
TGTGCAGGACCAACTTCAATGGCAGTGA,TCAAATGATGAGGAT,,0.0,6,3,3,3
ACCACATCAGCACGGCCACATGCATATC,TGATCATCACGGGAC,,0.0,1,7,3,2
GGTTCAGATGCACACGCATCGCCATTAG,GTGTGATTACTAAAT,,0.0,7,3,0,0
GAATCAGGGCCAGACGCAACCGCACGGA,TGGAGTCTTTGTTGA,,0.0,11,1,0,1
GTCGCATCCTCACAGGCATCACCAATCC,AAAAGAAAAATGTAT,,0.0,4,9,0,0
GCGGCAACGACATGTACATTAACAACAT,CTATGCATTTACTCA,,0.0,10,3,1,0
CGGACATTTGCATGTTCAGTCGCAAGTG,CCAAGACCGTGTAAA,,0.0,0,1,11,2
GGCGCAAGATCAATTACAGTGCCATGCA,CCAGGATGTACCGCC,,0.0,0,7,1,1
CTAACCATGCTCATAGGCATCGGCAATG,TAACCTCGCGCTGAG,,0.0,9,1,2,0
CTTACAGAGACAATCCACCAGCAGGTT,CGAACAGAAACACAA,,0.0,5,4,1,2
GCTTCAGCACCAGCAACAATATCATGCA,AGAACATCATCTACA,,0.0,2,8,2,1
ATATCAGCCTCACCTCCAGCCACAACAG,CTTGATGGCTGAAAG,,0.0,3,7,3,0
CAGGTCACAAGCAGTGTCAAACTTCC,CTATCAAGGCTTAAT,,0.0,9,4,0,0
AAAGCAGCGTCAGGTTCAGTAACAACCG,CTTGATGGCTGAAAG,,0.0,1,3,2,7
TGAGCACGCACACCGGCACGGTCATGGG,ACAAGTTTTACAGTT,,0.0,5,1,7,0
TCTTCATCATCAGGCACAGCACCAAATC,CAATCTTGAATTGAT,,0.0,4,7,2,0
CAGGCATCGACAGCTGCATATGCAAACT,ATTATCATCGCCATC,,0.0,2,8,1,0
AAGGCACACCCATGGGCATATCCAGCAT,CTAAGCAGTCTTCTC,,0.0,5,3,1,2
ACGCCAACGCCACGGTCAAAACCAACTA,CTACTTACAACGGAA,,0.0,1,6,3,2
CCAACAAAAACAGTTTCAGAAACAGTGG,ATTATCAAGTGCCAG,,0.0,1,1,8,2
TGGTCAACCGCATTCACTAAGCAATAA,ATTATCATCGCCATC,,0.0,3,4,3,2
AGGGCAGCACCAAATACATCGTCACCGT,CCAACACAGGCTTCG,,0.0,5,6,1,0
AGTGCAGTCGCACAATCAGGGGCAGAAA,CTAAGCAGTCTTCTC,,0.0,4,4,3,1
CAAGCAGTCTCACTTTCAGGCACAGCCC,TCAAATGATGAGGAT,,0.0,1,7,1,3
TCAGCATGCTCATCGGCAGGCACATCTC,TAGACGGACATCTTC,,0.0,1,3,7,1
CTGCCAGTAGCAGATACATGAACAAACT,AGAACATCATCTACA,,0.0,0,8,0,2
ATGGCACTGTCATTGTCATGGCCACCAG,GAGAATGAAGGACAG,,0.0,4,2,3,2
GCCGCAAGAGCAGCCACAGCCACAACGT,TTTAACTCACCGTAA,,0.0,6,5,0,0
CATACACAATCACAAGCATTCTCAGCCG,GCTAATTTCAAGAAT,,0.0,4,5,2,0
GCTCCATTAACACCCACACGGACAAGTA,CTTGATGGCTGAAAG,,0.0,0,10,0,1
AGTACACGGACAGCCACAATTTCAAGTT,CTTGATGGCTGAAAG,,0.0,0,3,4,4
ATAACACCCCCACAAACAACTGCAAAGG,AATGATACCATTTTT,,0.0,0,2,4,5
TAGGCACGATCAACAACAAAATCAGTAC,CTTGCAAGTGTAATT,,0.0,0,5,1,3
GGGGCAAAAGCACACTCAGGAGCAAAGT,CGAATGCCATACAAA,,0.0,3,3,0,3
ACGACAATATCATCCTCATAGACAAAAC,CCAACACAGGCTTCG,,0.0,5,4,0,1
CCACCATTAGCATTCGCACACACAGCTT,CATATGCATTCCTTG,,0.0,5,2,1,2
AAGACACGGCCATGGACAACGTCACTAG,ATTATCATCGCCATC,,0.0,5,4,1,0
GCCGCAGAGACAGAGGCATGTGCATTGA,CTTGATCAATCAAAA,,0.0,2,0,5,3
CTATCACTGTCATCTGCAGGAACATGGC,ATTATCAAGTGCCAG,,0.0,4,2,1,0
TTGCCAAACACATCATCATAGGCAAGGA,CTTGATCAATCAAAA,,0.0,4,1,3,0
CTGGCAAAGCCAAATCCAACGACACATA,TTTATAAATCAATAG,,0.0,2,7,0,0
CAGTCAAGCGCATTTACAGCCTCAACCA,GTAATCTGACTCTAG,,0.0,5,4,0,0
GCTTCAAACGCACGTGCAGGATCATCGG,CCAACACAGGCTTCG,,0.0,5,1,2,1
TCGCCAAATCCATAATCACTCGCACATC,GTAATCTGACTCTAG,,0.0,5,4,0,0
GCGTCATCTCCATCGGCACTAACAGCTC,TCAAATGATGAGGAT,,0.0,2,3,3,1
TTGGCATATACACCGGCCATTTGCACAGG,ATTATCAAGTGCCAG,,0.0,4,1,2,0
TACTCAGCAGCAAAAACAAGAGCAAGCA,GAGAATGAAGGACAG,,0.0,2,4,0,0
GTGGCAAGGACACATGCACAAACAGGTA,TAATATTGTTTTGCG,,0.0,4,3,0,0
TCGGCATGCTCAATATCATTATCATAAG,CCAACACAGGCTTCG,,0.0,3,3,2,0
GTCCCAGGGCCAACTTCAGGTACAGGTT,CATTGTCGGACGCTT,,0.0,1,5,1,1
TTTCCAAACTCAGTATCACTGTCACAAA,ACAAGTTTTACAGTT,,0.0,5,3,0,0
ATCTCACAACCAGGGACATGTACAAGCC,ATTATCATCGCCATC,,0.0,4,0,0,1
CAGTCAGCATCAGAGACACCAGCAGCCC,AATGATACCATTTTT,,0.0,3,2,1,0
CTGGCAGCAACATTTACATTGCCACATC,CTTTCTTGTGTATTT,,0.0,2,2,0,0
AAGCCATGCTCACATCCAAATGCATGTT,TCAAAACGGAGTGTT,,0.0,2,2,1,0
TTCTCATCGACATGTCCAGTGTCACAAT,ATCGTTGGCATTTGG,,0.0,3,0,1,3
GCTGCAGTGACAATTGCACTGTCAAACA,CCAACACAGGCTTCG,,0.0,1,1,5,0
GTCACATGCCCAGCTGCAATAGCAGCAG,CAATCTTGAATTGAT,,0.0,2,3,0,2
AGGGCACTCTCACGCCCATTATCACTGT,AGTTTATAAAAAATT,,0.0,3,3,0,1
GTCCCATCTGCAACTCCAAGATCAGAAA,AGAAGACGACGATGA,,0.0,3,0,1,3
TTAGCAGGCTCAGCATCATACGCAAAAG,GTAATCTGACTCTAG,,0.0,3,3,1,0
GGATCATCCGCATATGCACATACAACTG,GCTAATTTCAAGAAT,,0.0,5,0,0,0
GTCGCACTGACAGCCACACTCGCAGCTG,GTTAAATCAACAGTT,,0.0,3,0,1,1
ATACCACCACCAGACTCAGCCACACCTG,TTTATAAATCAATAG,,0.0,6,0,0,0
CAGGCAAGTACATCCACAAGGGCACAAG,GCAAGAAAGAAACCC,,0.0,2,3,0,1
TCGGCAGAGGCATTGTCAGCATCAAACG,ATATTGAGTAAGTAC,,0.0,3,2,0,1
GCCTCAGTGCCAAAGACAGGATCAACAC,ACAAGTTTTACAGTT,,0.0,3,1,2,0
ACATCAGGGTCACGTACACCCTCATGCC,GTAATCTGACTCTAG,,0.0,6,0,0,0
GGGTCAGGAGCAATGACAAGGGCAGAGA,TAACCTCGCGCTGAG,,0.0,2,2,2,0
TATGCAGAAGCAGAGCCAACGCCACCTA,GAGAATGAAGGACAG,,0.0,3,3,0,0
TGTGCACGGACATGATCAGTCTCATACG,AAAACATTATCAAAG,,0.0,2,4,0,0
TGTCCACAGCCATCCGCAAAATCAAGGG,TGATCATCACGGGAC,,0.0,1,5,0,0
AATACACTTCCAATCGCAGCCGCATGAC,TTTATAAATCAATAG,,0.0,1,3,2,0
CGTCCACAAGCACTGTCAGTATCAACCG,CAATCTTGAATTGAT,,0.0,0,6,0,0
GCGCCATGCGCACTGCCAAATACAAGGG,GTAATCTGACTCTAG,,0.0,0,1,3,2
AGCTCAGTGGCAGGTTCAAAATCAACTT,TATATTGAACTTTAC,,0.0,0,0,5,1
ATGGCAGTTTCACCCTCATTGACAGTGC,CATCAATGAGGCAGT,,0.0,1,0,0,0
TCAGCAGAATCATCACCAGCGTCACGCT,GTTTGTTTTGGGAAA,,0.0,2,1,0,0
TTTGCATCAGCAGGGACAGTGGCAACTA,GTTAAATCAACAGTT,,0.0,2,0,0,0
GGTACATCACCATAGGCAAAACCAAGGA,ATTATCATCGCCATC,,0.0,2,2,0,0
TTCACAAAACCATTAGCATCGGCAACCA,TACACCAATTACACT,,0.0,4,0,0,0
CCTGCAAGCGCAATTACAGATACAATGG,GTAATCTGACTCTAG,,0.0,4,0,0,0
GCAACAGGGACAGGCACATGTACACTAG,ATTATCATCGCCATC,,0.0,1,1,3,0
GTACCAGGATCAGCAACAATACCATTGA,ATTATCATCGCCATC,,0.0,2,2,1,0
AAGCCAGGGCCATACCCAAGTACAATAT,GAGAATGAAGGACAG,,0.0,4,1,0,0
GATACAGATACTGGCACCAGCAAGGT,TTAGTCTTTCCATCA,,0.0,3,2,0,0
AGCGCAATGTCAGTAACATCTGCAGCAA,TATATTGAACTTTAC,,0.0,1,0,0,4
GCCGCAAGCTCAGGAGCACACTCAACTC,ATTATCAAGTGCCAG,,0.0,2,2,0,1
GTAACATAAGCACGGTCACAACCATCAG,GTTAAATCAACAGTT,,0.0,1,0,0,0
TCAGCACTAACACGGACATATGCAGTCA,GTTTGTTTTGGGAAA,,0.0,1,0,1,0
GCGCCATGTCCATAGACACAATCAAGAA,CTTTCTTGTGTATTT,,0.0,1,2,0,0
AATGCACACCCAAGCACAGAAGCAAATC,CATCAATGAGGCAGT,,0.0,3,0,0,0
AACTCACTGGCAAAGCCAGCTCCATAGG,TGGAGTCTTTGTTGA,,0.0,3,1,0,0
TGGCCATAGACATATGCAACACCATCTT,TAACCTCGCGCTGAG,,0.0,1,3,0,0
TGCACAGCGGCAGGTACAGATCCAGGAT,TAGACGGACATCTTC,,0.0,2,0,2,0
AGTCACGCGCATTGGCAGGTTCATTAG,CATATGCATTCCTTG,,0.0,1,1,1,1
GATGCACATACATTGGCATCCGCACTAA,AGAACATCATCTACA,,0.0,1,0,3,0
ATCTCATTCGCAAAGCCATCATCAGCAC,ATTATCATCGCCATC,,0.0,1,0,2,1
TCCTCAGAAGCAAAAGCAAAATCAAAAT,TAACCTCGCGCTGAG,,0.0,0,4,0,0
GACTCACTGGCACGGTCACCTCCACAAC,GTAATCTGACTCTAG,,0.0,2,0,0,0
CGGGCAAGAGCATACACACTCGCAGCTC,CATCAATGAGGCAGT,,0.0,0,0,2,0
GATCCAAGAACAGGTCCATCGCCAGCTT,ATAGAGCGGCGTTGA,,0.0,2,0,0,0
ATTTCAGGGTCACGATCAGGATCAGCGG,GTGTGATTACTAAAT,,0.0,1,1,0,0
GCTGCATCCTCACCACCAAACTCATGCC,ATTATCATCGCCATC,,0.0,2,0,0,0
GGAGCAGTACCAGTAACATATGCATACC,ACAACCTACCTGCTA,,0.0,0,0,1,0
ATAACAGTTGCACAGACATCGACAGCCG,CGCGATCAATCCTCT,,0.0,1,0,0,0
ACATCAATATCAAACGCACCGCCACAGA,TACACCAATTACACT,,0.0,1,0,0,0
AGATCAGTGGCAACCTCATAACCAGTTA,ATATTGAGTAAGTAC,,0.0,0,2,0,0
TTAACATCTCCAATGGCACGACCATACA,AGATTCATCCCATGG,,0.0,2,0,0,0
CACCCAACGCCATTTTCACCAGCACAAG,TACACCAATTACACT,,0.0,2,0,0,0
GAAACACCGGCATAACCATCAGCAGGTG,TCAAATGATGAGGAT,,0.0,3,0,0,0
ATCGCAAGCTCAGAATCATAGACAGTCG,CTATCAAGGCTTAAT,,0.0,2,1,0,0
CGCACATGGACAGCGGCACCTGCATAGT,CTAAGCAGTCTTCTC,,0.0,2,0,1,0
TGGACAGGGACATGGTCAACCCCAACAA,TTAATTAGAGGTATG,,0.0,3,0,0,0
TCTACAGCAACAATAGCACCGCCATCAA,TGGAGTCTTTGTTGA,,0.0,2,1,0,0
TCACCAGGCTCAAGTCCACTTTCAGCCG,GAGAATGAAGGACAG,,0.0,3,0,0,0
TTCTCATTCTCACTTTCAAGGGCAGAGG,GAGAATGAAGGACAG,,0.0,2,1,0,0
AGGGCACGCGCATCAGCAAGAACAAATG,ATATTGAGTAAGTAC,,0.0,1,2,0,0
TCTCCAAACACACGCACAGCATCAAAGT,CTTGATCAATCAAAA,,0.0,2,1,0,0
AACGCACAGCCAGGTCCAGTATCACTAG,TCAAATGATGAGGAT,,0.0,1,2,0,0
ACTTCAATCGCAACCGCAATAGCAACGC,TCAAATGATGAGGAT,,0.0,1,1,1,0
GCAGCAGAGACACGGCCATTTACATGGC,TCAAAACGGAGTGTT,,0.0,1,0,2,0
AGTGCACCTCCAGATGCATCGACATGAG,ACAAGTTTTACAGTT,,0.0,0,3,0,0
TAAACATGTGCAGGAACAGTACCAGGGT,CGTCAAGACCTTCTA,,0.0,0,2,1,0
TCGCCACATACAAGGCCAGCCACACCAC,TGATCATCACGGGAC,,0.0,0,0,3,0
ACCCCATGTTCAAGGTCAGGATCACCGC,TCAAAACGGAGTGTT,,0.0,0,0,1,0
AGTACAATAACAATATCAAAATCAACAC,GTAATCTGACTCTAG,,0.0,0,1,0,0
AATGCATTATCAATCGCAAACGCAGCAA,GAGAATGAAGGACAG,,0.0,1,0,0,0
GGAGCACGAACAAGCACAAGGGCAGGGA,TAATATTGTTTTGCG,,0.0,1,0,0,0
GAACCATGGACATAATCACACTCATCCC,GTACAAGAAATTTTG,,0.0,0,1,0,0
GTAACAATTCCAGCGTCATAGTCATCTG,GCAAGAAAGAAACCC,,0.0,1,0,0,0
AACACAACGGCAAATTCAAAGGCATCGA,TAATATTGTTTTGCG,,0.0,1,0,0,0
CACGCATAGGCAATTACAGCATCACGAC,CATCAATGAGGCAGT,,0.0,1,0,0,0
GACTCACCGGCATGTGCAAACTCATGCA,CCAGGATGTACCGCC,,0.0,0,1,0,0
GCCTCACGGCCAACTGCAGACTCATGAG,GTAATCTGACTCTAG,,0.0,1,0,0,0
AGAACAAACCCAAAGGCAGCATCAGGGT,AGAACATCATCTACA,,0.0,1,0,0,0
AGAACAAGATCACACGCAGAATCATAGA,GAACTCAGGTTCCAT,,0.0,0,0,1,0
AGTGCAGAATCAGGAACAGCGCCAAATC,ATTATCATCGCCATC,,0.0,0,0,1,0
TGGACAAGCACAGGGACATAACCAAAAA,AGAAGACGACGATGA,,0.0,2,0,0,0
GTTTCACTGTCAACACCAGGGGCACAGC,ATAGAGCGGCGTTGA,,0.0,2,0,0,0
GATCCAAATGCACCTCCAATAACAGTAA,CGCGATCAATCCTCT,,0.0,1,1,0,0
TTGTCACGTCCAGGCCCAACGACATTAG,GTTCAGCTTTGATCG,,0.0,2,0,0,0
TCGGCAAGCCCATTGCCAAGCACAGGCA,TAGACGGACATCTTC,,0.0,2,0,0,0
CACACAGGCACAAGGTCAAATGCATGAC,GTTTGTTTTGGGAAA,,0.0,1,1,0,0
GTTGCAGGTCCACTTGCATGAGCATTGG,CTTGATCAATCAAAA,,0.0,2,0,0,0
AACTCAAGATCAGTTACAGTCGCAACGG,CTAGTTGTATAGCCA,,0.0,2,0,0,0
CACTCATCGGCATCTGCATATCCAAGTA,GTTTGTTTTGGGAAA,,0.0,1,1,0,0
GGGGCACTTCCACCCGCAGAAGCACTAC,CCAACACAGGCTTCG,,0.0,1,0,1,0
ATAACAGAGGCATCTTCAGATTCAAGAA,AGATTCATCCCATGG,,0.0,0,2,0,0
GAGTCACCTGCAACCATGGCCATGTC,TCTTGGAGGTGAATG,,0.0,0,2,0,0
CCCCCACATGCAACAGCACAAGCAATCA,CAAGTTCGGCGAAAT,,0.0,0,2,0,0
TGTTCACAGGCATTCGCAGTCGCAACAT,GCTAATTTCAAGAAT,,0.0,0,2,0,0
ACCACACAGTCAACGACAGTCGCAAAAT,CTTGCAAGTGTAATT,,0.0,0,0,2,0
ACTGCAGATACATCCCCACCCACAAGGG,CCAGGATGTACCGCC,,0.0,0,0,1,1
TTCTCACAGGCAGCGGCATCATCATTAC,CATCAATGAGGCAGT,,0.0,1,0,0,0
AAAACAAATCCAAATTCAATCCCATATG,GTTAAATCAACAGTT,,0.0,1,0,0,0
CCTCCAGGGCCAACGTCACTTCCAATTG,CTAGTTGTATAGCCA,,0.0,1,0,0,0
TCTTCATGGGCAGCAACAGACTCACACA,TACACCAATTACACT,,0.0,1,0,0,0
CATTCAAGATCATAAGCATCAGCACACT,GTTGAACTGGTTGTT,,0.0,1,0,0,0
TACGCACTCTCAAGTGCATGACCAATGA,ACAGTTGACGGACAG,,0.0,1,0,0,0
CACACAGAGGCATGAACAAGTACATTAC,ACAAGTTTTACAGTT,,0.0,1,0,0,0
CTGTCAGCTTCAAGCGCAGATCCACTAA,CCAACACAGGCTTCG,,0.0,1,0,0,0
ACATCAAAATCAGCTCCATCATCAGGAG,GCAAGAAAGAAACCC,,0.0,1,0,0,0
AATGCAACACCACAAGCAAGTCCAGTGT,CTCTTGAGAATACTT,,0.0,1,0,0,0
GCCTCACCACCACCAGCACCTACATCGG,CATCAATGAGGCAGT,,0.0,1,0,0,0
TTGACAATTTCAGGGGCAGCGTCACAAA,CTATCAAGGCTTAAT,,0.0,1,0,0,0
GGGACACTCTCATGGGCATAGGCAACTT,CAATTTCAACGTTGT,,0.0,1,0,0,0
CTGGCAGTTACACATGCACCAGCACGAA,CGAACAGAAACACAA,,0.0,1,0,0,0
TGCACACTCTCAAAAGCAAACGCACAGG,GCTAATTTCAAGAAT,,0.0,1,0,0,0
GCGACACCCACAATGACAATATCAAACA,CTCTTGAGAATACTT,,0.0,1,0,0,0
TTCTCAGTGGCATCAACAAGATCACGCG,CTATCAAGGCTTAAT,,0.0,0,1,0,0
GTTTCAACTGCAATTGCATAGGCAACGC,AGTTTATAAAAAATT,,0.0,0,1,0,0
TCATCAGGGGCAGGCACAACGTCACATA,TCAAAACGGAGTGTT,,0.0,0,1,0,0
AGCACACCTTCACCTACAATCGCACGCA,CGATGATGATGATGA,,0.0,0,1,0,0
TCTACATCCGCATAGACACAAGCATGGC,TCAAATGATGAGGAT,,0.0,0,1,0,0
GGCCCATTGCCACGAGCAGACACAGCCA,ATGAAGTTCATAATG,,0.0,0,0,1,0
GAAACACTAGCACATGCAAGTCCACTAG,TTATATTTATTTGCT,,0.0,0,0,1,0
TCCTCACCGACAATTCCAGAGTCAAGGA,TATATTGAACTTTAC,,0.0,0,0,1,0
CGAGCATACGCAGCCGCACGAACACTCG,TTATATTTATTTGCT,,0.0,0,0,1,0
TCACCAGCACCAAACACACCTCCAACGA,CGTCAAGACCTTCTA,,0.0,0,0,1,0
CTCGCATGGCCAAACTCAAGACCAAATC,GCTGCTTATGAGGAT,,0.0,0,0,1,0
TAGCCACGCGCACCAGCACGCCCAAGGT,AGTGTTAATCAGACC,,0.0,0,0,1,0
AAAGCATATCCATTGGCAGTATCAAGAC,TCAAAACGGAGTGTT,,0.0,0,0,0,1
CCATCAAAACCAGATGCACACCCACAAT,CTTGATCAATCAAAA,,0.0,0,0,0,1
