BC,Edge,s,LL.ratio,TP1-1-T1,TP1-1-T2,TP1-1-T3,TP1-1-T4
AGCACAGATACAGCGACAAATCCATTAC,CCAGGATGTACCGCC,0.005254870783534704,0.0,1255,3189,3296,2919
GGGTCACTATCACGCACAGATCCAAGAC,TTAGTCTTTCCATCA,-0.004741631966433083,0.0,1084,2763,2386,1868
GCGTCATGATCACTGTCAGGTACAATCG,CCAGGATGTACCGCC,-0.00546628516054013,0.0,1144,2478,2369,1929
CCGTCATAGGCAAGAACATCACCACGTA,TATATTGAACTTTAC,-0.00684793014197204,0.0,1117,2682,2293,1807
AAGCCAAGGACACACTCACTCACAACAT,CCAGGATGTACCGCC,-0.003320522746264679,0.0,1061,2614,2253,1908
TAGGCAAAACCATCAGCAGTGTCACAAA,TCAAAACGGAGTGTT,0.0029834966778205033,0.0,886,2189,2316,1925
AACGCAGTTTCACGCACACATACAACGA,CTACTTACAACGGAA,0.0029938926191543625,0.0,871,2185,2083,1893
AAGTCAATGACAAGGTCATGGCCATCCT,CCAGGATGTACCGCC,-0.002576479824045371,0.0,869,2163,1896,1598
ACGGCATCAACAATGGCATTAACAGGCT,TATATTGAACTTTAC,-0.004265636678950058,0.0,889,1870,1713,1554
GCGGCAGCCGCATAGCCACTAACACTCA,AATGATACCATTTTT,-0.010382697474987922,0.0,877,1983,1691,1276
GTTACACCGCCACTGCCAGGTACATCAG,CCAGGATGTACCGCC,-0.0008707711771398062,0.0,790,1799,1764,1529
GCCACATCGACAGCTTCACCATCACAGC,TTTATAAATCAATAG,-0.004272893046441147,0.0,745,1757,1592,1302
GTTTCAATTCCAGTCCCAACCACAAAGG,ACCACCGGTCCTGCC,0.001204445305881767,0.0,686,1663,1629,1413
GAAACACCCCCAAACACAGATCCATCGA,TTAGTCTTTCCATCA,0.001895917643387035,0.0,612,1743,1517,1287
GCCTCACATACAGGTTCAGTTACAGAGG,ACAACCTACCTGCTA,-0.003400547227437789,0.0,699,1640,1454,1254
AAAGCAGGGACACTGGCACTTTCAGCTA,TTTATAAATCAATAG,0.0013670842439610063,0.0,630,1564,1507,1304
TCGGCAACGTCACTTTCAGTGGCAGGTC,TCAGAGCATTGGCCT,0.007000069538174433,0.0,601,1460,1541,1473
GGACCATTCGCAGGAGCAATGACAACGT,CTACTTACAACGGAA,0.005013593535258491,0.0,592,1500,1450,1367
GTAGCAGGCTCACCATCACACGCAGTGT,ACAGTTGACGGACAG,-0.00046268693182175785,0.0,614,1542,1493,1203
TTTGCATCCTCACGACCAAACTCAGGTT,CCAGGATGTACCGCC,0.0028602153656158997,0.0,583,1426,1408,1262
GTGGCATAGGCATCTTCAATGTCAAAGC,AGTGTATGATAATAT,-0.00793814999236348,0.0,670,1441,1340,1049
TTATCATAGGCACCTCCAGCCGCATGCA,CCAGGATGTACCGCC,0.0013988270452857336,0.0,557,1415,1263,1154
AGAACAAGTCCATATGCACGATCACCCC,TCAAAACGGAGTGTT,-0.004013757250549199,0.0,620,1260,1249,1092
ACCGCAAAGGCATGCGCACGATCAGGTG,TATATTGAACTTTAC,-0.005541354645641628,0.0,551,1247,1128,927
TTGACAGTGTCAGTTACAAGTCCAAAAC,TCAAAACGGAGTGTT,-0.002127688000601102,0.0,492,1198,1088,917
TTGTCAGAGACAACGGCAATGGCAGAGG,ACCACCGGTCCTGCC,-0.007122353401907515,0.0,493,1001,997,791
TACACAGTCACATTTGCATAGTCAGCCG,CGATGATGATGATGA,-0.0009272528690811443,0.0,457,1017,944,883
CTATCATGCTCAATCGCAGGTGCAGTAC,ACAGTTGACGGACAG,0.0005723760690871318,0.0,427,920,965,863
TCGTCAGTTGCAACAGCAAGGACATGCT,GAGTGCTTCAAAGTT,-0.022821318635506776,9.103039736326537,549,1087,816,550
GACTCACACCCAAAGGCAGTCGCAGCCA,TATATTGAACTTTAC,0.0025768450663903025,0.0,369,904,884,792
CGCCCATAGTCATATGCAGAAACAAGCA,TTAGTCTTTCCATCA,-0.011771587574735018,0.0,498,961,770,695
GAGACAAGTTCAATAACACGAACACTAG,ATGGCGATGGTCTTG,0.001993253669723479,0.0,330,860,874,696
GTGACATCGACATGCCCACAAACAATCT,TTAGTCTTTCCATCA,-0.0013099109488022766,0.0,356,879,794,680
GGCACACTGCCACTGACATAGGCACCAA,ATGGCGATGGTCTTG,-0.0018764502637069601,0.0,385,844,735,723
ACTTCACAGCCACGCTCATTGCCATGAC,ACAGTTGACGGACAG,0.009769784428997718,8.596111580405704,294,844,797,783
CGTACATGCGCATGTGCAAGTTCATGTA,AGTGTATGATAATAT,-0.011331227443582524,0.0,396,942,733,560
ACACCAATGACATAGGCATCCACAACGT,ACAGTTGACGGACAG,-0.001036986981015368,0.0,337,836,734,649
CTACCATCGCCACCCCCAAGGGCACTAA,CCAAGACCGTGTAAA,-0.04439010385696984,8.685786445305894,591,905,589,310
TAAGCATGCGCATGGGCAAAAACACGTT,TTATATTTATTTGCT,0.007704306493585511,30.73877787204583,308,737,736,771
AAGGCACATGCATAGGCAATCACACATA,TATATTGAACTTTAC,0.002573155369864096,0.0,308,769,786,661
AGTTCAAGGTCAGGTTCAGTTCCACATC,ATGGCGATGGTCTTG,-0.0014227981272108452,0.0,301,853,724,573
GGAGCATTAACATCCGCACTATCAGGGT,CCAGGATGTACCGCC,-0.0005190228607729139,0.0,318,744,787,622
GGCCCAGATCCAATTGCAGAAGCATCTT,AAAAGAAAAATGTAT,-0.009112022093965111,0.0,348,870,711,526
GACGCAAACCCAGCCCCACGAACAGCGT,CCAGGATGTACCGCC,-0.002159039306812967,0.0,348,732,667,648
AAATCAAGGGCATGCGCACGGGCATACT,ACCACCGGTCCTGCC,-0.0009356949529139378,0.0,322,694,729,622
TGGCCATTGCCACATACAAACTCATACC,CGATGATGATGATGA,-0.005560285435185733,0.0,361,733,683,607
AACACACAAGCAGAGCCAGCTTCACTCG,CGATGATGATGATGA,0.0005535073811700671,0.0,301,784,682,608
TGTACACAGCCACAACCAACTACAGTCA,AGTGTATGATAATAT,-0.021220900734477115,0.0,411,741,677,432
TGGGCACTGTCACTCGCATCTACAGGAA,GGTTGCCCAGAAGTA,-0.009831383838495843,0.0,361,751,615,534
CATGCATCTACAGGAACATCATCAGTCA,ACCACCGGTCCTGCC,-0.005102381156970385,0.0,298,765,678,508
GACGCACGTGCAAATGCAAAGTCACCAC,TCTTGGAGGTGAATG,0.0007309800248791167,0.0,293,662,737,595
CTGTCAACAGCAGGAGCATCTGCATAAT,GGTTGCCCAGAAGTA,-0.014964747564469047,0.0,373,743,643,473
GTCGCACAAACACGGGCATCTCCAGGGG,GCTGCTTATGAGGAT,-0.0016259765578372203,0.0,278,695,668,526
GACCCATAGACACAACCAGGCACAAACA,AGTGTATGATAATAT,-0.021875321863951917,0.0,424,770,561,437
CCCTCAATTACAGGCGCACTAACACCTT,AAAAGAAAAATGTAT,-0.016007255175686123,0.0,358,765,588,440
TTTCCACGTGCAGGCTCAGTCTCAGTAC,ACAGTTGACGGACAG,0.0015062087636880182,0.0,293,670,656,609
GGTGCAAGAACATGGACACGGACAATGG,GCTGCTTATGAGGAT,0.011677989983366303,0.0,228,692,676,643
TAATCAGCCGCAGTATCATGCCCAAGGT,AATGATACCATTTTT,-0.008161952711494965,0.0,308,739,692,479
TCAGCAAATGCAGCCACAAGGCCAGGTA,ACAGTTGACGGACAG,0.01502063912379055,10.289288509226026,204,723,663,636
GGACCAAGGCCAGATACAAGTCCAGCCT,GCTGCTTATGAGGAT,0.007369921870773721,0.0,253,624,656,627
TTGTCATACGCACTTTATGCGCAACCG,TCAAAACGGAGTGTT,-0.016062595410934622,28.00425262018507,348,697,589,427
GATCCATTGACAGGAGCAAAGGCAGCCG,AAAAGAAAAATGTAT,-0.013009107110803594,0.0,322,672,556,433
ACGTCATACGCAACACCAACAGCATTTA,TTATATTTATTTGCT,-0.0069356349256450844,0.0,282,619,609,455
GAGTCATAGTCACGATCAGCGGCAAGGA,AGAAGACGACGATGA,-0.030935500331204475,0.0,410,690,482,322
CTGCCACAGCAACTACATGTACAAATT,ATGAAGTTCATAATG,-0.009513969121812698,0.0,302,616,589,451
GGCTCATCACCAGAGCCATTGGCACGAC,TTTATAAATCAATAG,-0.0049154298349834155,0.0,287,631,554,492
AAGGCAGCTCCATGGGCATGCTCACTAC,CCAAGACCGTGTAAA,-0.057905277625146696,0.0,489,703,385,171
GAACCAGTAACATTCCCATTCACACGTC,CCAGGATGTACCGCC,0.011959412078763623,9.817181146248004,186,543,539,529
ACTTCACACCCAAACCCAAGGACATTGG,TTATATTTATTTGCT,-0.004311767315073079,0.0,228,626,483,398
TGAGCAACGACAAAAACAAAGTCATCTC,TTATATTTATTTGCT,-0.011700763067816944,0.0,276,477,472,386
TCCTCATCGACACTATCACCCGCAAACT,GTTCAGCTTTGATCG,-0.042439237116513435,0.0,374,623,344,208
GTTCCAGTCACACTCGCAAGACCATGCC,GCTGCTTATGAGGAT,0.004741109225799341,0.0,186,530,487,426
TATTCATACGCATGTTCACCACCATGGG,TCAAAACGGAGTGTT,0.001697367991819372,0.0,199,482,532,416
CACACAGCTACATCCACAGACACAACGG,TTAGTCTTTCCATCA,-0.0047077448432955625,0.0,240,479,479,414
GGAACACGAACACAGCCAATAACATTTG,ACAGTTGACGGACAG,-0.0037595289452178418,0.0,222,528,467,394
TACTCACGGTCACCGCCAAGTTCAATTG,ACAGTTGACGGACAG,0.0011489116294943983,0.0,213,454,461,438
GGATCATGAACAAAATCAAGTGCACACA,TCAAAACGGAGTGTT,0.0033999321527360404,0.0,190,496,470,418
TCGACAATCCCAATCCCACGGTCAGCAA,CGAATGCCATACAAA,-0.0074728999144396445,0.0,211,461,492,335
CAACCAAGAGCAAATACATCCGCACATA,TTAGTCTTTCCATCA,-0.0032890910293356776,0.0,210,479,458,378
CTAGCAGTGGCAAGGACAGCGCCATTCA,GCTGCTTATGAGGAT,0.002005882324291398,0.0,182,471,500,384
AACGCAATCGCAGATACAACATCATGGG,ACAGTTGACGGACAG,-0.007737866709777312,0.0,233,471,459,367
CGGGCAACCGCACAGGCACCATCAGCGT,ACAACCTACCTGCTA,-0.0029188251156144467,0.0,189,509,455,344
GGCCCAACCCCAAGGCCAACGTCAAAGT,AAAAGAAAAATGTAT,-0.011221518074113417,0.0,234,477,430,332
TGAGCACTTTCACTCACAAACGCAACGC,TTTATAAATCAATAG,0.0054904312237524485,0.0,184,442,447,431
TCGCCAATGGCAGTCGCAACTGCAATTC,ACAGTTGACGGACAG,-0.003480014054113178,0.0,214,461,442,383
GAGTCAAAATCACCGGCAGTTGCAGAAG,TATATTGAACTTTAC,-0.008882206237037164,0.0,205,489,430,312
AAAGCAAGGACAGCGCCATAGTCAGGTA,CCAGGATGTACCGCC,-0.001735679114810518,0.0,184,441,467,347
GTAGCAAGTACATACACAGTTGCAGCCG,TCAACAACCTATGCA,0.003177879918139063,0.0,178,459,410,389
CCGACAGCTTCATGGACAACATCATGTG,AAAAGAAAAATGTAT,-0.006947453161306294,0.0,217,448,372,350
ACACCAGCCGCATAACCAGAAGCAATAA,CCAAGACCGTGTAAA,-0.05716540394210911,0.0,358,501,321,128
CTGACAATGACAAGCACATGCAAGAT,GTTGAACTGGTTGTT,-0.03255027777480787,0.0,282,508,292,211
CGAGCAAAGCCATCGGCAAGCCCAGTTA,ACAACCTACCTGCTA,-0.0047176053176562595,0.0,196,410,442,338
GACACATGCGCACGAACATCTGCATTCG,TATATTGAACTTTAC,0.003021140197725532,0.0,177,403,403,385
CGCACAGAGGCATAGACACAAACAGAAG,TCTTGGAGGTGAATG,-0.0003020190730127793,0.0,192,423,377,378
TCTTCAGAGGCACTGGCACTTCCAGTAC,TATATTGAACTTTAC,0.00439503092439207,0.0,165,390,427,374
CCCCCAAAAGCAGCCTCATTCACAGCCT,CTCGCTAATACTCCT,0.0036089192531892095,0.0,159,440,397,352
GGACCATAGTCACCTTCAAAATCAGGCG,TCAAAACGGAGTGTT,0.005393881993099692,0.0,146,433,414,341
CCTACAAAGCCAGTTGCAGCTCCAGTTG,ACAGTTGACGGACAG,-0.0011642365485959427,0.0,184,395,380,353
GGCGCACCTCCAACATCATGAGCAACAA,ATGAAGTTCATAATG,-0.01422249422890999,0.0,209,420,389,271
ACTGCACCGGCACATGCACTAGCAACAT,AAAAGAAAAATGTAT,-0.009142761769534607,0.0,198,385,390,299
CTCGCATGGGCACGGTCAGATTCAGTAC,AAAAGAAAAATGTAT,-0.01206336420956086,0.0,193,434,381,267
TGGACAGTTACACTAACAGTCGCACTTG,CTACTTACAACGGAA,-0.002406173176963433,0.0,178,436,342,329
CGGTCACAACCACAGCCAGCGTCAAAGT,GTTGGGCGCTTAAAG,0.005042300452962129,0.0,135,422,404,312
ATGGCATGGTCAGATACACTAACAGGGG,TATATTGAACTTTAC,-0.0023348669817877827,0.0,176,423,359,326
TATCCAGTTTCAGCTGCAAAATCAGGAG,ACCACCGGTCCTGCC,0.0009936734066203535,0.0,171,415,339,350
AGGGCACAACAAAAGCATATACAAAGA,TTTATAAATCAATAG,0.00312330539224619,0.0,165,362,382,360
TGCTCAACGCCATCTCCATGGGCAAGGA,TTTTGCATTTAGGCG,-0.014750729076442164,0.0,257,351,342,328
GGGGCACAATCAGGAGCAAGCGCACTCA,GAACTCAGGTTCCAT,0.0016161637818739325,41.2731402707318,164,403,367,342
ACACCACTACCAGCATCACACCCATTCT,ATGAAGTTCATAATG,-0.00521800377335396,0.0,166,410,375,282
GTAACATGTGCAGACTCAATCGCAGGTA,ACAGTTGACGGACAG,0.001077673846369795,0.0,154,424,355,316
TTAGCATTAGCACCAACACGCCCAGTAA,ATTATCAAGTGCCAG,-0.018901722146626807,0.0,205,394,335,231
CGTGCATACGCAAAGGCACTCTCAAACG,AAAAGAAAAATGTAT,-0.023995846423401107,6.294559371235664,213,418,357,206
GTAACAGACACACGTCCATATACAATCG,ACAGTTGACGGACAG,-0.010091142477014363,0.0,186,388,390,273
CAACCACGGCCAGCACCAAGGCCATTCT,ACAACCTACCTGCTA,0.0005502610319576851,0.0,152,431,327,307
CCTACAACTGCAATATCAATGACATCGA,AGTGTATGATAATAT,-0.014674467900291803,0.0,197,411,332,252
TATGCAAGGGCAATCTCATGGCCATGTC,AGTGTATGATAATAT,-0.017695068381948887,0.0,196,436,317,229
AGCGCATGTACAATTCCATACGCAACCA,ACCACCGGTCCTGCC,0.002907554908725615,0.0,155,344,358,336
TCATCAATGTCAAAGCCACCAACACTAC,AAAAGAAAAATGTAT,-0.008035385911288434,0.0,180,372,347,281
CATGCATGCGCATAATCAGCAACAGGCG,TATATTGAACTTTAC,-0.001051114268081384,0.0,160,363,342,308
GGCTCAATGGCAACGGCACGATCAGGGG,ACAGTTGACGGACAG,0.007761901900283416,0.0,132,333,383,331
GTTTCAGCATCACGAGCACCGACAACAG,CCAGGATGTACCGCC,-0.005117780833851095,0.0,179,385,297,305
CGCTCATCGACACGCTCACGTTCATACA,CGATGATGATGATGA,-0.012407009864856234,0.0,195,365,321,267
ACAGCAAACCCAAAGTCAATACCAAGAC,TTATATTTATTTGCT,0.004992954280614296,6.177309633275854,130,380,348,300
TGTCCAGCTACAAGAGCAACTACATGTC,TATATTGAACTTTAC,0.0035259562473995754,0.0,144,348,353,318
GCTGCAAGGCCAGGTGCACATGCAGGTA,TATATTGAACTTTAC,1.3939058805349907e-05,0.0,160,350,322,318
CCAGCACCTCCATCCGCATCATCACTAA,TTAGTCTTTCCATCA,-0.003058409601183197,0.0,144,395,363,261
ATGGCAAGGGCAGCAACACGGCCAAAAT,GTTCAGCTTTGATCG,-0.034036615044058055,0.0,218,439,259,156
CAAGCACAATCACCCCCAGTGTCACTCT,ATGGCGATGGTCTTG,0.00011381531442622381,0.0,153,318,354,305
TCCACAGGGGCATACTCAAGTCCACAGA,GTTCAGCTTTGATCG,-0.038239572752180095,0.0,279,372,248,176
TCAACATGCTCAGGCACATTGGCAGCAT,TTTATAAATCAATAG,0.018963253596340848,22.95161976896361,110,301,307,386
GGTACACAGTCAGTAGCAACCGCATAGC,TATATTGAACTTTAC,-4.2679495714030916e-05,0.0,126,419,305,250
AGCACATTGGCAGGTTCAGGATCAACGT,ATTATCAAGTGCCAG,-0.014990339747073367,0.0,146,429,310,185
GAGCCAAATACAGTCGCAGAGCCACTTG,GTTCAGCTTTGATCG,-0.04185652605681983,0.0,235,400,261,133
GGTGCATAGACAGGGTCAGTCGCACGGT,GAGTGCTTCAAAGTT,0.00733689287333236,15.435638896285127,124,318,318,307
ACCCCAAATTCACTCCCAAGTCCAAACG,TATATTGAACTTTAC,-0.003658878234285797,0.0,141,341,343,251
AACCCAGGACCAGGGCCAGGTACAAGGC,AATGATACCATTTTT,-0.0052853929372517275,0.0,151,339,330,256
ATGCCAGGGTCAGTAACACGCGCATCGT,ATGGCGATGGTCTTG,-0.01107625273538585,6.365107047489801,160,356,337,228
GGGCCATGACCACGCACATCGTCAACGG,ACAGTTGACGGACAG,-0.0036342617665091684,0.0,151,337,310,269
GGAGCAGGTCCAGAAACACTAACATCAA,CAAGGATCCCCGTAG,-0.04958650714687437,0.0,254,380,202,114
TCCTCAGGGCCACGGTCACGCACAGCTA,TATATTGAACTTTAC,0.010052508031693566,8.976485363125903,121,307,324,325
ATATCAAGAGCAATGCCAGGCGCACTCA,ACAACCTACCTGCTA,0.004517355220690803,0.0,120,327,349,273
AGAACAGTACCACTTGCACTCCCACAAC,AAAAGAAAAATGTAT,-0.013750250538077014,0.0,165,389,293,217
CTTTCATGGGCACATGCAAAAGCATACT,ATGGCGATGGTCTTG,0.005761796711647494,0.0,130,280,308,307
CTTGCAAGATTCAAGCACAAACTCATGCA,TTTTGCATTTAGGCG,0.006710108415914239,12.566122251313573,128,285,305,311
GAAGCAATTCCAGATCCACTCCCAGATT,TCAACAACCTATGCA,-0.005273957680484037,0.0,148,357,258,251
GTCCCAGGCGCAAGTCCAAACTCAGCAG,AATGATACCATTTTT,-0.004138393872701866,0.0,159,304,265,279
GTTGCATGGACACAAACAGCTCCAGCGA,AGTGTATGATAATAT,-0.019390418844104203,0.0,163,331,306,181
TAAGCACGGCCATATTCAGTCACATAGG,AAAAGCGACATTTCT,-0.004567297862947302,0.0,127,316,340,220
TGAACACCAGCAAGCGCATGTCCAACAT,CCAAGACCGTGTAAA,-0.07009020263951435,5.477869602422743,305,342,187,74
GTCGCAAAAGCAGGTACAATGACAAAAG,ACAGTTGACGGACAG,-0.002375791889731849,0.0,140,302,274,259
AACGCATCGCCAAAGCCAGAGCACATT,TTTTGCATTTAGGCG,0.0068740490150944016,13.728250699006367,120,265,315,293
TTACCACTGACATCGCCACCCGCAAGAT,TATATTGAACTTTAC,-0.005149498250774073,0.0,131,292,321,223
CGAGCAATGCCAGCGTCAAACACAAATA,AAAAGCGACATTTCT,-0.013879102840692943,0.0,129,372,284,169
GCGACAAGTGCAGCCTCACGATCAGAAC,ACAGTTGACGGACAG,0.000490665215834029,0.0,124,263,331,250
TTAACAAAGGCAGGGCCACAACATGCG,TTATATTTATTTGCT,-0.009713340294504701,0.0,161,294,251,239
GCCTCAGGTCCACCACCATTACCACACT,TCAAAACGGAGTGTT,0.003785031010670549,0.0,133,228,293,296
TATCCAGTACCAGCTACAAAAGCATCAC,AATGATACCATTTTT,-0.005999702579505137,0.0,138,298,270,229
TGTGCAGAATCAGTTCCACCAGCAATCT,GTTCAGCTTTGATCG,-0.039582700648385295,0.0,203,347,223,123
GCGCCATACACATATTCATTGGCAGAGA,ATTATCAAGTGCCAG,-0.036208625545155866,18.471887176321616,176,391,219,118
CCTACATCATCAAGGGCAAGCTCATGAC,CGATGATGATGATGA,-0.0043504445578576405,0.0,117,303,295,204
TAATCAATAACAGGAACATAGACATCAA,TTTTGCATTTAGGCG,-0.004190046775599651,0.0,125,309,257,219
CTATCCAATCTCAAGTGCATCAGGGT,GTTGGGCGCTTAAAG,-0.005068686809937721,0.0,109,280,322,186
AGACCAGTAACAAACGCACTAGCATGGA,TTTTGCATTTAGGCG,-0.00797157259128413,0.0,117,319,272,183
TAGGCAGCGGCACCGTCAACTCCATTTG,TTAGTCTTTCCATCA,-0.019197250712745497,7.943006668140242,154,307,264,172
GGGACACGAACAGGAACATTGGCAGCCC,TCTTGGAGGTGAATG,-0.008879849608429084,0.0,136,271,271,207
CTAGCAATGCCAAAAACAGCGTCAAGAT,GAGTGCTTCAAAGTT,-0.0017164723534993133,0.0,115,298,244,217
ACAGCATAGACACCCGCAAAGGCAACTG,GAGTGCTTCAAAGTT,-0.02038080699464249,0.0,154,305,233,166
GGCACAGAAACATCACCAGTCTCACAGA,TTTATAAATCAATAG,-0.003289091029335677,0.0,120,294,241,216
TATCCACTCCCAGGATCAAGCGCAAGTG,GTTGGGCGCTTAAAG,0.0051247067578084355,0.0,101,284,242,234
ACAACATAGGCACATGCAATGGCAAGGT,TTATATTTATTTGCT,-0.006507582197220001,0.0,134,255,271,219
GTTCCAGGACCAAAAACACACCCAGCTG,GCTGCTTATGAGGAT,0.016247865110215646,3.67839184794002,81,258,266,262
AGTCCAAATTCATGTGCACCTTCAACCT,TATATTGAACTTTAC,-0.005854459067206645,0.0,126,306,222,210
CCACAAGCCCAAGGCACGAACAAGAG,TATATTGAACTTTAC,0.0045248299002452535,0.0,98,279,268,223
GAGCCACAAGCATACGCAATTCCACAAC,TCTTGGAGGTGAATG,0.002704012652017533,0.0,110,258,255,237
GGGTCATGGACAGTGTCATGGCCAGTGC,TATATTGAACTTTAC,0.005933542274245977,0.0,99,253,275,235
AACTCACCAGCAATAGCAGATTCAGACT,TTAGTCTTTCCATCA,0.0026482379686728103,0.0,106,256,261,228
CGCGCACTAGCACTCTCAGGTTCACTGG,AGAAGACGACGATGA,-0.0224546235784376,2.003865863943247,155,319,188,157
CGGTCATTGACACATACAGCGACAGAAT,ATGGCGATGGTCTTG,0.007435564533447463,0.0,89,292,246,221
GCAGCACTAGCATTCTCATTGTCAAAAA,TGATCATCACGGGAC,-0.032331031189920874,0.0,158,323,219,119
GGTACAAATACAAATACAGTTGCAAGTC,TTTTGCATTTAGGCG,-0.00494499376892435,0.0,94,294,260,161
GAGGCACCTGCAAAAGCACAGCCAACAT,AAAAGAAAAATGTAT,-0.011408837102235553,0.0,129,246,267,182
CCTTCACTACCACGGGCACGGCCACGCG,AAAAGCGACATTTCT,-0.011339438635478519,0.0,145,292,184,205
AACACATAGGCATCGACACGCACACTCG,ACAACCTACCTGCTA,-0.015306215037532295,6.014163782127071,145,277,213,182
CAGCCCAGCATCATCGGCACTCACACGAA,CGATGATGATGATGA,0.012688474194218327,5.3485368525175545,86,265,230,250
AATACATCGCCACCAGCAGAACCAAATA,ATGAAGTTCATAATG,-0.01115851548551589,0.0,121,300,230,172
GGTACATAGGCAATGTCATTAACAGCCG,TATATTGAACTTTAC,-0.004099667951025898,0.0,111,249,266,195
GGGACATCATCACGCTCAAGTACAAGGT,TATATTGAACTTTAC,0.005971901504289983,0.0,85,283,256,202
TCGGCAAGCCCAGGCTCATCCCCATATG,TATATTGAACTTTAC,-0.0016294022125685093,0.0,111,264,228,210
AAGGCAACGTCAGTGGCATATCCAGAGA,ATGGCGATGGTCTTG,-0.005016593291488542,0.0,110,264,257,188
CTTGCAGCGACATCCACAAGGACAGAGA,ACAGTTGACGGACAG,-0.007521473086362004,0.0,123,265,222,195
TGTCCATAAGCATGTTCATGCGCAGCGA,TCAAAACGGAGTGTT,-0.01554351277721152,9.017897804117183,134,262,245,167
GCATCAGGCTCACATCCACGGACATATG,ATTATCAAGTGCCAG,-0.013793840023164958,0.0,134,253,230,176
ACGACATGTGCAACCTCACGCCCAACGA,CCAACACAGGCTTCG,-0.03639748346301181,0.0,156,268,192,104
TAACCATTAGCACAGCCAGTGTCACGCT,ACAACCTACCTGCTA,0.005408396413405395,0.0,101,270,177,236
TAGCCAAGCGCACCATCAATGACAAATC,TTTTGCATTTAGGCG,-0.006281424343625982,0.0,110,260,233,181
CTATCAATTCCAAGGGCATATACATACC,TATATTGAACTTTAC,0.002262778193489205,0.0,103,234,236,219
AGAACACTCGCAGTATCACCTACAGAGG,AGAAGACGACGATGA,-0.04084852988382925,0.0,156,308,158,91
GCCGCAAGCGCATTATCATACGCAGTGA,GTCACCGGCACTAAC,0.023953241393107467,10.168615568430369,66,201,244,269
ACTTCAGAGTCATCCGCAGGTGCATTCA,TTTATAAATCAATAG,-0.003398201874167972,0.0,102,241,241,183
CGGCCAGTCTCACACGCATATGCACAAA,TTTTGCATTTAGGCG,-0.015117594603393873,0.0,122,279,210,154
ATGACACCTCCACGATCACGGGCATGCG,AGAAGACGACGATGA,-0.02712403917977056,0.0,159,263,185,140
GCACCAGTTACATACACAGTCCCACGTC,TATATTGAACTTTAC,-0.002421631915292171,0.0,118,201,217,218
CACCCAACGACAGCATCACATTCATTAG,ACAACCTACCTGCTA,0.014417339857011812,15.309983738133269,81,194,236,248
GATACATTAGCAAAGACACGAACACTCC,AGAAGACGACGATGA,-0.03176418763612324,0.0,171,225,183,131
TGTTCAGCGGCACAGACATGAGCAAAAC,TTAGTCTTTCCATCA,-0.009799945736574398,0.0,129,233,186,191
GATCCAAAGACATAGCCAAAGCCAGTGA,ATGAAGTTCATAATG,-0.01881898593910507,0.0,108,269,228,122
TAGGCACAAACACCTCCAAATACATACA,TCAAAACGGAGTGTT,0.004752992767220492,0.0,79,226,248,181
AAGGCAGCGCCAACTACAGCTACACGGC,TTAGTCTTTCCATCA,-0.008841531023529544,0.0,126,212,194,192
TTGTCAAAACCAACTGCACAAGCACACT,ATGGCGATGGTCTTG,0.004915344621961267,0.0,86,202,237,198
GAGTCATCTCCAAGTCCACAAGCACAGT,TCAAAACGGAGTGTT,0.009657649255767842,0.0,81,220,195,215
CCGCCATGCCCAGGGTCAATCTCACCCG,ATGGCGATGGTCTTG,0.005083271089626502,0.0,86,236,199,199
CAGCCAAGCACAGGTCCAAAAACAGCGT,CGATGATGATGATGA,0.011882132900844397,6.747631516147067,80,210,196,227
GCACCAGAGGCATCGCCATTTCCAGGGA,CCAACACAGGCTTCG,-0.03459524275400259,0.0,162,225,148,114
CGAACAACGACATGGCCAGGTGCACATG,CGAATGCCATACAAA,0.005925072901569198,3.3854351110890093,67,215,233,159
CCTGCAGCACCACGACCAAATCCAACAT,AAAAGCGACATTTCT,0.012438357836088402,6.527057177016104,61,249,197,176
ATAACAGCGCCAGGCGCAATTGCAGTCA,TTTTGCATTTAGGCG,-0.016248604992985985,2.2225600344800114,109,234,199,133
TGTCCAGGGGCAAAGCCAAACGCACAGG,ACAGTTGACGGACAG,-0.005730080813444691,0.0,107,177,207,179
CAGCCAATTCCAGCATCATCATCAAAGG,TCAAAACGGAGTGTT,-0.01264109090858126,8.10694145004436,114,235,174,155
TTATCACGAACAAACGCAATTACAGCGC,TATATTGAACTTTAC,0.007400287013691893,0.0,77,192,220,191
CTCCCACACCCAGAAACATGCACAGTTC,TCTTGGAGGTGAATG,-0.0008821474179714784,0.0,92,222,184,178
GAGCCAGGGGCAACTTCATCTACAACAA,TTTTGCATTTAGGCG,-0.01356248445210091,0.0,93,223,216,123
TTGGCAGCCCCAGCTGCACATCCACCTT,ACAGTTGACGGACAG,-0.00963208191077339,0.0,84,175,227,125
AGGTCACCCGCATGCACACGATCATAAA,GCTGCTTATGAGGAT,0.010060161190568495,0.0,67,195,222,180
GTTTCACGTCCAGCTTCATCCACAGCGG,AATGATACCATTTTT,-0.017386158419731842,4.729958196586267,106,248,166,125
TAAGCAACTCCAGTAACAAGGTCACGGG,TCAAAACGGAGTGTT,0.0002229261592585167,0.0,73,222,213,146
AGGCCAAGCACAGGGACATAGTCAAGTT,ATAATTTTCATCCAC,-0.03873978999123034,0.0,140,226,135,87
AGATCAGGTGCAAACGCAAACGCAGGTC,ACAGTTGACGGACAG,-0.003949178605875002,0.0,85,217,190,150
ATATCAGTGACATAGGCAGGGACAGAAA,ACAACCTACCTGCTA,-0.007012557348669057,0.0,82,213,219,132
CCGCCATACACAGGGGCAGGAACAAGTA,AAAAGAAAAATGTAT,-0.005021082327026056,0.0,79,244,177,135
GGTCCAGGACCATCCACATATACAGCAG,CGATGATGATGATGA,0.0030661788429883576,0.0,73,185,228,159
CAGCCAGGTGCATCTCCAATAGCAGGGC,TATATTGAACTTTAC,0.0037598096924101204,0.0,67,239,184,149
CACTCACCCGCAGAAGCAGTCACACCTA,TCAAAACGGAGTGTT,-0.008774394377806145,5.157840905016656,93,228,175,142
GAGGCAATGACAACCTCAAAGGCAACAC,TATGCCCTTCTTCTG,-0.02229199395609294,0.0,112,193,173,114
TCATCAAAAGCAGCCACACTAGCAGTAA,GCTGCTTATGAGGAT,-0.0010194536673158467,0.0,82,195,197,158
ATGGCAAAATCACCTACAGAGACAATGG,CGATGATGATGATGA,-0.010867265634932677,0.0,106,180,181,152
AAGCCAAGAACAAACACACCCCCAATCT,ACAACCTACCTGCTA,0.008927019471906083,1.9082493236674054,62,206,202,161
CCGACAACATCAATCGCAATCTCAATCA,TTTTGCATTTAGGCG,-0.008964864971928334,0.0,110,175,168,167
GAGGCAGTTACACCCCCAGATACATGAG,GAGTGCTTCAAAGTT,0.00043591942921753873,4.111256628566025,78,198,195,157
TGCACATGCACAAACTCAGTCGCAGCAT,ACAGTTGACGGACAG,0.005305212614067652,0.0,85,182,166,198
GGCTCATAGACATCTTCAACAGCATGCA,AGAAGACGACGATGA,-0.02189668645135483,3.831358304961441,100,223,175,103
ATCGCATGACCATAACCACAGACAAGGA,ACAGGGCAGCTCCCG,-0.06507085897044884,0.05470667491454151,156,196,149,44
TTCTCAACTACATGCGCAGGACCATGAA,ACCACCGGTCCTGCC,-0.008049728156592625,0.0,91,213,182,142
CCATCAACACCATGCGCATGTGCATCCA,TATATTGAACTTTAC,-0.0007161030729646798,0.0,72,217,195,140
AGGGCATCCACAGACCCATCTCCACGAA,ATGGCGATGGTCTTG,0.0029271109863374736,0.0,71,212,178,154
TTTGCAACCTCAGCAGCAGAGACATACG,CGATGATGATGATGA,-0.016513471967315983,2.4903929028446328,114,174,178,138
TCCCCAGTCCCAGGATCATTGACAGAAT,TTATATTTATTTGCT,-0.016561284550220767,0.0,91,229,169,110
CCTGCAGTCGCAATTCCACTCACATCGA,TCAAAACGGAGTGTT,0.006476213289085135,0.0,63,172,216,152
GCAACATTCCCAAATCCAATAGCAGGGG,ATGGCGATGGTCTTG,0.018216698180566645,7.2192103235584,51,163,219,175
AAAGCACGAGCACAGGCACCCTCAAAAT,GCTGCTTATGAGGAT,-0.008771222342467277,10.128548940487235,74,238,167,113
TGCGCACATGCATGCACACAACCAGCTA,ATGGCGATGGTCTTG,0.0049015047490892655,0.0,73,176,177,168
GTCGCAGCGGCAATCTCACAACCAAACT,GTTGGGCGCTTAAAG,0.004784898916498456,0.0,75,162,180,172
GAAACAAGTACAATCCCATTAGCAGTCC,AGTGTTAATCAGACC,-0.033998366808842155,0.0,134,234,115,96
GATGCAGTCCCAGGGGCACGTACATGCC,TCTTGGAGGTGAATG,-0.005944671120464706,0.0,74,221,156,123
GCGAAATTGCACTTGCAAACGCAGGGC,GTTCAGCTTTGATCG,-0.0464283934364052,0.0,152,195,119,75
CTTTCAACCTCATGAGCAAGGTCAGTTA,TATATTGAACTTTAC,-0.0011195371453394862,0.0,76,199,155,146
CAAGCAAGAGCAAGAACAGTCGCATCTT,GTTGGGCGCTTAAAG,0.0008499038911750564,0.0,79,194,144,161
GCGACACAGTCATCGACACGTACAAAGT,GTCACCGGCACTAAC,-0.034806967695022915,19.94042273524292,133,200,137,93
ATGGCACTCACATGTGCACGTCCACGCA,AGTGTATGATAATAT,-0.0158042253524065,0.0,93,209,152,115
AAAACAGGGGCAAGGGCAGGTTCAACAG,TCAAAACGGAGTGTT,0.016163741572278293,0.8325007581420323,53,204,141,171
TGGTCAACGACACAAACAATGGCATCAT,TTATATTTATTTGCT,-0.024668121397209853,3.7528587725514626,115,160,151,109
ATCGCAGAGTCACGGCCAAGTACAGCAA,AGTGTATGATAATAT,-0.005290156997191692,1.3958963841091645,82,192,143,139
TATGCAACATCAGGGACAAATTCAATAG,TTTATAAATCAATAG,0.0004568452478800556,0.0,71,186,164,143
GTGGCAAAAACATAAACAGCTACATTCG,AGAAGACGACGATGA,-0.03950049756521218,0.0,135,196,139,82
GGAGCAGGAGCAAGCTCATGGTCAAATC,TTATATTTATTTGCT,0.005199469538007213,3.6217636006367684,59,177,181,137
AATGCATACACAGGTACATTAACAGTAC,TTTATAAATCAATAG,-0.01074980061935924,0.0,82,199,150,118
CGGCCATGCACAACGCCAGAAACAGACA,TTAGTCTTTCCATCA,-0.00987539199349379,0.0,88,159,171,130
ACTGCAATGTCAAAAACAACTGCAACAA,TATATTGAACTTTAC,0.015053154164573902,14.296203007033455,58,129,196,181
AGTTCACTAGCAGGATCAACAGCAGCGA,TCAAAACGGAGTGTT,0.0022168759996221998,0.0,73,164,150,155
AGGCCATTATCAATGTCAACGGCAGTTC,ACAGTTGACGGACAG,0.002612657107795746,0.0,74,159,159,159
ATGCCAGCCACAAACCCAGTGCCATCTC,GTTAAATCAACAGTT,-0.09071497249637306,3.163813611016053,176,174,58,23
AGTGCAAAGACATGCTCATAAACATTGT,GCTGCTTATGAGGAT,-0.005944671120464706,2.02985468228826,74,170,171,123
AGGACATATCCACACCCAGGTACAACAA,ACAGTTGACGGACAG,0.008881369390150889,0.0,59,174,146,153
GATCCACTGCCATCGTCAACTTCAGGTC,GCCCTCGAAACCTAT,-0.057972066104874036,0.0,149,171,86,52
ATCACAGTTGCATCATCACGGGCAGGTC,TCTTGGAGGTGAATG,-0.008522549322991192,0.0,78,198,131,120
AGTGCAATGCCAATTGCAACTGCAAAGG,ACAACCTACCTGCTA,-0.0074766314665826615,0.0,80,156,169,127
GCACCAGGTTCAATGCCAGATACACACA,GTTAAATCAACAGTT,-0.02106003277481086,58.06815889663926,89,147,178,94
GTAGCACGGTCATCAGCAATGTCAAGAT,ATTATCAAGTGCCAG,-0.0176901622124319,0.0,89,185,131,104
TACCCAAACACACTACCAGTTCCACCAG,GTAATCTGACTCTAG,-0.08878740294472025,2.7496957056641804,195,149,73,27
CGGCCCAAAGGCATTACTTTCAAATG,TCAAAACGGAGTGTT,-0.004015579690249681,0.0,67,152,180,118
GTCACAGGCTCAGTTTCATATGCATATC,AGAAGACGACGATGA,-0.03540238469135576,0.0,99,191,127,68
TCGGCAGATTCACTCCCAGGTCCAAAGA,TTATATTTATTTGCT,-0.015820513324063763,0.0,89,173,135,110
CAACCATTAGCAACGTCACCTACAAGAC,GAGTGCTTCAAAGTT,-0.01131961506466926,0.0,82,162,135,116
GGGTCAACTGCAGTGACAACGACAATGT,ATGGCGATGGTCTTG,0.010056529910720332,0.0,51,158,152,137
AAAGCATTCACATGTGCAGTTCCAAGGT,ATGGCGATGGTCTTG,0.010725627713921737,0.0,54,136,149,148
TATCCAGATTCATCTCCAGCGACAAACA,GTTCAGCTTTGATCG,-0.04895180207862102,0.0,94,202,105,43
CTCCCAACTCCAAAATCAGATGCACTGC,TTTTGCATTTAGGCG,-0.019056129372992028,4.152274140521968,74,179,128,83
TATTCATTAACAAAGCCATCGCCAGCCT,TCGATAGAATTTACT,0.015405443782019397,1.3492755680042592,39,134,193,123
TTTTCAGACACAAGGTCAGCATCAACCC,GTTGGGCGCTTAAAG,0.005170259663200972,0.0,50,160,162,116
ATGTCAGCCGCAAGAGCAGATCCAATCT,TTTTGCATTTAGGCG,-0.0012161462362484307,0.0,71,145,131,136
AGGCCAGTTGCAAACTCAGCTTCACATA,AAAAGCGACATTTCT,-0.01646958343782443,0.0,66,159,149,80
CCTGCACGTTCACTTGCATGCACAGCCA,TTTTGCATTTAGGCG,0.011339313108694354,3.3331194514826166,48,164,127,134
GACACACCTACACGTTCATGCTCAATGA,CGAATGCCATACAAA,-0.011974882819125746,0.0,62,187,142,86
CTGACAAAGTCACCGACATAACCAAAGT,TATATTGAACTTTAC,0.005858803827389678,0.0,57,157,113,135
ATACCAAGTTCACCGGCAAAAGCACATC,TATATTGAACTTTAC,-0.012008121977605516,3.725442150984236,70,173,125,97
AACCCATCCCCATGTCCACTGTCAACCT,TCTTGGAGGTGAATG,-0.01737932151409137,3.678809197552937,78,155,140,92
ACAACATGCCCAAGGTCAAAAACAAAGT,TTTTGCATTTAGGCG,-0.01339822993638961,0.0,79,158,123,105
ATCTCAAGATCAGGTGCAACTACATGTC,ACAACCTACCTGCTA,-0.009059254418970058,0.0,72,179,101,109
CCCCCACATACACGCGCAACCTCACTAG,AGATTCATCCCATGG,-0.06223616120370446,6.73890241195204,127,153,75,39
GTAACAGCACCAGCCACACTGCCAGGAG,ACCACCGGTCCTGCC,-0.019122130054561516,7.880106530034936,67,169,131,75
ATCGCATTCGCAGAGGCACTATCAGAAA,TCAAAACGGAGTGTT,0.0023545503126009824,0.0,53,132,159,113
AAGGCAAGCTCAAAAGCATTACCAAACA,AATGATACCATTTTT,-0.0017978945679559682,0.0,68,139,107,128
ACACCATGGCCAGGTACAACCCCAGTTT,TTTTGCATTTAGGCG,0.005740074108510992,2.8677656902539184,50,138,136,118
GTCTCACAAGCAGTCGCATGGTCACGAA,AATGATACCATTTTT,-0.0009071255632641916,0.0,60,166,114,116
TACTCATGCTCATAAACAAGGACAGGGA,ACCACCGGTCCTGCC,0.00877432054979379,0.0,53,128,134,137
TGGACAACATCAGTACCAACCGCACTTC,TTTTGCATTTAGGCG,-0.012826369378522306,0.0,71,144,136,96
TACGCAGTCGCAATATCACTGGCAGTAC,GCTGCTTATGAGGAT,0.0031516380189696934,0.0,49,150,149,107
GAAACACTGTCATACGCATTCACAACAA,GAGTGCTTCAAAGTT,0.003340461426285997,3.164607578597497,51,149,134,112
CCCACAGATACATTAGCACTACCAGTAC,AAAAGCGACATTTCT,-0.013752354848758155,0.0,73,138,135,96
TCAGCAGCTACACGTACAAAAGCAAGAT,TTATATTTATTTGCT,-0.014307884360503904,0.0,75,140,123,97
TCCCCACCTCCAATCCCAGGATCAAAAG,ATTATCAAGTGCCAG,-0.009883282473666351,0.0,65,154,125,96
TAAACATTCCCACCGACACAAACAGGCA,AGAACATCATCTACA,-0.053756681950317096,0.0,101,139,126,40
ACCGCACCCGCATGTACAGTCACACAGG,GTCACCGGCACTAAC,0.0016062505228169762,0.0,59,113,124,123
GTGCCAAACACAGTAACAGCGCCAACTT,ACAAGTTTTACAGTT,-0.04295449327121361,0.0,84,144,122,46
AGTCCAGGGACAACCCCAGGGGCACATA,TTTTGCATTTAGGCG,-0.009067520589708805,0.0,74,119,129,112
CACCCACAAACACAGCCAAAACCAGATG,AAAAGAAAAATGTAT,-0.012805950796975179,0.0,68,161,108,92
AAACCAACCACACCCTCAGAAGCAGTAT,ATTATCAAGTGCCAG,-0.015879597534511077,0.0,77,138,124,95
CTCTCACTACCAGCCCCACAAACAGTTA,CCAACACAGGCTTCG,-0.03559423174370976,0.0,82,147,88,56
TACTCATAATCAGCCGCACCGGCACCGG,ACAGTTGACGGACAG,-0.007713244884488413,0.0,59,149,126,93
GTGTCAGCACCAGTTACAGGTACAGTTC,AGAAGACGACGATGA,-0.0397184781613065,0.0,116,124,97,70
TATCCAAGCCCATGCCCAGGGGCACTCG,TTTTGCATTTAGGCG,0.014918493997894548,6.103910293533318,37,130,135,115
TGACCACTGCCATCGCCAAACCCATAGC,TATATTGAACTTTAC,-0.006806904815341838,0.0,71,123,119,115
AAGGCACCAACACTATCAAGGACAAGAA,TTATATTTATTTGCT,-0.011041870748497102,0.0,68,117,130,97
CGTCCATTGCCATAACCAATATCATGAG,ACAGTTGACGGACAG,-0.0018395872980110511,0.0,50,165,88,94
CTCCCAAGAGCACGGACATCTACAAGAT,ATGGCGATGGTCTTG,0.018371725589752554,2.990986359599674,38,132,119,131
CCCACACGCCCAGCACCACTCACACCGT,TATATTGAACTTTAC,-0.015960667700131513,1.0705191326137538,78,107,126,96
GATACAGACGCAAACTCAGGTTCAAGCC,AGTGTATGATAATAT,-0.010141704994609741,0.0,58,136,130,85
GGGACACATTCATCCTCAACACCAGGGC,GAGTGCTTCAAAGTT,-0.003384193328749225,0.0,39,181,112,70
TTGACATTTGCACCCACAATTACAGGCC,CAAGGATCCCCGTAG,-0.018179359917409463,17.008885399397286,66,137,98,76
GATTCAAAGCCAGACTCAACCGCAATAG,GTTGGGCGCTTAAAG,0.01065200353526984,0.0,49,101,131,134
GTTACACCACCAGTATCACAGGCATAAG,GTCACCGGCACTAAC,-0.004779096993265908,0.0,61,130,115,105
TTTGCAAGAACACGATCAATTCCACTGT,AATGATACCATTTTT,-0.025700559460341738,3.523648166379644,74,132,126,68
TGGCCAAGCACAGGCTCAATAGCAACGT,CAATCTTGAATTGAT,-0.04213645630734301,0.0,98,133,104,55
TGCTCACAGGCAACGACAGTTCCATCGC,ATTATCAAGTGCCAG,-0.00759614874533588,0.0,55,138,128,87
GAACCAGTAGCATGGGCATGATCATTAC,TTAGTCTTTCCATCA,0.001457635215270174,0.0,53,120,122,110
CAAACACAAGCACACCCATGAGCACATT,AATGATACCATTTTT,-0.022881979859406296,3.4815967959302725,83,126,102,83
AACGCAAAAACATGCGCAAAGTCACGCC,ATAGAGCGGCGTTGA,-0.038199724172021006,0.0,95,164,71,60
CTTGCAAAGACATTCACACCGGCAGCT,TTTTGCATTTAGGCG,0.0008345641148651024,0.0,54,113,117,110
GTGTCAACTGCAAGTACACACGCACGTC,ATGAAGTTCATAATG,0.013979104695313554,13.46957681038839,46,108,106,139
GTTCCAAAGACAGTAACACCCTCAACAT,CAAGGATCCCCGTAG,-0.03533919351919243,4.99254430443284,93,126,93,64
TTCACAGAACCACATGCAGAGGCATACG,ATGGCGATGGTCTTG,-0.00804617165263264,0.20518865992039537,66,99,113,103
ACGACATGCTCAGTATCAGAAGCATGTC,TATATTGAACTTTAC,0.0021066665013699318,0.0,43,124,131,91
CGAGCATCGACATGCCCATCTGCAGTCC,TTAGTCTTTCCATCA,0.004590534906138677,0.0,50,127,92,114
ATTCCAGGCCCAATCCCAGTCCCAACGG,TTTTGCATTTAGGCG,0.011384510855732251,7.3546636801520435,44,109,114,123
GAGGCACCTTCACATACACCTCCAGCCC,AGTGTATGATAATAT,-0.020683380933013067,0.0,44,162,115,47
GAACCACACACACTCACACAATCACCTA,TTAGTCTTTCCATCA,0.0018181268651797193,0.0,51,127,96,107
GGGTCACTCACAAAGCCACACACAGTAG,TCAAAACGGAGTGTT,0.006034705730751132,0.0,42,116,116,100
CAAGCAACCCCACTACCAAAACCATGGT,ATGAAGTTCATAATG,-0.0012924863099667068,0.0,45,121,121,86
CTAGCAGAGACAGGCTCAGAGGCACACA,AAAAGAAAAATGTAT,-0.016804594632941167,0.0,55,120,124,66
AGGGCAACCTCAAGCTCAAGCTCACTTA,CCAGGATGTACCGCC,0.0002229261592585167,0.0,45,135,96,90
ACATCAGCGCCAGCCACACAGTCATTAA,TCTTGGAGGTGAATG,-0.013006452654633906,0.0,58,108,109,78
GCGGCATGGTCAAGAACAGTTACACTAC,TATATTGAACTTTAC,-0.004863060093915387,0.0,53,133,81,91
GGTACATGTACAGTATCAGGGTCAGTAG,CAAGGATCCCCGTAG,-0.04142491312083124,0.0,75,134,75,43
GTCGCATGAGCATCACCAATCGCAACGC,AGAACATCATCTACA,-0.022395353212034536,6.587232814240338,68,107,78,69
TCGGCAGCAACATTTGCATCATCATACG,ACAGTTGACGGACAG,0.02620042205262509,3.7310389505389594,25,124,107,109
TCCCCAAGCGCAGCCCCAAGCGCATGGG,GTTGAACTGGTTGTT,-0.02754071127191161,0.0,69,135,80,60
GTTTCATGTGCAACGGCACAAGCACTAC,AGAAGACGACGATGA,-0.03497882964905193,0.0,69,128,86,48
CCTGCAGCTACAGTTGCATAGGCAAGTG,GTTAAATCAACAGTT,-0.06878171214132554,0.0,107,123,59,27
GGTACAGTTGCAGCAACACCCGCATTGA,TATATTGAACTTTAC,0.02154487601289049,2.9039618460135443,24,113,110,91
GAAGCACTCGCACCTCCAAACTCATACA,ACAAGTTTTACAGTT,-0.017971156034177715,7.1023985595337535,63,117,72,73
AAATCAAACACATAAGCAGTACCACGAC,TATATTGAACTTTAC,-0.003925546323188333,0.0,47,111,94,83
TCTCCATACGCATTCGCAAGGCCACAGG,GTTAAATCAACAGTT,-0.09187463421834295,0.17347781764533465,103,140,55,13
CTCACAGAGACACAACCACTCACACCAA,GAACTCAGGTTCCAT,-0.09933040017376542,2.1484880003874878,109,128,35,11
GCCACAACCGCATTAGCAGGGACATATC,ACAGTTGACGGACAG,0.026679206485319285,5.963576645918465,26,109,92,115
GCGTCAATGACAAATACACCGGCAGCAA,TAACCTCGCGCTGAG,0.00752471169468136,0.0,49,79,78,122
ATCACAAAGTCATACGCACAGGCATGCT,GTTCAGCTTTGATCG,-0.04782897516723946,0.0,93,89,70,44
CTAACATGCTCACGCACAACTCCACAGA,ACAGTTGACGGACAG,-0.0028561845117752965,0.0,51,82,103,93
TCACCAAAAACAAATACAATCGCAACAT,TATATTGAACTTTAC,-0.017821779430472827,4.311917723382521,61,113,83,71
CAGTCAGGTGCATCTACACCTTCACTTA,TTATATTTATTTGCT,-0.01653685557636568,0.0,62,105,84,75
TACTCAGTTACACCGGCACGGGCAGGAC,TTTTGCATTTAGGCG,0.0002229261592585173,0.0,46,92,107,92
GTAGCATTAGCAGAAGCACCTACACAAA,ACAGGGCAGCTCCCG,-0.044360547072423435,0.0,80,106,73,42
GACTCAGGGACACGACCAAAGGCATGAA,TATGCCCTTCTTCTG,-0.024072582612808934,0.0,57,110,100,55
CTCACACAGCCATTAGCACGACCATGTT,GTTCAGCTTTGATCG,-0.034210907380151354,0.0,59,115,100,42
AGCGCAGCCGCATCCTCAGTAGCAGACT,AGATTCATCCCATGG,-0.08752330776364114,0.0,104,124,42,6
AAGACACTTACACTTGCACAACCAAGCC,GGTTGCCCAGAAGTA,-0.0212287484880939,0.0,59,100,104,62
GTGCCAAGGACATAAACATTGACAGTTT,AATGATACCATTTTT,-0.020776016472021933,2.8059188749880377,46,130,103,49
ATATCACCAGCAGATTCAAGGGCATTAC,ATTATCAAGTGCCAG,-0.015443861482265975,0.0,56,111,79,70
AGCTCAAGCACACATACATGACCACAAC,ACAACCTACCTGCTA,-0.006006319618401982,0.0,44,96,111,73
TACTCAAGGTCAAGGGCAGGTCCACTTA,TATATTGAACTTTAC,-0.02288197985940633,4.065126451238257,53,104,105,53
GCGACAATAACACGGGCACTCACATTAG,AAAAGAAAAATGTAT,-0.003089489634514934,0.0,37,127,85,67
AGTTCACAGTCAGGGACATAAACAACAC,TCAAAACGGAGTGTT,-0.0010194536673158467,0.0,41,101,96,79
AGCCCAAAGGCATCCACAACACCAGTTC,TTTTGCATTTAGGCG,-0.005381637900808078,0.0,42,95,111,71
CGCACACCCCCAGACTCAGAGTCAGGAG,TTAGTCTTTCCATCA,-0.0012810883500904574,0.0,34,108,106,65
TACACAGACACAAAGACACCAGCACAGC,TATATTGAACTTTAC,0.003788663477664121,0.0,31,114,99,69
CACACAGTTGCACGATCATATTCAACCG,GTCACCGGCACTAAC,-0.026659602702973073,4.112851115021954,56,92,109,50
TCCGCACGTACATCCCCATCAGCAGGGC,TCTTGGAGGTGAATG,-0.003058409601183231,0.0,32,111,107,58
TCGACATTGTCAAAACCAACAACACAGT,CCAACACAGGCTTCG,-0.03429152007562739,0.0,69,124,45,49
AGGGCATCAGCATGCACAGGTACAAATA,TCAAATGATGAGGAT,-0.057747598365495915,0.5052381714103831,74,119,78,26
GACACAGGCTCAAGGCCAACGACAAAAA,TTAGTCTTTCCATCA,-0.02724958860628643,6.448198912403086,57,100,80,50
GGTACATACTCAGCCACAACCACAATAC,ATGAAGTTCATAATG,0.006867356246608259,3.9502062993906293,34,91,92,83
CCCTCACACCCAAGGTCAGCAACAGTCG,CCAACACAGGCTTCG,-0.0755636590447679,3.1369183727761083,68,109,75,14
CTCGCAGGTCCAGTTCCACGGGCACTTC,TTTTGCATTTAGGCG,0.003325940261458935,0.0,41,96,67,90
CAGACAACGCCAGAATCAATACCAACAT,ATTATCAAGTGCCAG,-0.012805950796975182,0.0,51,94,80,69
TAAGCATGGCCACGCGCACTAACAGATG,ACAACCTACCTGCTA,-0.0014440878598968403,0.0,41,103,75,78
AACCCAAGGGCAGAGTCAAGGGCACTAC,TTTAACTCACCGTAA,-0.04538626902798187,2.5941837311528957,55,112,74,28
CGAGCATGGACATGAGCAATGCCAATCA,TATGCCCTTCTTCTG,-0.0062167814751034126,0.0,37,92,99,61
TGATCAGGTCCAAACGCAACGGCACTAC,GTTAAATCAACAGTT,-0.0646407454759186,0.0,84,90,42,24
TCTTCAGGTACAAGTCCATATACAGGAC,ACCACCGGTCCTGCC,-0.018877169464670888,9.856798821789653,47,129,60,53
GTTTCAGGGCCATCATCAACACCAATTG,CAAGTTCGGCGAAAT,-0.108275035719857,0.0,90,98,24,9
CATGCAGCAACAGAAACACAACCAACTA,ACAGGGCAGCTCCCG,-0.04376384006144873,0.0,58,128,63,31
GAAGCAACCCCAACGTCATTGTCACCGA,ATGGCGATGGTCTTG,-0.021200951405176586,9.031708626294403,58,100,58,61
GGCACAGGAACACGAACACTGCCAGCGA,ACAACCTACCTGCTA,0.0033020368302923617,0.0,31,91,98,68
AACACAAAAGCAGGTCCACCATCACTAG,CGATGATGATGATGA,0.008671222852909806,0.40747101408373965,26,96,92,67
GGATCAGTTCCAGCCTCATGGCCAGTGC,TATATTGAACTTTAC,0.019991716892690622,1.1813077445876843,21,100,73,76
TGTACAAGACCATTTGCAGAGGCAAGGA,CAATCTTGAATTGAT,-0.04206078468952502,0.0,64,91,65,36
TGTGCAGGTCCACACGCATTTCCAGCCA,AGATTCATCCCATGG,-0.08774565149458342,0.0,84,97,36,12
GTTTCAATGCCAGGGACAGATTCACTGT,TTTATAAATCAATAG,-0.006767758206810445,0.0,37,81,86,60
CCGTCACGCTCAGACACAAGTTCAATTA,GCTGCTTATGAGGAT,0.006200957114452417,0.0,28,74,96,67
AACACACGTCCAGGGTCATGTACAATAG,GTTCAGCTTTGATCG,-0.04598688587807117,0.0,70,70,62,35
ATTCCACAAGCACCCTCAGAAGCAGTGT,CCAACACAGGCTTCG,-0.05245875302610308,0.2633204804305933,51,102,67,21
GTTGCAGAAGCAGTCACAGCCGCAAACC,GAGTGCTTCAAAGTT,-0.018024919486693183,0.0,51,76,69,59
GAGACACCACCACAACCAAGTACACGCC,AGAAGACGACGATGA,-0.020316611821535362,2.6316207027830387,50,80,67,54
GGGGCATTAACATCCGCACCAACATCAC,TCAAATGATGAGGAT,-0.04153583945725372,0.0,63,113,45,36
GTAGCAAGAACAGTTCCATTCACAGCCT,GCCCTCGAAACCTAT,-0.03934926337439326,2.163682002597625,59,102,45,36
CGCTCAGAGCCAGCGTCATCAGCAAACG,TCTTGGAGGTGAATG,-0.02288197985940633,3.6563071789466903,48,83,76,48
GTTGCAACCTCACGATCAGGGACACTTT,AGTGTATGATAATAT,0.002693191897715936,2.8194310378646605,26,85,91,56
CAACCACGTTCAGTGGCAAGTCCACTTG,ACAGGGCAGCTCCCG,-0.0616536735195957,0.0,64,87,44,20
GTCTCAGGCACACACCCAGTCGCACCAT,CAAGGATCCCCGTAG,-0.045407161121008816,0.0,57,101,37,29
CATGCAATCCCAAGCGCACGATCAGATG,ACAGTTGACGGACAG,0.018876785757105937,3.81746646565648,24,75,77,84
TACTCAGAGTCAACGACAATAGCAACAG,ACAAGTTTTACAGTT,-0.06707097116952153,2.270581668780096,64,95,51,17
AACTCAATCCCAGTGGCAGGAGCAGGGT,TTAGTCTTTCCATCA,-0.008633846031841662,0.0,30,80,87,46
AGTACAGCTACAATTTCACCCCCACCTA,GAGTGCTTCAAAGTT,-0.008815499524093813,0.0,40,68,84,61
GGCACATATCCATCGGCAAGAGCAACAA,TCTTGGAGGTGAATG,-0.010881888725026068,0.0,30,115,65,43
ACAACAACTACACGTACAATGCCACGCA,TCGATAGAATTTACT,-0.000666015410146846,0.0,38,65,82,74
ACTACAATTACAGGCACATCGTCACCGC,ACAACCTACCTGCTA,-0.007405126255036369,0.0,44,89,52,70
TACACAGTTGCAATGTCAAATGCACAGG,CAAGTTCGGCGAAAT,-0.08109188303111621,0.0,86,71,22,15
GGCACAGAGCCATTTACACCGACATCAG,AATGATACCATTTTT,-0.0054756671121961075,0.0,35,88,61,59
AACGCATGAACAGTTTCAAAGACAAGCG,CAATCTTGAATTGAT,-0.05004987979837237,0.0,61,83,67,27
CAGTCATCATCACTACCATCCCCACACG,TTTTGCATTTAGGCG,0.002979316687428969,0.0,29,70,86,63
TCGACAGGTGCAGCTTCATATGCACAGG,TTTATAAATCAATAG,-0.008886851674064182,0.0,46,76,51,70
AGGCCAAATACAGTCCCAAAAGCAACTC,CCAACACAGGCTTCG,-0.041664291767786764,0.0,65,78,39,37
TGCTCAACGCCATAGACAGGTTCAGAGG,ATGGCGATGGTCTTG,0.023327832177923363,7.577298341243932,24,63,69,96
GGCACAGGGGCACCAACACCGTCACTCA,ACCACCGGTCCTGCC,0.012547827009461368,0.30010807940084305,19,84,86,55
GAGCCACAACCATTATCAATAACAAGTA,GAGTGCTTCAAAGTT,-0.0220787281401043,1.5298817573781207,41,94,65,42
TCCGCAGCTACAAAGCCACACACAGCAG,TCAAAACGGAGTGTT,-0.0009893286464372879,0.0,28,85,78,54
TCAACAAGGTCATTCTCAATAACAAATG,GTTAAATCAACAGTT,-0.08098095669469374,0.23384585952499037,80,89,34,14
CAATCAGGGACAAGTCCACGTACAGAGA,AGAAGACGACGATGA,-0.051884576150040405,3.358009153175999,74,75,53,31
GCGCCAAACCCAGTATCAAGAACAAACA,CAATCTTGAATTGAT,-0.048209931694693536,0.0,62,84,50,29
AGTGCAAATTCAACCTCAGCGTCATCGC,TCAAAACGGAGTGTT,-0.008273482161701132,0.0,40,54,86,62
CCCGCACGATCACTCCCACATTCAAAGT,AGAACATCATCTACA,-0.05484365806917135,0.0,60,80,56,23
GTTACATACTCATGGGCAACAACAGCGG,TTTTGCATTTAGGCG,-0.011319615064669261,0.0,41,80,53,58
TAAACATCCGCAGGGGCAAACACACGTG,TATATTGAACTTTAC,0.02056491018439777,4.575471706754797,22,71,64,81
GGCTCATCCTCATCTACAAACGCAATTC,TTATATTTATTTGCT,-0.008582126342127681,0.0,28,80,84,43
ATCACAGCACCACAAGCAGTAACAACCA,AGTGTATGATAATAT,0.02777887859874079,12.463814537849885,14,67,86,64
ACTCCATACGCACAGACACGGGCATCGC,CAAGGATCCCCGTAG,-0.05060400946170171,0.0,71,80,60,7
GTACCAGTGGCAGTGGCAAGGACAGCAT,TCAAAACGGAGTGTT,0.014582356695673683,2.5355544108438153,26,63,62,80
TTGTCAATCTCAGTCACAAAATCAGAGG,TCAAAACGGAGTGTT,-0.008038279304227488,0.0,41,68,50,64
GAAGCACCACCATCCACATTTACAAAGT,TCTTGGAGGTGAATG,-0.00765669977621584,0.0,38,65,62,60
AATTCAATTGCACTACCAGTGGCAGGGA,CAAGTTCGGCGAAAT,-0.10779656316904937,0.0,78,74,21,1
GATTCAGCGACAGTCACATCCACAGACG,CAATCTTGAATTGAT,-0.02288197985940633,1.9975616898449289,42,82,49,42
CACTCAATTCCAGGCTCAAGAGCACATT,CTTGATGGCTGAAAG,0.0027882941971294557,6.228482221693184,25,68,67,54
AACGCAGGCGCATGGCCACTAGCACGAT,CTACTTACAACGGAA,0.0026048916253300046,0.0,27,67,71,58
TAAACACCAGCAACCACATGGACAGGAC,GTTAAATCAACAGTT,-0.05644213783990589,2.2366661122093774,52,94,37,19
ACTCCAGTGGCAGGCACATGCGCAGGGC,ATTATCAAGTGCCAG,-0.011974882819125779,0.0,31,74,59,43
GTGTCAGCAGCACAACCATGGACAGGTG,CTTGATGGCTGAAAG,-0.006111860603670291,3.6029018649455224,26,71,73,43
TCGTCAATGACACTGTCAGAACCAATAT,TCTTGGAGGTGAATG,0.015790359529511775,1.7002985675308082,21,74,63,67
AAACCAGTGCCAGAGGCACCAGCAAAAC,CTTGATGGCTGAAAG,-0.033410411506688914,0.08293717817423385,48,70,52,35
AGGCCAGGCGCAAAGACATTAACACAGC,CCAACACAGGCTTCG,-0.033832115425140814,0.0,50,70,45,36
TAGACACGATCAGAGTCATTCACAGATC,CCAGGATGTACCGCC,0.005062326487408476,0.0,32,58,42,74
TTTCCACGTCCATCGACAAACGCAACGA,CATTGTCGGACGCTT,-0.04036612879687804,0.0,49,55,73,29
TGAACAAGTACATACACAGCCGCAATTT,TATATTGAACTTTAC,-0.0022473395791988726,0.0,28,48,82,52
TAAACAGTGCCACAGGCACCATCATGAT,CTTGATGGCTGAAAG,-0.037130113686970966,0.6982443180766609,46,76,43,30
AATGCAGAAACACAGACAATGTCATTAA,ACAGTTGACGGACAG,-0.010115571450869448,0.0,30,66,70,44
GCGGCAGTCCCATAATCAGCGGCAGTTT,AGAAGACGACGATGA,-0.015443861482266003,4.552360028062026,32,63,66,40
TTAGCAGTGGCAATAGCAACTCCATTCG,AAAAGAAAAATGTAT,-0.017743623865164395,0.0,36,69,54,42
TATGCAGTTGCACATACACCAGCACGCT,ATGGCGATGGTCTTG,-0.021127188743225552,5.310937048642472,37,73,54,39
GTGCCAACTACAATGTCAGTGCCATTTG,TCAAATGATGAGGAT,-0.08158157354478301,8.932844813191934,64,91,29,11
TAGACACCCGCATGCTAGTCACATGAC,AGTGTATGATAATAT,-0.005617210141577824,0.22075614020377543,28,74,51,47
ACGCCACGGGCAGTAACATTGTCAAATT,TCAAAACGGAGTGTT,-0.0035546966843082277,0.0,28,54,66,50
CAGCCACCCGCAATAACAACCTCACGTT,CCAACACAGGCTTCG,-0.07071813070238372,6.974868689126652,63,71,35,15
TATACATAGACAGTCTCAGGTTCAGTGG,TATATTGAACTTTAC,-0.0012587992597692676,0.0,23,67,61,44
GTACCACATACAAAACCAGGGACAGCTG,TATATTGAACTTTAC,-0.008273482161701104,0.0,20,68,79,31
CATTCAGGGTCATCCTCAAGGCCAAGCT,ATTATCAAGTGCCAG,-0.022038052926596677,0.0,39,61,49,40
AATTCAGTGTCAAATTCACAGGCATATG,ATTATCAAGTGCCAG,-0.014934945744573054,0.0,26,87,39,33
TTAGCATACCCACGAACAGTAACAGTGG,AAAAGAAAAATGTAT,-0.021127188743225556,0.0,37,65,48,39
ACGTCAGGTCCAAAGCCAGAATCAACAA,GTTCAGCTTTGATCG,-0.03990950065160601,0.0,45,55,50,27
GCATCAACCGCAACATCATCGACACATC,CGAATGCCATACAAA,-0.013292577444346967,0.0,36,50,44,48
ACAACATACGCACAGCCACGTACACCAA,GAGTGCTTCAAAGTT,0.004944610061359399,4.050072573734383,23,51,66,53
GCCCCAGCATCAACCTCAATCCCAAAAT,ACAGTTGACGGACAG,0.0014351809649543554,0.0,27,57,54,56
GAGACACTATCAGAAGCAGTTGCAACGA,TTATATTTATTTGCT,0.0051441261194606755,1.3394630315592622,22,60,55,51
GTAACAACAGCAACGTCATGAACACTTC,GAGTGCTTCAAAGTT,-0.02473430823123336,0.7907579109501057,37,61,55,35
TGAGCAAGGTCAACGCCATAACCACCTT,GAACTCAGGTTCCAT,-0.07529520121786469,0.0,53,88,27,11
GGGGCACGGGCATACGCAGTCGCATTGA,GCTGCTTATGAGGAT,0.007308307558714279,0.0,19,72,42,47
GATCCATTGACATGCTCAGGTTCATCCA,TCAAATGATGAGGAT,-0.06758777738738704,5.217137313852959,65,44,27,17
AATACAACTACATCGACAGGGACATAAG,TAACCTCGCGCTGAG,0.017250446951458203,0.0,12,53,74,40
TGGGCAGCGACATAATCATGCGCAAGAC,ATTATCAAGTGCCAG,-0.025352245597863716,0.0,28,80,37,26
ATCCCAACCTCAGAGTCAAGACCAGGAG,AGAACATCATCTACA,-0.031378388180365945,0.5055676038043657,40,64,28,31
TAATCAACGACATAACCAATACCATCTC,ATTATCAAGTGCCAG,0.012480418830102452,4.724546377089723,18,59,46,52
AGCCCAAAAGCAGGATCACAGGCAAGTA,TCAAATGATGAGGAT,-0.05342500425521146,0.98091966555711,40,83,32,16
TCAGCAGGTTCAATTCCACAATCAAGCA,CAATCTTGAATTGAT,-0.024965991758784084,4.345908836814431,33,44,57,31
TTGTCATTGCCACGCACAAGAGCACAGG,TCAAATGATGAGGAT,-0.030320098236546623,0.5261783437052827,35,68,36,28
TGATCAGATACAGGCGCATGATCAAACA,GTTAAATCAACAGTT,-0.0952308417550041,4.566959674521627,52,46,18,0
GCTTCAAATTCATGTCCAATCGCATAAG,CTTGATGGCTGAAAG,-0.02288197985940633,0.0,27,68,38,27
GTTGCAATCGCAGCATCAGTAGCAGTTA,AAAAGAAAAATGTAT,-0.015443861482266003,0.0,28,59,45,35
GGTACAGTGTCACGCGCACCAGCACCTC,CCGTTAGTATCGCTA,-0.12417440681721238,0.0,67,60,13,2
CACACAACGACACGTACAACTACAGACT,GCTGCTTATGAGGAT,0.008484131622744523,0.0,16,66,43,41
TCAACATGGGCACGAGCACTGCCAATCT,ATGAAGTTCATAATG,-0.030052359179971167,3.483160366744869,31,64,42,25
AGTCCAATCCCACAGGCAGGCACAGGTG,ACAACCTACCTGCTA,0.0010887757060339,0.0,19,65,43,39
GGCGCAACATCAGGCGCATTAGCAAGCC,CAATCTTGAATTGAT,0.012547827009461368,18.35422247244321,19,53,40,55
CAGGCAGTATCATCTCCATTCGCAACCA,AGAAGACGACGATGA,-0.04363296697093936,0.0,41,38,43,22
ACAACAAACACACTCGCACACGCAGGCA,TATGCCCTTCTTCTG,-0.007656699776215807,0.0,19,62,56,30
CGCGCATCTTCACGTACATTGACACGCT,ACAGGGCAGCTCCCG,-0.05657134734333,0.0,40,76,30,9
CCCACATCGACATGCGCAAAACCAACAA,ATCGTTGGCATTTGG,-0.0938909320972679,0.0,45,57,16,4
ACGCCAGATCCACAATCACGAACAGGCA,GCCCTCGAAACCTAT,-0.05473236136032086,0.0,39,61,25,15
AGATCAGTGGCTAGGCAACATCAGGGA,GGTTGCCCAGAAGTA,-0.004724407344683906,0.0,29,39,39,50
GGTCCAGATTCAGTGGCAAGTTCACTTG,ACAAGTTTTACAGTT,-0.05759710902034502,0.0,34,73,30,12
ATCGCAAAACCACGAACAACGTCAACGT,ATTATCAAGTGCCAG,-0.05589526999366889,10.182313745629017,35,65,30,13
CTCGCAAGGGCACAAACACGGGCAGCGG,ACAAGTTTTACAGTT,-0.015711600538841457,3.5433749031415687,25,60,31,31
CCAACACGCTCAAATCCAATAACAAATG,ACCACCGGTCCTGCC,-0.025550070115190875,3.0575248184105703,26,49,46,24
CTCGCAACGTCACCCGCACGTCCAAGAG,CCAACACAGGCTTCG,-0.039297862695999455,0.0,36,55,27,22
GTTACAGAGTCACCGGCAACCTCAAACG,ATGAAGTTCATAATG,-0.017743623865164364,0.0,24,54,37,28
AGCCCATGGACAATTACAGATCCAATGA,TTAGTCTTTCCATCA,0.016577023374207554,7.020350140552864,15,27,57,49
ATGGCACAGCCAGCGGCAATGGCACCTC,TCAAATGATGAGGAT,-0.026393997048000526,2.103511270888646,30,43,37,27
CCTACACCAACACCCACATAGCCACTGA,TTAGTCTTTCCATCA,0.0076610445363988105,0.049148263615620635,16,57,34,40
CTGGCATTCGCAAGTACAGTTACAATCA,ACAAGTTTTACAGTT,-0.04989477771210386,0.0,35,62,30,9
GGTACATGACCATTGCCATCCACAGTAA,CAATTTCAACGTTGT,-0.05087366835113367,0.0,44,40,34,19
AAGTCAGCGGCACAATCATAAACACCTC,TCAAATGATGAGGAT,-0.04048422753275621,0.0,39,39,37,23
TAAGCATTGGCACCACCAAATTCAGGGC,TCAAAACGGAGTGTT,0.004149027347804648,0.0,12,50,51,27
GACACAGGTTCACAATCATTCACACTTA,GAGTGCTTCAAAGTT,-0.012973595743808618,0.0,26,42,35,35
GGACCATTGACAACCGCAAAAACAGCTC,ACAGGGCAGCTCCCG,-0.027652007980762106,3.2956764834112846,30,48,30,26
TGGTCAATTTCAAGGCCATTAGCAGAGA,TCAAATGATGAGGAT,-0.04492859593425182,0.0,31,54,36,16
CTACCAAGATCAGACTCATGACCATACT,TCGATAGAATTTACT,0.0022437468864729745,0.0,16,49,38,34
TAGACAGACTCAACGACACAAGCCAGCGG,AAAAGCGACATTTCT,-0.06130463019068585,18.77510118452051,38,67,22,12
TCTGCAAAGGCATCGGCAATAACATCAA,CCGTTAGTATCGCTA,-0.10893729705735794,0.0,57,48,15,1
CGATCAGCGCCAACGACAATCGCACGGG,CAATTTCAACGTTGT,-0.056602010248688994,0.0,33,52,33,12
AGACCAGTTGCAGACGCATCAACATACA,CCAACACAGGCTTCG,-0.047597922952752586,0.0,39,50,35,7
ATCGCAAGGCCAATTGCATCAGCAGACA,CAATTTCAACGTTGT,-0.09246333700084583,5.3684976358766505,41,38,15,4
GAGTCATGCGCATGAACAGTGTCATATA,GTTGGGCGCTTAAAG,0.010635415660663559,0.0,15,37,44,41
CGGACAACTACATCACCATCGACACCTA,CAATTTCAACGTTGT,-0.056325383488199134,0.0,30,61,16,11
CTATCACTGCCACTGACATCGCACATT,TTATATTTATTTGCT,-0.019704973865928805,0.0,20,45,40,22
CCTTCAGAGTCACTGCCACAATCATTCC,GTGTGATTACTAAAT,-0.06738201541715101,0.0,38,46,20,10
CAAACAGGGTCAAGTGCATGCCCACCTA,ACAGGGCAGCTCCCG,-0.03586413875146379,2.211125676777158,31,34,31,21
CGAACATGGTCATACGCAGTGTCAAAGC,TTTAACTCACCGTAA,-0.027540711271911638,0.0,23,43,37,20
TGGACATACACAGTCCCACCTCCATAGA,CCAACACAGGCTTCG,-0.04598688587807115,0.0,36,45,31,18
GGGCCACCGCCACAGACAACAACATCAA,TATATTGAACTTTAC,-0.011387296983015327,0.6462791125237572,17,48,44,24
AAGGCAGGGACAACCTCACAGCCACAAT,TATGCCCTTCTTCTG,-0.026058985852883854,0.05904801270725102,22,37,42,20
ACTCCAGATACAGTGACACCACCAACAA,GTCACCGGCACTAAC,0.015289096950693757,0.8362260031097435,14,39,30,44
GGGCCACGCTCATTGCCACGGTCACTAT,GCTAATTTCAAGAAT,-0.05975713806263545,0.0,27,50,19,9
TGAGCATCGTCAAGGCCAGCTGCAATAA,AAAAGAAAAATGTAT,-0.04153583945725372,3.480314436213348,28,43,38,16
GTGCCATTCGCAACGCCAGGGGCAAAAC,CTCTTGAGAATACTT,-0.1833078237432847,0.0,72,28,1,1
GCGCCAGTCACACTGACATATGCAGCAA,TCTTGGAGGTGAATG,0.004395030924392011,0.03661899493442888,15,45,35,34
TCCTCACGTTCACAATAAGAGCATGCA,ACCACCGGTCCTGCC,0.02065974192213882,3.765261330154999,13,32,32,48
GGGGCAGGATCATTAGCAAATACATGGC,ACAACCTACCTGCTA,-0.01030550548802407,0.0,24,33,30,35
GGTCCAGTTGCAGGGGCATGATCATAGA,CATTTATGGCTATCT,-0.055990372293082465,0.0,27,47,25,10
TGAGCAGGAGCAATACCAAAAGCAAAGA,ATTATCAAGTGCCAG,-0.01049652797832352,0.0,20,51,15,29
TCTACAAACGCACAACCAACGTCAAAAT,AAAAGCGACATTTCT,-0.011387296983015327,0.0,17,44,37,24
ATCACATTATCACATCCATGTGCACCTC,AGAACATCATCTACA,-0.013292577444346998,5.4903361249133695,15,44,38,20
GTATCAACATCAAGACCACAGTCAAAAC,CTTGATGGCTGAAAG,-0.016804594632941164,0.0,20,42,35,24
AAGGCAGTACCACTAACAGGGGCAGCGG,ACAGTTGACGGACAG,-0.03162745534165604,2.4571234444691754,26,31,43,20
ATTACAGGCACAAACTCAGTGTCACGCG,CAAGGATCCCCGTAG,-0.02065893404278388,4.760219537622788,29,39,21,31
GTACCATTGTCACAGCCACCCGCAAGAA,ACAAGTTTTACAGTT,-0.04845715161652856,0.0,28,44,28,13
CAGTCATCGCCAAATGCATTACCACACC,TCAAAACGGAGTGTT,-0.006466097022813172,0.0,22,37,26,36
AGCCCAGTAACAGACACATGAACATGGC,GCTGCTTATGAGGAT,0.007661044536398813,0.0,14,37,38,35
ACCGCAGGGCCACATCCAGCTACACATG,TTTTGCATTTAGGCG,0.010107861640490292,3.3605068309777835,9,33,45,33
GACACACGTTCACGGTCAGGTCCAATAA,AGTGTATGATAATAT,-0.02288197985940627,0.0,18,47,36,18
AAAACATTATCAACACCACCCACAGGGG,ATAGAGCGGCGTTGA,-0.05393391999290444,0.0,33,48,19,13
GTAGCATAAGCAAGGGCACATCCATAAA,GCAAGAAAGAAACCC,-0.0971178581541465,0.0,36,29,12,4
AAAGCACTGCCAACGGCAGCCGCATATC,CCAACACAGGCTTCG,-0.06909179189673602,5.857419144765402,40,36,15,10
ACTTCAACGGCATTGTCAGCTGCACGTA,GCTAATTTCAAGAAT,-0.06267939547515415,0.0,33,40,22,10
ATAACACAGGCAAAGGCATTACCAAGCG,ACAAGTTTTACAGTT,-0.024684220568415488,1.5275267535798775,19,45,27,18
GTAGCAGAAACAGGAACACGTACAGCAT,TTATATTTATTTGCT,-0.00534554332951367,0.0,13,39,42,22
GAGGCAATCTCAGAGCCACTATCAAAGG,TTATATTTATTTGCT,-0.01428767621600297,0.0,17,36,40,22
AGGCCACCTGCAGTTCCACTTACAGAAG,AGAAGACGACGATGA,-0.03687710804474844,0.0,35,27,25,23
AACCCACAAGCATACGCACCTACACAAC,GTTAAATCAACAGTT,-0.06909179189673602,0.0,40,39,14,10
AGGTCAGAAACATACCCACGTGCATTCT,AGAACATCATCTACA,-0.04308650664508353,0.0,22,50,21,12
AAGGCAGCAGCATCTTCAAAGTCAGGAA,GTTAAATCAACAGTT,-0.0480763955035602,0.2471928865580253,27,45,24,3
CCCCCACCTACACTCACACAACCATATA,AAAAGAAAAATGTAT,-0.006715750190570403,0.0,8,35,41,25
CAATCATCAGCAAGCGCAAGTCCAAAGT,TTTAACTCACCGTAA,-0.039429876069869356,1.2371687813690073,23,48,27,14
TAATCATAGACAATCACACACGCACTCT,TTTAACTCACCGTAA,-0.011387296983015325,0.4059092393309811,17,39,27,24
CCAACAGAAGCACTGGCATCCGCAGGCT,TCAAAACGGAGTGTT,0.0046739725800759415,0.0,14,31,25,32
GTGACACCCACAGCATCAAGTACACGTG,CCAACACAGGCTTCG,-0.05130332156043867,0.0,18,49,15,9
AAAACACGCTCATAGACATTTGCACAGG,TTATATTTATTTGCT,-0.014843244632176721,0.0,22,27,23,28
CTCGCAAGTTCATAACCAATCACACGGC,TCAAATGATGAGGAT,-0.04121685775671537,0.0,26,28,23,15
GTCGCAGGCCCAGGTACAGCTCCAGCTT,AGAACATCATCTACA,-0.04828664826096954,0.0,30,26,13,14
GGGTCATAGCCAATATCAAATTCATTCT,GGTGGAAGTAGCAGT,-0.09235234916393023,0.0,30,41,11,0
CATCCATGAGCAGCAACAATCACACCAA,TTTAACTCACCGTAA,-0.05174000555887648,3.329512489752318,23,38,19,9
GTCACAGCTTCACAGTCATGCGCAGCAC,TTTTGCATTTAGGCG,0.006105726256813469,1.322757107124744,9,26,33,24
GGCACAGTTGCATCAACATATTCAAGGA,GTTAAATCAACAGTT,-0.06246049912614919,0.0,24,38,16,0
TTAACAATACCACTAGCAGCCGCACGCG,GTAATCTGACTCTAG,-0.047191416648590126,0.21440896386056352,21,33,19,8
TGGCCAAATGCAGTTCCAAGGGCACAAA,TTTAACTCACCGTAA,-0.017743623865164367,0.0,18,34,18,21
GTGGCAATGGCAGCCACAAAGACAGCGT,GAGTGCTTCAAAGTT,-0.02146332604544647,0.08862811181251118,23,21,21,24
CTCACAGTGACAAGTACAGCAGCACGAC,ACAGGGCAGCTCCCG,-0.08996281597211275,4.651051926944831,26,44,10,2
TCAGCAAGGGCAGAAGCAATTACAAGAG,TGATCATCACGGGAC,-0.02288197985940633,0.0,19,32,20,19
TGCCCAATATCAGCCTCAAGACCAAAGT,CAAGGATCCCCGTAG,-0.055990372293082465,0.44795789283659815,27,37,13,10
GCGACATGAGCACGTTCACAATCAGTGG,GTAATCTGACTCTAG,-0.04218724372074092,3.205124484395583e-05,17,38,17,3
CAGACACTTCCAGGACCATACTCACCTC,TCAAATGATGAGGAT,-0.04886381335196706,0.0,24,29,21,6
GCACCACGCACAGTCGCATTATCAGGTT,GGTGGAAGTAGCAGT,-0.04977503199049829,0.0,23,34,7,0
GTGTCAATGTCATGTTCAGCAGCATAAA,ACAGGGCAGCTCCCG,-0.031621789037380554,0.5021885387500902,17,35,21,0
TATGCATAGGCATGAGCAACAACACTCT,TTTATAAATCAATAG,-0.037440952852612015,0.5073130355118565,6,44,22,17
TGCACATACCCACAATCAAACTCAACCT,CAATTTCAACGTTGT,-0.08722657098765041,5.668437284452693,32,25,13,1
GACACAGGTCCAACTGCACAAGCAAACG,TTTAACTCACCGTAA,-0.013939846972917029,0.0,13,25,24,17
TTGCCAAAGGCATGCACAAAACCAGGTC,ACAGTTGACGGACAG,-0.045986885878071176,9.678598378090214,22,35,17,11
GTCTCAGAATCAACAGCAGTCACATAGA,CCAACACAGGCTTCG,-0.02288197985940633,0.9452366821661258,15,30,21,15
GCAACACAAACAGTTCCATGTCCATGCT,CGAACAGAAACACAA,-0.025352245597863744,1.1508099332105246,14,31,19,13
CAGACAGCAACACGCACACTTGCAAATA,ACAGGGCAGCTCCCG,-0.05275269840410128,0.0,21,36,17,4
GCACCACAAGCAAGGTCAGGATCAAACT,GCCCTCGAAACCTAT,-0.08708432338103891,1.4270045407663758,27,29,11,4
GTTGCACAAGCAGGTTCAGTTACACGAC,GTTGAACTGGTTGTT,-0.028610321756961616,0.0,19,22,24,16
CCAGCATCCACAAAGACACATTCACCGC,TTAGTCTTTCCATCA,-0.016192956677334575,1.012687048058865,18,27,12,22
AGCGCAATAGCACACCCAGTAACAAGGC,GCTAATTTCAAGAAT,-0.06700908803643554,0.0,23,33,14,3
AGCGCAGGGGCACAGGCAGAGCCATATT,CCAACACAGGCTTCG,-0.06772852490904054,1.3490435838973553,25,29,15,9
ATTCCAATAGCAACGTCAAAGGCACAAC,TCAAAACGGAGTGTT,-0.03401159736943344,0.8332749464833569,9,29,29,12
TACCCAAGTACACTGGCAGTCCCACTTT,GTTAAATCAACAGTT,-0.07502622054019452,0.0,27,33,14,0
CTCACAACATCATTCGCAGTGCCAGGGT,CTTGATGGCTGAAAG,-0.03873760014639342,2.1360141059720377,14,33,15,4
GGGGCATGGACATTATCACAGGCAAAGA,TATATTGAACTTTAC,0.029390985681089492,3.3338716090618163,6,17,31,25
AACACAATATCAGACTCAAATGCAGTAG,TCAAAACGGAGTGTT,0.020786566655393246,2.342709513505838,5,21,29,26
GCAGCATAATCATAGACACCGACACATA,TCAAATGATGAGGAT,-0.042187243720740925,0.0,17,28,17,9
AAGTCACTTCCAAGGGCAGGGTCACTAT,ACAAGTTTTACAGTT,-0.07888570247475106,4.6343640531161725,25,31,12,3
CAAGCACAAGCAAAATCACATTCACTAA,ACAGGGCAGCTCCCG,-0.05334442128645145,0.0,20,24,16,4
GCGGCAAGTTCACGGGCAAACTCAGACA,TATATTGAACTTTAC,0.00362729287296679,0.0,12,24,30,7
GCTGCATAACCAGTTACAGAGACATTAG,GCTAATTTCAAGAAT,-0.05960257843415177,0.0,17,37,12,6
AAGTCATCACCAGACGCAAAGACATGGG,CTCGCTAATACTCCT,0.02603054819641701,0.0,9,16,24,22
GCGACACTGTCACCACCATGAACATTTC,GTTAAATCAACAGTT,-0.06809772638137504,0.0,26,32,3,3
CAGCCACTTTCATGCCCAGCATCAAACT,GCTGCTTATGAGGAT,-0.014504832250042779,0.5999684325148564,14,20,23,18
GTGGCACCAGCAGGATCACCTTCAAATA,GTAATCTGACTCTAG,-0.054006682623952494,0.0,19,21,15,9
ACAACAAGTTCAGTTCCATAAGCAAGAA,AAAAGAAAAATGTAT,0.01743803535008408,3.6260423127180843,6,19,28,22
GTCACAGCAACATGAGCATGGTCATGAT,ATTATCAAGTGCCAG,-0.020411714120948908,0.0,13,31,13,14
CCAACAATAGCATCATCATATCCAAACA,GTGTGATTACTAAAT,-0.03639748346301178,3.0075007811358034,21,19,13,14
GTGTCACGAACAGGAACATAAACAGTTT,TCAAATGATGAGGAT,-0.015006471391291826,0.9185101213626297,18,16,31,9
TCGGCATGGGCATACGCAAAGTCAGCCA,ACAACCTACCTGCTA,-0.06246049912614919,13.336563592665357,18,33,12,4
GCATCAATATCAGCAACACGACCAAGCT,TTTAACTCACCGTAA,-0.014206454323969785,0.0,12,30,21,5
GATACAATAACAGGACCAACAGCATCAG,GTTAAATCAACAGTT,-0.054006682623952494,0.0006733806514205298,19,27,15,1
CCCGCATTGGCAACTCCAATCGCAATAA,AGATTCATCCCATGG,-0.0849395915438715,0.0,25,26,4,6
GTGGCATGAGCACATGCAGGCGCATTTC,GCTAATTTCAAGAAT,-0.0768446027487382,0.36862127113090537,26,25,13,6
AAGCACAGCCATGAGCAAAGCCAAATG,GAGAATGAAGGACAG,-0.13586202578377296,0.0,32,20,8,1
GGGCCAGCGCCACATTCACGTGCATCAT,GCAAGAAAGAAACCC,-0.08886166285919957,0.0,22,22,9,9
ACATCATAAACAGGTACAGCTTCACGGG,CAAGTTCGGCGAAAT,-0.07888570247475107,0.0,25,12,12,9
ACGCCAGCGCCAGCATCAAACACAGTGA,GTTGAACTGGTTGTT,-0.06002099091767758,1.8166999014048884,20,27,14,7
ACCACACGTGCAGCAACAGGAACATGTG,ACAGGGCAGCTCCCG,-0.041100103405008644,1.7845487104993651,19,11,22,11
AAGGCAAGTGCACGGTCATAACCAGTGT,GTAATCTGACTCTAG,-0.08161011173895447,1.5317954917261005,22,21,10,1
GGCGCAATGGCAAAGGCAGGAACATGAT,ACAACCTACCTGCTA,0.005192496297480354,0.0,3,7,30,27
GAAACACCGACACATCCATAGACAATTG,CCAACACAGGCTTCG,-0.042187243720740925,0.0,13,20,13,7
GGGACAATTACAAGTCCATTCCCACAGC,CAATCTTGAATTGAT,-0.05095956791173299,0.0,20,7,22,10
ATCTCAGCCTCAGTAGCAACAGCAATAA,AGTGTATGATAATAT,-0.019804659205701493,0.0,13,30,8,12
ACGCCATCGGCATGAGCACTAACAGCTA,CATTTATGGCTATCT,-0.015433419547809323,0.0,7,20,23,12
CACGCAATTGCACGGTCACGCGCACGAC,CAAGGATCCCCGTAG,-0.04657597777719613,0.0,19,29,8,2
CTGACAGAGACAATGTCACCCACAGGGC,CCAACACAGGCTTCG,-0.07888570247475106,2.294250964468688,25,17,12,7
TCGACAGCGTCATCGACACCCACACCTG,GAGTGCTTCAAAGTT,-0.011235283300429867,0.0,14,18,26,6
TTCACATTAGCACATGCAAAGCCAGAGT,GCTAATTTCAAGAAT,-0.03915601262991923,1.7525537856499795e-05,16,23,17,2
AAAGCACGGGCATTGGCACAGGCAGAGA,CAATCTTGAATTGAT,-0.06482754263827699,1.0414751363301775,4,34,17,8
CGGCCAGGACCATTTTCACGAGCAAAAG,ACAGTTGACGGACAG,0.01233044976903197,1.222346201569792,4,22,10,23
TACGCAGTATCAATACCACGCGCAAGAG,GCCCTCGAAACCTAT,-0.06372638952536362,0.0,20,15,13,3
TAAGCAATTTCAGCATCAATCACAGGAC,TAACCTCGCGCTGAG,-0.029315006377723263,0.6162988333294948,4,22,24,10
AGGTCAGTAACATCCGCACTGGCAGCCT,ACAAGTTTTACAGTT,-0.07708335929356118,0.2265793839563628,16,18,5,9
GAATCAGGAGCAGCATCATTTCCAAGAG,AGTGTATGATAATAT,-0.015960667700131485,0.0,13,19,11,16
TCGGCAAGTTCATGGCCAAGCGCATCCG,GTTGGGCGCTTAAAG,-0.05424534656158542,10.495458497865286,14,28,11,5
GGTACAAATGCAGGAGCACCTCCACGTG,TCAACAACCTATGCA,-0.026058985852883854,1.8554834056462255,11,23,15,10
TTATCACCGGCAAATGCACCCACACCCC,GTAATCTGACTCTAG,-0.025654788615026458,1.8010930963305611,9,21,9,10
GACTCAGCACCACGGGCAATGACAGTGA,GAGAATGAAGGACAG,-0.035453414266173634,0.0,17,29,6,2
AAACCATGCTCAATCTCAATCCCACACC,ACAACCTACCTGCTA,-0.00936647625580081,0.0,10,20,11,15
GCGACAGATTCAGCACCACCGACACTGG,ATGGCGATGGTCTTG,0.016366018788190526,0.6970019775345122,5,15,18,17
ACTTCAATCGCAAACCCAGCGCCAGAAA,CAATCTTGAATTGAT,-0.015507746415191903,1.2108725904323023,9,24,8,14
GGTGCAAAGCCAGGGTCATAGACACGGC,GCAAGAAAGAAACCC,-0.09939771442498206,0.0,20,18,5,4
AACTCATGTTCAGAGTCAGGAACAAAGC,GTAATCTGACTCTAG,-0.1501721101478403,0.44901420520345425,24,13,8,6
GCGTCACCGCCAACGACAGCCACATATG,CTTTCTTGTGTATTT,,0.0,16,3,0,0
TGTACAAGTGCACCGCCAAAGACAAAAA,GTTAAATCAACAGTT,0.01760941084004339,1.2653464263508738,10,29,9,5
ATAACAAACGCATAGTCACTTCCAGAAA,CGATGATGATGATGA,-0.06568742518302775,9.472908793416423,16,20,10,4
ATCACACATCCAGGACCATATGCACCTT,GCAAGAAAGAAACCC,-0.026679497305549017,1.0649251938036883,11,21,15,1
TGAACATGTTCAGCGGCATTCGCATAAT,GTTGGGCGCTTAAAG,-0.038723026821746845,3.0457910726107684,7,30,5,11
TGAGCATCCGCACAAACATAGGCAGGTA,GAGAATGAAGGACAG,-0.010165393764917895,0.0,7,21,13,14
CGACCACAAACAATTGCACGGTCACTCC,CAATCTTGAATTGAT,-0.08886166285919957,0.0,15,15,9,0
GTGACAATAGCAATTGCAAGAACACGTC,GCAAGAAAGAAACCC,-0.15817638091519412,0.014890811995854847,22,11,5,7
AAGACAGTGTCATCAACATTACCAGGAG,CATTTATGGCTATCT,-0.0060488761480651295,0.0,8,20,18,9
ATAACAGCGCCAAGATCAGTAACACCGA,GCTAATTTCAAGAAT,-0.11117601799062062,0.3449672717399608,15,12,6,9
GTCGCACCGACACCAACAGGCCCATTCG,TCAAATGATGAGGAT,-0.03087981333390535,1.8682081116237157,14,25,7,3
AATCCATCTCCAAACTCAGCGGCACTAT,CGAACAGAAACACAA,-0.05424534656158541,0.0,14,10,11,8
TTCACATAGGCACAGGCATCCGCAAGGG,GAGAATGAAGGACAG,-0.06057158119639743,0.0,9,23,12,4
TTCTCAAGATCACGGACAGGCACAATCC,TTTAACTCACCGTAA,-0.014136504377156621,0.0,10,15,13,13
AATTCAAGCCCAGGCGCACTTTCAAGAT,CTTGATGGCTGAAAG,-0.0469527527109572,0.1174998341061837,11,22,10,9
TGGACAATCCCATAACCAGACGCAGTCG,ATAGTCGATTAAGAT,,0.0,21,7,0,0
TGACCAATAACAACCACACATTCAGGGT,CGAACAGAAACACAA,-0.05130332156043866,0.0,12,21,10,2
GGATCACGAACATTAACAGTATCAAAAC,GTAATCTGACTCTAG,-0.06307875192898948,0.0,17,22,4,4
CTAACAGTAACATTTCCACGCTCAAGGC,AAAAGAAAAATGTAT,-0.03317215993102947,0.040512847525519646,12,9,18,10
CGACCAGGATCATTCCCAAACACAACAA,ACAAGTTTTACAGTT,-0.12940817367001595,0.0,18,12,7,2
GGCACATCTGCAGAGGCACACCCAGATT,CATTTATGGCTATCT,-0.028780634486541796,0.0,11,10,9,18
CCTTCATCTTCAAGACCATTGCCAGGTT,CAATCTTGAATTGAT,-0.026679497305549013,0.003979949727948906,11,16,15,4
AGGTCAAAAGCAAATACAGGTCCATGCC,CTTGATCAATCAAAA,0.0034312920092641535,0.0,7,16,14,14
ACATCAGACACAGGGCCATCCCCACAAC,TAATATTGTTTTGCG,-0.1268106250296898,0.0,19,13,4,1
TATGCATGGCCATCTTCAAGCTCAGCTG,TAGACGGACATCTTC,-0.020421340157848692,0.0,11,13,17,3
AGGACAAGCTCACGGTCACAGGCATCGG,TTTTGCATTTAGGCG,-0.03742173473052473,2.8398118937467984,10,18,11,5
TCCGCAAAGGGCATGGCCACCACCAGCAA,CCAACACAGGCTTCG,-0.032900084065657295,0.0,12,21,5,4
GGCACACTGACAGGCGCAGCATCAAAAA,ATTATCAAGTGCCAG,-0.038591116191527865,0.21058125495210334,8,20,13,8
AGAACACGCGCACCCGCACGATCAATAC,CAATTTCAACGTTGT,-0.03087981333390535,2.7494025602545094,14,25,4,1
GAGACACCAGCACGCTCAGTACCAGGCA,TTTATAAATCAATAG,-0.10865303573139248,7.941421561580739,7,31,10,1
GTAGCATCTACAGATGCACCCCCATCGA,GAGTGCTTCAAAGTT,-0.05530545694411548,4.479807381844694,13,17,10,4
ATTGCAAGTTCACGTGCAGCGTCATTGG,ACAGTTGACGGACAG,0.004765508990216282,0.0,4,16,9,14
GTCACATAGTCACATTCAACTACATGCC,TCAAAGCATGAAAAA,,0.0,11,3,0,0
TCTGCACAAGCATTAGCAAACTCATCAT,GAGAATGAAGGACAG,0.015728547863263033,0.0,5,6,16,16
TCCGCAGAGGCACCCTCAAACACATTAC,CGAACAGAAACACAA,-0.11117601799062045,0.0,20,16,3,0
GCAACAGAGACACCTCCACGACCAACTC,AGAACATCATCTACA,-0.06809772638137504,0.48384317025730184,13,16,8,4
GTTGCAATGGCAGAGACAGATACATAAG,CTCTTGAGAATACTT,-0.08886166285919939,0.0,13,13,6,1
GCGACATAGGCATGGACAGGGACAAAAC,AGAAGACGACGATGA,-0.05334442128645154,2.382079219967352,15,15,12,2
GGGACAGAAACAATTCCAATGACATCTG,GTGTGATTACTAAAT,-0.06009345561402139,0.0,15,20,5,0
GATTCATAGACACAGCCAGTGACATACG,GAGAATGAAGGACAG,-0.0652227850527766,0.0,15,19,6,0
ACCTCAAATACACGCCCAGCCGCAGATC,CAATCTTGAATTGAT,-0.04544311546346817,0.0,12,11,6,10
TGAACATAGCCAGTTGCAGGCGCAAAAA,TCGATAGAATTTACT,-0.08886166285919957,0.0,16,16,5,1
ATGACACGATCAGTGGCACTACCACAGA,GCTAATTTCAAGAAT,-0.06262523641245026,0.0,10,13,5,8
GAGGCACCTTCAAGGTCACCTGCAGTTG,GAGAATGAAGGACAG,-0.032900084065657295,0.0,12,21,6,3
TTGTCATGGTCAAGGCCAAATTCATGGA,CATTTATGGCTATCT,,0.0,6,17,8,7
AGGGCATTGCCACGCTCACAGACAGTAA,CTTGATGGCTGAAAG,0.004765508990216282,1.27620730749085,6,16,5,14
CAAACACGCGCACCAACAGAATCAGGGG,CTTGATCAATCAAAA,,0.0,6,21,7,3
AGCGCAGGCACCATATGCACACACATCAA,GCTAATTTCAAGAAT,,0.0,6,21,7,5
TCGTCAAACGCATCCGCAAAGTCATCTA,CTAGTTGTATAGCCA,,0.0,14,8,0,0
AGAACATGCACAAGATCACACGCATTCA,CATTTATGGCTATCT,-0.07062950717980407,0.0,15,18,5,1
GGTACAGCCTCAGTTCCAGTGCCAAATC,TCAAATGATGAGGAT,-0.032150685507191246,0.0,10,13,9,10
TGTGCATGCTCAACCCCATGATCAAGTT,TATATTGAACTTTAC,-0.0350322015387073,5.963952612038554,13,13,15,2
TTAACACATGCATTCGCAGGGCCAGATA,CGAACAGAAACACAA,-0.07215625439288283,0.0,11,13,4,0
AGCACAATGGCAAAATCAACTACACCGC,CAATTTCAACGTTGT,-0.11117601799062062,0.0,15,12,9,0
TTGACAAAGGCACACACAAAGGCAGAAG,TAGACGGACATCTTC,,0.0,8,16,7,7
AGCACACTGGCACACCCACGTCCAATGA,CTTGATGGCTGAAAG,-0.01001592682277246,0.0,10,22,5,2
TGTACACAACCATCTACAAAGGCACCAC,GAGAATGAAGGACAG,-0.06944606141510375,0.0,14,17,1,0
GACACACTGTCAAAGGCAGGTGCAAGGG,GTTTAGCTTCCGTTG,-0.07550852359674728,0.0,14,16,7,1
CACACACAGGCAGTCACAGGATCACGGA,CTAAGCAGTCTTCTC,,0.0,20,0,0,0
AAGCCATCTACAACAGCAGGCACAGGGT,CATTTATGGCTATCT,-0.07550852359674728,0.0,14,16,6,2
TCTGCAATCCCACGTTCACCTACAATGG,TATGCCCTTCTTCTG,0.04503368622853392,0.0,5,10,15,6
CTCACATATGCAGGCACATGGACATATA,GTTTAGCTTCCGTTG,-0.11117601799062062,0.0,15,12,5,0
AGACCAACGACAGCAGCATGTGCACTAA,CAATCTTGAATTGAT,-0.10709381853859487,0.0,12,10,9,7
TAGGCAGTAGCAAAGCCAGCCTCACTGG,TCAAAGCATGAAAAA,,0.0,16,0,0,0
CTGGCAGAATCATTCCCAGTTCCAGGGA,TTTTGCATTTAGGCG,-0.08886166285919957,0.0,11,11,7,6
CGGTCACCCCCATACACACTACCATGTA,GGTGGAAGTAGCAGT,-0.07215625439288283,0.0,11,13,7,0
CCCGCAATAACAGCACCATTAGCACTAG,ACAGGGCAGCTCCCG,-0.11297786854088838,0.0,14,11,3,2
AGTCCATATACAAAATCACAAGCAGCCA,CAATCTTGAATTGAT,,0.0,10,9,8,3
TCTACACATTCAGATCCAAAGGCAGGGG,ACAGTTGACGGACAG,0.03813439907983875,0.0,4,10,14,9
TCCCCAGTATCACGCTCAAAAACAGCGC,CCAACACAGGCTTCG,-0.03880194765030191,0.0,10,5,11,7
ATCGCAAGGACAGTGGCACCATCAGCTA,GAGTGCTTCAAAGTT,,0.0,3,6,15,9
TAGTCAAAAGCAGACGCAGAGACATATG,ACAGGGCAGCTCCCG,,0.0,9,12,5,8
TCAACACGTACAGCGACACGTTCAAATC,GAGTGCTTCAAAGTT,,0.0,7,14,7,7
GATGCAGGAACACCTCCAATGCCAAGCC,ACAGGGCAGCTCCCG,,0.0,18,4,1,9
AGTGCACCCACAACAGCATTGCCATGGA,TTTATAAATCAATAG,-0.02174925102903158,0.0,6,13,10,7
TGAACATGAGCACCGGCAGAGTCATACA,TCAAATGATGAGGAT,,0.0,5,16,8,2
GAGTCAGCGACAGATTCAGTCACAAATA,GAGAATGAAGGACAG,,0.0,8,11,6,1
TTAGCAAGTACACGGCACTGCCACTAG,CTTGCAAGTGTAATT,,0.0,13,7,4,0
ATGCCAAATTCATAAGCAGAAACAACGG,CTTGATCAATCAAAA,-0.004213962281245376,0.0,6,12,11,5
CGACCATCGCCAGGCGCATTAACAGCGT,CTTGATCAATCAAAA,,0.0,16,8,4,6
AGAGCACTGCCATTGCCATACTCACGGC,TCAAATGATGAGGAT,,0.0,6,13,5,2
ATAACAACACCAGACTCATACACACCAC,GTTTAGCTTCCGTTG,-0.08886166285919939,0.0,13,13,1,0
AGTACACAAGCAAAACCAATTACACCTC,TTTAACTCACCGTAA,,0.0,10,6,8,8
ACAGCATAGTCATCCGCAGCTGCAACAG,GAGTGCTTCAAAGTT,,0.0,8,17,8,0
TACACAGAAACACCCACAGGACCAGCCT,CTTGATGGCTGAAAG,,0.0,5,16,4,7
TGCGCACTGGCAGTTTCAAAGTCATGGA,ACAAGTTTTACAGTT,,0.0,7,13,9,5
CCACCAGGCACACTCCCAATCGCATTAG,CTTGATGGCTGAAAG,,0.0,6,14,5,8
GTGACACAGTCAACGACATTTACAGTCA,CTCTTGAGAATACTT,-0.12940817367001595,0.0,15,10,0,0
TGTTCACAATCAGTGCCACCTTCAGTGA,ACAACCTACCTGCTA,,0.0,7,9,4,8
ACAACAAGCCCATCCGCAGTGGCAAGCA,ACAGGGCAGCTCCCG,,0.0,4,8,4,10
GAGTCAATGTCAGGAACAACGCCAGATG,GTTAAATCAACAGTT,,0.0,18,1,3,0
GAATCAGTTTCAAATTCATCCACACGCG,ACAAGTTTTACAGTT,,0.0,11,9,4,2
AAGACAACGGCATGCACATCCGCATGGA,TACACCAATTACACT,,0.0,10,2,0,0
GGTGCACGAGCATAGCCATCGGCACACA,TATATTGAACTTTAC,,0.0,5,14,7,4
GAACCACTGCCACAGTCAAACGCAAGAT,TTATATTTATTTGCT,-0.08886166285919939,0.0,10,10,7,0
GTGCCAAATCCAGGATCACAGACAGAGA,CATCAATGAGGCAGT,,0.0,7,0,0,0
ACTACAATGTCAGGTACACACCCAACGG,GAGAATGAAGGACAG,,0.0,8,11,6,1
TGGACATGCTCAGCCCCAGTTGCACGTC,ACAGGGCAGCTCCCG,,0.0,8,7,12,1
CCGTCATGGTCAGAAACACCTCCAGCAT,TCAAATGATGAGGAT,,0.0,7,15,2,4
ATGCCATACCCATGGACACTGACATCAG,ACAAGTTTTACAGTT,,0.0,3,12,7,2
GCAACAGAAACATATCCACCGGCACGGC,GTTTAGCTTCCGTTG,,0.0,9,7,6,0
ACCCCAGGGCCAGCTCCATCAGCACATT,GAGAATGAAGGACAG,,0.0,7,7,10,0
CGTTCAGCGGCAAATACACAGTCAAGCG,ACAGGGCAGCTCCCG,,0.0,15,6,4,0
TGTGCAGTGGCAACGACAACTCCAGACG,CAATCTTGAATTGAT,,0.0,7,12,4,4
GTGTCAAAAGCACATTCAGAGACAACAA,CCAACACAGGCTTCG,,0.0,5,11,4,7
TATACAGCAACATTTACACCGGCAAGCG,TTTAACTCACCGTAA,-0.029160048244403658,0.0,3,14,10,0
AAACCACCAGCAACCTCATAGTCAGGGC,CGAACAGAAACACAA,,0.0,3,9,4,3
ATACCAGGGTCAGCTCCATTTCCAAGAA,GAGAATGAAGGACAG,,0.0,3,14,6,1
CGCACCACCATCAAATCCAGCATCTG,ACAAGTTTTACAGTT,,0.0,3,12,4,9
GGCGCATTGGCAATATCACGGGCACGTA,CTAGTTGTATAGCCA,,0.0,8,4,2,0
AGCACAAGTTCACAGCCAAGAACATCAC,AAAAGCGACATTTCT,,0.0,7,12,3,1
GGATCACCACCAGATCCACCCCCAATAC,CTAGTTGTATAGCCA,,0.0,6,3,0,0
GGGGCATTTACAGCGTCACGGACACCAG,CTAGTTGTATAGCCA,,0.0,8,8,0,0
TAGACAATATCAACATCAGGAACACGAA,GAGAATGAAGGACAG,,0.0,12,6,2,1
TCCACATCAGCAGCCACACAAACAGTAC,CGAACAGAAACACAA,,0.0,4,10,2,2
TGAGCAACACCAAATACAGGAACAGTTG,CGAACAGAAACACAA,,0.0,7,9,6,0
AGGGCAGGTTCATCGCCATGGCCAGTTG,CCAACACAGGCTTCG,,0.0,6,11,6,0
CACTCACCGTCACGTCCAGCTTCAGATT,CTTGATGGCTGAAAG,,0.0,6,10,7,1
GGGACAGCTTCATGTGCAACGTCACTAC,ACAGTTGACGGACAG,,0.0,4,3,13,5
GCAACATGGTCAATCCCACCGACAAACT,ACAACCTACCTGCTA,,0.0,9,13,4,0
CAGACAAATGCAGAGGCATTACCAGAAT,CTTGCAAGTGTAATT,,0.0,14,5,0,0
CAAGCACTCACAGTCACAACCGCATATA,GTTTAGCTTCCGTTG,,0.0,10,2,4,1
CGAGCAACAACAGTGACAACGACATGTG,TCAAATGATGAGGAT,,0.0,7,7,3,6
TTAGCACTCGCACTTTCATGGACAATGC,TCAAATGATGAGGAT,,0.0,9,10,5,0
CTGTCATGTCCAATGACAAGGCCAGATG,CTTGATGGCTGAAAG,,0.0,2,13,9,1
ACTTCACAACCACCCCCATCAGCATACG,GGTTGCCCAGAAGTA,,0.0,0,9,9,7
CCAACAGTACCAGGATCAGTGCCAGTAC,TCAAAGCATGAAAAA,,0.0,12,2,0,0
AGTCCAGCTCCAAGTGCAACGACAAGGA,CATATGCATTCCTTG,,0.0,10,3,0,0
TATCCAGGTCCAACGCCACTCTCACCAA,GTAATCTGACTCTAG,,0.0,8,5,3,0
CGTGCAGTGCCAGGTTCATGGACAAAGA,CTCTTGAGAATACTT,,0.0,11,1,0,0
CGGGATAGCCACGTGCAAGACCAAGGT,CAATCTTGAATTGAT,,0.0,2,17,1,1
GAGCCATATTCAAGGTCAGTCACAACTA,CGTCAAGACCTTCTA,,0.0,7,6,4,1
CCCACAAAGACAATTGCACACTCAGCAT,TAATATTGTTTTGCG,,0.0,1,11,1,0
CCACCATGCGCATTCGCACGTTCACAGA,AAAACATTATCAAAG,,0.0,7,2,7,0
CAGGCAAGCACAGTAGCATTTCCACGTA,TCAAAGCATGAAAAA,,0.0,10,1,0,1
CATGCAAGACCATAGGCATGTGCAGGGA,CTAAGCAGTCTTCTC,,0.0,3,0,0,0
AAAACAAGCGCACAAACAAGGGCACGAA,GTTAAATCAACAGTT,,0.0,8,4,7,1
CTAACAGATACAGGGGCAAGGTCATCAT,GAGTGCTTCAAAGTT,,0.0,5,1,11,5
GGAGCACTGCCATGCACAAAGACATCGT,CGAACAGAAACACAA,,0.0,6,2,1,0
CTATCACTGTCCACGAGCAACCCCACAAG,TCAAAGCATGAAAAA,,0.0,6,4,3,0
TTAGCAGAGACATCAGCAGGGCCACAGA,AAAACATTATCAAAG,,0.0,8,9,0,0
TCCACACCGGCACGCACACGTGCAAAGG,ACAAGTTTTACAGTT,,0.0,12,5,1,1
TAGGCAGAATCACAGGCATATCCACACA,GTTAAATCAACAGTT,,0.0,3,8,8,0
ATGTCAATAGCAGGTACACGTGCACGAT,AGAACATCATCTACA,,0.0,1,9,2,8
CTTGTCAACATCATGAACACGAGCAAAC,GCTAATTTCAAGAAT,,0.0,5,8,4,0
GCACCAGAGGCATCTACACGAGCATGAA,GTAATCTGACTCTAG,,0.0,10,3,2,0
TACGCAGACTCATGGCCAGTAGCACTGT,CTAGTTGTATAGCCA,,0.0,6,6,0,0
GCAGCACGAGCAACCTCAAAACCATGCA,ATTAATACTTTGCAG,,0.0,6,7,0,1
CGGACACGTCCAGCGACAACTTCAGAAA,CTAGTTGTATAGCCA,,0.0,6,5,0,0
TATTCAAGCGCAAACTCATGCGCAAAGG,TACACCAATTACACT,,0.0,6,1,0,0
ATGCCAGGCTCAGCATCAATAGCATTGG,CATCAATGAGGCAGT,,0.0,6,0,0,0
AGTACAAGGACAGGAACATTCTCAACCC,CTAGTTGTATAGCCA,,0.0,6,3,3,0
GTGGCAAACGCAAGTTCATAAACACACC,CTTGATGGCTGAAAG,,0.0,5,8,2,5
GTAACACCGGCATGTGCATCGACAGGGA,TCAAATGATGAGGAT,,0.0,5,4,5,0
ACAGCACTACCATCAGCACGGTCAATCT,GCAAGAAAGAAACCC,,0.0,6,6,2,1
GTCGCAGAACCAGACACAGAAACACGAG,GAGAATGAAGGACAG,,0.0,7,5,4,0
GTGACATTAACAGCTCCAGACACATAGT,TACACCAATTACACT,,0.0,9,2,0,0
CGGTCATACGCAGGGGCACGCACAGAGA,ACAGGGCAGCTCCCG,,0.0,5,5,2,1
GGTTCAAAGGCAGCGACACGCACAATGT,CGAACAGAAACACAA,,0.0,7,4,5,0
TTGGCAATCTCATGTACAGTTGCAGTTG,GCTAATTTCAAGAAT,,0.0,3,8,4,3
AGTCCATAGCCAATGGCAGGAACACGCT,GAGAATGAAGGACAG,,0.0,5,1,6,7
CCACCAGGCACATCCCCACAACCATGAA,TCAAAGCATGAAAAA,,0.0,10,1,0,0
GCATCAGTGTCACTAACAGGTGCATGAT,CTAGTTGTATAGCCA,,0.0,6,4,1,0
GCGTCAACGTCACTAACATACACATCCA,CTAAGCAGTCTTCTC,,0.0,7,1,0,0
CTACCAGCCGCAGATTCAATCACAAACG,CTAGTTGTATAGCCA,,0.0,7,4,1,0
TCGCCACAGACAGGGGCATCCCCAGTTA,CCAACACAGGCTTCG,,0.0,8,6,0,0
ATGGCATAAACAGGCACACAATCAAGTC,GCAAGAAAGAAACCC,,0.0,4,8,3,1
GGCGCAGTTACATGAACATAACCAGCAG,ATAATTTTCATCCAC,,0.0,3,5,7,1
AAATCACGTACATGCTCAGTTGCAGGCG,ATTATCATCGCCATC,,0.0,7,0,0,0
TGTACAAGGCCACGAGCACTATCAATCA,TCAAAGCATGAAAAA,,0.0,7,2,0,0
AGATCACGTACATAGGCATTAGCAAAA,GAGAATGAAGGACAG,,0.0,1,9,5,0
GCGGCATCACCATTGGCAGCAACAATGT,CTAGTTGTATAGCCA,,0.0,3,5,0,0
CAAGCAGGCTCAGAATCATTCCCAGCTG,AAAACATTATCAAAG,,0.0,5,6,0,0
AGAACAGCTCCATGAACAATTACAACGT,CAATCTTGAATTGAT,,0.0,4,9,1,1
GCCGCATCTGCAAAGGCACGGCCAGTAA,CTTGCAAGTGTAATT,,0.0,8,1,0,0
GTTACACGAGCATCAACACTGCCAACTA,CATATGCATTCCTTG,,0.0,5,1,0,0
CAAGCATTGACAGCGCCAACGTCAACAG,CTTTCTTGTGTATTT,,0.0,6,2,0,0
TCATCATACGCAGTACCATATTCATCCG,AGTTTATAAAAAATT,,0.0,2,2,3,6
AACGCAACAACACCAACAATGTCACAAA,CTTGCAAGTGTAATT,,0.0,3,10,2,0
TTCCCAATAACAACGCCAGGTACAACTG,TCAAAGCATGAAAAA,,0.0,5,5,0,0
AGCTCAAAACCAGCGCCATCGACAGGCA,CTAAGCAGTCTTCTC,,0.0,10,1,0,0
CGTGCAAAAACAAAGTCACATCCAGCCG,CTTTCTTGTGTATTT,,0.0,2,7,2,0
GGGACACTGCCAACGCCAGCTTCATGTG,CATCAATGAGGCAGT,,0.0,6,0,0,0
TAGTCATAACCAGACGCAGGTTCAAACA,CTTTCTTGTGTATTT,,0.0,5,1,0,0
AAGCCACAAGCACCGACAATTCCATATG,GCTAATTTCAAGAAT,,0.0,4,5,1,2
GTAGCAGTCACAAGCTCAGAATCAACAC,CTAGTTGTATAGCCA,,0.0,6,2,2,0
ACTCCAGAAGCAACGCCAATTCCAAAGA,GAGAATGAAGGACAG,,0.0,5,7,0,0
GGAGCATCAACATAGACATAGTCAGTAT,TCAAAGCATGAAAAA,,0.0,4,0,0,0
GCATCACGGCCAATCCCAGCGGCAGCAC,CTAGTTGTATAGCCA,,0.0,6,5,0,0
AGACCAACACCAATTGCAGAGTCACCAC,CTAAGCAGTCTTCTC,,0.0,7,0,0,0
GCTGCATAACCAAAGGCATGGGCAGTCC,AGAAGACGACGATGA,,0.0,3,3,3,0
CTGGCAGTGGCACGACCATCCGCATCAG,CTAGTTGTATAGCCA,,0.0,7,0,0,0
TGTGCAGGAACATGGTCATTAGCAAGTG,GAGAATGAAGGACAG,,0.0,2,7,3,0
TGAGCAAAGGCAGTGTCAAACTCAATTA,GAGAATGAAGGACAG,,0.0,3,7,1,0
ATGGCAACAACAGAACCAAGCGCATGCT,AGATTCATCCCATGG,,0.0,3,7,0,1
AAATCAGGGACAGGTTCATCCGCAGACT,GTTTAGCTTCCGTTG,,0.0,3,9,2,0
CTTCCACTGCCAATCACAGGAGCAGGTC,CTTGATGGCTGAAAG,,0.0,4,7,2,1
ATCGCACTCTCACGCACAAGCACACCCA,CTCTTGAGAATACTT,,0.0,4,2,0,0
AGCGCACCACCAAGGCCATACCCACACT,CTAGTTGTATAGCCA,,0.0,6,2,0,0
TATGCAGGCCCATTAACAACTCCACATC,CATCAATGAGGCAGT,,0.0,3,1,0,0
AGAGCATGCCCAATGGCACCGTCAACAA,TAATATTGTTTTGCG,,0.0,1,6,1,0
TCTACAAATCCAGTACCAAAGCCAGGCC,TCAAAGCATGAAAAA,,0.0,2,1,0,0
TTGTCACGACCACTAACACAAGCAAGAT,GAGAATGAAGGACAG,,0.0,3,6,0,0
CGCGCAGACGCACGAGCAGTACCATAGT,CGAACAGAAACACAA,,0.0,2,5,1,1
CGTTCAGGACCAAGGGCAGGCCAGAAT,CGCGATCAATCCTCT,,0.0,7,2,0,0
GGCGCATAGACATGTGCACAGCCAACCG,CGAACAGAAACACAA,,0.0,2,2,3,2
TCAACATAATCAGATGCAGCATCATGCG,GAGAATGAAGGACAG,,0.0,6,1,0,3
TACCCATTGTCACCAGCAGCAACATAGT,TCATAGGTATCTCGC,,0.0,5,0,5,1
GCAACAGATACAGTGGCAGCCATCAATAG,GTAATCTGACTCTAG,,0.0,5,3,3,0
TTGTCATTATCAGCTGCACCCTCAGTTG,AAAACATTATCAAAG,,0.0,6,3,1,1
CCGACATGGGCAGGGTCATTCCCATATA,GCAAGAAAGAAACCC,,0.0,4,6,0,0
GCTTCAGTGGCATCACCAAGTACAATCA,AGATTCATCCCATGG,,0.0,1,5,1,5
TTGACAGTTGCAACAGCAAACACAAATG,ACAGTTGACGGACAG,,0.0,8,4,1,0
GGGCCACCCGCAAGCGCAAAGGCAGCAA,CGATGATGATGATGA,,0.0,2,2,2,7
CGGACAGGGTCAACCACATACCCATGAA,CCAGGATGTACCGCC,,0.0,0,3,8,2
TCGCCAGGTACATGTACAGTCACAGCGA,CTTTCTTGTGTATTT,,0.0,4,0,0,0
AGCTCACGCTCACGGACAAATTCATGAG,CTTGCAAGTGTAATT,,0.0,1,1,0,0
GTTACAATGACCGCACACGGGCAATCC,TAATATTGTTTTGCG,,0.0,8,3,0,0
ACTACAGGCTCATATGCAAAGCCAGAAC,AGTGTTAATCAGACC,,0.0,0,2,0,0
AGGACACATTCACAGGCAGTAGCAGATC,TACACCAATTACACT,,0.0,5,2,0,0
TTGGCACAGACAGTTGCACTCCCATAGT,CATCAATGAGGCAGT,,0.0,4,0,0,0
AAAACAAGGGCAGTAGCATCTACACAGC,CTCTTGAGAATACTT,,0.0,7,1,0,0
GTAACAGGTGCACGCACACGACCAGGGT,TTTAACTCACCGTAA,,0.0,0,10,1,0
TCAACAGAGCCAGTCACAAAACCAAGTT,GAGAATGAAGGACAG,,0.0,2,5,2,1
TAGTCAGCCACACGTGCAGTCACACGTG,TATATTGAACTTTAC,,0.0,5,2,4,0
AAACCAATACCAATAACAAACTCAATCT,CATCAATGAGGCAGT,,0.0,3,0,0,0
TATTCAGCCGCAGGGACAGATGCATAGT,AGTGTTAATCAGACC,,0.0,2,2,0,0
GCGGCACGAGCATTGCCATTTACACGAA,CATCAATGAGGCAGT,,0.0,5,1,0,0
AGTGCATCCGCATCTTCAACGGCAACAG,GAGAATGAAGGACAG,,0.0,3,4,2,0
TCCGCACAACCATGAGCAGCAACAAAAA,CATCAATGAGGCAGT,,0.0,4,0,0,0
CTGCCATCGACATCAACAGGCTCAGCGC,GAGAATGAAGGACAG,,0.0,3,5,0,0
ATAGCAGTAACAGAGACATAGACAAGAA,GCAAGAAAGAAACCC,,0.0,5,3,1,0
AGTACAACCTCACGCGCAGATGCAATTA,GTAATCTGACTCTAG,,0.0,1,1,4,1
GTGACAGTCGCACCATCATGGGCATTTG,CATCAATGAGGCAGT,,0.0,4,1,0,0
ACTACAGCGACAAACGCAACTACACGTC,GAGAATGAAGGACAG,,0.0,5,2,0,0
GTCTCAAGCACAGCCGCATTATCACGCG,CGAACAGAAACACAA,,0.0,3,5,1,0
AGGGCAGTGACAAATGCAAATTCACGAA,GTTAAATCAACAGTT,,0.0,3,0,4,0
GACTCACAGTCAATTGCACAATCAATCC,CATTTATGGCTATCT,,0.0,4,1,2,1
TCAACACGACCAAAATCACACACAGTGT,CATCAATGAGGCAGT,,0.0,2,0,0,0
GAACCATCCTCATCTCCAAGTACATGAG,ACAGGGCAGCTCCCG,,0.0,5,1,1,0
CGCGCAGGCACAGACTCAGAGTCATCTT,TCAAAGCATGAAAAA,,0.0,3,1,0,0
CCATCAATGCCACCCGCAAGATCAACCA,CTAAGCAGTCTTCTC,,0.0,4,0,0,0
AGTGCAGAGGCAACGGCAAAATCAAATT,GCTGCGGAGCCTCAG,,0.0,0,1,0,0
CCCCCACGGGCAGCAACACGTCCATTCG,CTAGTTGTATAGCCA,,0.0,6,1,1,0
AAATCAAGGTCATCCACATCTTCATAAG,TACACCAATTACACT,,0.0,6,0,0,0
GCCCCAACGGCAGCGCCACGCGCAGTCA,TCAAAGCATGAAAAA,,0.0,7,0,0,0
TAAGCATAAGCATTAACAAAAGCAATCA,CTAGTTGTATAGCCA,,0.0,3,1,0,0
CACTCACCTACAACTTCACTTTCATAAC,CTAAGCAGTCTTCTC,,0.0,4,3,0,0
GTGCCAGCCTCAGCATCATGCTCATTGG,AAAACATTATCAAAG,,0.0,2,5,2,0
ACCTCAGTAACACTTTCAAGGACAGGGC,CTATGCATTTACTCA,,0.0,3,5,1,0
CATCCACCACCATCCTCAACCTCATCCC,AAAACATTATCAAAG,,0.0,3,7,0,0
GTGTCAGTAACACGACCACATACATGCA,CTTGATGGCTGAAAG,,0.0,2,2,6,0
TACTCATCGACAGAAGCAGTAGCATGTG,CATCAATGAGGCAGT,,0.0,3,0,0,0
GCCGCACCCCCAGCCACATAATCACATC,TCAAAGCATGAAAAA,,0.0,1,3,0,0
GTCACAGAACCAATCCCAAGTGCACAGA,CGCGATCAATCCTCT,,0.0,2,0,0,0
CGCACATCCGCACAGTCAATCACAGCAC,TCAAAGCATGAAAAA,,0.0,3,0,0,0
TCAGCAGATACAGAGGCAGCTACACTCA,GAGTGCTTCAAAGTT,,0.0,0,4,0,2
ATTTCAAAAACAATACCAGACACACAGC,CTTGCAAGTGTAATT,,0.0,2,0,3,0
AAAGCACTATCAGGATCAGACACAGATA,CTATGCATTTACTCA,,0.0,3,2,1,0
GCAACAAACACACGGCCAAACGCAAGGG,TACACCAATTACACT,,0.0,2,1,1,0
GAGCCATCCGCAGAGGCAACTCCAAGTT,CATCAATGAGGCAGT,,0.0,1,2,0,0
GTGCCAGGATCACTGACAGCATCACGGC,AAAACATTATCAAAG,,0.0,6,1,0,0
CATCCAAGGTCACAACCACAACCAATTAC,TCAAAGCATGAAAAA,,0.0,3,0,0,0
ATAACATCCTCACGGGCAGGATCAATTT,GTTTAGCTTCCGTTG,,0.0,0,6,0,0
GACCCATGTTCAGACGCAGGTGCAGCAC,AGATTCATCCCATGG,,0.0,1,3,3,0
GTGGCAAAGGCATCTACAGCGTCATATG,GCTGCGGAGCCTCAG,,0.0,4,0,3,0
GATGCAGGAACATGAACACCTCCAGGAC,TTTAACTCACCGTAA,,0.0,3,5,0,0
TGGTCGTCCCACTTTCAGCTCCACGCA,CATCAATGAGGCAGT,,0.0,5,0,0,0
GGCGCAGCTACATAGCCAAGATCAAGGA,GCTAATTTCAAGAAT,,0.0,6,2,0,0
TTGTCAAAGGCAGAGTCAAGAACAGTTT,AGATTCATCCCATGG,,0.0,2,7,0,0
CTGCCAGATACATCTGCACATGCACTGC,TCAAAGCATGAAAAA,,0.0,3,1,2,0
AGAGCAATCTCAGGATCATCTCCACTAC,GAGAATGAAGGACAG,,0.0,1,2,1,1
CAGACATCCACAGTCGCATCACCACATC,CTATGCATTTACTCA,,0.0,1,4,0,0
TCGTCATGAACATACACATAGGCAGAGC,AAAACATTATCAAAG,,0.0,3,3,0,0
GTGGCATCCCCATAAGCATCAACAAGAT,TCAAAGCATGAAAAA,,0.0,2,0,1,0
TGGCCATTACCAAGGCCAATAGCACGCT,ATAGTCGATTAAGAT,,0.0,2,3,0,0
CTGGCAGTAGCATTCACAAAAGCAGGTC,CTAGTTGTATAGCCA,,0.0,5,2,0,0
TGTGCAAGCTCATACCCAAATACACCAG,TCATAGGTATCTCGC,,0.0,1,6,1,0
GGACCATAATCAGATCCAGGGACACAAC,AGAACATCATCTACA,,0.0,3,2,2,1
GATCCAACCACAGCGGCAGGGACAGACA,GCAAGAAAGAAACCC,,0.0,0,8,0,0
TAGGCAATATCAGGCTCAAGTTCAGGGC,ATAGTCGATTAAGAT,,0.0,3,0,0,0
AGGCCAGATACATAGCCATAGACAACCA,ATAGTCGATTAAGAT,,0.0,4,0,0,0
GCGGCAGCGGCAAGGACAGGTTCAAAGT,CATCAATGAGGCAGT,,0.0,1,0,0,0
ATAGCACAGGCAATTACAGGTCCAGTGA,AAAACATTATCAAAG,,0.0,1,2,0,0
CAACCAGGGTCAGTTACAGGTGCATAGA,ATAGTCGATTAAGAT,,0.0,1,0,1,0
CGAGCAGGAGCACCGACACTGTCACCTA,GAGAATGAAGGACAG,,0.0,2,1,0,0
GTCCCAAAGCCATAACCAGGCGCAATAG,AAAACATTATCAAAG,,0.0,4,1,0,0
TTGTCATTGACAAGGACATTAGCAAAGT,CGCGATCAATCCTCT,,0.0,5,0,0,0
ACGCCAGTACCATGGTCACTGGCAAGTT,TCAAAGCATGAAAAA,,0.0,1,1,0,0
ACCACAGCACCAGCGTCAATCCCATGTC,TCTTGGAGGTGAATG,,0.0,1,2,3,0
TTGCCAGTGTCATACTCAAGAACAAAGG,AAAACATTATCAAAG,,0.0,3,0,0,0
CCGACATCGGCAGTGTCATCTGCACCAG,TCATAGGTATCTCGC,,0.0,3,3,0,0
TGGCCACACGCAGGTACAATGCCAGAGG,TTTAACTCACCGTAA,,0.0,3,3,0,0
GTTGCAACACCAGTCTCACATGCAAAGG,ACAGGGCAGCTCCCG,,0.0,3,3,0,0
GATCCAAGCGCAATATCATCGGCAGATC,GCTAATTTCAAGAAT,,0.0,6,1,0,0
CTGACAGCGACAACGCCACTTCCAGTGG,TCATAGGTATCTCGC,,0.0,1,6,0,0
TTAGCATTCTCAAACCCAGCTCCAGGGG,TCAAAACGGAGTGTT,,0.0,0,3,4,0
AATACATGTTCAGCTGCAGCATCAGCGA,CTAAGCAGTCTTCTC,,0.0,0,0,7,0
ATCGCAAGATCAACGACATGCACATGCG,CTTTCTTGTGTATTT,,0.0,1,1,0,0
GAGTCAAATTCAATCTCAAGAGCACCAT,ATTATCATCGCCATC,,0.0,3,0,0,0
ATTCCACGCGCAGTAACAAACGCACCAA,CATCAATGAGGCAGT,,0.0,1,1,0,0
CTCCCAAGGACAATCACAGTATCAGAGA,ATTAATACTTTGCAG,,0.0,1,1,0,0
GGTTCAGGAACAACTCCATTAACAGGTC,CGAACAGAAACACAA,,0.0,1,2,0,1
GGTGCAATAACAGTGTCATTACCAAGAT,CATCAATGAGGCAGT,,0.0,2,0,0,0
TACGCACACGCATGACCACAGCCAATTC,CATCAATGAGGCAGT,,0.0,1,0,0,0
CATTCAACAGCATTCGCAGGTCCAGAAG,TCATAGGTATCTCGC,,0.0,2,1,1,0
GCGGCATGTGCAGCCACAATCACAGTTC,TCAAAACGGAGTGTT,,0.0,2,0,0,0
AGAGCAACCGCATTATCAGATACACATC,GAGAATGAAGGACAG,,0.0,1,2,0,0
GACGCAGTTGCACCGTCACTTTCAGGCG,GAGAATGAAGGACAG,,0.0,0,5,0,0
TAAACAATGCCAAGGTCAGCAGCATTCC,AAAACATTATCAAAG,,0.0,2,2,0,0
ATGACACTGCCAGGTACAGACTCACAAT,TCAAAGCATGAAAAA,,0.0,2,1,1,0
ATGCCACTTCCATGACCAACGCCATGCG,TCAAAGCATGAAAAA,,0.0,3,1,0,0
AATCCAGAGACATTCGCATTAACAGACA,TACACCAATTACACT,,0.0,3,0,0,0
GCCGCATACTCAAATGCACACACAGGGT,AAAACATTATCAAAG,,0.0,3,2,0,0
GACCCATCCACAACCGCATTACCAGGCA,CTTGATCAATCAAAA,,0.0,0,1,2,2
GCCACAAGGGCACCACCACGTACATGTG,TTAATTAGAGGTATG,,0.0,0,6,0,0
TACGCAGGCTCAGAGACAGAGACAAACA,CATCAATGAGGCAGT,,0.0,1,0,0,0
AGTGCAGGACCACACACAACATCAACAA,TCATAGGTATCTCGC,,0.0,2,1,0,0
GCGGCAACAGCAACGGCATACACAGGTA,CTAAGCAGTCTTCTC,,0.0,3,1,0,0
GCATCAGGAACAACACCACTCCCATGGG,CATCAATGAGGCAGT,,0.0,2,0,0,0
ACAGCAATCGCATTGACATCTGCAGTAG,CTAGTTGTATAGCCA,,0.0,3,0,0,0
ACGGCAAATTCAAGACCAGACACAATGG,TACACCAATTACACT,,0.0,1,2,0,0
CTCTCAGAGCCATACCCAACGGCAATCT,CTTGATCAATCAAAA,,0.0,2,1,0,0
AGAGCAATAGCAAAATCAGCAACATCAA,ATTATCAAGTGCCAG,,0.0,3,0,0,0
CATACATGAACATGGACAGTCGCAACCC,GCAAGAAAGAAACCC,,0.0,2,1,0,0
GGTTCAATAACAGAAGCAATAACAAGTA,CGTCAAGACCTTCTA,,0.0,2,2,0,0
GTTCCAGTAACACGGTCACAAGCAAATG,AGATTCATCCCATGG,,0.0,3,0,0,0
TTCGCAGGGGCATCGCCACATGCAGTAG,CTCTTGAGAATACTT,,0.0,1,0,0,0
CCTGCATAACCACGCGCAAGGACAAGCT,TACACCAATTACACT,,0.0,2,0,0,0
CTTACAGCATCAAGGCCATGTACAGTCG,AAAACATTATCAAAG,,0.0,1,1,0,0
GCCACATCGACAGCCACAGGCTCATGAA,ATAGTCGATTAAGAT,,0.0,3,0,0,0
ATGGCAGGAACAGATACAGACACATTCA,TTTTGCATTTAGGCG,,0.0,2,1,2,0
AATCCATTGTCAACACCAGTGGCAGCGC,CTTGATCAATCAAAA,,0.0,1,4,0,0
GCTACAGTTTCACTAGCAAGACCAGCAT,ATAATTTTCATCCAC,,0.0,3,1,1,0
GGAACAAAAGCACAGGCATGCTCATGGC,CGATGATGATGATGA,,0.0,1,1,2,1
GACACAGAGGCATACGCAGAGGCAAATG,AGATTCATCCCATGG,,0.0,1,3,1,0
GTGGCAATGTCAATCTCAAAGGCAGGAC,TCATAGGTATCTCGC,,0.0,0,2,3,0
GTGACAGACTCATCCACACAAACACTAA,TTTATAAATCAATAG,,0.0,0,0,5,0
TTCGCAATGTCAAGTTCACGCACACGGG,TCAAATGATGAGGAT,,0.0,0,0,5,0
CAGCCAGTGGCAAGACCAATGACAGTTA,ATGGCGATGGTCTTG,,0.0,0,0,4,1
GCATCACGTCCAGGAGCACAACCACGCC,CTAGTTGTATAGCCA,,0.0,1,0,0,0
GCGGCAATACCAAACGCACCCCCATGAT,CTAGTTGTATAGCCA,,0.0,1,1,0,0
GTGGCAAAAGCATGTACAGTCACCAACCA,GCTGCGGAGCCTCAG,,0.0,2,0,0,0
GATACAGAGGCACCGCCAGGAACATCCT,GAGAATGAAGGACAG,,0.0,0,1,0,0
TGGGCACGGACAAAACCAACTTCACCTG,GTAATCTGACTCTAG,,0.0,0,3,0,0
GGACCACCCTCATAGACAAGATCACACG,TCATAGGTATCTCGC,,0.0,1,1,0,0
ACGGCAGGTGCAATAGCAACGACATGAG,TCAAAGCATGAAAAA,,0.0,3,0,0,0
TTTCCAGAATCAGCGCCAGTCACAGTTG,TACACCAATTACACT,,0.0,1,0,0,0
CTGCCAGGTACACCGACAATTGCATGCT,ATAGTCGATTAAGAT,,0.0,1,1,0,0
GGCTCAGGTGCACGGTCACGGTCAAATG,AAAACATTATCAAAG,,0.0,1,1,0,0
AATGCATAGCCAAGCACAGGGACAATGA,CATCAATGAGGCAGT,,0.0,0,3,0,0
TGACCAAGTACAATTACAACCGCAACAG,CTTTCTTGTGTATTT,,0.0,2,1,0,0
TTCGCAACCACAGTACCAACGACATAGA,CTAGTTGTATAGCCA,,0.0,2,1,0,0
CTTACAACTGCAAGTCCAAAAGCACTCG,TCAAAGCATGAAAAA,,0.0,2,0,0,0
GTATCATAAGCATAGTCACCCGCAGCTG,GCTGCGGAGCCTCAG,,0.0,2,0,0,0
TTCTCAGCTTCAGTTCCAAGTCCAGTAG,CTTTCTTGTGTATTT,,0.0,1,1,0,0
TTCGCATCTACAGATGCACAGACAGGTC,TATATTGAACTTTAC,,0.0,0,1,0,2
TAATCACAAGCACACACAAAGACATCAC,GCAAGAAAGAAACCC,,0.0,0,1,1,0
AGGGCAAATCCAGTGGCATGGTCATCGA,GCAAGAAAGAAACCC,,0.0,2,0,1,0
GGGACACAACCACACACAAGTTCAAATG,GCAAGAAAGAAACCC,,0.0,1,2,0,0
GCGCCATTCACAAAAGCAGGTCCATAAT,TCAAAGCATGAAAAA,,0.0,3,0,0,0
TTTACAAGTTCACAGCCATCCACACCGC,GCTGCGGAGCCTCAG,,0.0,1,0,0,0
TGGACAGCTTCACCCTCTGAACATCGC,CTTGATGGCTGAAAG,,0.0,0,0,2,1
CCTCCAACAGCACGCCCATATCCACGAA,CTCTTGAGAATACTT,,0.0,3,0,0,0
AAATCAGCGTCAAAGTCAAGCGCACCAG,TCAAATGATGAGGAT,,0.0,1,0,3,0
AAAGCAACCTCATTATCAGCTGCAAAGG,CAATCTTGAATTGAT,,0.0,3,1,0,0
GTTGCACGTACAAGACCATCTCCAATCT,CTTGATGGCTGAAAG,,0.0,1,0,3,0
CCAGCAATTACACGATCATAGCCACATA,TCATAGGTATCTCGC,,0.0,1,3,0,0
TACTCACGCCCAGCGCCAATCACATCTC,TCAAAACGGAGTGTT,,0.0,1,0,2,1
GCCGCAAAAGCAGCAACAACTTCATACT,TTTAACTCACCGTAA,,0.0,0,4,0,0
ACCTCACACCCAAAGTCAGGTACAGATG,ATAGTCGATTAAGAT,,0.0,2,0,0,0
TCCTCATGGCCACTGTCAAAAGCATAGG,CGAACAGAAACACAA,,0.0,0,1,0,0
AGATCACTTTCACGTGCACAGGCAACAG,CGCGATCAATCCTCT,,0.0,0,2,0,0
AGCCCACGGACACGCACACTAACAATAG,AAAACATTATCAAAG,,0.0,1,1,0,0
AAAACAAAAGCAAGAGCACAGTCATAGG,CTTTCTTGTGTATTT,,0.0,0,2,0,0
TATCCAGGAACATGTTCAACTCCAGAAA,GTTTAGCTTCCGTTG,,0.0,2,0,0,0
GGTACAGATACACGTTCATAAACAACGC,CTTTCTTGTGTATTT,,0.0,0,0,1,0
TCAGCAGAAACAGCGTCATCCGCATGAG,TCATAGGTATCTCGC,,0.0,2,0,0,0
GGATCAGCGTCAATTACAACTACACGGG,CATCAATGAGGCAGT,,0.0,1,0,0,0
GAGGCACCCGCAGGCCCAATTGCAACCA,GCTGCGGAGCCTCAG,,0.0,1,0,0,0
CGCACAAACGCACTCCCACGCGCATATA,CGCGATCAATCCTCT,,0.0,1,0,0,0
GTCCCATGGTCATACACAATCACACTTA,GAGAATGAAGGACAG,,0.0,1,1,0,0
AGAGCATACGCAGGATCAGCCACATAAC,GTAATCTGACTCTAG,,0.0,2,0,0,0
GCTGCAGTGCCACCCGCACCACCAAAAG,CATCAATGAGGCAGT,,0.0,1,0,0,0
GGATCAAGAGCATCAGCATTACCATGGC,TAATATTGTTTTGCG,,0.0,3,0,0,0
GGCGCAGCCACACAGGCACAGTCAAGTA,GAGAATGAAGGACAG,,0.0,2,1,0,0
GCATCACGGTCATCATCAAAGTCATAGG,CTATGCATTTACTCA,,0.0,2,1,0,0
GGGGCAGAAACAGAGGCACAAACAGTTT,CAATCTTGAATTGAT,,0.0,2,1,0,0
AAACCACAACCAAGTACACAATCAAGCC,TCAAAGCATGAAAAA,,0.0,1,2,0,0
CGAGCAACGACAGGAGCAATGACATACA,ACAACCTACCTGCTA,,0.0,1,2,0,0
TCAACAACTGCACACTCACACTCAAAGC,GTAATCTGACTCTAG,,0.0,0,1,1,1
TCTACAAGAACATACACAGTCGCAGGCG,CTTGATCAATCAAAA,,0.0,0,3,0,0
AATGCACTCGCAGCATCAACGACAAAAG,AGAACATCATCTACA,,0.0,0,0,3,0
TGGGCAACGCCATGTACAATTGCATGTA,TCATAGGTATCTCGC,,0.0,1,0,0,0
GAATCAACCACAGCACCAGCGACAGGCT,ATCGTTGGCATTTGG,,0.0,1,0,0,0
TAGGCAGTTGCACGGACACGCTCACGAT,CTTTCTTGTGTATTT,,0.0,1,0,0,0
AAGGCACCCCCATAAGCACTTTCATCAG,CTTTCTTGTGTATTT,,0.0,1,0,0,0
ACCCCAAACTCAGATACACACGCACGAT,GTTTGTTTTGGGAAA,,0.0,1,0,0,0
TGTCCAAACACACATCCATCTTCAAGCC,GTTTGTTTTGGGAAA,,0.0,1,0,0,0
AAGGCAAAAGCATTATCAGCTCCATCAA,GAGAATGAAGGACAG,,0.0,0,1,0,0
TCCGCAGTAGCATAGGCAACTTCAAACG,TAATATTGTTTTGCG,,0.0,2,0,0,0
GTGTCAAACTCAGGCACAGGTGCAAGCA,AAAACATTATCAAAG,,0.0,2,0,0,0
AATCCAAAAACAGAGGCATATGCACAAG,CTTTCTTGTGTATTT,,0.0,1,1,0,0
GCGACACCCACATTCTCATCGTCAGTTG,TTAATTAGAGGTATG,,0.0,2,0,0,0
TCTACATAGTCAGTTGCAGGTACACGGC,GTAATCTGACTCTAG,,0.0,1,0,1,0
GCCCCAGGATCAATGTCATCACCAGTCC,CTCTTGAGAATACTT,,0.0,2,0,0,0
GCGACACACCCAGCAACAGGTACATACC,CATCAATGAGGCAGT,,0.0,2,0,0,0
ATCACACACACACTAACACCTGCAAAGT,TCATAGGTATCTCGC,,0.0,0,1,0,1
CCGTCACTCGCACGAGCATCAACAGGTG,GCAAGAAAGAAACCC,,0.0,0,0,2,0
TTTACAACCACAAAGGCAGGAACATCGC,CTTGATCAATCAAAA,,0.0,0,0,2,0
ACCACATCGACAACGGCAGGCACAATCC,ACAACCTACCTGCTA,,0.0,0,0,2,0
TTTCCAAGCTCAACTACAAGGACACATT,AATGATACCATTTTT,,0.0,0,0,1,1
GCGGCACGGACATGACCATAGGCATGCG,TGATCATCACGGGAC,,0.0,0,0,2,0
TAGGCACGATCATTCACAGGGTCACAGA,GTTGGGCGCTTAAAG,,0.0,0,0,0,2
GGGGCAAGGGCAACAACATCGGCAAATC,TACACCAATTACACT,,0.0,1,0,0,0
GATGCATTATCACTGACAAGCCCACCCT,CTAGTTGTATAGCCA,,0.0,1,0,0,0
CAAACAGCTTCAAGGGCAACAACAGGCG,CTTGCAAGTGTAATT,,0.0,1,0,0,0
GGCCCATGCACACTAGCAGTTGCAGCCT,GCTGCGGAGCCTCAG,,0.0,1,0,0,0
GCTACAGTGTCACGACCAGCCTCAGTCG,ATAGTCGATTAAGAT,,0.0,1,0,0,0
AGGACAACTGCAATACCACAGACAAAGG,CATATGCATTCCTTG,,0.0,1,0,0,0
CAAGCATCGGCAATTCCAGTAACATCTC,CATCAATGAGGCAGT,,0.0,1,0,0,0
CTGCCAATTCATGTCCATCTGCACATC,ATCGTTGGCATTTGG,,0.0,1,0,0,0
CGCACAACCGCAGTTACAGGTTCAGCGA,TCAAAGCATGAAAAA,,0.0,1,0,0,0
TAGTCAGGGTCAGAAGCAGCGACAAATG,CTAAGCAGTCTTCTC,,0.0,1,0,0,0
AACGCAGGCGCAAAAACAACAACAAAGG,GTTGGGCGCTTAAAG,,0.0,1,0,0,0
TGCGCATGTCCAGATGCAACTGCACGTC,TAATATTGTTTTGCG,,0.0,1,0,0,0
GCTGCAGAGGCATAGACATCCCCAATCC,CTTGATCAATCAAAA,,0.0,1,0,0,0
ATGGCAGGGACATGGACATAGACAGCCT,CTTGATCAATCAAAA,,0.0,1,0,0,0
CTGTCACTCACATCGACAAAGGCAAACC,CTTGCAAGTGTAATT,,0.0,1,0,0,0
GCTCCATTTACAAAGCCACACTCAAGCC,AGAAGACGACGATGA,,0.0,0,1,0,0
TAATCACGTACAGATCCACAGACATGTC,TCAAAGCATGAAAAA,,0.0,0,1,0,0
CGGGCACGAACATCTACAGTAACAGGTG,ATGAAGTTCATAATG,,0.0,0,0,1,0
GAGGCAAAATCAACGTCACGGGCAAAGG,ATTATCAAGTGCCAG,,0.0,0,0,1,0
ACCACATTGGCAAGTACAGCACCATGGC,TCAAAACGGAGTGTT,,0.0,0,0,1,0
CGAACAGGGTCAGCAACAAACACAAGAA,GCTGCTTATGAGGAT,,0.0,0,0,1,0
TTGCCATCTGCAAAGGCATTGTCACACC,TTTAACTCACCGTAA,,0.0,0,0,1,0
AGGACAATGTCACCGCCAGCTGCATAGG,AAAAGCGACATTTCT,,0.0,0,0,1,0
GCGACATTAACAGGGGCATCTACATGCA,ACAACCTACCTGCTA,,0.0,0,0,1,0
CATACAATCCCAAGGTCACGACCAGACG,CTTGATCAATCAAAA,,0.0,0,0,1,0
GATCCACCGTCAGTAACATTCGCACAGG,ACAACCTACCTGCTA,,0.0,0,0,1,0
GAGCCAACCGCATCCGCAAGGCCACCCA,CTAAGCAGTCTTCTC,,0.0,0,0,0,1
AGCACATGGTCACAAGCATATTCAAGAG,GTTGGGCGCTTAAAG,,0.0,0,0,0,1
TACGCATTCGCAGGGACAACAACACTGC,GAACTCAGGTTCCAT,,0.0,0,0,0,1
CTGGCACATCCAGTGTCACAAGCACGGA,CTTGATCAATCAAAA,,0.0,0,0,0,1
