BC,Edge,s,LL.ratio,TP1-2-T1,TP1-2-T2,TP1-2-T3,TP1-2-T4
CATCCAACCTCAGAAGCATTGGCAGACA,TAGACGGACATCTTC,0.015738402811300192,0.0,16085,19160,10435,8342
GTTGCAAATTCAGGTCCAGCGACACTTG,CGAATGCCATACAAA,0.04916267735299779,0.0,4983,7374,6210,7044
AGTGCAATGACAAAACCAATAGCAAGCA,TTTATAAATCAATAG,0.013510262352694133,0.0,5733,6480,3703,2781
TCAGCAGATTCAAACAAGTACAGAAC,TCAGAGCATTGGCCT,0.0002430380140421891,0.0,2968,3772,1357,967
GCTACACAGGCAAGTGCACGGTCACGCA,TTATATTTATTTGCT,0.059162889855094124,0.0,2298,3750,4092,4385
ACGGCACTTTCACGAGCATAGGCAGTTC,TTTATAAATCAATAG,0.009080731144736613,0.0,2451,2473,1330,1041
CCTACAGTCGCAACGTCAAGATCAAGAC,TTTTGCATTTAGGCG,-0.02685904225674199,0.0,1308,1310,324,189
ACGCCAGTAGCATATCCAAATTCATTGC,TTTATAAATCAATAG,0.022566651395308595,32.21420906045023,1725,1893,1279,1098
TGCGCAACTACATGCACAAGTGCAGCGC,GAACTCAGGTTCCAT,-0.04205627792612735,0.0,3734,2652,640,342
TTGCCACACTCATGCACACCTCCATAAT,TTTATAAATCAATAG,0.011734774655482028,0.0,2383,2733,1311,1096
GCGACAACCACACATACAACCACAGTAA,TCAGAGCATTGGCCT,0.0280129539791522,0.0,2004,2403,1860,1502
AGCCCAGTGTCAACTCCATTCACAACAG,TTTATAAATCAATAG,0.029194412485389034,110.98248952440917,1799,2102,1623,1397
GGATCACGGTCAACATCAGCATCACCTA,TCAAATGATGAGGAT,-0.01583236628232913,0.0,1566,1044,613,315
CGGTCACTCACAGCGCCAAGCTCACGAA,TCGATAGAATTTACT,-0.007874174455203805,0.0,2087,2004,769,533
CTACCAGTTCCAACGTCAAAGGCACAAT,CCAACACAGGCTTCG,-0.009930674351442459,70.84046707675952,2174,2091,734,522
GGAACAAGTCCATCAGCACTTGCAAACC,ACAGTTGACGGACAG,0.0027065533946837596,0.0,1813,1722,951,636
GCTACAGTTCCATACTCAAGGACAAATC,TCAAAACGGAGTGTT,-0.001959175933887399,30.864040101518185,964,994,421,294
TATGCAACCTCAACGTCAAGCTCACCGA,TCTTGGAGGTGAATG,-0.029564622468853496,5.559617947106744,1944,1520,481,259
GAATCACGGTCATCTGCAGGGGCATTGA,TCGATAGAATTTACT,0.007855460249436478,35.74241593100032,1192,1146,690,488
ATAGCAGCGACATAGGCAAGTACATTTG,TTTATAAATCAATAG,0.019153553578553296,0.0,1227,1423,1014,705
GTCTCAAAGTCAAACGCATGAACAGTGT,CCAACACAGGCTTCG,0.012266880172549934,0.0,1316,1553,754,615
AACCCAACTACAGGACCAAGTTCAAGAG,TTTTGCATTTAGGCG,-0.029497329611081976,0.0,1603,1406,371,214
CGTCCAATACCATTGTCAGCCGCACTAT,TCAACAACCTATGCA,0.007276023025260307,0.0,1367,1200,723,550
TAAGCAGTTACAGCATCAGTTCCACCAG,CGATGATGATGATGA,0.004351100943582094,0.0,1316,1442,705,485
GGAGCATATCCAGGATCATGCACAGTGC,TATATTGAACTTTAC,0.01080883538802239,0.0,1196,1200,864,535
GCCACAACTTCAGCTTCATCCGCACTCC,GTTGGGCGCTTAAAG,-0.013158641112604475,11.551535411524583,312,277,154,68
ACATCACGAGCAAAATCAGATCCAAATG,AAAAGAAAAATGTAT,0.010068589202359134,0.0,1296,1276,719,567
GAATCAGGCACACACACAGTATCAAACC,TTTATAAATCAATAG,0.011418037881355106,0.0,1148,1211,796,523
CACGCAAATACACGCCCACAACCACTGT,AGAAGACGACGATGA,0.008356450263538958,41.986750226796175,1167,1218,647,485
TCTGCAGCGACATGACCATCAGCAGAAA,AGAAGACGACGATGA,-0.0122767592677274,0.0,1345,1260,435,301
GGGACAAACTCATATCCAAGGCCATGTA,TTAATTGCACTTATG,0.004957656766499301,0.0,1215,1191,516,456
CGCTCAGTCCCAGAACCAATATCAACAC,TCGATAGAATTTACT,-0.0028555283789226376,0.0,1253,1201,465,372
TATGCATGTGCAAGCTCAGAGGCACAGA,ACAAGTTTTACAGTT,-0.03291457672311079,11.655099101687028,1220,861,263,147
TTACCAAACTCAAGGACATCCACAGCAG,GTTAAATCAACAGTT,-0.01901835972713221,32.556938251974316,1187,1118,342,217
GCAACATATACATCTCCACTTGCAAAAG,ACAGTTGACGGACAG,0.0024830594922898193,0.0,1036,1195,571,361
TGGGCATGGGCACCTCCATACTCAATGG,TTATATTTATTTGCT,0.037944288298222724,0.0,830,1197,754,838
AGGCCACTGCCATGAACACCGTCAATCC,TATATTGAACTTTAC,0.003328260875289353,0.0,1094,1075,507,391
TACCCATCAGCAACCGCATCGTCAACGT,AGTGTATGATAATAT,-0.027839746843424995,0.0,392,292,76,55
GAGGCAGGCGCAACGGCAGCCTCAAGAA,GTTAAATCAACAGTT,0.03140085040141747,56.27151407778183,822,1286,692,682
TTGCCAGCTGCAACACCACTCACACGCG,CCAACACAGGCTTCG,0.0038889748582745004,0.0,1073,1057,543,390
CATCCACATGCATGGCCAAACCCATCCT,CCAACACAGGCTTCG,0.010356847049644577,0.0,954,1037,477,421
CGATCAGCAACATCAACACTCACAACGA,CCAACACAGGCTTCG,0.0067087116743222985,0.0,1034,1033,491,409
CTTACAGACACATCCCCACAAACAGTGT,TTTTGCATTTAGGCG,0.0022811699140532645,83.32518443394292,973,1051,462,337
GAATCATGTGCATGTTCAAAATCAGGCA,TATATTGAACTTTAC,0.012054907443222351,9.852230140256324,926,943,643,430
GGCTCAGCGACATGATCACCAACATGAA,TTTAACTCACCGTAA,-0.005609317580870746,0.0,1028,846,395,281
TCGACACATACATGCGCATCGCCATAAG,CGAACAGAAACACAA,-0.036366364403822675,0.0,764,529,202,83
GTGCCACCTTCAGCCGCATGAACAGATC,CAATCTTGAATTGAT,0.02693606581493861,0.0,853,998,689,619
AGCCCAGTGACACATGCACAATCATTAA,TATGCCCTTCTTCTG,0.019538130526983305,0.0,597,682,411,347
GGGGCACTGGCATTATCAGATTCAAAGG,CTCGCTAATACTCCT,-0.006021184384245169,0.0,963,992,429,260
GTTTCAAGCGCAGAACCATATCCAGGAT,GAGTGCTTCAAAGTT,-0.012805669349620916,43.55406459065671,967,1070,340,213
ACTGCAACCACATCTTCAATGCCACGTG,TCTTGGAGGTGAATG,0.02469311639464268,51.14456333066482,594,639,538,403
CTTACACATACACCTTCAGGTGCACCGA,CGCGATCAATCCTCT,-0.01960200604997861,0.0,1002,719,309,180
CCGGCAGTCGCATCAACACGGGCAATTG,TATATTGAACTTTAC,0.0038207006203349707,0.0,896,949,498,325
GTCACAAATACAGCAACAGGTTCAAAAA,TCAAAACGGAGTGTT,-0.021135425512969968,0.0,1055,916,312,181
GCAGCATGGCCAAATTCACGGACAGGAA,ACAAGTTTTACAGTT,-0.02099663908492601,0.0,772,566,246,133
AGAGCACTCCCAGTGCCAGAGACAGGAC,TCAACAACCTATGCA,-0.008483073074760454,22.0293415153792,977,992,349,245
ATTACAAGCGCAATCACAAAGCCAGGTA,TATATTGAACTTTAC,-0.0002206517595229046,0.0,887,1010,415,285
CGGGCACAGCCAAAAACAACGACACA,ACAGTTGACGGACAG,-0.012667499894448634,0.0,642,574,206,142
AGTGCAATACCAGCAACATTGGCACGGC,GTTAAATCAACAGTT,-0.00024106086522121366,0.0,900,829,492,289
GGGGCAGGTACAACCGCATTTCCAGACT,CTCGCTAATACTCCT,-0.0032956053201323786,0.0,628,592,299,184
GCGACATACTCACAGACACTGACACGGT,GAGAATGAAGGACAG,-0.005467735128460838,0.0,408,349,194,112
AGCCCACGCCCAAGCACAAATGCACCAG,CATCAATGAGGCAGT,0.0034355703414853758,0.0,859,829,430,308
ACGGCAAAACCATATACATGGTCAGGGC,TAACCTCGCGCTGAG,-0.009466378964426791,0.0,805,762,359,196
AGGACAGCGTCACGGTCATCTCCATGAA,GTTGGGCGCTTAAAG,0.008252779051545082,0.0,741,783,429,307
GCTGCATGCCCATATTCAGGATCATAGG,ATGAAGTTCATAATG,-0.013940605729247463,2.591573227748995,822,712,237,175
CGGGCACAGGCAACAGCATTTTCAGCCA,GAGAATGAAGGACAG,-0.01294031982185852,0.0,743,645,325,163
TAGTCACGGCCACTCGCAAGTGCAAAGC,ACAGTTGACGGACAG,-0.016846475858974322,32.74084266705813,820,764,223,160
TCAGCAACGCCAGGCGCATGTTCAATGC,TTAGTCTTTCCATCA,-0.017681671359670078,14.955130441316669,783,760,255,149
GACTCATATGCAGTCGCATCACCAAGCA,CTTGATCAATCAAAA,-0.016376125750313206,0.0,475,368,165,94
TTGGCAGCAGCAGCGTCAAAGGCAGCAA,CCAACACAGGCTTCG,-0.022609092745028175,72.10126744910485,859,815,243,141
GGAGCAGGTGCAAAGACAAGCTCAATAT,TTTATAAATCAATAG,-0.004426327854941696,35.46585071278787,745,733,285,211
GGCTCAAGGTCAGTGCCAGACACATCTC,GAGTGCTTCAAAGTT,0.01416475267669363,0.0,661,604,380,327
TGGTCAAACGCAGCGGCAGGGACAGGGC,ATGGCGATGGTCTTG,-0.02039099751950874,0.0,114,139,43,20
ATCACACGGACAGGAGCATCGGCAGAAA,CTTGATCAATCAAAA,-0.023727112804741508,0.0,441,347,139,70
GGGGCAGGCTCATCTGCAGCTCCAACGA,CTCGCTAATACTCCT,-0.011572342351811185,0.0,735,642,298,168
AGGTCAGTTGCACTGTCATGTACAATCG,GCTGCTTATGAGGAT,0.005229188874209208,0.0,592,495,361,224
ATCGCATTTGCACATACAGTCCCACACT,GCTGCGGAGCCTCAG,-0.06548227890358564,0.0,463,232,86,21
CCTTCACAGGCACTCACAGTCACAGTTC,ATGGCGATGGTCTTG,-0.00614396498320821,0.0,658,582,276,177
GGTACAACCTCAGTTCCAACTGCACCTC,TAACCTCGCGCTGAG,0.004058476114435224,12.104875516589345,594,541,336,217
CCCGCACACACACGATCACTGTCACCGG,GTTGGGCGCTTAAAG,0.014992456789575096,0.0,560,592,336,284
GCAACAATTGCAGCCACATGTCCAAGAC,GAGAATGAAGGACAG,-0.030667316057371666,16.021174749952934,706,544,198,91
GGCACATACCCAACGGCATCGCCATCAA,CCAGGATGTACCGCC,-0.013098758295695045,0.0,458,340,197,100
GATACACGAACAATATCAGGATCAAAAC,TCAAAACGGAGTGTT,-0.007175846356842363,9.924720046317816,602,570,217,157
CCGCCACTAGCAGGATCAAAGGCATAAT,AAAAGAAAAATGTAT,0.008020546478259434,0.0,525,666,265,216
TAGTCAGCCTCAGGGTCAATGGCAGTCT,AGAAGACGACGATGA,-0.005084971728137422,0.0,569,603,240,158
TGAGCAAATACAGGCACAAGGTCAATCC,TTTTGCATTTAGGCG,-0.009451119942263641,23.359515755558277,390,366,198,95
AAGGCACGGCCAGCTACAATTACATCGA,GAGTGCTTCAAAGTT,0.006173195831123715,0.0,465,546,289,181
TAAGCAGCACCAAGCGCAGATTCAAAAG,CTTGATCAATCAAAA,-0.033915228268951034,18.12453603560789,573,455,100,67
ACAACAGTACCACGCTCAGATGCAAATA,AGTGTATGATAATAT,-0.012659191486296587,0.0,565,445,228,125
GGTTCAACACCACAACCACCGCCATGAG,ACAAGTTTTACAGTT,-0.015045323496494767,0.0,403,247,131,83
TTGACAATAACAACTACAAGCACAGGCT,TATATTGAACTTTAC,-0.020611692664040684,52.57382015798885,591,489,140,103
AACACAGACCCACTTGCAGCCCCATCCA,ACAACCTACCTGCTA,0.012788715258751063,3.365430045161702,415,438,280,197
TGTGCAATTGCAACATCAACGACACGCC,TTTATAAATCAATAG,0.018308279572260607,0.0,432,518,297,242
CTTACAGAATCACTAGCACATTCATCAG,CTTGATCAATCAAAA,-0.01546315149541592,0.0,531,455,187,108
AAGTCAGTGGCAAAAGCACGCTCAGGTG,CATTTATGGCTATCT,-0.01131740165720263,0.0,521,442,187,120
GCTCCAGGTCCACGATCACCTTCATACG,TTAGTCTTTCCATCA,0.002599996954438695,0.0,469,495,276,164
AGTCCAATCGCAGGCGCATGGGCAGTAG,CTTGATCAATCAAAA,-0.017376913936826693,0.0,578,435,157,111
GTAGCATCATCATTACCACGGCCAGCCG,CTTGATCAATCAAAA,-0.01858875681049958,0.0,513,431,175,95
ATACCACGTCCAATCACAATCTCAGCCA,GTGTGATTACTAAAT,0.02160678560378848,0.0,401,516,285,248
GGGGCATAACACCCTCATCCACATATA,AGAACATCATCTACA,0.02397857472753137,0.0,384,389,350,255
AGGGCAATTGCAAAGCCACCAGCATCGG,TTAGTCTTTCCATCA,-0.006861891249591926,0.0,490,438,197,129
TATACAGATACAGTAACAAGGACATTCG,CTTGATCAATCAAAA,-0.016637845495589863,0.0,438,340,147,86
GCCCCACATCCACGAACAGTATCATAAA,ATAGAGCGGCGTTGA,-0.01668347634916791,0.0,51,43,13,10
CTGGCATAGTCAACATCAGCATCATAGA,ATGAAGTTCATAATG,-0.023135594721825765,0.21288141918171277,458,357,126,74
GCCCCAGAGTCACTGCCAAATACATACT,CGATGATGATGATGA,0.008508850485467167,0.0,400,354,211,167
GGCGCAGCGTCATTTACACACCCACGTG,TTTATAAATCAATAG,0.004480383825621045,0.0,373,410,200,138
AGATCATCCTCAAGGTCAAAAGCACGCA,TGATCATCACGGGAC,-0.0032881548656236302,0.0,389,364,161,114
TCCTCAAAGCCATCCTCAAAGCCATGGC,AGTGTATGATAATAT,-0.037082663245417036,8.993066173740772,395,377,78,42
TGACCACTGACAAGCCCACTGGCAACAG,ACAAGTTTTACAGTT,-0.033076057309011135,2.710515161334115,442,346,121,53
ATTTCAGCATCATAGACAACGCCATCTC,GAGAATGAAGGACAG,-0.013393590690306508,0.0,402,318,116,87
GTTCCATGAGCAAATTCAAGCTCAGGCG,CGATGATGATGATGA,-0.01650186588768472,16.491181236662214,421,344,160,83
TAGCCATATACAACATCAGGCTCACTTC,GAGAATGAAGGACAG,-0.020726008714625474,0.0,380,320,110,66
CCCTCAACGGCAGAGACACGCACAGATA,TTTATAAATCAATAG,0.0037324995672484234,0.0,340,352,200,123
GTCTCATGGTCATGGCCATAGTCACTCG,ATATTGAGTAAGTAC,-0.007242807090890313,0.0,365,331,156,95
AGCCCAGGTCCAGAACCACTAACAGATT,AGAAGACGACGATGA,-0.01040721748008373,0.0,376,364,140,89
AGGTCACGCCCACGACCATCTTCACATG,CTTGATCAATCAAAA,-0.015752016853171943,0.0,367,272,127,74
TGCGCAGAATCATAAACAGTGGCACGGG,TTTTGCATTTAGGCG,-0.020615163349764532,0.0,373,276,108,65
GCATCAAGCTCATTAGCATTATCAAGGT,ATTATCAAGTGCCAG,-0.00643398635756925,0.0,330,336,136,88
GACACAAATGCAGACACACCTCCATTTT,ACAACCTACCTGCTA,-0.045614683104152426,28.7083002389827,328,187,43,27
GGGACACTTTCACCAACACATGCATTCG,CTTTCTTGTGTATTT,-0.054130608602790765,0.0,298,197,69,19
ACGGCAAACTCAGTTACACCGGCAAGCA,ACAAGTTTTACAGTT,0.016827782695676002,48.40811940040362,265,289,199,142
GCATCAGGAACAGTCGCATGTCCACGCC,CGATGATGATGATGA,0.0057279920818381555,0.0,289,295,152,111
GGGTCAAATACATCCACAGTCGCACGCA,CTTGATCAATCAAAA,-0.009770101642802025,0.0,315,236,159,76
CTGACAGATTCAAAAGCAACAACACCGA,CATTTATGGCTATCT,-0.04710524439687897,18.372081243848015,343,277,52,27
GATACAGGGACACATGCACATACAGCTG,TCAACAACCTATGCA,0.021157258126854414,10.336805668396664,236,284,205,144
TGATCACAGTCAGTGCGCACATGCACTCG,TATATTGAACTTTAC,0.006699103873961695,0.0,263,261,132,104
GTGCCAAAGCCATGCACAAAGCCAGTGA,CGAATGCCATACAAA,-0.0034299724271416913,0.0,281,317,140,82
CGACCACACGCAACCCCAAACACATCTT,CTTGATCAATCAAAA,-0.04892538219804068,9.006761777148313,322,281,85,24
AACCCATAAGCAGTACCAACCGCATGAA,CATTGTCGGACGCTT,-0.04159856052975084,0.8243919462847202,280,233,82,26
AGACCACCTGCAGATACATAAGCAGGGA,AAAAGCGACATTTCT,-0.02815242913293954,0.0,259,198,90,36
GTATCAGGCGCAAGGCCAGTTCCATGTC,TCAAAGCATGAAAAA,-0.030406067014275295,0.0,331,239,69,43
ATCCCAGAAGCATGGGCAGTGACACCAC,GAGAATGAAGGACAG,-0.008711294490151822,0.0,265,268,122,66
TGGTCATCGTCACTCTCAAAGCCAGGCT,TCTTGGAGGTGAATG,-0.017590886727457396,0.0,283,276,101,54
TGCGCAGACCCAACAACAGCTTCACACA,TTTATAAATCAATAG,0.0051118867003693514,0.0,183,219,98,69
TCCGCATTGACACTCCCAGCCGCAACTA,TATATTGAACTTTAC,-0.04022128888539316,44.34198375975848,279,188,64,27
GCAACATATACACGGGCAGTACCATAAA,TCAAAACGGAGTGTT,-0.022100773999093774,0.0,312,199,92,52
GAGGCACTACCACTATCAATTACACACC,CTAAGCAGTCTTCTC,-0.04570694259657664,0.0,268,131,35,22
GTCCCAGGGGCAGGTTCACAAACATGTT,CTACTTACAACGGAA,-0.043787026203798735,0.0,276,156,32,24
GTGACATGGCCATAGCCATTAACAGCCG,AGTGTATGATAATAT,-0.01244396340467547,0.0,247,196,99,55
CGAGCACTATCAGGCCCACTATCAATTG,ACAGGGCAGCTCCCG,-0.03973993274690001,0.0,275,158,45,27
CGGGCAGTAACAAGCCCACTCGCATATG,TTTATAAATCAATAG,0.03260112829023001,17.084571713966852,193,217,158,166
AAGTCAGGAGCAAGGTCACGATCACCGA,TATATTGAACTTTAC,-0.03108955956406385,36.74474558277552,275,247,58,35
GGATCATGTGCAATGGCACCTACACGTA,AGTGTATGATAATAT,-0.018861982383972187,0.0,245,170,101,45
GCTCCATTACCATAGGCAGTGCCAATTG,GCTAATTTCAAGAAT,-0.05366503071029527,0.0,232,137,44,15
CGAACAAACACAAGCGCATCAGCAACCT,GAACTCAGGTTCCAT,-0.03899469407804217,0.0,249,201,46,25
ATCGCACATGCACAAGCATTCACAGCAC,CTACTTACAACGGAA,-0.03152953353295484,0.0,207,138,44,26
TGAACAGGTTCAGCTCCACTCGCAAGCT,TCAAAACGGAGTGTT,-0.028878804799694773,0.0,250,202,49,34
TTAGCATCAACATGGACATATGCAAAAC,CTTGATCAATCAAAA,-0.05194201808830453,7.784179315287929,235,222,57,16
ATATCAGCGCCAGGGTCAATCGCAAAGT,ATGAAGTTCATAATG,-0.0495915586107159,4.506392568727733,219,203,25,16
GCACCATTTCCAGAGACAGCTGCAATGG,ATTATCAAGTGCCAG,0.01422333737593503,2.7083864837082956,226,166,64,112
TCCTCAAAGACAAACGCACGATCATCAC,CATATGCATTCCTTG,-0.14200676130872783,0.0,80,19,3,0
CGTCCATGTCCAAACACACGAGCATCAA,TTTATAAATCAATAG,0.02677712829402047,9.025815144583248,162,198,151,117
GACGCAAACTCAACAACAGCCGCATAAG,ATGAAGTTCATAATG,-0.03695361072901345,0.0,178,195,68,19
TTCCCACGTGCAACCACAACCGCACAAG,ATTATCAAGTGCCAG,-0.019535405961222836,4.668979274262142,200,163,45,36
TTCACAATGGCAATGACACCAACATGTC,CTTGATCAATCAAAA,-0.03619600235976158,5.651302208138986,174,145,33,19
CAGGCAATAGCATACCCAATGCCATGAT,CTACTTACAACGGAA,-0.05189470319983034,0.6698202340388661,176,106,24,12
AAAGCACAGCCATCGTCACAAGCATCCG,GTTCAGCTTTGATCG,-0.04086028608898384,0.0,158,73,42,15
GGCACAGCCGCAAAGACAAAATCAGGTT,GTTGAACTGGTTGTT,-0.09319315048072155,0.9439011349218447,164,134,12,7
TAAGCAAGCCCATCCTCACCAGCATAGT,GTTAAATCAACAGTT,-0.010252284414643676,2.754838421904651,164,153,63,39
GGAGCATTAACAAAGACAAGGTCACTAT,ACAGTTGACGGACAG,-0.027829115896649062,6.9781650857289605,171,131,70,24
ATAGCAGTATCAGTAACAAGTGCAAGGA,GAGAATGAAGGACAG,-0.010606091122702804,0.0,153,163,66,36
AGTGCATCTACAGAGCCAACGTCACACG,CTCTTGAGAATACTT,-0.12622310707928516,0.0,169,47,2,0
GCTACATGGGCAAATGCAAAAGCATTAT,ACAACCTACCTGCTA,0.0003691921872145919,0.0,159,150,76,52
ATAGCATTATCAAGTACAACAGCAAGAA,CTTGATCAATCAAAA,-0.0342941023896182,5.4514536160641,173,129,34,20
TAGACAAAGCCAAAAGCAGGTTCAGCAG,AGTGTTAATCAGACC,-0.06466396012665286,0.0,68,35,4,1
GTCACATCTCCAGATACACGGACACGGA,CTTGATCAATCAAAA,-0.0008742991987999993,0.8033841126668904,146,113,38,46
AACTCAACCCCAAAGACACTGCCAACAG,TAACCTCGCGCTGAG,-0.012648264315789517,0.0,122,150,43,27
ACCTCACTGACAGCCGCAAATCCAGTAA,CTACTTACAACGGAA,-0.021267397258913214,2.5046052689746148,158,97,37,27
TGAGCACGCGCAGGTACAGATTCAAAAA,CTCGCTAATACTCCT,-0.034100865133474004,13.314319117621608,172,140,33,20
TTGACAGGCACACTACCACCTACAGATT,CATTTATGGCTATCT,-0.015543764190891955,0.0,138,103,32,28
TGTCCACCTGCATCGTCAATCACAGAGA,GTTGGGCGCTTAAAG,-0.006253317441924605,3.4047793037241263,138,96,67,37
CTTGCATCAGCATACCCACCGCCATAGC,TGGAGTCTTTGTTGA,-0.020474435193446036,0.0,120,95,31,21
GGTGCAGAGACATGTACACAGCCAGGCC,GAGAATGAAGGACAG,-0.03435826666993768,2.6889100562443673,130,113,43,15
CAATCACGAGCAACAGCATCTTCACACG,TATATTGAACTTTAC,-0.0015127863973670944,0.0,110,125,53,34
AACGCAAGATCAAACGCATGGACATTAC,GAACTCAGGTTCCAT,-0.03983503504631356,0.0,143,81,22,14
ATGGCATATGCATTTTCATGGTCAGGAT,CTTGCAAGTGTAATT,-0.01817467281054765,0.0,128,75,32,24
ACAGCAGGCGCAAAATCACGAACAAGGC,ATGAAGTTCATAATG,-0.037107474064078945,0.0,160,103,36,17
GTTACATAGACAAGAGCACGACCATGTA,CAATTTCAACGTTGT,-0.029784895952821494,0.0,136,104,41,18
ACAACAGTACCACTAACATGGCCAGGGC,CTCTTGAGAATACTT,-0.14719585549349584,0.010660950342753495,102,23,3,0
TGGGCATTCTCACCTACAGCAGCAAACG,ACAAGTTTTACAGTT,-0.009436380462327096,0.6543926681014227,119,130,37,29
GTATCATCCCCAAAACCAATACCAATCA,TCAAATGATGAGGAT,-0.015142280203690106,0.0,112,88,40,23
GATGCACTAGCAGTCTCAATCACATGTA,TTTATAAATCAATAG,0.012538854940816522,0.0,104,91,66,49
AACGCAACAACACACACATATTCAATGG,GAACTCAGGTTCCAT,-0.024252058037012806,7.779503872266332,96,83,42,15
TAGCCAGCCACAATCTCACGCGCAAGGG,GAACTCAGGTTCCAT,-0.024919353600029184,3.2804049191281592,111,69,35,17
AGTCCAGAGGCACTCCCAATCACATGCC,GCCCTCGAAACCTAT,-0.018014029929349373,0.0,69,54,23,13
GCTCCATACACAAGTACAGTAACATCGA,GAACTCAGGTTCCAT,-0.020766905829255177,2.383681501190381,61,62,19,8
CTGTCACACGCAGGAACAATATCAAGAA,TGGAGTCTTTGTTGA,-0.053571717973652164,0.0,99,65,16,5
CACCCAGCCACATGGTCACATCCATAGG,ACAGTTGACGGACAG,-0.00035660113110408745,0.0,75,73,39,24
AAGGCAAATTCACCTACATGGTCAAAGT,TTTATAAATCAATAG,0.0042701456315778746,0.0,68,58,31,25
ATCGCATGGCCAACGCCATCCTCACCAC,GTTGAACTGGTTGTT,-0.013158641112604447,0.8612406578832008,78,41,26,17
AAACCAGGTTCAAGTGCAAGCTCAGCGA,CTTGATCAATCAAAA,-0.012795061239631374,0.0,59,60,22,13
GGCACATTAGCAGTCGCAAAGTCAAACT,GAACTCAGGTTCCAT,-0.07556698458133192,3.248596178182538,91,42,7,6
TCGACATGTACAGCACCAAAATCAAGGG,TCAAAGCATGAAAAA,-0.03244954574152304,0.0,73,66,18,7
CGGACACTTACAGCAGCACTAACACCCC,CTATGCATTTACTCA,-0.01693151391485791,0.0,55,39,7,12
CTCACATCCACACGTACACAACCAAAAT,ATAGAGCGGCGTTGA,-0.04662245580830278,0.0,70,61,13,9
CCATCAGATTCATAGCCATCGCCACCGA,AGTGTTAATCAGACC,-0.07465788741120659,0.0,73,34,5,3
TGTACATTGCCAACAACAGTTCCATACG,CTTGATCAATCAAAA,-0.018923768005616282,0.0,60,55,22,11
GATACAATTACAAGGACAAAACCAAATA,ATTATCATCGCCATC,-0.08881885801234546,0.0,47,19,2,1
GAAACATCTGCAGCGCCAGATTCACCAG,CGAACAGAAACACAA,-0.038074565901120794,0.0,59,47,13,3
ACGACATCCACAGCAGCAGGCACAAGGA,GCTGCGGAGCCTCAG,-0.10410869116342464,2.4746898757454687,49,17,5,0
TGTACATGGACAATGGCAGCATCATAAC,TCAACAACCTATGCA,-0.0021134032474563456,0.0,56,44,27,17
AGCACAAAGACAAATTCAAGAACAAGGG,GTTGGGCGCTTAAAG,0.027130056319626308,8.869098696158517,45,58,6,6
GCCTAGGGCCACCTCCATATTCATGGT,ATCGTTGGCATTTGG,,0.0,7,4,0,0
CGGCCACCTACAGTGACATTTTCAGACG,TCGAAAGCACAGTAG,-0.07590087470788331,0.0,50,23,4,2
TCTCCATGCTCAAGATCACGAGCATGGA,TAACCTCGCGCTGAG,-0.011645522037259057,0.0,57,39,12,13
GGCACAACCGCATGCTCAAACACAGCTT,CGTCAAGACCTTCTA,-0.05622984528327785,0.0,50,28,9,4
TGTCCAACCGCAACGTCAATTGCACCTA,CATTGTCGGACGCTT,-0.020079137075830953,0.0,57,44,18,4
TGAGCAGTTGCAAACTCAAAAACAATCT,TAACCTCGCGCTGAG,-0.004992123837537044,0.0,46,43,8,6
GCACCACGTACACCGCCACTGTCAGTTG,CTCTTGAGAATACTT,-0.027409310785424745,23.337710240990333,55,33,15,9
TTGACATCAACAAGAGCAGGCTCATCGG,CCAGGATGTACCGCC,-0.04106499361659921,0.0,53,41,11,4
CAGGCAAGGGCAGTAGCACGGTCAGGTC,GCTGCGGAGCCTCAG,0.014054656958801506,8.505119351821548,24,29,15,5
CAAGCAGTAACATGAGCATAGTCACCTG,CTAGTTGTATAGCCA,,0.0,16,5,0,0
GGTACAGGGGCACTCTCAGGACCAAAAC,TCGAAAGCACAGTAG,-0.029263488588367713,0.0,15,11,0,0
CGGGCACATACAACTACACTGGCATATG,GAGAATGAAGGACAG,-0.0005521641812565193,0.01042914076776924,30,37,14,6
GTGTCAGTGTCAAGTCCAAATGCACCGA,CTAAGCAGTCTTCTC,-0.025691680328159803,0.0,25,19,4,3
TGTCCAAGTCCATGGCCACCTGCATTAG,GTTAAATCAACAGTT,0.024109038038235917,2.598069835308138,18,35,22,12
ATAACATCCACATGGGCAAGTCCAGATA,GTTGAACTGGTTGTT,-0.05702666224819559,0.0,36,20,6,5
GCCGCAAGCACATTCTCACAGGCAATTG,CATTTATGGCTATCT,0.0017520042420162696,4.533708184630115,22,22,0,0
AGTACAGTTGCATGAACAAAGGCATGCT,ACAAGTTTTACAGTT,-0.07497351102935053,2.748188226729127,28,13,3,2
GTCGCAGAGCCATAGGCAAAACCATGAA,CTTGATGGCTGAAAG,-0.008259698172619467,0.0,25,23,10,2
TTCCCAGAATCAGGTTCAAGCACACTCA,TCGAAAGCACAGTAG,,0.0,21,7,0,0
GCGACACTCCCACATACACTAGCATCGT,CTATGCATTTACTCA,,0.0,23,6,8,1
GGAGCAGGTTCACCAACAAATACATCAT,GCCCTCGAAACCTAT,0.05329132928336593,0.0,10,18,13,16
GTCCATAAACACCGACATACACAGGTT,ATGAAGTTCATAATG,,0.0,29,7,0,0
AGTACATAGGCAGCCACATATACAAGGG,CGTCAAGACCTTCTA,0.028945375790380368,0.0,16,21,6,2
TTGACATTAACACTCTCACTTACAACCG,AGTGTTAATCAGACC,,0.0,14,3,0,0
AATACAAGATCATGCGCAACGACATTCT,ATTATCATCGCCATC,,0.0,11,4,1,2
AACGCATGTCCATGTTCATACTCACGGT,CTTGATCAATCAAAA,,0.0,16,7,0,0
CATTCATCTGCAGGAGCAGCTGCACCCA,CAATTTCAACGTTGT,0.0020516238263576184,0.0,22,8,11,1
CGAACAGTGCCATCTTCAGCAACACCAA,AGATTCATCCCATGG,,0.0,21,4,2,0
AGTACAAGTGCAGTCTCAAACACAGTCA,CATTGTCGGACGCTT,-0.02056235088940479,0.0,15,12,9,7
GGATCAGTAACACTCCCACATGCATCGG,GCTAATTTCAAGAAT,,0.0,8,15,1,7
ATCCCACGACCAAGAACAGCCACACAAG,CAATCTTGAATTGAT,-0.021886873564406703,0.0,19,15,9,7
GTGTCAGCGTCACTGTCACTGGCATTTT,ATTATCAAGTGCCAG,,0.0,25,9,0,0
TCTACAAAGACAGTGTCATCAACACAAT,CATCAATGAGGCAGT,,0.0,8,1,1,0
GCCTCAGACGCATAGTCACAGGCACAGT,CTCGCTAATACTCCT,0.03052021148719444,0.0,12,16,4,7
GAGACAGTGCCAACCCCACCGACATGGA,ACAGTTGACGGACAG,,0.0,4,11,3,3
CACCCATAGCCAGGATCAACACCACACC,TCAAATGATGAGGAT,,0.0,9,8,2,2
GGGACACTCGCATCAGCAAGGTCATTAA,GTTTGTTTTGGGAAA,,0.0,3,2,0,0
TGGGCACGTACAATATCAGTATCACTAC,TCATAGGTATCTCGC,,0.0,5,1,0,1
TTTACACGGGCACCCGCAAATTCAGAAC,CTAAGCAGTCTTCTC,,0.0,6,0,1,0
TGTTCATGAACAGATACACTTCCAACAG,TCAAAACGGAGTGTT,,0.0,8,5,2,0
ACGTCACATACAGATGCAACCACAGAGA,TGATCATCACGGGAC,,0.0,2,0,0,0
AGCGCATAGTCAGCTACATGCACAGAAC,ATTAATACTTTGCAG,,0.0,1,0,0,0
GTTGCATTGGCAGTGGCATTAGCAGAAC,TCATAGGTATCTCGC,,0.0,4,0,0,0
ACAACATATGCAGGTTCAAATGCAAAAG,TAATATTGTTTTGCG,,0.0,4,0,0,0
TAGACAACCGCATAGTCAAGCTCAGCCT,TCATAGGTATCTCGC,,0.0,3,2,1,2
GATCCAGCGCCAGGGCCATAAACAGCAA,CTAAGCAGTCTTCTC,,0.0,1,3,0,0
GTAGCATTGGCATACCCAACCGCAAAAG,AAAACATTATCAAAG,,0.0,1,7,0,0
CTTGCAAACACACCAGCACCTTCAACAT,TCATAGGTATCTCGC,,0.0,8,0,0,0
GCACCAAGCCCATCGCCAATATCAGTTC,TCATAGGTATCTCGC,,0.0,3,2,2,0
AGTTCATTACCAGGCGCAAGGCCAACAA,AAAACATTATCAAAG,,0.0,2,0,0,3
TCGCCACGGGCATTGACACAGACAATAA,CATATGCATTCCTTG,,0.0,5,0,0,0
GATTCAAGCTCAAGGGCACCTGCAGGTC,AAAACATTATCAAAG,,0.0,7,0,0,0
GCCTCAAACTCAAAGTCACAAGCAATGC,GTTGGGCGCTTAAAG,,0.0,1,0,0,0
GATACACATGCATACACATACACAGGCT,ATCGTTGGCATTTGG,,0.0,2,1,0,0
CCAGCATAGCCACGAGCAATAACATAGA,AAAACATTATCAAAG,,0.0,3,0,0,0
GCGGCAAGCTCAGTCACAGAGGCAGGCC,CTACTTACAACGGAA,,0.0,1,1,0,0
CACACAAAGTCATAGGCAATCGCACCCGG,CTAAGCAGTCTTCTC,,0.0,1,0,0,0
ACGGCATAGGCAACAGCAAGCCCAAAGT,ATAGAGCGGCGTTGA,,0.0,2,0,0,0
GGTCCAGGTCCATGCACACGGGCATAAA,TTTATAAATCAATAG,,0.0,1,0,0,0
GTATCAAATACAGACTCACATGCACTAC,CATTTATGGCTATCT,,0.0,1,0,0,0
ATACCACATTCACGAGCAGTCTCATGTA,CCAACACAGGCTTCG,,0.0,1,0,0,0
TGAACAGGAGCAACCCCAATCACAGGAA,CTTGATCAATCAAAA,,0.0,1,0,0,0
TCACCATATTCAACCACAACTTCAGTCA,AGTGTTAATCAGACC,,0.0,1,0,0,0
