BC,Edge,s,LL.ratio,TP1-1-T1,TP1-1-T2,TP1-1-T3,TP1-1-T4
TGGGCAGATCACAGTCACATTCAATTC,CGAATGCCATACAAA,0.0475831439029619,0.0,345,1009,1186,1312
CTTCCATCTGCATCCACAATGTCACTCC,TTATATTTATTTGCT,0.0463449986159929,0.0,274,818,814,1004
GGGGCACGGCCAAGGTCATAACCAAATA,TATGCCCTTCTTCTG,0.046606761743963776,80.92674169434213,189,585,615,698
AATCCAGGAGCATAGTCAGTCACAAATC,TTATATTTATTTGCT,0.04366294013113586,0.0,168,545,592,568
TGGGCACGAGCATACCCAGGCGCAGCAC,TTTATAAATCAATAG,0.006287510410840383,0.0,344,685,448,379
CTTACAAGGGCACCCCCAGAGGCAATAG,TTTATAAATCAATAG,0.008294696735454748,0.0,241,443,362,282
GTAGCATCCGCAGTAACATGGGCAATGA,TTTATAAATCAATAG,0.004614395255405457,0.0,251,459,352,263
ATTACAAAGTCACAAGCAGCAACACGCA,GGTTGCCCAGAAGTA,-0.005699819195391021,0.0,277,420,277,213
AAGTCACATGCAGCGGCAAATTCACCCA,GTTTAGCTTCCGTTG,0.025737963979956636,7.355427348231387,158,344,316,312
ATCGCAACGACAGGTACACGGGCAAGTT,TTTATAAATCAATAG,0.01183072723532228,0.0,186,382,277,242
GACACAGGATCAAGGGCAACTTCATGAA,TTTATAAATCAATAG,0.01567742848244171,0.0,176,369,285,257
GCCCCAATGGCAGCACCAGTTACAGAAC,TTTATAAATCAATAG,0.012086857291719419,0.0,180,382,274,236
GTGTCATGAGCAAGTACAAAAGCATCAA,TAGACGGACATCTTC,0.014656579355437687,0.0,173,344,242,245
TAGGCAAAGCCACGGTCAACAGCAATAG,TTTATAAATCAATAG,-0.002052474973291056,7.410679979575434,197,358,225,169
AAATCAAAACCAATGTCACGACCACAAG,CTCGCTAATACTCCT,0.016793218558523337,7.977820335788806,151,309,267,228
CAACCAAATACAGCACCAAGCACACAAC,TCAAATGATGAGGAT,-0.01497241047956952,0.0,225,360,191,131
CCGGCAAGGCCACCTGCACTGCCAACAT,GTAATCTGACTCTAG,-0.011633416077647986,0.0,202,337,250,130
TGGCCACAGCCAAAAGCAGAAACAAGCT,GTTTAGCTTCCGTTG,0.012548910894606918,0.0,170,325,200,226
TCTACAACTCCAGCGGCAAGGCCAAGCT,GTGTGATTACTAAAT,0.013368400405714825,0.0,160,310,232,218
AAATCAGGACCACCTCCAGTGCCAGCAG,TTTATAAATCAATAG,0.011987006992392813,0.0,153,325,231,200
TTATCAACATCAGCAGCAGCGACAGCTC,TTTATAAATCAATAG,0.016275574732668222,0.0,150,314,215,223
GACACAGTAGCACCGACACCTGCAAATA,GTGTGATTACTAAAT,0.023834479060295472,7.466703348992951,126,241,283,235
GCCACACACGCAATATCAAAAACACGAG,TTTATAAATCAATAG,-0.004518072668001253,7.543140603859683,182,309,212,145
GCTGCATAAACAGGGTCAATTACAGGAA,TTTATAAATCAATAG,0.012067369811869844,0.0,145,300,200,190
GTCCCACCTGCAACCTCATTAACACTGA,TTTATAAATCAATAG,0.014620056948609817,0.0,123,272,206,174
TATCCATGTTCAGATTCAGCCGCAATCA,TTTATAAATCAATAG,-0.003697142171656169,5.767360275473493,169,271,193,138
CCACCATAGACAAATTCACCGTCACATA,AGAAGACGACGATGA,-0.011392055191554567,0.0,199,270,136,129
ATGTCAATTCCATGGCCAACAACAGCGT,GTGTGATTACTAAAT,0.028361197098930854,8.904022908029447,110,213,194,235
AAGGCATGTCCAGGACCAAACCCAGCAG,AGAACATCATCTACA,-0.0013315686453005515,0.0,154,258,167,135
ATCACATAAACAGCAACAGTAACATGCT,TCGATAGAATTTACT,0.008549533256407971,3.493184753609569,134,255,158,158
ACAACAAAGTCAGCGACAGGGGCACAAG,GTAATCTGACTCTAG,0.0068251384339859415,7.643417013534645,117,260,191,131
CGGGCACGCACAGGAGCAGTGTCATTGA,TTTATAAATCAATAG,0.006209644908039859,0.0,121,243,206,133
AGGACATACGCAGGTTCAACTACAAAAT,TTTATAAATCAATAG,-0.003736566579957832,4.772824786752153,141,247,180,115
TTGTCATTTGCATGGTCAAGGTCATCGC,GTAATCTGACTCTAG,0.008646505453672152,8.817666753679987,126,235,163,149
GGCACAATATCAGCGACAACAGCAACTA,TCTTGGAGGTGAATG,0.0013766636996430347,0.0,122,261,172,116
GTCTCAGGCCCAACCGCAAGGTCATTAA,CATCACCGTGCTCAT,-0.0128069200049789,0.0,169,237,147,105
GCATCACGTGCACTCCCAACTTCACTCT,CAATCTTGAATTGAT,0.0060529031246014655,0.0,117,211,178,128
CTGCCACTAGCAGTCACACCTCCACTAA,GTTTAGCTTCCGTTG,0.015360940951782427,0.0,112,199,145,162
CCAACAAACCCAAGCGCATTTGCATTCC,TCAAAGCATGAAAAA,-0.012653868272533985,0.0,149,223,135,93
TGCGCACAGACAGAATCATGTTCACAGG,CCAACACAGGCTTCG,0.010857477731815274,0.0,110,191,162,139
CGCTCAGGGCCAGTCACATCCCCACAGT,GTAATCTGACTCTAG,-0.014051030464922945,0.0,137,210,162,82
TAACCAGAAACATTCGCATGCTCAAAAC,TATGCCCTTCTTCTG,-0.0062618032534326115,0.0,123,223,142,93
GGCGCAGCTGCAGATGCAGGAACATACA,AGAAGACGACGATGA,-0.01887750320441639,0.0,168,227,98,87
GGCGCAGAACCAGGAACATTCCCAATGA,GAGTGCTTCAAAGTT,0.004168906162792499,0.35766233867670394,118,201,142,122
AGAACATCTACATACGCAATGCCAGCCT,TTTATAAATCAATAG,-0.003599417829654679,7.030141641982027,116,231,128,95
AAGCCAGGGTCAGAAGCAACAGCATGAC,TTTATAAATCAATAG,0.020515326440602714,0.5180530421316689,77,226,136,130
TGCGCAAGATCAAGGTCAACGACATCGA,CCAACACAGGCTTCG,0.0033092656750522156,3.8364058631702846,132,187,116,133
CTTTCAAGCACACTGGCATCCCCATTGC,TATGCCCTTCTTCTG,0.0030576921538727486,0.0,107,182,145,107
GGGGCAATACCAGAGTCACCCTCAGAAT,CTTGCAAGTGTAATT,0.00026536271835750244,0.0,112,189,138,103
TCACCATCAACACGTACAGATCCAACAC,TTTATAAATCAATAG,-0.007140158271498259,5.897018433615358,129,171,128,95
ATACCATATGCAGCATCAATAGCAAGTC,TTTATAAATCAATAG,0.03036395553571644,12.653243686732822,67,154,156,152
AGGACATTTGCAGAATCAGCTTCAGCTT,GTTTAGCTTCCGTTG,0.013371760790145688,0.0,91,171,132,124
GCCTCAGGTCCAAACGCATAGTCATGTT,GTCACCGGCACTAAC,0.03268741741007412,0.0,74,137,126,180
ATTCCACCACCAAGGGCAGCGCCATCAC,AGAAGACGACGATGA,-0.03467764860398221,6.386870658020598,152,204,89,49
GCCACAGCTTCAGGCACATAGGCAGAAG,CGATGATGATGATGA,-0.007520902532723801,0.0,114,198,106,83
ACTACATGTTCACCAGCAGGTTCATAGG,TCTTGGAGGTGAATG,0.0060559667093040975,0.0,85,199,117,93
GGACCACTGGCACTCGCAATTCCATTAG,CTTGCAAGTGTAATT,-0.004550929578826576,0.0,98,176,130,78
GGCGCATTTGCAGATGCATGTCCAACAG,GTAATCTGACTCTAG,-0.002958587036537012,0.0,109,164,109,91
AGTGCAACAGCATTCGCAGGATCATCAA,ATGAAGTTCATAATG,-0.01819488549296507,0.0,140,165,80,74
ATGTCACATTCAAAGTCACTGTCAAGTG,TCAAAACGGAGTGTT,-0.012766948979179543,0.0,127,160,105,79
ATCGCACACGCACACACACTCGCAAGAA,TTTATAAATCAATAG,-0.008467170293011946,5.636967291308338,130,131,111,92
GAGCCATGGTCAACAGCAGGCACAACAG,TTTATAAATCAATAG,0.016573195757478235,0.0,74,168,114,111
ACAGCAGGTTCAATCCCACAGCCAAATG,AGAAGACGACGATGA,-0.031163600814227903,3.244379577682139,134,174,89,48
GGGTCATGAGCACATTCAAGACCAGTAC,ACAGTTGACGGACAG,0.011490909302669166,2.516361624099318,66,175,129,85
GCAGCACCCGCACATCCAACGCCATACA,ATTATCAAGTGCCAG,0.020860441684881364,6.27821627962453,51,153,163,87
AAGCCATAGTCAACAACAGAGGCATAAA,TATATTGAACTTTAC,-0.00874002311255994,0.0,104,154,103,73
GGATCAATATCAAAGGCACCTGCACTTT,GTTGGGCGCTTAAAG,-0.010814321086957629,0.0,94,178,101,62
ATGCCAGGTCCACACTCAGTATCAGCCA,TTAGTCTTTCCATCA,-0.013208512239332823,0.0,101,156,84,62
AACCCACGTTCATAAGCAACAGCATGTC,GGTTGCCCAGAAGTA,-0.014664298201754975,0.0,97,148,113,57
AGCGCAAGTACACCCTCATTCCCAGGCC,TTTATAAATCAATAG,0.0342013333997672,13.680013463711475,44,116,146,112
TACGCAGAAACAAATGCATACGCAGTTG,GTGTGATTACTAAAT,0.010420819873212589,0.0,89,130,81,111
GAGGCACGATCAGAGGCATTAGCAACTG,AGAAGACGACGATGA,-0.007816165727928004,0.0,97,162,83,70
GGCACAGGTACACCCACAGATGCACAAA,TCAAAACGGAGTGTT,-0.006945794261138513,0.0,81,167,87,60
CTGACATTGTCACTCGCAAAGGCATGCC,ACAACCTACCTGCTA,-0.01282028943595459,1.651972530778437,95,159,76,59
ATAGCAGCAACAACCGCACGTCCACATA,ATGGCGATGGTCTTG,0.011434839763236301,0.0,77,147,68,99
GAAACAAGCACAAAATCAGACTCAAAAC,ACAGTTGACGGACAG,-0.005489958811049773,0.0,84,141,96,65
ATATCAGGGCCATCTCCAGTCGCAGTTG,ACAGTTGACGGACAG,0.0004724176756769477,0.0,67,152,101,62
TAGGCACACTCAACAGCACGTACACATA,TTTATAAATCAATAG,0.012096117837225107,0.0,61,139,104,80
CTAACAGGTACAATATCAGCAGCAGATT,AAAAGAAAAATGTAT,0.0013479156742877436,0.0,80,139,83,76
ACGACATAAACATGGCCATTCACAAGCC,CTCGCTAATACTCCT,-0.0017436201868918169,0.0,82,142,64,71
CAGCCAAACCCACGCTCAATTTCAATTA,TATATTGAACTTTAC,-0.005155654962076446,0.0,87,128,78,68
TGGCCATGAGCATTCGCAACTCCAGGTG,AGAAGACGACGATGA,-0.016664898525963406,0.0,103,112,87,57
CTCACAACCACATCCACAAAGACAGGCT,GGTTGCCCAGAAGTA,-0.003893799575895788,0.0,85,120,78,69
CAGACAGGACCAGCCTCAGGAACAATCT,TATATTGAACTTTAC,-0.009392758122845972,0.0,77,131,93,53
AGAACATGGGCAAAGACAGGTTCATCTC,TCAAAACGGAGTGTT,0.041480342485152304,45.46036224693489,36,82,117,114
CGTTCAGTCACACCAGCACGAGCACTCA,TTTATAAATCAATAG,0.0025156747914801014,0.0,62,122,95,61
TCCTCAGAGCCACTTACAGAAACAAATA,TCAAATGATGAGGAT,-0.007892443411861742,0.0,75,116,76,54
CCCCCAGTGGCATAGGCAAATCCATAGA,TCTTGGAGGTGAATG,0.013133721216303898,0.0,51,135,68,69
AGGGCAAAGTCATCAGCAGGGTCATCTC,TATATTGAACTTTAC,0.0025327469216014503,0.0,64,121,65,63
TGGGCAACTCCAGATACAGAAGCACAGT,GTTTAGCTTCCGTTG,0.008196048148114742,0.0,60,115,84,70
CAGACAGATCCACACTCACGTCCATCGC,ACAAGTTTTACAGTT,-0.0034794704770035726,0.0,73,122,71,60
AGGACACCTACAGTATCAGCATCAAAAC,AGAAGACGACGATGA,-0.021244947505660843,0.0,85,112,81,41
CTAACATCCCCAAGAACAATTGCAATGG,AGTGTATGATAATAT,-0.01253591580220387,0.0,91,101,58,57
CTGACACAACCAAATACAACGTCAATCC,TTAGTCTTTCCATCA,0.006393807439105521,4.602678430467449,57,103,90,63
GACACAACACCAATACCATGCACATAAG,TGATCATCACGGGAC,-0.013969828638326935,0.0,80,105,66,48
CCATCAGATCCAGTAGCAATGTCAGGGT,TTTATAAATCAATAG,0.02654795891924014,4.629782379941844,43,97,86,87
TCAGCATGATCAACGGCAATCCCAGACG,CCAACACAGGCTTCG,0.01679035179151804,0.0,51,99,74,77
TCAGCAATTTCACCGACAACACCAATCG,ACAGTTGACGGACAG,-0.013125901705517256,0.7869885073955629,78,92,72,48
CTCACAAACTCACGGACAGCGCCAACAC,TTAGTCTTTCCATCA,-0.004931402954974577,0.0,61,102,85,48
AAGACACGACCATATACAACACCACCAG,TTTATAAATCAATAG,0.029149670128860522,0.45593274149814533,32,130,59,70
CGATCAGCCCCATGGCCAGAATCACAAT,CTTGCAAGTGTAATT,-0.009432089494174253,0.0,64,115,60,44
TACGCATGTACAGGAGCATAGCCACGTC,ATTATCAAGTGCCAG,-0.005687783328376901,0.0,65,107,57,50
GTCCCACGCGCACTTTCAGGACCACGAG,ACAACCTACCTGCTA,-0.022715304120576613,1.7535241190585111,78,96,74,36
GCCGCAGTCGCAAGCTCAAGGTCATGCG,TCTTGGAGGTGAATG,-0.0008684090346733527,0.0,36,124,90,32
GGGGCACGTGCACGACCACATTCAATTA,TTAGTCTTTCCATCA,-0.004521969252649263,0.0,59,107,62,47
CCTTCATGTTCATGGGCAGCTGCATGAC,CTTGCAAGTGTAATT,-0.012609095487651744,0.47911775244074306,72,91,70,45
GAATCACCCCCATAACCATAGGCAGCTC,TATATTGAACTTTAC,-0.01431887196723678,0.7021200260338674,64,99,60,38
GAAACAGAGCCAATCGCACCCCCATAGC,ACAGTTGACGGACAG,0.005725782409657325,0.0,60,92,53,65
AAGTCAGTTGCAGCTTCAGTTCCAGTCA,AGTGTATGATAATAT,-0.03408766270066888,1.017635351148897,64,106,76,21
GAATCAGCTGCAGTGACAAATACAGCTG,TCAAATGATGAGGAT,-0.02056402008265758,0.0,65,126,41,32
CGACCAGTCCCAAGTCCATAAACAGTAA,GTAATCTGACTCTAG,-0.016233535492200565,0.0,66,111,46,37
GCTCCAGCGACATCAGCACAAACAAGTA,TTTATAAATCAATAG,-0.022270259681414484,9.213161388532399,62,103,69,29
CGATCAGCAACAAAGGCAAAGTCAGATA,GTAATCTGACTCTAG,0.008445737205753291,2.798269860087771,57,89,44,67
CTGACAAGGACAGGGGCATACGCAGTTT,CCAGGATGTACCGCC,-0.015344593922795205,0.0,66,86,58,38
ACGGCACAAGCAGTATCAAAAGCAAAGT,TCAAAACGGAGTGTT,-0.009039157635772852,0.0,46,98,60,32
GGCGCATACCCAAGACCATCGGCAACCA,TTTATAAATCAATAG,0.001696959003197587,0.0,50,102,47,48
CACTCAAAGTCAAAACCAAGAACAAGAA,AGAAGACGACGATGA,-0.020658851820398623,0.0,55,107,48,27
TAGGCATTGGCACACTCAAAGTCAGGAG,TTTATAAATCAATAG,0.007716423566378058,0.0,40,96,56,46
GTTCCAATCTCACATTCAACTCCATCGA,GTAATCTGACTCTAG,-0.017042177298315486,0.0,53,88,56,29
CCCACAATAGCAAGAGCACTCGCAAGTG,ATAATTTTCATCCAC,0.011339737463822783,0.0,39,91,47,50
CAACCACCAACACGTGCACCCGCAGATC,TCGATAGAATTTACT,0.005725782409657325,1.716580217538592,48,82,47,52
AATACACCGTCATAGGCAACCACACTAC,ACAGTTGACGGACAG,-0.0065317102611865815,0.0,48,93,52,36
ACGGCACAGGCAAAAGCAACTACAGGTC,GTTTAGCTTCCGTTG,0.0017241810000828029,1.3896830925847325,51,79,53,49
GATGCAAAGGCATGCCCAGATACAGCGT,ACCACCGGTCCTGCC,-0.03266176172213355,0.0,73,86,43,25
AGGCCACGGGCACCGGCACAAACAGGAT,TCAAAGCATGAAAAA,-0.012609095487651744,0.0,48,91,53,30
AAATCAATAACAGGAGCACCCACAAGAA,ATTATCAAGTGCCAG,-0.017267826900157022,1.8290765748008653,46,94,53,25
AAGCCATCGTCAGCATCAGGTCCATGAA,CGATGATGATGATGA,-0.02651908101282398,4.768012340119867,85,57,39,35
ACGCCATGAGCAGGGCCAATGACATGCG,GTTTAGCTTCCGTTG,0.01486341927789323,0.0,40,74,49,57
GTATCAGCATCAACTGCACCGGCAATAC,TTTTGCATTTAGGCG,-0.012609095487651744,0.0,56,92,30,35
TTGCCATGCACAAGCTCATGGCCATAAA,TCTTGGAGGTGAATG,0.009426200045963092,0.0,38,79,53,46
TAGGCACCTTCACGTCCACGTTCATGAT,TCAAAACGGAGTGTT,-0.035364958177406744,0.8407155981327605,57,75,65,18
GACAAAGGCACCCACATAGACACCTT,TCTTGGAGGTGAATG,0.015036825517469335,0.0,37,56,68,53
AATACAATAACAATGTCACAGACAGATG,TCTTGGAGGTGAATG,0.024536259366889884,5.182756111193839,42,60,32,80
GGCCCAGCGGCAATAGCAAAAGCATAAA,TCTTGGAGGTGAATG,0.018022699488802894,0.0,30,76,60,47
ATCGCACTCCCAGTTACATAGGCAAGGC,TATATTGAACTTTAC,-0.015442202582098163,2.26215292240272,54,90,33,31
TATCATTCGCACAAGCAAAAACAGTGC,CCAAGACCGTGTAAA,-0.042591882606244226,0.0,59,76,51,15
ACCACAGCGTCACTACCAGATGCACGAA,CCAGGATGTACCGCC,-0.04085235750055855,0.3190881034593076,56,71,46,15
GCGACAAATGCAGAGGCAGCGCCAAACA,GTGTGATTACTAAAT,0.011228440754972285,0.0,36,66,60,46
AGGGCACTACCATCATCAAACACATAGA,TCGATAGAATTTACT,-0.0080134356802144,0.0,46,88,33,33
CCTGCAAGCTCAATCCCAGTCGCATCCG,AAAAGAAAAATGTAT,-0.013125901705517256,0.302101287148389,39,74,66,24
CCAGCAGTTTCAGTACCACACGCAAAGC,TTAGTCTTTCCATCA,-0.012008478637562492,0.0,44,80,48,28
TCACCAGATGCATTCAAAAAGCATCAA,TCAAATGATGAGGAT,-0.016186153347288026,0.0,57,79,29,32
TTTGCATAATCAGGGACAAACACAGAGA,TCAAAGCATGAAAAA,-0.0321440636544377,4.788413672361003,69,66,32,24
GATTCAGAAGCACGGTCACATTCATTTG,AGTGTATGATAATAT,-0.023383329150024806,0.37553926670796045,42,82,49,19
ACTGCAGGTACAAGTACAGACACAAAAC,TATATTGAACTTTAC,-0.023224219858269557,1.1253870472141898,44,80,51,20
CCAGCAAATGCATGGGCACGAGCATCGA,TTTATAAATCAATAG,0.01264709456893214,0.0,36,62,48,48
GTAGCAGATGCATTCTCATCTTCAAGGC,CTATGCATTTACTCA,-0.04913015083865082,0.0,67,74,32,14
ACAGCAGGGTCATATGCAGCCCCAGTAT,AAAAGAAAAATGTAT,-0.00653171026118658,0.0,48,59,43,36
CTGCCACTAGCATTGCCAGTCTCAAAAG,GGTTGCCCAGAAGTA,0.004115982097692106,0.0,31,71,49,32
TATTCATACGCAGAACCATTTACAAATC,TATATTGAACTTTAC,0.009426200045963092,2.0163622127853387,38,61,43,46
ACCACAGCTTCAGAATCAACGCCAGGTA,TCTTGGAGGTGAATG,-0.0010627730450331271,0.0,43,71,37,38
CGAACAGGTCCAGCCGCACAAACATCGG,TGATCATCACGGGAC,0.010937318089347134,0.0,30,81,33,38
CTGTCACCGACAATTCCAAGGTCAACTG,TTAATTGCACTTATG,-0.004981043073356828,0.0,42,57,51,33
CGCCCAATCACAATCACAACAACATGCA,AGTGTTAATCAGACC,-0.034557816240053586,0.0,68,65,21,22
CCGACATTGGCACTCACAGTGTCATGCG,TCAAATGATGAGGAT,-0.037240986040693064,5.524980244314293,67,68,31,20
TGGACATTATCACGACCACAGCCAGTGT,TTTATAAATCAATAG,0.00856035049918774,0.0,39,61,37,46
CAAACATATGCATATCCAATGGCAATGT,TATATTGAACTTTAC,0.006234698147350271,0.0,40,58,37,44
CCAACATTTGCAGCCCCAGTAGCATGAT,AAAAGAAAAATGTAT,-0.006850691961724963,0.0,35,70,49,26
GCTACATGGTCAGCATCAAGATCAAGCC,ACAAGTTTTACAGTT,0.0030576921538727764,0.0,36,76,27,36
GACACAACTCCAAGTTCATCAGCACCTA,ACAGTTGACGGACAG,-0.021528939283819857,2.244807281688736,46,66,41,22
GAAACACACGCAAGGGCAAGTGCATCAG,TCTTGGAGGTGAATG,0.008920714369328238,0.0,26,71,49,31
TGGTCAGCGCCATACACAGAACCACCTC,GTTGGGCGCTTAAAG,7.062019754985073e-05,0.05127242831594003,35,76,27,32
TGGACACTCGCACAAGCACTGGCAACAA,TCTTGGAGGTGAATG,-0.025185569859034033,7.502700217879919,49,63,36,21
AGGTCAGGCACAAGCACACCTGCAGTAG,GTTTAGCTTCCGTTG,0.03805176297049535,8.056538530493185,21,38,52,60
AAGGCACGGACAAATGCAGCACCAGACG,CGAATGCCATACAAA,0.0799615824921989,0.0,9,27,58,77
ATTGCAGCTACAGCAGCACCACCATTAC,GAACTCAGGTTCCAT,-0.021528939283819853,0.0,46,69,28,22
ATACCAATAACACCTTCAGGGGCACCAG,TCTTGGAGGTGAATG,0.008833416196340668,0.0,37,37,49,44
TGCACAGGCACAAGTACACGCCCAAGTC,GTTGGGCGCTTAAAG,-0.02493399633785459,0.07605906371708215,44,52,50,19
TTCACAACTTCATCCGCAGGCGCAAGGT,TCAAATGATGAGGAT,-0.005063043934718924,0.0,37,62,28,29
TCTCCATTCTCAGAAGCATCGGCAGTCT,TATATTGAACTTTAC,0.008920714369328236,1.4283189383879744,26,63,47,31
CCAACAAAGACAATGACATCCGCATCGT,TCAAAGCATGAAAAA,-0.002510777334899438,0.8176393450251567,26,62,46,22
GTGCCAGGATCACGCCCAGTAGCAGCAT,ATTATCAAGTGCCAG,0.0019994022100534212,0.0,32,50,50,31
GATGCAAGTGCAGCGGCAATTCCATCGG,TATATTGAACTTTAC,0.0013479156742877453,0.0,40,49,33,38
GGTACAAGCGCACGCGCATGACCACAAT,CAATCTTGAATTGAT,0.009365758808490394,0.0,24,63,46,29
GTGTCAAACCCAAAGACAACACCAGGGC,TATGCCCTTCTTCTG,-0.011907315181057336,1.2755192128757926,47,52,31,30
GGTACAAACTCAGAAACAGTTTCAGGCT,CGAATGCCATACAAA,0.059175888306800185,0.0,13,33,46,70
GTGCAATCTCAAGTCCACTCGCAAAGG,ATGGCGATGGTCTTG,-0.01119044167369189,3.1572934142786835,46,56,23,30
TCAACACCCGCAATATCACGTGCATCGT,GTCACCGGCACTAAC,0.04032537130471314,0.002477676349315061,17,52,38,52
GGCCCATTCCCAGAATCAACGACACGCA,CCAGGATGTACCGCC,-0.0004543250347214175,2.1320805050307285,30,58,33,27
CGATCATCCTCAGTGGCAGGCTCAGCAA,GTTTAGCTTCCGTTG,0.048209214247383114,11.327537814292555,16,36,42,62
GAGACAGATACATCTACAGTAGCACTAA,TTTAACTCACCGTAA,-0.005687783328376932,0.0,39,47,35,30
GCGTCATCATCATGGTCAACAGCATGAG,TCAAAGCATGAAAAA,-0.027090850320365612,0.4554753611096771,42,54,42,17
AGCTCAAGGCCATATGCACGTCCAGACA,TTAGTCTTTCCATCA,-0.023559231053386295,0.8616133217374795,40,59,36,18
GTTCCAGGCGCAACGACAATTCCAAGCT,TATATTGAACTTTAC,-0.015596167443974645,1.0956928452715147,35,68,30,20
CGTTCAATGACACGTACACCCCCACAGC,CAATCTTGAATTGAT,0.04666878614221207,4.764450795553728,10,49,57,37
TACGCACCTGCAGTAACATCGACAGGGT,GTTTAGCTTCCGTTG,-0.001277412121067156,0.7832541117213623,41,39,36,36
GCCGCACGAACAACTGCAGTGCCAAGCA,ACAACCTACCTGCTA,0.020659939827222664,1.341348365752026,23,49,42,39
CCAACAAAAACAGTCACAGGTGCATCTG,AAAAGAAAAATGTAT,-0.02004721386479207,3.36688714872588,42,57,30,21
AGGTCATCTGCAAAGATCAGTGCCAAAAG,TTTTGCATTTAGGCG,-0.025464511514717906,0.0,40,62,23,17
AGGACAGAAGCAGCTGCATTACCAACAA,AGTGTATGATAATAT,-0.01089931900806671,0.0,38,51,26,25
TTAGCACGTTCACTCCCATACTCAAAAA,CTTGATCAATCAAAA,-0.033562717468397556,0.05569527508083638,45,44,29,15
CCACCACATGCAAAGACACAGCCAAATT,GTTTAGCTTCCGTTG,-0.012419161450497151,4.562904090464258,35,55,31,22
AGAACATAGTCAGTCTCAAACGCATCGT,ACAACCTACCTGCTA,-0.034476016608001384,4.3995394003169395,37,67,26,12
AACTCAGCCACAAGGCCAAGTACATCAA,AAAAGAAAAATGTAT,0.004365049258982133,0.0,25,38,54,26
TACGCAGAGGCACTACCAGCAACATAAT,GTGTGATTACTAAAT,0.00872099338038601,0.0,27,54,21,32
GCATCAAGGGCATTATCAGCCACATAAC,ACAGTTGACGGACAG,0.010937318089347134,1.207437724605029,30,43,28,38
GGAGCACTAACATAACCAGCGTCATAAA,TTTATAAATCAATAG,0.028830688428322173,5.38742566013741,24,32,32,52
TGAACACGTGCACCTGCAGATACATCGG,ACAGTTGACGGACAG,-0.04055340183446652,4.128118227052596,37,57,37,10
TTTTCAGGCCCATGCTCACAACCATTAG,GAACTCAGGTTCCAT,-0.02783437557084224,0.0,48,48,22,19
CGCTCAAGCACAACTCCAAAGCCACTAT,TCAAATGATGAGGAT,-0.010937436031469364,0.0,35,48,35,23
ATTGCAGGTGCAGTCGCAAACACAACCA,AGTGTTAATCAGACC,-0.04390121507852552,0.0,45,43,25,11
GAGACACAAACATGGGCAGGTGCAGACA,ATTATCAAGTGCCAG,-0.022068034592006555,1.8324226485361805,34,50,32,16
GCGCCAATCCCATGGCCAGATGCAAGAC,CAATCTTGAATTGAT,-0.012008478637562464,5.23020892376411,22,74,25,14
GTTCCAGTCGCAAACTCACTATCAAGTA,GTTTAGCTTCCGTTG,0.054378390153079895,13.635770246827406,9,31,43,53
AGATCAAAGGCAGGTCCACCGTCATCGG,TCAAATGATGAGGAT,-0.039485423376312646,2.558207111036836,43,51,29,12
GGGACATGGTCATCGACAGGTCCACAGT,TGATCATCACGGGAC,0.007364749869872953,0.0,29,41,27,33
CGATCACGGACAACCACAATATCATATG,CTTGCAAGTGTAATT,0.014667915296146654,4.178783558935379,24,33,42,34
GGTCCAAAATCAGACGCACCCTCACAAC,TATGCCCTTCTTCTG,0.01844707686003344,9.177067219445291,9,48,36,40
TTCCCAATTACAATTACAGGCTCACCGC,GTTCAGCTTTGATCG,-0.04804205904677093,0.0,34,69,13,8
GGAACAAGGCCAGGTGCAGGGTCATCAG,GTTCAGCTTTGATCG,-0.034406644401207234,0.0,40,41,27,13
TACGCATCTGCAAAGGCATGAGCATGTA,CAATCTTGAATTGAT,0.018534545758242708,0.0,22,32,39,35
GGCCCACGTGCAGTTGCAATTCCACAAC,CTCTTGAGAATACTT,-0.0601701409053365,7.624725500641773,50,47,15,3
TTCGCAATGGCACCGCCAGCAACAGATA,CGATGATGATGATGA,-0.043512918578909626,10.014663776420946,43,56,18,8
CATCCATCGGCATGCTCAGTTACAAGCC,CTTGATCAATCAAAA,-0.03870107346263949,0.0281709294384882,35,51,30,10
TGGTCAAGCCCAGGTACACTATCAAACT,CATTTATGGCTATCT,-0.011550805543832388,0.0,31,56,19,20
GGGCCAGGGTCAGCAGCAGCCACAGGTG,GTGTGATTACTAAAT,0.02886192901989417,6.991337980244339,7,38,44,39
ATTCCAAACCCATGACCAGTCACATGTG,ACCACCGGTCCTGCC,-0.036595110075255094,0.0,46,39,19,14
CCTTCAATAGCAGAGGCAGCTGCAAAAG,GTTCAGCTTTGATCG,-0.04055340183446652,0.0,37,46,22,10
CAAGCATTGGCATTGGCAGTACCACTTC,ACAAGTTTTACAGTT,0.01118567687667078,1.6408192821901366,28,48,35,9
TGTCCAAAGCCAATCTCACCCGCATGTT,TTTATAAATCAATAG,-0.027994247979625367,8.828626593617855,33,48,21,13
TCTCCAGAGCCAATAACATTGTCAACCC,GTTCAGCTTTGATCG,-0.019314583640832883,0.6999700491010685,45,38,11,23
GTAGCACCAGCATCAACAACGACACGGA,ACAAGTTTTACAGTT,-0.012789764403296391,0.6756456139106604,37,37,23,23
GTAACAAAATCACGGTCACATTCAGTCT,TTTATAAATCAATAG,0.02510430822871827,1.77169716860908,16,34,34,31
ACGCCAGCAGCACTTCCATAGGCACAGA,CCAACACAGGCTTCG,0.033600716549677924,0.3032266489274207,12,45,30,30
CCTGCAACCCCATCGACACATCCAGGGT,CCAACACAGGCTTCG,0.023262218939549984,0.0,24,28,20,44
TCCCCAGAATCAGTTACAACCACATCTC,AAAAGCGACATTTCT,-0.02091306341156743,0.0,39,43,13,19
CGGTCACTGACACCTACAAAAGCACACA,TTTATAAATCAATAG,-0.005113056447226726,1.6785847048017786,23,47,26,18
TAAGCATCTGCATCCACAGACTCAACCA,AAAAGCGACATTTCT,-0.010457811449732707,2.4704770763671604,18,46,39,12
TCCACACAGTCATTAGCATTTTCACAAT,CCAAGACCGTGTAAA,-0.01744849581580167,0.0,37,42,13,20
CTATCATACACACATCCAAACGCACCCA,TGATCATCACGGGAC,-0.01757694812633468,0.0,26,51,15,14
AACACACATACATGCTCAGGATCACTAA,ACAAGTTTTACAGTT,-0.012928077188190126,0.379907155199362,21,50,28,13
CTGACACCCACATAAACAGTTACAACAA,CCAACACAGGCTTCG,0.017220465286048297,0.0,17,46,27,26
GCGTCAGCAACAGCGCCAAGGTCATAAA,TCAAATGATGAGGAT,-0.03269686792162221,2.4302905286730834,38,43,19,13
CGCTCAGGCACACTCACAAAAACAACCA,AAAAGAAAAATGTAT,0.010176828830474717,0.0,21,31,33,26
ATATCAGCTACAAACACAATGACAGCCA,TTTATAAATCAATAG,0.018905148711041948,0.4915725886604605,23,34,17,37
GGGTCAAGGTCACTGCCAACGACAAAAT,AGTTTATAAAAAATT,0.028830688428322145,0.0,12,41,30,26
TGTTCAGATCCAAAACCAAACTCAAGTA,GTTTAGCTTCCGTTG,0.016086569110106506,0.0,23,24,27,34
TTGACATCCTCATGGGCATGAGCACTAG,GTAATCTGACTCTAG,-0.023687190263625164,0.520802678165353,29,41,27,13
CCATCAGAAGCATTCGCAATCACAATCC,AGTGTATGATAATAT,0.011434839763236301,2.055154193769056,14,40,35,18
CAGTCAGCGCCACCTGCAGTAACAGCCT,CTTGATCAATCAAAA,-0.021305224797553646,0.0,27,45,16,13
CGTTCACGGACACGACCAACCGCATAGC,TCAAAACGGAGTGTT,-0.02381770429355521,2.728271862606448,29,48,18,9
CTGACAAGCCCACTACCAACGCCAGAGT,CGATGATGATGATGA,0.0013479156742877442,0.0,20,36,27,19
TTGTCAAACTCAAGGTCACCAGCAACGC,TATATTGAACTTTAC,-0.0068920741313271095,0.0,31,31,17,23
ACGACAACGCCATATACACCCACAAGTT,CAATCTTGAATTGAT,-0.020047213864792097,5.023348130992588,26,44,20,13
AATTCAGTCACAGGTACACGGACAAGCT,TATGCCCTTCTTCTG,0.0065697093424670035,0.0,18,38,22,20
CAGACACGTGCATAGGCATATTCAGGGA,GTTTAGCTTCCGTTG,-0.012260052158741893,0.5419918133908936,19,28,37,12
GTTGCAGCAGCAGCGGCAATTCCACCAT,CTTGCAAGTGTAATT,0.0013479156742877418,0.0,20,44,15,19
CCCGCATCCGCAGCAGCATTGCCACACA,TATGCCCTTCTTCTG,-0.0243083262484549,2.591005996140723,25,42,20,11
GGTCCATCCCCAGCCCCATAGTCATTGG,GTAATCTGACTCTAG,-0.00414058113599227,0.0,25,40,23,9
CAGCCAACTTCAGAAACACAGACATGGG,AATGATACCATTTTT,-0.018628560050832212,0.0,23,32,25,12
CAAACAATGCCAGAAGCATGTACAGCAC,CGATGATGATGATGA,-0.009797723873193383,0.0,25,40,15,17
GTCTCACCAGCACAGGCAATGTCACTCT,ACCACCGGTCCTGCC,-0.014896150116839533,0.013629193098324777,31,37,23,6
GTAACATCGACAATTTCACTGCCAATCA,GAACTCAGGTTCCAT,-0.015960469795047665,0.0,23,29,31,13
AGGGCAAATACAAAATCAAGCCCATGTA,TATATTGAACTTTAC,-0.02322421985826956,0.8394601419826131,22,39,22,10
ATAACAAGGGCAACGGCATTTGCAAAAG,TAGACGGACATCTTC,-0.00045432503472144756,1.680858466971813,20,40,18,18
ACAGCAAGATCACCAACATAAGCATAAC,TTTATAAATCAATAG,0.00952955930190469,0.0,14,49,16,17
TTTCCAGGTGCAGTAACAATACCACCTT,AGTGTTAATCAGACC,-0.040518011499856114,0.0,27,42,12,4
GGTTCACCCACAATAACACGGACATGCG,GTGTGATTACTAAAT,-0.0043908432647523365,0.8594956572193269,6,36,32,19
CCTTCAGATCCATCCACAATTTCAACTT,TTTATAAATCAATAG,0.058664512352051876,0.1870214792495517,13,33,42,7
CAGCCACCGCCATACTCAACATCAACCT,GTTGGGCGCTTAAAG,-0.028989346751281394,2.4689493988648223,34,32,13,13
CAAGCAAGGACACCATCAACGGCAAACC,ACAAGTTTTACAGTT,0.021275815699475096,1.2659269302241114,11,38,24,19
TAGCCATCCGCAGTCGCAATGGCAGAAC,ACCACCGGTCCTGCC,-0.044520146883532945,0.0,39,24,16,6
GGATCACAAACATGGACAACGACAGGTA,TTAGTCTTTCCATCA,0.0009064081159537116,0.0,16,36,21,15
CCGTCACTAACAATTGCATGGCCACGTG,GTTCAGCTTTGATCG,-0.04296793662287585,0.0,33,34,9,8
GTAACAACACCACACACATTGGCAATAA,CAAGGATCCCCGTAG,-0.026873694286325838,0.0,27,28,25,11
TTACCACACCCAATGGCATCTTCAGCAC,GTTAAATCAACAGTT,-0.016396704037641527,5.865386657497197,25,36,18,3
GTGGCAATTACAGGGTCATCCCCAGGTG,ATTATCAAGTGCCAG,-0.00011931383960471036,0.0,11,30,37,10
GCATCACCTGCATCAGCACCTGCAGCGT,TTAGTCTTTCCATCA,0.0024680075194319032,0.0,20,36,21,8
ACAACATCCTCAAGAACAGCATCAAAGT,CTACTTACAACGGAA,-0.03833425832472306,0.0,28,31,13,8
GACACAGCGACAGCTACACTCGCAAAAG,AGTGTATGATAATAT,-0.00609020270285258,0.0,25,12,22,19
TATACATCTGCAGAATCAGCGGCATCTT,ACAGTTGACGGACAG,-0.01849654667696232,0.8908726391705386,21,34,20,11
GTCGCAACACCATTCACAGTGCCAAACT,TTTATAAATCAATAG,-0.021528939283819853,2.453215615483259,23,28,25,11
TATACACACGCAAAGACATGCACAGGTA,TATATTGAACTTTAC,0.01118567687667078,1.7617116984633867,20,39,25,4
GGCCCATTAACAAGGTCACTAACAGCAA,CAAGGATCCCCGTAG,-0.028498743612420333,0.0,23,39,13,8
GGTTCATAAGCATATTCAACACCATCTC,GTTGGGCGCTTAAAG,0.023262218939549953,3.1360924756348822,12,32,18,22
ATGACAGCGCCAATTGCAGCCGCATACG,ACAGTTGACGGACAG,-0.0013933542669446464,0.0,16,31,25,14
GTCACATAAGCAAGTACACGCGCATATC,TCTTGGAGGTGAATG,-0.01757694812633468,1.8925495436297979,26,21,18,14
ACATCATGTACAGCAGCAAAAGCAGCGG,ACAAGTTTTACAGTT,-0.00011931383960471498,0.0,11,36,21,10
GTTGCACGACCATGGGCACGCTCAGAAG,ACAAGTTTTACAGTT,-0.009797565391779917,0.0,9,38,18,18
GGTTCAATGGCACGTTCATCCGCACTAA,TCTTGGAGGTGAATG,-0.05074817106640608,1.2935917417953533,8,50,19,7
AACCCAAAGGCACATACATGCGCACAGC,ACAAGTTTTACAGTT,-0.005884440732616552,0.0,17,35,19,13
TGACCATGAACAGCTGCATTGCCAATAC,TCAAATGATGAGGAT,0.019178111923765572,0.13873478738162248,15,38,22,5
TTCACAGGCACAACAGAAAATCATCCA,TATATTGAACTTTAC,0.00771642356637806,0.7661718681206366,20,21,13,23
ATACCAGTACCAAGTTCAGAGACATCAA,ACAAGTTTTACAGTT,-0.02353942990903226,3.67875147914782,29,29,6,14
AAAGCAGTTACACGCACACGTACACGAG,TAGACGGACATCTTC,0.027788936978185335,0.08091938713727131,10,33,17,21
CAACCATTTACACGGGCACAGACATTAC,ACAACCTACCTGCTA,-0.0034141749941591325,0.0,17,29,18,14
AAGCCACCAACAGCGTCATGCGCAGGAA,CATCAATGAGGCAGT,-0.03989077075620049,0.0,32,34,6,7
TTTCCAATCTCAGTTACAGCTACAGGGC,CATTTATGGCTATCT,-0.01369334297412774,0.0,25,28,19,4
AAAGCACACCCAAAGTCAAACACATGAA,GTTAAATCAACAGTT,-0.048441528548444905,0.0,29,22,11,0
GCCCCAGAGACAATCGCAGATTCAGGGG,AAAAGAAAAATGTAT,0.000906408115953714,0.0,16,23,25,15
TAGGCAATGGCAGGCTCACGAGCAGCTA,AAAAGCGACATTTCT,-0.053207037538661135,0.2960948766453839,29,26,10,9
GGTTCAGAGTCATCCACAGAGTCAATCC,GTGTGATTACTAAAT,0.037398669412033826,7.754363599415967,2,23,26,28
GTGTCAAGTTCAAGCACAATTACAGAGC,TATATTGAACTTTAC,-0.01563060929752904,0.3271246575524174,25,23,8,18
TGATCAGTGTCATTGGCATAAACAAAGG,TTTATAAATCAATAG,-0.01462991621486623,1.9078754994195037,17,30,19,10
GTCGCAACCCCATCTACATCCCCAAGTG,GTGTGATTACTAAAT,-0.007557432216745041,0.34409108360995333,22,15,24,16
GCGGCAAGGCCATGGTCAATGGCATTAC,CTTGCAAGTGTAATT,-0.004380426223267544,0.0,20,26,16,16
ATTGCATAGTCAGCGTCACCTACAATGA,AGTGTATGATAATAT,-0.012928077188190126,0.0,21,24,20,13
GGTCCAGGCCCAATTGCAACTGCAACCG,CGATGATGATGATGA,-0.0011144126112607733,0.0,17,31,12,15
TACTCACCCACAGCCTCAAATTCAAAGA,TTAATTAGAGGTATG,0.027355684629363775,0.0,11,30,19,6
GACACAGATTCAGTAGCATCAACAAATT,CATTTATGGCTATCT,0.011847938214171783,0.6044934975167848,15,33,19,9
AGCTCATGACCAAGGTCATCTACAACGG,TATATTGAACTTTAC,0.029555354649535695,6.840568379839169,14,17,13,31
TGCGCATTGGCAAGCTCAATTACAGGGG,TCTTGGAGGTGAATG,0.018123862945308017,0.0,14,21,19,22
TCAGCAGAATCATTGACAGCGACATCAG,CAATCTTGAATTGAT,0.022295128916839796,2.997441490676067,6,20,32,18
CATTCACGGCCACGTACAAGCGCAGGAC,GGTTGCCCAGAAGTA,-0.026502913242148225,2.8827593642184866,17,38,10,6
ACTACAGTCACAATGTCATGAGCATACA,GAGTGCTTCAAAGTT,0.018375436466487427,0.0,12,26,15,19
TAAGCACCGACATAACCAAGGTCATAGT,TTTATAAATCAATAG,-0.0026748617525534906,3.5336902068376617,19,24,18,7
TCTACAAGCGCAATGTCAGAAACATATC,CCAACACAGGCTTCG,0.01943720822484239,0.0,7,20,25,17
ACCGCAGGTGCAGGTCCAATCACACAGC,GTGTGATTACTAAAT,0.005471517085779155,0.0,5,28,20,18
GCTTCATGGGCATTTGCAGGGACAGTTA,GTTAAATCAACAGTT,-0.0520156951194874,0.0,34,32,3,0
CTATCACCGTCATGTCAAGGGCAGAAG,ACAGTTGACGGACAG,-0.0034141749941591338,0.0,17,29,11,14
CCCACAGTCACACATCCAGGAACATCAA,GTTGAACTGGTTGTT,-0.03140193366015838,0.0,30,20,16,6
CGAGCACAACCAGCCACAGTGCCATCCG,CGAATGCCATACAAA,-0.0017123359674830266,0.0,15,17,27,13
GATGCAACTGCATCCCCAAATACACAGA,CGAATGCCATACAAA,0.02255898177188198,0.0,4,21,28,19
ATAGCACTCACACGGCCATCATCAAATA,GTTGAACTGGTTGTT,-0.03462885971703697,0.0,22,27,11,8
ACACCAAGATCATCGACACCCCCACCAT,TTTTGCATTTAGGCG,-0.015479247104231698,0.0,15,37,11,5
TAAGCAGTGGCACCTACAGACGCAAAGG,CTACTTACAACGGAA,-0.04486858034933763,0.0,27,23,11,5
GATACAATGTCACCCGCAGAGGCATTCC,CTCTTGAGAATACTT,-0.021478307950855216,0.0,8,32,17,12
AGGACAGCCTCACACACACTAGCAGTTA,CTACTTACAACGGAA,-0.03528462204115925,0.0,27,22,7,10
TCAGCAGACTCAGTTACAGTGACAGCTA,AAAAGAAAAATGTAT,-0.004821933781601578,0.0,19,26,11,15
AAAACAAGTCCAGCCCCAAGATCAATCG,CGATGATGATGATGA,0.012238921607128184,4.821121393224985,19,34,8,4
GGATCATGACCAAGAGCAACGTCAACAT,TATATTGAACTTTAC,0.00878603405142807,0.6246239400351214,16,21,12,19
TCTGCATTTTCATCATCAGGTGCAAAGC,CCAACACAGGCTTCG,0.020085212946072465,0.0,12,21,16,20
GGGGCACGGTCACGGTCACATGCAATAG,CGATGATGATGATGA,-0.004729469552177394,0.0,24,14,13,19
GGTTCACCCCCAGCTACAGATGCAGGCG,CTTGCAAGTGTAATT,0.016997700016370777,5.003150390851374,6,21,26,17
ACAGCAACTTCAATGTCAAGGACAGGGG,CCAGGATGTACCGCC,-0.028364166291477574,0.0,26,31,6,4
GCTACAGTCACAGGTGCAAATTCAAGAT,GTTTAGCTTCCGTTG,0.021171486124236895,0.0,7,25,14,22
CTGTCATGGGCACAACCACGTGCAGGCG,TTTTGCATTTAGGCG,-0.003676899296725787,0.43105817963265736,14,30,13,9
GGTTCACGGCCACGAACAAATGCAATTG,CAATCTTGAATTGAT,0.0030576921538727486,0.0,15,18,21,15
ACATCACCAGCAACCCCAAATGCACGGC,TCTTGGAGGTGAATG,0.007370417480500935,0.0,15,34,4,11
ATCACAAGGCCAATAACAGCCTCATTCC,TTTATAAATCAATAG,-0.018337437385207035,1.463263965165254,19,18,19,10
GGCGCATGTACAGGAACATGTGCAAGCA,ACAGTTGACGGACAG,-0.04486858034933763,8.703704314277218,27,23,11,4
TAGCCATTAACATGGTCAGGTACAAGAC,GAACTCAGGTTCCAT,-0.014355604311628743,0.0,20,19,15,8
ACAGCAGAGCCAGCTTCAGGTACAATGA,CTTGATCAATCAAAA,-0.032667824059372894,0.9853992380309364,25,22,13,4
TACGCATGTTCACAGGCACGTACAATCA,ACAGTTGACGGACAG,0.040681367923105664,7.415913385751992,7,20,14,26
TGGTCAGTCACAAAGTCAAGTCCACGGG,TTATATTTATTTGCT,0.04237346714267703,0.0,9,28,27,3
AGGTCAATCTCATGGCCACTCACAGACT,TCAAAACGGAGTGTT,-0.04308706082922193,0.14980797340137997,7,39,16,3
CTTACAACAGCACGCACAACCGCAGCAC,GTTTAGCTTCCGTTG,0.025340566571189466,1.3655106237466725,7,23,13,22
GGTTCAAATACAGGCGCAACCTCAGATG,AGTGTTAATCAGACC,0.003888885052134185,2.1869178760535704,8,32,21,1
TTGACAAGAGCAAATCCAAGGACAGTCC,AGTGTATGATAATAT,0.0005874264154153598,0.1911181619634874,14,25,14,13
ATAGCAATGGCAAAAACAGGTGCACATC,GTTTAGCTTCCGTTG,0.03468585833895756,1.3943846850580712,10,30,20,6
CAGCCACTGACACCTTCAAACACATGCG,GTCACCGGCACTAAC,0.01032113038514464,0.12391138440764848,6,24,19,17
TGTACATACACAGTGACACAACCAAGTA,ACAACCTACCTGCTA,0.007827720275228526,0.0,13,19,15,15
TCCGCATGAGCAATACCAGCGTCATTGA,TTTATAAATCAATAG,0.011999825040362079,0.0,13,15,20,17
ACATCACAACCACCTTCACCACCATAGC,TCTTGGAGGTGAATG,0.028052431197408148,1.591562580972436,11,20,9,23
GCTTCAACATCAGTGGCATGCGCACTTA,TTAGTCTTTCCATCA,0.011434839763236301,1.8098258052608571,14,18,14,18
TGGCCAACTGCAAAGACATACGCACAGG,AAAAGAAAAATGTAT,-0.034628859717036976,7.6558363017337285,22,26,11,3
GATACATCAGCATGAGCATCACCAACAT,CCAACACAGGCTTCG,-0.0036445607539185906,0.12174367677312148,4,28,14,15
GGAACACTTACAGTAACACCGGCACCAG,TTTATAAATCAATAG,-0.02638165236290537,1.2499500371675936,7,33,16,5
GAGCCAGGCACAAGAGCATACCCATTCG,TTTATAAATCAATAG,0.016405977134020658,0.0,6,20,19,16
AGGGCACTGGCAAGGACAAACCCAAGCA,CTATCAAGGCTTAAT,0.026559911864068808,0.0,10,27,17,8
TTGGCAGCTACATAAACAGTAGCATACG,ACAACCTACCTGCTA,0.03360071654967795,4.066627000378318,10,11,16,25
GGCACAGCGGCACTGCCAATGTCATTTA,ACAGGGCAGCTCCCG,-0.015240583166598775,0.3112396339687109,19,16,14,4
CAATCAGGGACAAAATCAACAGCATCCA,CTAAGCAGTCTTCTC,-0.01718502569266587,0.9966521278529683,21,28,8,0
TGGACAGCTTCAGAAGCAGATGCAGCGG,TCAAAACGGAGTGTT,-0.003676899296725787,0.0,14,30,13,4
GCTTCAAGATCAGAGTCAGAATCAAGCG,CTAAGCAGTCTTCTC,-0.01894598177428486,0.0,19,22,13,4
GTAACAAGCTCAATCGCATCCTCACTGT,TTATATTTATTTGCT,0.05695248794483707,0.20609457325150515,6,10,26,18
CTAACATGCTCAAGTGCAGCGCCATTTC,GCCCTCGAAACCTAT,0.010845170822750027,0.0,17,30,4,3
GCACCAGTGTCATAACCATGGACAGGAT,ACAGTTGACGGACAG,0.011096427381102385,1.1214482290118895,11,15,17,14
AATCCATATCCAGGGACAGTGACAGCAA,CAATCTTGAATTGAT,0.027355684629363775,0.940924001001548,11,23,19,6
CGAGCACGACCATATTCAGGTCCAGTGG,CCAACACAGGCTTCG,0.0055279578923301655,0.32585538972529093,13,18,12,14
TGTGCACTAACAAGTACAAGTACAGCAA,CTACTTACAACGGAA,-0.016242620710771073,0.2944242886457289,18,19,13,5
AGTCCACTACCATCTTCACCCCCAACAT,ACAAGTTTTACAGTT,0.014124153105049064,6.997286089926945,17,31,7,2
GCCACAAAACCACAGGCATCACCACCGA,ACAACCTACCTGCTA,0.018044273823753752,0.524673913023534,8,24,9,17
TCCTCAATTACATGCTCAAACCCAGCAC,CGATGATGATGATGA,0.09833504593621928,1.2037582225839571,8,16,27,7
TTTGCAGGATCAAACGCAGTTACAGAGT,GTTTAGCTTCCGTTG,-0.004966223607326348,0.06648356173121783,9,23,14,12
CGTGCAGGGGCAAAAACAATACCATAGG,CCAACACAGGCTTCG,-0.0047682035465215,0.07345882558882977,5,21,19,11
TGTGCACATTCACAGACATACTCAGGGG,GTTTAGCTTCCGTTG,0.009013626593576317,0.0,13,20,9,15
TCTCCAGTCGCACAGTCGTACAGATT,GAACTCAGGTTCCAT,0.00835028754445785,2.1849963465502356,21,7,9,20
TAATCAAGAACATCAGCATTAGCAGGTC,GAGTGCTTCAAAGTT,0.05554124954019701,0.010849543390506255,7,20,22,8
CTTACAGGAGCACTCCCACCTACAGTAT,TAACCTCGCGCTGAG,,0.0,7,31,8,5
TGGGCACATCCACGGGCAACAACACTGA,TCTTGGAGGTGAATG,-0.03642221495741147,9.12971533444545,20,22,9,3
AGCGCAGTATCAACGGCAATTGCAGCTG,TTAGTCTTTCCATCA,-0.037989758735910685,1.3734870491800564,24,13,5,12
ATCACACCGACATATACAGGCCCAAATG,GTTTAGCTTCCGTTG,0.04531983291144783,1.58765533010353,7,18,6,22
AAATCACGCTCATGCCCAAGGTCATGGG,ATGGCGATGGTCTTG,0.031365755885504144,1.220111931451072,12,26,8,9
TCAACAGAATCAGCGCCACTTACAACAC,TCAAAGCATGAAAAA,-0.020212417551640646,0.0,6,26,13,10
AATACAGAAGCACGCTCAAACACATCTC,TATGCCCTTCTTCTG,,0.7046176271792604,8,30,9,6
ATTACAAGATCATCTGCAAGTGCACTTT,AGTGTTAATCAGACC,-0.0360878236472185,0.0,9,25,11,5
GGCACATGGACATGATCAAATGCACTTG,TTAGTCTTTCCATCA,0.017443834024371066,0.10411558965711265,12,18,17,4
TCCGCAAATTCAACGACACACACATCTG,CGATGATGATGATGA,-0.007782977608756968,0.0,15,17,8,12
TCCCCAGTTACACGATCACACACACGTT,TTTATAAATCAATAG,-0.03541718137206127,5.1234445026085496,18,20,8,7
GAAACATGGGCAGAGACATAATCAAGGG,ACAGGGCAGCTCCCG,0.004379068160441802,0.0,11,27,12,0
GGCTCAGGCACACCATCAATTACAGGAA,CTTGATCAATCAAAA,-0.005406722127027487,1.3003395176071848,16,24,9,1
GATACAAGTGCATACTCAGTCGCAGTAG,CGATGATGATGATGA,-0.0788036396350476,12.798316594964376,25,18,5,1
GTTTCAAACGCACGATCAAAGTCACGCC,CAAGGATCCCCGTAG,0.03289250309858307,0.40435965493801973,10,22,8,8
GGACCATGAGCAACTGCAGAGGCAAAAG,TCAAAACGGAGTGTT,0.04113121514282132,0.9237988664100385,5,21,20,5
GTCTCATACGCAACTCCAATTCCAGAGG,AGTGTTAATCAGACC,-0.03206419499765942,0.0,19,18,10,1
CTGACAAGCTCATCTTCACGCTCACGCT,GTTCAGCTTTGATCG,-0.04107421652090073,0.0,20,21,4,2
CTATCATGCTCAAGGGCAGTGACAGTAC,CTAAGCAGTCTTCTC,-0.062205125887621456,0.0004750253777956459,20,17,6,6
TGGTCACTTCCAGCACCATTGCCAAGTC,TATATTGAACTTTAC,0.027355684629363775,0.2797611042310564,11,17,19,2
AGGACATATCCAGAAGCAACGCCACGAT,AGTGTATGATAATAT,-0.0023286953380498906,0.0,7,20,11,11
ACGGCAGGAACAAGCGCACCTCCAAACA,ATGGCGATGGTCTTG,0.010147819986320328,0.0,9,17,12,12
TGGCCAAAAGCAAGTCCATGTCCAATAG,TTAGTCTTTCCATCA,-0.012029603529884114,0.0,14,18,11,6
CACGCAAGAGCAAACACACATACATATT,TCGATAGAATTTACT,-0.024924086537903414,0.06945360871723949,17,11,9,12
TTACCACCCACAACCACAATAGCATAGG,ACAGGGCAGCTCCCG,0.0010471299867296224,0.0,15,24,4,3
ATATCATCTACAAGTACATGCACAGGTC,CTAAGCAGTCTTCTC,-0.10656681329487548,1.7843334863509739,22,12,8,0
GATCCATAGACACTTCCAAAACCACAGC,TCAAAGCATGAAAAA,0.03859943434439237,0.0,9,14,13,1
CACCCATTTCCAGGTACATGTACAGGAC,TATATTGAACTTTAC,0.007711006334153982,5.044734052717104e-06,5,22,15,3
CCGTCATAGTCACTAGCAATCGCAACAA,AGTGTATGATAATAT,-0.01663528769128675,0.0,18,8,12,8
ATGCCACCTACAAATCCATTCTCATGCC,TATATTGAACTTTAC,-0.010353468927951925,0.0,16,12,13,3
GACACAGCCGCAAAAACACACTCAGGGA,CTAAGCAGTCTTCTC,2.849931096029698e-05,1.6127278285521527,12,13,12,6
TGGCCAAGTCCAAGAACAAGCCCAAAGT,TCTTGGAGGTGAATG,0.022797645709514938,1.1880557963630736,6,11,17,10
TGATCACAGCCAGGGACACCTCCACAAT,TCAAATGATGAGGAT,-0.0034002364557029104,0.0,3,9,17,15
GGTTCAAGCTCAGCTCCAAATCCACAGC,TATATTGAACTTTAC,,0.07400314884714021,9,22,4,9
GGGTCAAACTCAGGATCATTTGCAGTCT,ACAAGTTTTACAGTT,-0.0019470764664240893,0.0,6,21,13,5
CTGCCAACTCCAGATTCAAACGCAAGAG,AAAAGAAAAATGTAT,0.008381203544118622,0.0,11,13,13,8
GGATCAGTTCCAGTTACATCCGCATAGC,GTTAAATCAACAGTT,-0.11971312725092195,0.0,23,11,2,0
GTCGCATTCACACACGCAGTTGCATGCT,CGAATGCCATACAAA,-0.0044175376337288515,0.0,11,8,14,10
AATGCAAGGACACAATCAATAACAGAGC,AGTGTTAATCAGACC,-0.034174929372205655,0.0,16,18,1,4
AAGCCAGATCCAGAGACATATACATGGG,CTACTTACAACGGAA,0.03733767935566643,0.09569845613413008,10,23,2,5
TCAGCATTACCAACCACACACACAGTGG,AGAAGACGACGATGA,0.0032944155719354384,0.026813203010732423,11,18,8,6
ATGTCACAAACAGTTTCAAAAGCATGGC,TTTAACTCACCGTAA,,1.0056337507247406,9,22,8,3
TCGTCACCCACATGTACATGCACACATC,ACCACCGGTCCTGCC,-0.007126542871073369,0.0977163172455846,15,12,13,3
GGGTCAAATACAGGGACATTAGCACTAC,TCAAATGATGAGGAT,0.0275631546997311,4.093306942783414,6,12,13,12
GGACCAGGCGCATGCACACTGACATTGA,CCAACACAGGCTTCG,0.005129329438755104,5.228367581828252,12,20,7,4
CACCCACTGCCATACGCAATGGCAAACA,CTCGCTAATACTCCT,-0.013041001391114772,0.005834351299085938,14,12,6,12
GCAACAGCCGCAAGGTCACCATCAGGCC,AAAAGAAAAATGTAT,0.04299383212970316,1.4375441831342357,7,12,8,14
ACTCCATGTGCACTCGCAGATGCATTGT,CGATGATGATGATGA,0.005896964893234324,0.0,6,18,9,10
TCGGCATGTACATTATCAATTACACGAG,GTTTAGCTTCCGTTG,-0.0045295396088885775,0.19225186612214884,3,19,11,10
CCCCCAGTTCCACGTGCAAAAGCAACTG,ACAGGGCAGCTCCCG,0.0020040750883446807,0.0,13,21,2,4
GAGACAGTCCCATTTCCAGGCGCAGTCC,TATATTGAACTTTAC,0.0,0.0,12,19,7,3
AAAGCAGCAGCAGCACCAGCCACACTGA,CGATGATGATGATGA,0.004062973237444357,0.0,5,16,10,10
TCGGCAGGTACACAGCCAAAGTCAATGG,CCAACACAGGCTTCG,0.032657092297312264,0.23515702883105405,6,16,14,6
AGTACACAGCCACATACATGACCAAGCC,AGTGTTAATCAGACC,0.0464434757040507,14.59246858090313,4,12,9,15
CGGACACAAGCACTGCCAGGGGCAACAC,TCTTGGAGGTGAATG,0.03205937208146166,2.4868165045043042,3,16,6,15
AAGCCAGACACATAGGCATTAGCATCTC,GTCACCGGCACTAAC,0.023695876428343567,0.0,1,20,16,4
TCGTCATCAACATGGGCATAGTCAGGTC,TTTATAAATCAATAG,0.009116077839697746,0.0,2,7,16,16
AAAGCAACCGCAGTAACAGTTTCAAAGA,TATATTGAACTTTAC,-0.012306009275722651,0.0,10,14,6,7
GTCACACTAGCAGCGGCAAAGACATTAA,AGAAGACGACGATGA,0.005463720748948077,0.0,8,15,10,3
CGCGCATGACCAAGCTCATTGGCAACAT,AAAAGAAAAATGTAT,0.031700147195697206,0.0,6,15,13,4
AGTACATGGACATGCACATCAGCATTCG,GTTGAACTGGTTGTT,0.02189402587807572,0.0,5,14,11,1
AGGGCATGAACAGTCTCATATCCACCTG,AGATTCATCCCATGG,-0.037948962170490305,0.0,12,13,9,2
ACAGCAGAGTCAACGGCAATCGCAGGTG,CTTGATCAATCAAAA,0.026594630115668805,0.0,5,17,14,3
GACCCACATACATTAACATCATCAGGCG,AGAAGACGACGATGA,0.013146712534334859,0.0,10,14,13,2
TTCGCAAATCCACTCCCAGCTTCACCGA,GTAATCTGACTCTAG,-0.03164314857377661,0.2728105724432339,13,15,3,9
GTCCCAATGTCATCATCATTAACAGGGC,AGTGTATGATAATAT,,0.594460567052522,6,17,8,9
CGAACATCAACAACCACAGAATCACCTT,CTTGCAAGTGTAATT,0.056116440764271316,4.602745214528113,7,7,10,16
GTTGCATGAGCAAGAGCAGGCGCACAAG,TTAATTGCACTTATG,0.04363900237149858,0.0,8,11,6,13
TCCGCACGTGCAACGTCAATTACACTGA,TCGATAGAATTTACT,-0.029247824471527295,0.0,11,13,6,9
TGGTCATTAGCAGGCACAAGTGCAGTCT,CCAACACAGGCTTCG,,0.0,7,17,8,7
AGCGCATGAACAGATCCAAAAGCAATAA,AGTGTTAATCAGACC,0.0047940083011765375,0.0,10,11,11,5
GCGACAGATGCACGGACATTAGCAATCA,ACCACCGGTCCTGCC,,0.0,17,9,6,3
GGGACATTCTCATCTGCACGTTCACCTA,TATATTGAACTTTAC,,0.0,9,9,9,9
GAGACAAACACAGGATCAAATTCAGTGC,TTTTGCATTTAGGCG,-0.0251892964600195,0.0,13,16,4,3
TAGGCAAGGCCAGTCGCAGTGTCATAGT,GGTTGCCCAGAAGTA,0.012363007897643243,0.0,5,14,10,9
GCGTCAACCGCAAGTCCAATAACACCCT,CAATCTTGAATTGAT,,0.0,9,20,6,3
CATACACGCACAACTTCAGTCACAATGA,ACAGTTGACGGACAG,0.009116077839697746,0.0,5,9,10,10
TAATCATTGGCATTCGCACAATCAGGCA,CTTGATCAATCAAAA,-0.008004270767353638,0.0,13,19,1,1
CTGGCATGTGCACAAACACCGCCATATC,GAGAATGAAGGACAG,,0.0,6,18,6,6
ATCGCATGGACATATGCACCGACATGTC,TCAAAGCATGAAAAA,-0.0024214258120593968,0.0,11,17,5,4
CAACCAAGGTCAAAGGCACTCTCACGGT,CTTGCAAGTGTAATT,,0.0,4,9,17,7
GGGACAACCCCATGCGCAAATACAATAA,CTCTTGAGAATACTT,-0.026537631493748215,0.0,14,17,2,0
GCGTCACTTGCACGCACAGGCACATTCG,TCAAATGATGAGGAT,,0.0,6,19,4,7
CCGACAGGAGCAAGGACAACATCATAGT,CAAGGATCCCCGTAG,,0.0,5,18,6,7
AGGGCAGCTGCAATGGCAACCACACACC,AAAAGAAAAATGTAT,,0.0,2,20,9,5
ACTACATTGGCATACGCAATCCCAGTTC,GTGTGATTACTAAAT,,0.0,7,8,11,9
AACACAGGGGCACATGCAACAACAACAT,TATATTGAACTTTAC,0.014994738729380553,0.0,6,15,11,3
TTCGCAGAGTCATGAGCACCGGCACGTT,TATATTGAACTTTAC,0.009116077839697655,0.0,2,9,12,12
TGGGCAGACGCAGGTCCATGAACAACAT,TTAGTCTTTCCATCA,,0.0,7,18,7,0
CGTGCACCCACAGACTCAAATCCAAAGC,TATATTGAACTTTAC,-0.023638877806422973,0.0,12,15,1,4
CTGCCATCCGCAGTAGCACTCGCAATAA,GTAATCTGACTCTAG,,0.0,3,13,8,9
AGCACAGCTTCAATAACAAATACACGATG,ACAACCTACCTGCTA,,0.0,7,19,6,1
CCCGCAATCCCAGTCACATAACCAGTCT,CGATGATGATGATGA,-0.0011275412760948008,0.0,11,5,10,7
CAAGCAACAGCAACGCCAGCACCAATCC,TATATTGAACTTTAC,,0.0,5,9,9,11
GGTACAGTTGCAAGTGCAACTCCAAGCT,GTTTAGCTTCCGTTG,,0.0,9,16,4,5
CGGTCAGAGTCAAAAGCATGACCAGGTG,TATGCCCTTCTTCTG,-0.023638877806422973,0.0,12,15,4,1
TTCCCAGGACCAGGCGCAACCGCATGAA,GAACTCAGGTTCCAT,,0.0,9,16,7,1
CGCCCACAGGCAAACTCAGTACCATATC,TTTATAAATCAATAG,,0.0,5,16,6,6
GGGGCACACCCATTGACATGTACAGAGT,TATATTGAACTTTAC,,0.0,7,13,8,5
CTGTCAAACACATAAGCAAACGCAGCCC,TCTTGGAGGTGAATG,0.014994738729380553,0.0,3,15,11,4
GCCACACCTCCAAGACCAACTACAGTGA,CCAGGATGTACCGCC,,0.0,4,19,4,6
CTAGCACGCGCACGAACACAAGCAAGCG,CATTTATGGCTATCT,,0.0,3,4,7,19
TTTTCACTCCCAGTTCCACCCACAGCTC,CAAGGATCCCCGTAG,,0.0,8,9,7,5
ACAACAGGTCCAGTAACAAGACCAGGAT,AGTGTATGATAATAT,,0.0,4,17,7,3
GTCGCAAAATCAGGCTCAACCGCAAAAT,AGAACATCATCTACA,,0.0,6,11,9,5
TGTGCAGGGGCAACTCCAATAACATACC,ACAGTTGACGGACAG,,0.0,8,15,4,4
GATACACGTCCACTCACACATTCAGAGG,CGATGATGATGATGA,,0.0,4,20,6,2
AAGGCAAGGTCACATGCATACGCATTCC,CTAAGCAGTCTTCTC,,0.0,3,17,5,7
TACCCACCTACAACGACACATCCAACGA,ACCACCGGTCCTGCC,-0.05465437063680705,0.0,12,11,2,3
TACCCAAGACCATTGACAGGCACATCGT,CTCGCTAATACTCCT,,0.0,14,6,9,0
AAATCACGAGCATGAGCAGCCACACGGT,CTTTCTTGTGTATTT,,0.0,8,6,7,6
GATTCATCTACAGTGACACTGCCACACA,TCAAAGCATGAAAAA,,0.0,5,14,5,6
CCATCAAGCGCAAAAACAGGGACAAGCT,CCAACACAGGCTTCG,,0.0,8,3,13,6
GACGCAGTGTCATGTACACAGACAAGGA,ATGGCGATGGTCTTG,,0.0,6,8,11,3
CCGACATGCGCAACACCACAGGCAGTAA,AGTTTATAAAAAATT,,0.0,7,6,8,9
CTAACAGTCACAATTGCTATCCAGATC,ACCACCGGTCCTGCC,,0.0,7,9,14,0
CCTCCAATTCCATTCACAGAGTCATGTT,CCAACACAGGCTTCG,,0.0,5,11,8,3
TTATCAGGTCCACTACCACTTTCAGTTG,CAAGTTCGGCGAAAT,-0.036422214957411554,0.0,10,11,3,0
TGCCCACTAGCAGGCTCAGTGCCATCAA,CGATGATGATGATGA,0.04601023155976454,0.0,5,10,10,3
AGGTCACGACCATAGGCATTCACAGCAA,ACAAGTTTTACAGTT,0.009116077839697746,0.0,6,3,10,10
GTTTCAAATGCACCGTCATTGGCACAGG,ACAAGTTTTACAGTT,-0.05465437063680705,0.0,12,11,1,5
GGGCCAGCACCAAAAACACAACCAGCAT,GAACTCAGGTTCCAT,-0.05465437063680705,0.0,12,11,1,1
GACACAAGTTCAATTTCAGGATCAGGCC,AGTGTTAATCAGACC,,0.0,6,6,9,6
ACCGCACAAGCAGGAACAGCGACAGTGA,ATGGCGATGGTCTTG,,0.0,6,9,10,3
CAGACAAAGGCAATGTCAACCTCAATAC,CGATGATGATGATGA,,0.0,6,12,7,3
CCTACAATGACAGCGGCAAGCACATCAC,CTTGATCAATCAAAA,,0.0,8,12,5,3
TGTCCATGATCAAATGCAGCAACACAAA,TATATTGAACTTTAC,-0.045953232937843945,0.0,10,10,3,1
AGATCATAAGCACTCCCACTACCAGTGT,CTAAGCAGTCTTCTC,-0.036422214957411554,0.0,10,11,5,0
TCGGCAGTCGCATCAACACCTGCAGGGC,GTTGGGCGCTTAAAG,,0.0,7,12,3,4
TCGCCAAGATCATAGGCAATCGCAGCTG,ACAACCTACCTGCTA,,0.0,2,9,4,11
CCCGCATGTACATGGGCAGCCCCATCGG,TCAAATGATGAGGAT,,0.0,13,6,8,0
TGGTCAAGCACATGGACACAAACAACGA,CTTGCAAGTGTAATT,,0.0,14,7,2,4
GACTCATGGTCACGTACACAGCCAGAGT,TATATTGAACTTTAC,,0.0,8,11,6,2
GCGTCATTATCAGGCTCATAGCCACAAG,TTTATAAATCAATAG,,0.0,5,12,8,2
TGATCAGTCCCAGATACAGGCACATTCT,TTAGTCTTTCCATCA,,0.0,5,11,6,3
GGGCCAACATCAAGCCCAGAGACAGGTC,TGATCATCACGGGAC,,0.0,3,12,4,4
GAGTCACGTGCAGTACCACATACAACAA,ACAAGTTTTACAGTT,,0.0,6,9,5,5
CGGACAGTGCCATAGACATGTACAAGCA,ACAAGTTTTACAGTT,,0.0,4,11,3,5
CAAGCATCTCCATACGCAGGAACAGAAA,CTACTTACAACGGAA,,0.0,6,6,0,6
CTCGCACGTACATTCGCATAAGCAGTGG,GTTAAATCAACAGTT,,0.0,8,7,4,1
TGAGCAAGTTCACGGGCAGCGTCATGGG,GTTAAATCAACAGTT,,0.0,11,6,3,0
CTTTCACGTTCAAATGCAGGTCCAACCT,ACAAGTTTTACAGTT,,0.0,7,9,4,2
CAGCCAGGCACAAAATCATTAACACGTG,GTTAAATCAACAGTT,,0.0,15,7,1,0
TAGACACAGGCATCTGCAAGCGCATGTT,GAGTGCTTCAAAGTT,,0.0,9,5,6,4
CTGTCAGTGTCATGGCCAAAAACAATTG,GTAATCTGACTCTAG,,0.0,6,5,10,3
GCGACAGTCTCACTACCATCGCCAAAAC,CTACTTACAACGGAA,,0.0,8,8,4,4
AGGACACACTCAGCGACATAGACAGGTT,CTACTTACAACGGAA,,0.0,7,13,1,3
GCTACAGTTCCACGTACAACCTCATGGG,ACCACCGGTCCTGCC,,0.0,1,9,9,5
AGTGCAATCCCAGTGACACAAGCACGAT,TCAAATGATGAGGAT,,0.0,0,8,3,13
CTGACAGGTCCAAATCCATCAGCATCTC,GTTTAGCTTCCGTTG,,0.0,6,6,3,7
AACTCATATCCATGCCCACAGACAGCCT,CGAACAGAAACACAA,,0.0,9,4,8,0
CACCCAATGGCAATAACAAAACAACCA,GTTGAACTGGTTGTT,,0.0,6,8,8,0
GATTCAGTGCCACAAGCACGAACATCAA,CTACTTACAACGGAA,-0.07218965938459308,0.0,13,10,0,0
GCTTCAATTGCATCAACAGAAGCACAAG,TTTATAAATCAATAG,,0.0,5,9,3,6
GCCCCAACGTCAAGGGCAATGCCAGTAA,TTAATTGCACTTATG,,0.0,9,4,8,2
AACACAGGACCACATACATGTGCACAGA,GTTAAATCAACAGTT,,0.0,9,7,4,1
CGATCATCCCCAATCCCAATCACACAAA,TTATATTTATTTGCT,,0.0,0,5,11,5
TGTTCAGTAACATCACCAACCTCAGTAA,CATTTATGGCTATCT,,0.0,4,4,9,4
TTGACAACCGCATATCCACACACACTAC,ACAGTTGACGGACAG,,0.0,5,10,3,3
GGTGCACGAGCAGGTGCAGGCCCAAACC,TATATTGAACTTTAC,,0.0,8,11,2,1
CGTCCATAATCATAACCAAAGGCAGCAG,TATATTGAACTTTAC,,0.0,3,11,6,2
CGCCCATGCACACATACACCACCAGAGC,TTTATAAATCAATAG,,0.0,10,3,2,7
TAGTCATCACCACAGGCAGGAACACCGC,GAGAATGAAGGACAG,,0.0,4,12,5,1
CCGTCAGTGGCATGTACACGAGCACGCT,CTACTTACAACGGAA,,0.0,8,2,4,8
TATCCAATCGCACCTCCAGGGGCATTCG,ACAAGTTTTACAGTT,,0.0,9,10,3,0
CTTGCAGCAGCATTAGCAGCTCCACCAC,TCAAAGCATGAAAAA,,0.0,2,4,12,4
TCTGCAAATCCATAGGCATATTCACACA,CTTGATCAATCAAAA,,0.0,3,5,10,4
AGAGCAAAGGCACGGTCAGTGGCAGCCA,TTAGTCTTTCCATCA,,0.0,3,4,7,8
CACACATTCGCAGTTCCAAGTACATGGA,CTCTTGAGAATACTT,,0.0,13,1,0,0
AAGGCACGCTCAACACCAGCGGCATCGC,GTTTAGCTTCCGTTG,,0.0,6,6,5,3
CCGTCAGTTTCAAAATCATAAACAGTCC,ACAAGTTTTACAGTT,,0.0,5,9,4,2
ACTACATTCACAAGGGCACGTGCACTAC,GTTTAGCTTCCGTTG,,0.0,3,17,1,0
AATGCACATCCAAGAGCATCTCCAAACA,TATATTGAACTTTAC,,0.0,7,7,2,5
CAGACACAATCAACGCCAAAGACAAATG,AGTGTTAATCAGACC,,0.0,8,4,7,2
TGAACATCTGCACTCGCAAAGTCAGATT,ACCACCGGTCCTGCC,,0.0,8,9,2,2
GACTCACCGACAGGGACAGAAGCAATAT,AGAACATCATCTACA,,0.0,1,15,5,0
GAGCCATTTCCATGTCCACGCTCAGTTT,GTTTAGCTTCCGTTG,,0.0,8,5,2,3
AAACCAAATGCAGGACCAGGGGCATCGT,CTACTTACAACGGAA,,0.0,8,2,4,4
CAAACATAATCACACCCAGCGCCATCCA,TATATTGAACTTTAC,,0.0,8,6,4,1
AGCGCACGGCCAGAATCACTTACAAACG,CTACTTACAACGGAA,,0.0,4,9,3,0
GTTACAGGAGCAGCATCATCGCCATCAA,AGTGTATGATAATAT,,0.0,2,8,6,3
AATTCAGAAACAACAGCAGGGCCACCAT,AGTGTATGATAATAT,,0.0,5,3,5,6
TGGGCATCATCATCTCCAGATGCAATGT,ATGAAGTTCATAATG,,0.0,5,8,4,3
TCTGCACACACATCGCCATGGGCAACCC,TATGCCCTTCTTCTG,,0.0,3,8,4,5
TACGCAATGGCATAGACAAGACCAAAGC,GTGTGATTACTAAAT,,0.0,4,13,1,2
GGCTCAGCAGCATGGACACCCTCAAGTA,ATGAAGTTCATAATG,,0.0,5,10,3,2
TCAACAGGTCCAAGCCCACTGCCAAGTT,TAGACGGACATCTTC,,0.0,5,4,8,3
AAATCAGCGCCACAGTCAAGGCCAATAT,TATATTGAACTTTAC,,0.0,9,4,7,0
AGTCCATAGCCAGATCCACTGGCAAGGG,ATGAAGTTCATAATG,,0.0,3,7,6,4
GTTACATGATCATGCACAACCGCAAAGA,TATATTGAACTTTAC,,0.0,5,2,6,7
GATACACGGTCAATCACAACTTCACAAC,TTTATAAATCAATAG,,0.0,1,7,3,5
CAAACAGGTTCACGTGCAGTGGCAAGAA,CCAACACAGGCTTCG,,0.0,1,4,5,8
TCGGCACATCCACAGTCAAATCCAAAAA,CTTGATCAATCAAAA,,0.0,6,9,3,0
GACTCAGTGACAACCTCACCGCCACGAA,ATGGCGATGGTCTTG,,0.0,3,12,0,3
ATACCATTCCCATCCCCAGGGTCACAGG,TTAGTCTTTCCATCA,,0.0,10,6,2,0
TCTACATGGACACTAACAGGATCATTGA,GTAATCTGACTCTAG,,0.0,2,7,5,4
TAGGCAAATACAACCGCACCCTCACCCA,CTTTCTTGTGTATTT,,0.0,3,9,4,2
CATACATATACAGTGGCAAGCGCATCCA,GTTAAATCAACAGTT,,0.0,7,9,3,0
GCACCAAGCGCAAGGGCATAGACAAAGA,TATGCCCTTCTTCTG,,0.0,1,12,1,5
CAAGCAGGCACATCCACACCGGCACCCA,CCAACACAGGCTTCG,,0.0,5,7,5,2
GTACCACAGTCAAGGCCATTCGCAAAGG,AAAAGCGACATTTCT,,0.0,7,7,1,4
ATTACACGCGCAACGGCAATAGCACAAT,TCAAATGATGAGGAT,,0.0,6,8,5,0
TGGGCACCTTCACAATCAAGACCAGGCG,CTTGATGGCTGAAAG,,0.0,5,12,1,1
TAAGCAAACGCACAGTCATCGTCAGCCT,GTTCAGCTTTGATCG,,0.0,5,10,2,2
TGTTCAGCACCAAATCCAGCCACATTTG,CGATGATGATGATGA,,0.0,10,8,1,0
AGCTCATCGGCACGGCCACTCGCAAGCT,TATATTGAACTTTAC,,0.0,3,8,3,5
CATACACATGCACACTCACACGCATGTA,GCCCTCGAAACCTAT,,0.0,8,8,1,0
AACCCAAATGCATCTACAGTCCCATTAA,CTTGATCAATCAAAA,,0.0,6,6,4,1
CAGCCAGATGCATGATCACTGTCAAATG,TCATAGGTATCTCGC,,0.0,9,3,1,2
CAAACAGGTGCAGGTCCAGAACCACCAA,TCTTGGAGGTGAATG,,0.0,2,3,6,6
TGGACACGACCAAAGCCACCCACACTAT,ACAAGTTTTACAGTT,,0.0,3,10,1,0
CGACCAGATTCAAATGCAGTGACAAAAA,ATAGTCGATTAAGAT,,0.0,10,4,2,0
TACCCAAGGTCAGTATCAAGCGCAGCAG,GCTAATTTCAAGAAT,,0.0,4,10,0,0
TAGGCAGGTTCAAAATCAGTAGCAAATT,CGCGATCAATCCTCT,,0.0,12,1,2,2
AGAGCATCTACATAAGCAAATTCAAGCC,CGATGATGATGATGA,,0.0,3,7,8,0
TCACCAGGCACACTGACAAATGCAACCT,TTTATAAATCAATAG,,0.0,8,5,5,0
AATTCAGTCTCACCGTCAAGGACACTCA,AGAACATCATCTACA,,0.0,3,4,6,5
TTCGCATGGCCAATGACACTGCCAGAAT,CGATGATGATGATGA,,0.0,3,4,2,9
TCGCCAACGCCAAAGCCAGTTCCACTGG,TCAAAGCATGAAAAA,,0.0,2,10,6,0
GGGGCAGGGTCAGAGTCAGAAACAACTC,CATTTATGGCTATCT,,0.0,3,10,2,3
GGCGCAACCACAACACCAGGGCCATACA,ATGGCGATGGTCTTG,,0.0,4,8,4,2
GTTCCATTGGCACGGCCAAACGCACCAG,GTTAAATCAACAGTT,,0.0,8,2,0,0
CCCCCAAGCCCAGCGACACGGGCAGCAC,CGATGATGATGATGA,,0.0,5,6,3,0
AGAACATAAACACAAGCAAGGGCATAGT,ACAACCTACCTGCTA,,0.0,5,2,4,4
TGAGCACGAACATCGACATAAACAGGTC,CTACTTACAACGGAA,,0.0,9,4,1,0
CCACCAATAACATACACAACCTCAATAC,CCAGGATGTACCGCC,,0.0,4,8,4,1
TTTCCACACGCAAACGCATAATCACGCG,CTAAGCAGTCTTCTC,,0.0,3,5,4,5
GTACCACACACACGTACATTGCCAGGGG,AATGATACCATTTTT,,0.0,7,3,5,2
CCTTCAGTCCACTCACAGGCACAGATC,ACCACCGGTCCTGCC,,0.0,4,8,3,2
GAGGCATGACCAGAGTCATGCCCAATAA,GCTAATTTCAAGAAT,,0.0,2,10,2,3
GGAACAAATACAATAACAGATACATGAC,TCAAAACGGAGTGTT,,0.0,1,7,7,2
ATGTCACGGACAGGTTCAGTCTCAGTCA,CGCGATCAATCCTCT,,0.0,6,3,0,3
CTTCCAAAACCACTCCCAGATTCATTTT,GCTGCGGAGCCTCAG,,0.0,3,3,3,0
CTAACACGATCACTCTCAAAGTCAGAGA,GTTCAGCTTTGATCG,,0.0,3,8,3,0
ATTACAACAACATCTACAAAAGCAGACA,CAAGGATCCCCGTAG,,0.0,3,4,8,0
CGTTCAAGACCATTGCCAAGGACACGTC,ATAATTTTCATCCAC,,0.0,8,6,1,0
TACGCATGGGCAGCTACATCCACAGCAT,CCAACACAGGCTTCG,,0.0,1,10,1,3
TAAACATAATCAGGACCATACACATCAA,AGTGTTAATCAGACC,,0.0,5,6,2,2
AATTCAGTATCAGATGCAGCAACAAGGA,ACAAGTTTTACAGTT,,0.0,1,10,1,3
TTATCACGAGCAGGCCCAATAGCAGTCG,TCGATAGAATTTACT,,0.0,3,11,1,0
TGCGCACTAGCAGACACAACGGCAGAAT,CAAGGATCCCCGTAG,,0.0,7,5,3,0
TGGGCAGTGGCACGTGCAATAGCACTCA,CAATTTCAACGTTGT,,0.0,0,7,8,0
CACTCACGAACAGTATCACGAGCAAAAC,CGATGATGATGATGA,,0.0,2,11,2,0
CGCCCAGCGACACAGCCATGCACATTTC,CGATGATGATGATGA,,0.0,4,6,3,2
GATGCACATCCAGGAGCACTATCACGAC,CCAGGATGTACCGCC,,0.0,5,2,5,4
TGTTCATCGCCAGGCACAGAATCAGACG,ACAAGTTTTACAGTT,,0.0,4,4,3,5
TGCGCACGTCCAGTAACACTAACACGAA,CGATGATGATGATGA,,0.0,1,3,5,7
AACACAGAGACAATTGCAGCCGCACCAT,AGAAGACGACGATGA,,0.0,0,9,3,4
ATTCCAACGACAAACCCACCGTCATTCA,AGTGTATGATAATAT,,0.0,5,6,2,0
TGGACAAGACCATTAACATCCCCATCTA,AGTGTTAATCAGACC,,0.0,2,5,3,0
AAAGCAAGTCCAGGATCATCTGCACGTG,TATGCCCTTCTTCTG,,0.0,4,1,5,4
CAGGCATTTCCATCCACAGTAACAATCC,AGTGTATGATAATAT,,0.0,6,5,3,0
GTTTCAGCTGCAAGAACAAAGCCACTAC,AGTGTTAATCAGACC,,0.0,7,0,5,2
TACGCACCGTCAATACCACGCCCATGGT,AAAACATTATCAAAG,,0.0,10,2,1,0
AAACCACGCGCACAGACACAATCACTAC,AAAAGCGACATTTCT,,0.0,4,8,1,1
TCCGCACGACCATAACCAAAGGCAGATG,TATATTGAACTTTAC,,0.0,6,4,4,1
ATGGCATCAACAAAATCAACTCCAGTTA,ACAAGTTTTACAGTT,,0.0,8,2,3,2
CAGGCAGCATCAAGTCCAATCACAAAAT,ATGGCGATGGTCTTG,,0.0,3,4,5,3
GGACATGGGCACTGGCATGTACAAGTC,AGTGTTAATCAGACC,,0.0,4,4,3,4
TCCTCAGTGGCATTCCCACGGCCAAGCC,AGTGTTAATCAGACC,,0.0,5,9,0,1
ATCGCAGGCGCAGAATCAGCGTCACGAC,CTATGCATTTACTCA,,0.0,8,7,0,0
GGGTCAGGTACAACCCCAACTTCAACAA,TATATTGAACTTTAC,,0.0,4,5,1,5
AAAGCAGACGCAGTCGCAACGACAACAT,TTTATAAATCAATAG,,0.0,2,5,3,5
TAGTCAAGTGCAAGGCCAAGTTCACCGG,TCAAAGCATGAAAAA,,0.0,3,5,3,2
CCCTCAAGCGCAAACGCAATGTCAAAGC,CTCTTGAGAATACTT,,0.0,3,9,1,0
CCTGCAAGCCCAATCGCAATCTCACCTA,CTAAGCAGTCTTCTC,,0.0,4,5,3,0
ACGACACTAACACGGTCACTAGCAAGAA,ACAACCTACCTGCTA,,0.0,1,4,8,0
TGCGCAGGGACAAAGGCACGATCATTCA,ACAGTTGACGGACAG,,0.0,6,2,2,3
CACTCACATTCAGTGGCAGCTGCACACA,TCAAATGATGAGGAT,,0.0,5,4,0,4
ACAGCAAGATCAACGCCAGGGACATATT,TTAGTCTTTCCATCA,,0.0,3,10,1,0
GTACCATAAGCACTCCCAAGTCCAAACC,GAGAATGAAGGACAG,,0.0,3,7,4,0
TAGTCAACAGCAAGCACATAGCCAAGTG,CTTTCTTGTGTATTT,,0.0,8,6,0,0
AGGGCATGCGCACTCTCAGGTACAGTAA,TCAAATGATGAGGAT,,0.0,3,1,10,0
CTATCAGTGGCATGTGCACCGTCACAAA,TCAAAACGGAGTGTT,,0.0,4,6,3,1
AGCCCAAGGGCATACCCAACCACAATCG,TCAAAGCATGAAAAA,,0.0,3,10,1,0
CACGCAGGCACAAGAGCAGGATCACAAG,GTGTGATTACTAAAT,,0.0,1,7,1,5
GCGCCATAAGCAGTATCAAGGACAGGTT,TGGAGTCTTTGTTGA,,0.0,4,4,0,0
ACGCCACGAACAGGATCAAAAGCATGAG,AAAACATTATCAAAG,,0.0,2,6,1,0
TAAACATTCTCACCAGCAACGACAGGAG,CATTTATGGCTATCT,,0.0,2,7,3,0
GGGCCACGGGCAAGTACACCTGCATCCG,TCAAAACGGAGTGTT,,0.0,3,9,1,0
GACGCAGCGCCAATCTCAGGCCCAGACC,ACAGTTGACGGACAG,,0.0,4,3,4,2
GGGTCACAAGCATGACCACAAGCACCTA,CTTGATCAATCAAAA,,0.0,6,2,5,0
ATTACAGGCGCAACAACACGGACATGCA,CTTGATGGCTGAAAG,,0.0,4,7,2,0
AGCCCATCGTCACTAACAGATGCAGTC,CTTTCTTGTGTATTT,,0.0,6,7,0,0
TGTACAGGTTCATCCCCAAAGCCAATGC,CGATGATGATGATGA,,0.0,3,6,4,0
TAACCAGGGACAAGGTCACATCCAGGCA,CTTGATCAATCAAAA,,0.0,6,3,4,0
TATGCACGTACATGTACACCGACAAAAG,TCAAAACGGAGTGTT,,0.0,3,9,1,0
CGATCAGGGTCATATGCAATAACAGCAG,AATGATACCATTTTT,,0.0,1,2,4,4
GGCACAACACCAAGGCCAGTGGCACAGG,CTACTTACAACGGAA,,0.0,4,6,0,0
GCCGCAAATGCATGCACATACACAGAAA,ATGGCGATGGTCTTG,,0.0,0,5,6,0
CGTGCATCAGCACGGGCACACTCAAAAA,CATTTATGGCTATCT,,0.0,2,5,4,0
CAGACAGATACACAGCCAACCACATCGA,ACCACCGGTCCTGCC,,0.0,3,7,1,0
TGGACAGGGTCACGATCAAAGCCAGAAA,TCAAAACGGAGTGTT,,0.0,3,6,2,1
GAGGCAGATGCACATACAGATTCAATCG,ATTATCAAGTGCCAG,,0.0,9,2,1,0
AACTCAAGGTCAAGTGCAAGATCAGTCG,ATGAAGTTCATAATG,,0.0,5,2,2,3
TTGGCACGTTCATGGTCAGCGCCAGCCT,ACCACCGGTCCTGCC,,0.0,4,8,0,0
GAGCCAAGGACAGGGGCAAAAACAAAAG,GCTAATTTCAAGAAT,,0.0,4,4,2,2
TACGCAACGGCACATGCAGAACCAGCAT,CGCGATCAATCCTCT,,0.0,5,5,1,1
ACGGCATTCGCATGATCAGAGACAAGGG,ACAACCTACCTGCTA,,0.0,1,9,2,0
AGCACAGGCACAATGCCAACCTCAGCTT,TCAAAACGGAGTGTT,,0.0,1,4,4,3
TCTGCACTTACACATGCAAGTGCAAGTA,GAACTCAGGTTCCAT,,0.0,1,7,2,2
TCGTCACATCCAAGCACATGCCCAGTAA,GTTGGGCGCTTAAAG,,0.0,0,9,2,1
TCCGCAATTACAGATTCAGGGACACACG,ACCACCGGTCCTGCC,,0.0,0,8,4,0
AGATCAGCTCCAACCTCAAAGTCAATGA,AAAACATTATCAAAG,,0.0,3,2,0,0
AACACATATTCAGGGGCATTGTCAAAAC,TCATAGGTATCTCGC,,0.0,6,3,0,0
CTGCCATTCTCAATCGCAACCGCAATTC,TCATAGGTATCTCGC,,0.0,6,0,0,0
CGCGCACGGACATCGGCAGCAGCACGAC,TCAAAGCATGAAAAA,,0.0,3,1,3,3
TCGCCACACTCAGTCACAAGAGCATCGT,GAACTCAGGTTCCAT,,0.0,0,8,1,1
AAAGCAATACAAAGCAACTGCATGAG,CTACTTACAACGGAA,,0.0,8,2,0,0
GTCGCAAGTGCATCCACATATTCAAAAG,TCAAAACGGAGTGTT,,0.0,3,2,4,0
AGGACAAGGGCATACACACAGGCAATAA,CATCACCGTGCTCAT,,0.0,5,5,0,0
AAGTCATATACAGGGGCAGTCACACCAA,ACAACCTACCTGCTA,,0.0,1,5,2,3
GATGCATGTCCAAGCCCAGTGTCAAAAC,GTTTAGCTTCCGTTG,,0.0,4,5,2,0
AAAACATGGCCACGTTCACGAACACGTG,AGTGTTAATCAGACC,,0.0,4,1,2,4
GTAACAGTGCCACTGGCAGTACCATTGG,GAACTCAGGTTCCAT,,0.0,5,6,0,0
GGTGCAAATACAGGGGCAAGGCCAAACT,ACAGGGCAGCTCCCG,,0.0,3,8,0,0
ACTGCAGAAGCAAAGTCATGGTCAGGGT,CTACTTACAACGGAA,,0.0,1,3,6,1
GTTGCACCTACAGATCCATGAGCAAACT,AATGATACCATTTTT,,0.0,0,3,5,3
CTATCATCACCAGAAACAGGACCATTAC,CTATGCATTTACTCA,,0.0,7,2,0,0
ATCTCATGTGCAGATGCAGGATCAGAAT,GTTAAATCAACAGTT,,0.0,4,1,0,1
TCCGCATTTGCATTTCCACAGCCAAAGC,GTTAAATCAACAGTT,,0.0,3,3,1,2
CAATCAACCGCAATATCACCGGCAGCGT,TCAAATGATGAGGAT,,0.0,6,3,0,0
GGTACAGGCGCAAGTGCAGCGGCATGAC,AATGATACCATTTTT,,0.0,5,1,2,2
GCTCCAGGTTCAATCCCACATCCATGGG,ACAAGTTTTACAGTT,,0.0,4,5,1,0
AGAGCAAGAACAACATCATCCACAGCCT,TCAACAACCTATGCA,,0.0,4,5,1,0
AAAGCATGGACAAAAACAGGTGCATGAG,AGTGTTAATCAGACC,,0.0,5,3,0,2
GCCACAAAGCCAACATCATGAACAATCA,TAACCTCGCGCTGAG,,0.0,6,4,0,0
ACGACAAGAACATGACCAGCGGCACATG,CCAACACAGGCTTCG,,0.0,1,3,1,5
AATACAATGGCAAAACCAAGAGCATAAC,AGTGTTAATCAGACC,,0.0,2,4,4,0
CCTTCAATTGCAGACACAAGATCATTAC,GTTAAATCAACAGTT,,0.0,1,8,1,0
AATCCATGGACATGGACATCTGCAGCAT,TATATTGAACTTTAC,,0.0,0,7,2,1
AAACCATGACCAACTTCACTAGCACATT,TATATTGAACTTTAC,,0.0,0,8,1,1
GGGACATCCCCAAAGTCAGTGTCAACGG,CTTGATGGCTGAAAG,,0.0,0,5,4,1
CCTGCAGATCCAGGGTCACCATCAGTCA,AGAAGACGACGATGA,,0.0,0,3,1,6
CCATCACTGGCACCTACAGAGTCAGGTT,CTTGATCAATCAAAA,,0.0,3,2,2,0
GGTTCAATCACACCCACAGTTTCAAATG,AAAACATTATCAAAG,,0.0,4,1,0,0
CTAACAGCTGCATGAACACGATCAGAAA,GCTAATTTCAAGAAT,,0.0,5,1,2,0
TGTGCAGAAACAAGTTCACAAACAGGGA,GAACTCAGGTTCCAT,,0.0,8,0,0,0
CAATCATAGGCATCACCACGGTCATTAG,TCAAAACGGAGTGTT,,0.0,5,3,0,0
TGGCCAGCAACATGAGCAGTGTCATAAG,TCATAGGTATCTCGC,,0.0,5,2,1,0
GCGACAAAGTCAAACGCACCAGCAACAG,ACAGGGCAGCTCCCG,,0.0,0,6,1,1
AGTACATTGTCAGGTACAGGAGCACAAT,GTTAAATCAACAGTT,,0.0,5,3,0,0
AGTCCACGCACAAAGACATGATCAGGAA,CAAGGATCCCCGTAG,,0.0,7,2,0,0
ATCACAATAGCACCTACAAGAGCAACAG,GTAATCTGACTCTAG,,0.0,5,3,1,0
ACTTCAGTAGCACGACCACAGTCACGCT,TTAGTCTTTCCATCA,,0.0,4,3,2,0
TGGTCACGTCCACGATCACTGGCAAGTT,TCAAATGATGAGGAT,,0.0,2,5,2,0
CAGACACTCTCAGGGTCACGCACAACAA,TACACCAATTACACT,,0.0,3,2,0,4
TTAGCAAAGGCAAGTTCAAAAACATTAG,CTTGATGGCTGAAAG,,0.0,4,3,0,2
TTCCCACCCTCAGGAGCATGTGCAGTAG,TCAAATGATGAGGAT,,0.0,3,4,2,0
GCTTCAATTGCATCTGCAATGACAGCGT,CAAGGATCCCCGTAG,,0.0,2,7,0,0
ACCCCAGGGACATATCCATCGTCATGTC,TCGATAGAATTTACT,,0.0,0,4,2,1
TGACCATAATCAGGGTCACGGTCAGTAC,TGGAGTCTTTGTTGA,,0.0,0,3,2,1
AGATCAAGGACAGTTCCAAGCACAAGCC,TCATAGGTATCTCGC,,0.0,4,1,0,0
ACAGCATCAGCAATCTCATCACCAGAAC,CCAAGACCGTGTAAA,,0.0,4,3,0,0
ACGGCAGCACCATTCCCAGGACCATAGG,GTTCAGCTTTGATCG,,0.0,3,3,1,0
GTTGCACGGACAAAGTCAGAAGCATTGA,AGTGTTAATCAGACC,,0.0,4,2,0,1
CGGGCATTAGCAAACTCAAGTACACGAT,AAAAGAAAAATGTAT,,0.0,4,1,1,1
CTTCCAGTACCAGGCGCAAGGGCACGGG,CATTGTCGGACGCTT,,0.0,6,0,1,0
CAGTCAGTAACACCCTCATTGGCAAGGA,CGATGATGATGATGA,,0.0,3,4,0,0
ATGGCATACTCAGAGCCACCATCAGTCA,GTTCAGCTTTGATCG,,0.0,3,3,1,0
ATGCCATGATCAACTACACTCACAAAGG,CTTGATCAATCAAAA,,0.0,5,0,3,0
GCAACAGGTACAGGGGCATCCGCAGACA,CTTGATGGCTGAAAG,,0.0,7,1,0,0
TGGACAGAACCAAGGTCATACACACGCC,TTTATAAATCAATAG,,0.0,3,0,4,1
TCGTCAAGATCAGCAGCAAGGGCAAGGT,ATAGTCGATTAAGAT,,0.0,1,3,4,0
TCCTCACTAGCACGTTCAGGGTCAATCC,CTTGATCAATCAAAA,,0.0,5,3,0,0
ACGGCATCCCCAACTACACTTTCATAGC,CTAAGCAGTCTTCTC,,0.0,1,5,2,0
TCCCCAGAAGCACTCCCATCACCATGCG,CCAACACAGGCTTCG,,0.0,1,3,3,1
CCAGCAACGGCAGGGTCAAGTTCAACTA,ATGAAGTTCATAATG,,0.0,1,5,2,0
GGGGCAGAATCAGTGCCAGTGCCAAACT,AGTGTTAATCAGACC,,0.0,0,4,1,1
CTTTCCAACCTCAGCGTCAAGTACACAC,AAAACATTATCAAAG,,0.0,3,1,0,0
ACAACATGGTCAGGCTCAACGACAACTG,GTTGGGCGCTTAAAG,,0.0,1,0,3,2
CTCACAGTAACACTACCAAGTACAACGG,CTTTCTTGTGTATTT,,0.0,2,4,0,0
AAAGCAGGGACATCCGCATGGACACGCA,CTAAGCAGTCTTCTC,,0.0,3,0,3,0
TGCCCAAGGCCACTTCCACACGCACTAC,TCAGAGCATTGGCCT,,0.0,5,0,1,0
AAATCAGGGACAGTTCCACCTTCAATGA,TCAAAGCATGAAAAA,,0.0,5,0,0,0
GGGACAAACGCAAGCCCACCACCAAGTT,GAACTCAGGTTCCAT,,0.0,1,3,1,0
AGCCCAATAGCAAGGCCAACGACATGCG,CGATGATGATGATGA,,0.0,3,1,2,0
GCATCAGTTGCATGTACAATATCACCCA,AAAAGAAAAATGTAT,,0.0,1,3,0,1
GTGTCAACGTCACATTCATGGCCATCTT,CTTTCTTGTGTATTT,,0.0,5,1,0,0
TCGGCATGAACACAGCCATTGCCACCAG,TTTATAAATCAATAG,,0.0,1,2,4,0
GGAACAGCGGCATATCCATACACATGGC,ATAGTCGATTAAGAT,,0.0,4,3,0,0
AGATCAGTTGCAATCACACTTACACCAC,ACAAGTTTTACAGTT,,0.0,1,4,2,0
GGGGCAGTGGCATAGCCAGCAACAAAAT,CATTTATGGCTATCT,,0.0,1,3,3,0
ATACCAGCTTCATCATCAAAAACAGGTC,ATAATTTTCATCCAC,,0.0,2,4,1,0
TAGTCAGTTACAAGTCCATGGGCACAGC,GTTAAATCAACAGTT,,0.0,4,3,0,0
GCATCAGGCACAGGTACAGTACCATAGG,CTTGATGGCTGAAAG,,0.0,1,4,0,2
GTAACACAACCATGCTCACGACCAATCC,CTATGCATTTACTCA,,0.0,1,4,1,1
ATCCCAAGCACATATACACCCCCACGGC,TCAAAACGGAGTGTT,,0.0,2,4,1,0
CTAGCATTAACACCCTCATCGTCATGAT,ACAGTTGACGGACAG,,0.0,1,3,3,0
GCCGCAGTTGCAAAATCAAGCGCAAGCT,CCAGGATGTACCGCC,,0.0,1,3,1,2
TATACAGTCCCACAATCAACATCAGGAC,ATGAAGTTCATAATG,,0.0,0,2,4,1
CTACCAATTCCAGGCGCACATCCACGCA,AGAAGACGACGATGA,,0.0,0,2,2,3
AGACCAGTACCAAATGCAGTGTCAACGG,GTTAAATCAACAGTT,,0.0,2,3,0,0
AGGACGATACAATGCCACTAACAGATA,ACAGTTGACGGACAG,,0.0,0,0,4,0
GTCACATTCCCAGTACCACTGACAGGTC,AAAAGAAAAATGTAT,,0.0,0,0,1,3
AAGGCAGTGACATATCCAACGTCATGCA,TCTTGGAGGTGAATG,,0.0,4,1,0,0
CATTCATCTCCATGTACAAGGCCACGCA,TTAGTCTTTCCATCA,,0.0,0,1,2,1
TCGACATCGACAAAGTCAAGCCCACTCG,GTTCAGCTTTGATCG,,0.0,4,0,0,0
CAATCACCCGCAGGTTCAGGAACATATC,ATGGCGATGGTCTTG,,0.0,4,0,1,1
CACTCACTGCCATACCAAATGCAACGG,CGATGATGATGATGA,,0.0,2,4,0,0
GAGGCAGGTCCACCGTCAACCCCAGAAC,CGAACAGAAACACAA,,0.0,4,1,1,0
TCCGCATTAGCAATACCAAGTACATCT,GCTGCTTATGAGGAT,,0.0,2,1,3,0
TTAACACGTACAATTCCATGCACAAATA,TCAAATGATGAGGAT,,0.0,3,3,0,0
TTTGCACCAACATAATCACCATCAAACG,ATGAAGTTCATAATG,,0.0,1,5,0,0
AGCACAGGTACATAGTCAGTCTCACAGT,GAGAATGAAGGACAG,,0.0,3,1,0,2
GCTGCACCAGCAGCTCCACAGGCAGCAC,CTTGCAAGTGTAATT,,0.0,5,1,0,0
GGAGCACGGGCACAGTCATAACCAGCTT,GTTGAACTGGTTGTT,,0.0,2,4,0,0
GCGACAGTCTCAGCAGCATCTGCAAGCC,ATTATCAAGTGCCAG,,0.0,1,1,4,0
GTCACAACTGCAGTCCCATGGGCACAGC,GTTCAGCTTTGATCG,,0.0,1,4,1,0
TGAGCAGATCCAGATGCACTTACACGGT,TTTAACTCACCGTAA,,0.0,4,2,0,0
GTCCCAGCCGCAAACACAATAACACAGA,ATTATCAAGTGCCAG,,0.0,5,1,0,0
TGGCCAGTCGCAAGTGCACTTGCATCTG,ATGGCGATGGTCTTG,,0.0,2,4,0,0
CACTCAGGCGCAGCCGCAAATCCATAGA,TCGATAGAATTTACT,,0.0,2,4,0,0
GGATCAGTCACACCGACAGCCGCAGCCT,CTTGATCAATCAAAA,,0.0,0,6,0,0
GCTCCAGCGCCAGCGGCACACACATATG,CGCGATCAATCCTCT,,0.0,1,2,1,0
TGACCAGTGCCATGGACAATTACAAGAC,CTACTTACAACGGAA,,0.0,2,1,0,1
GTCCCATAAACAGCAGCATTCTCATCAA,CTTTCTTGTGTATTT,,0.0,3,0,0,0
AAGCCACCCACAGTAGCAGGTTCAGGAT,ATGGCGATGGTCTTG,,0.0,2,1,1,0
CAGACATGCACAGTGGCAACAGCAGAAT,CTCTTGAGAATACTT,,0.0,3,0,0,0
TATCCAGCGGCATGGTCACCCCCAGGGT,AGTGTTAATCAGACC,,0.0,2,2,0,0
GGGGCAGCGGCATACGCAGCAACATCTC,GAACTCAGGTTCCAT,,0.0,2,1,0,1
ACGACACGTCCAAAGACAGCACCAGCGG,CTAAGCAGTCTTCTC,,0.0,2,2,0,0
GGCGCAGTGTCAGATACAAACCCAAATC,ACAGGGCAGCTCCCG,,0.0,3,1,0,0
GAAACACAAGCACATTCACCGACACTGA,CAAGGATCCCCGTAG,,0.0,3,2,0,0
AGGGCATCACCATGCGCACGCACATATT,AAAAGAAAAATGTAT,,0.0,3,0,2,0
ACTGCAGTAACATCCCCACAATCACGAC,AGTGTATGATAATAT,,0.0,3,0,1,1
CCGCCAGGTTCATGGGCACCAGCATTTG,AGAAGACGACGATGA,,0.0,1,1,3,0
AGCCCACATCCAAAATCAAGAACAGTTA,CGAACAGAAACACAA,,0.0,2,3,0,0
ATGCCAGAGGCATGATCATCCGCAATAA,ACAGTTGACGGACAG,,0.0,2,3,0,0
CCACCAGCGGCATTATCAGTCTCACCAG,TCTTGGAGGTGAATG,,0.0,2,3,0,0
GCTCCATAAGCAGAACCAAGCTCATTCA,AGTGTTAATCAGACC,,0.0,3,2,0,0
GTCCCAGTAGCAGCGCCAGGGCCAGATA,GTTAAATCAACAGTT,,0.0,2,3,0,0
GAATCATCATCACTCTCACAGGCAGGAT,GTTAAATCAACAGTT,,0.0,1,4,0,0
GGGCCAGCGGCAACGGCATCGCCAATCA,ATGAAGTTCATAATG,,0.0,1,0,3,1
ATGCCAATTACATGGCCAAGGACAGGGC,ACAACCTACCTGCTA,,0.0,0,3,2,0
GTCTCACTACCAAATCCATGAGCAAGAT,AAAACATTATCAAAG,,0.0,0,1,0,0
GCCGCAACCGCAGCGGCATGTCCAGAAA,CTTGATCAATCAAAA,,0.0,0,3,0,0
GGCACATGTGCACTTTCAAGCCCAGCAC,AAAACATTATCAAAG,,0.0,1,0,0,0
ATGGCAGGACCACGGGCAATCGCATGTG,ACAAGTTTTACAGTT,,0.0,1,0,1,1
TTCGCACGCACAGGACCACACTCAAAGG,ATGAAGTTCATAATG,,0.0,1,2,0,0
CGGTCAGATGCACAATCAACTTCACAGG,ATTAATACTTTGCAG,,0.0,3,0,0,0
GACGCACCATCACGGACACGGGCAGAAA,CTAGTTGTATAGCCA,,0.0,3,0,0,0
CGGACATCGCCACCCTCACACACATATA,ATGAAGTTCATAATG,,0.0,2,1,0,0
AGTGCATGGTCAGGCGCATTCACATTGG,TCAAAGCATGAAAAA,,0.0,3,1,0,0
GGCACACACGCACGACCAAATCCATGCA,CTAGTTGTATAGCCA,,0.0,4,0,0,0
GTTACACGGCCATCAACATTGGCAGAGG,AAAACATTATCAAAG,,0.0,3,1,0,0
CACGCAAGAACAGCAACAATCTCATCTC,TCAAATGATGAGGAT,,0.0,2,2,0,0
TGGGCATACGCAACGACACCCCCAACAC,CGAACAGAAACACAA,,0.0,3,1,0,0
ATCGCATAGCCACGACCAACACCAATAA,CTACTTACAACGGAA,,0.0,4,0,0,0
AAACCACTCACACAGGCAAACGCAAACA,GAGAATGAAGGACAG,,0.0,3,0,1,0
TATACAAAACCAACACCATCTTCAGGGC,TCAAATGATGAGGAT,,0.0,1,1,1,1
GTAGCAGGAGCATCAACAAACACAGATA,CTACTTACAACGGAA,,0.0,4,0,0,0
CATCCACTACCACGACCACAGGCAAGCA,ACAAGTTTTACAGTT,,0.0,1,2,0,1
TGTGCAGGCGCATTAACAAACCCAGGAA,TCAAATGATGAGGAT,,0.0,2,0,1,1
CCAGCATTTGCACCCACAGTAACAGACC,CGAACAGAAACACAA,,0.0,2,1,1,0
CACCCAGAGACAGAAGCAAGGGCACTGA,TCATAGGTATCTCGC,,0.0,1,3,0,0
TGTACAAAGGCAATAACAACCTCAGTAC,GTGTGATTACTAAAT,,0.0,3,1,0,0
AATACATAGCCAAGAACATACACAATGG,ACAGGGCAGCTCCCG,,0.0,2,2,0,0
TGGCCAATCTCAAATACAGGCGCATATC,CTATGCATTTACTCA,,0.0,2,2,0,0
AAGACATCATCATAGGCAAAGCCATGCC,TCAAAGCATGAAAAA,,0.0,2,1,0,1
TGCCCACTTACAGCTGCAGGGGCATGTC,GTTGAACTGGTTGTT,,0.0,0,0,0,4
TGTGCAACGTCACGATCAACAACACAGC,TTTTGCATTTAGGCG,,0.0,2,0,0,0
GCTGCAAATGCAAGTACAGTGCCATGAG,AGAAGACGACGATGA,,0.0,0,2,0,0
AGCTCAGGCACAAATGCATGTACAAGAC,AGAACATCATCTACA,,0.0,0,2,0,0
TGGCCAGGTCCATACTCAAACGCACGCA,ATTAATACTTTGCAG,,0.0,0,0,2,0
AGGCCAGCTACAAGAGCATTTACATAGA,TATATTGAACTTTAC,,0.0,2,0,0,0
GAATCAGTCACAGATGCAATAACACAGA,CTAAGTGTGAAGGAG,,0.0,2,0,0,0
ATATCACAGGCAGGCGCATCCACATGCT,AGTGTATGATAATAT,,0.0,3,0,0,0
TTTGCATCTTCAGCCGCACGTTCAGTAG,ACAGTTGACGGACAG,,0.0,3,0,0,0
CCGTCACTTGCAGGAACATGGCCAATGC,CTTGATCAATCAAAA,,0.0,1,2,0,0
AGATCAGAATCATGTTCAATGGCACGGG,AAAACATTATCAAAG,,0.0,3,0,0,0
CAGCCAGTAGCAACGTCAAATACATGTT,AGTGTATGATAATAT,,0.0,1,0,2,0
AGTACACTTACATTCGCAAGGGCAATCA,CATTTATGGCTATCT,,0.0,3,0,0,0
GTGGCAGACACATTCCCAGTGGCAGTGT,CTTGATGGCTGAAAG,,0.0,2,0,1,0
ACACCAGTCACAATGCCAGGTCCAAAGT,GTTTAGCTTCCGTTG,,0.0,2,1,0,0
CATACATGTTCAATGGCAGCCTCACCAC,CTCTTGAGAATACTT,,0.0,3,0,0,0
CAATCAATAACATATGCAATCCCATACC,CTACTTACAACGGAA,,0.0,2,1,0,0
GTCGCAATACCAGTATCACCAACAAAGA,AGTGTATGATAATAT,,0.0,2,0,1,0
AAAGCATGGACAATGGCAACCGCAGGAT,TATATTGAACTTTAC,,0.0,2,1,0,0
TGCCCAGGTGCATTTGCATCGACACCAA,ATATTGAGTAAGTAC,,0.0,2,1,0,0
ATGACACCGTCAAGTGCACGTTCAACAG,CTCTTGAGAATACTT,,0.0,3,0,0,0
TGGACAGAATCATACACAGGGTCAACAT,CTAAGCAGTCTTCTC,,0.0,3,0,0,0
CCTCCACTTTCAAATCCATGAGCACAGC,CTTGATCAATCAAAA,,0.0,1,0,2,0
ACCGCACGAACAGTTGCAACGGCACATT,TCAAATGATGAGGAT,,0.0,2,1,0,0
ATGTCACGCGCATTACCACGAGCAGTAA,CTACTTACAACGGAA,,0.0,3,0,0,0
TAAACAGAGTCAAAGACATTCACAACGC,TCATAGGTATCTCGC,,0.0,3,0,0,0
CGCGCAGGGTCAATCGCACGCTCAAATA,GTTAAATCAACAGTT,,0.0,1,2,0,0
GAAACATTTGCAAAGACACATACAAGCG,TCTTGGAGGTGAATG,,0.0,2,1,0,0
GCCGCAGAACCATGTGCAACCTCACTTA,CGCGATCAATCCTCT,,0.0,3,0,0,0
GTAGCACGTGCACGAACATATTCAAAAG,CGATGATGATGATGA,,0.0,1,0,2,0
GGTTCAGAGGCAGGGACAGTATCAAATA,AATGATACCATTTTT,,0.0,1,2,0,0
AAGTCACTAGCAAGAACAGGGCCAAGCG,ACAGTTGACGGACAG,,0.0,2,0,1,0
GACGCACAGGCATCGCCAGCCCCAATAT,TCATAGGTATCTCGC,,0.0,3,0,0,0
ACGGCATGCACAGTTGCACCCACACAGC,CTCTTGAGAATACTT,,0.0,1,1,1,0
CGCCCACAATCACATGCAGCTACACAAT,TCAAAGCATGAAAAA,,0.0,2,1,0,0
CTCGCATGGTCAAACGCATGTACAGCTC,ATGAAGTTCATAATG,,0.0,1,2,0,0
GAAGCATGGACAGCTACAAGTTCACGAG,GAACTCAGGTTCCAT,,0.0,2,1,0,0
GCACCAAGCACACTGACAGGAGCAGGAA,TTTAACTCACCGTAA,,0.0,0,3,0,0
TCTCCAAGTACATTGCCATCCCCAAATA,CATTTATGGCTATCT,,0.0,0,3,0,0
ACAGCAGGGGCATGTTCACTCTCAGACG,CTTTCTTGTGTATTT,,0.0,0,3,0,0
ATCGCAGGGCCACAGTCAGCTTCAGGAT,AAAACATTATCAAAG,,0.0,0,3,0,0
TGTCCAGATACACAGGCATGAACATAGG,GTTGGGCGCTTAAAG,,0.0,0,3,0,0
GTATCAGGCACATCTACACTTACAGACT,GTTGGGCGCTTAAAG,,0.0,0,3,0,0
GGGTCAAGTTCATGTGCACTAGCAGGCC,ATCGTTGGCATTTGG,,0.0,0,3,0,0
AGCCCACGGGCAAGTTCACTATCACCAA,ACAGTTGACGGACAG,,0.0,0,1,1,1
CGCTCACGCACATTTGCAGTGTCATAGA,CTTGATCAATCAAAA,,0.0,0,0,3,0
CAATCAAACCCATCTCCAGAGACACACC,GTACAAGAAATTTTG,,0.0,0,0,2,1
GCCCCAGAGCCACCTACAGCCTCAAGGT,AGAAGACGACGATGA,,0.0,0,0,1,0
AGATCAACCGCAGGCGCACGAACAGTAA,ATCGTTGGCATTTGG,,0.0,1,0,0,0
AACTCACAAACACCGACAAATCCAAAAG,TCATAGGTATCTCGC,,0.0,1,0,0,0
CAGTCAAGCTCAACCCCACAAACAGAAG,ACAGTTGACGGACAG,,0.0,0,1,0,0
GGAACATGGGCAAGGGCATGTACAGAAA,AAAACATTATCAAAG,,0.0,0,1,0,0
GACACAGCTGCAATGACACCATCATAAG,CATATGCATTCCTTG,,0.0,1,0,0,0
TAACCAGAGTCAGCGGCATAATCAACCG,GAACTCAGGTTCCAT,,0.0,1,0,0,0
AAAACACGTTCACACACAAGAGCAGAAA,TCATAGGTATCTCGC,,0.0,1,0,0,0
TGCACATCAGCATCAGCAGGTGCACCTA,CGATGATGATGATGA,,0.0,0,1,0,0
GGAACAACACCATGTACAGCAACAAAAG,GTTAAATCAACAGTT,,0.0,1,0,0,0
TAAGCAGTTGCAGGTGCAAGGTCAAAAA,ACAGGGCAGCTCCCG,,0.0,1,0,0,0
GGAGCAGTTGCACTACCACGTGCAAGTA,ATTATCAAGTGCCAG,,0.0,1,0,0,0
GTACCAGGAGCACTGCCATGTACAAGTT,ATTATCAAGTGCCAG,,0.0,1,0,0,0
TGTCCAGGATCAAAAGCATACACAGTAG,ACAGGGCAGCTCCCG,,0.0,1,0,0,0
CCAACAGGAGCATCACCATTACCACCCA,TAACCTCGCGCTGAG,,0.0,1,0,0,0
CTTTCAGCACCACAGTCAACGACAGGAT,CTAGTTGTATAGCCA,,0.0,1,0,0,0
CTACCATCGTCAATTCCATAGTCAGTGG,AAAAGAAAAATGTAT,,0.0,2,0,0,0
CGGCCACGAACATAAGCACCCACAATGG,ACAAGTTTTACAGTT,,0.0,2,0,0,0
ACCACACGCGCAAACTCACGTACATCTA,GCTAATTTCAAGAAT,,0.0,2,0,0,0
AAGCCATTCCCAACATCAAGCGCAGGCT,CTACTTACAACGGAA,,0.0,2,0,0,0
GCAGCAGGGACATCTCCATTCGCACTTA,AATGATACCATTTTT,,0.0,2,0,0,0
AATCCAGACGCACAATCAGTGCCAAAGT,TTTATAAATCAATAG,,0.0,2,0,0,0
AGTGCAGGTTCAGAGACAGGAACATACT,ATGAAGTTCATAATG,,0.0,2,0,0,0
GGAACAAAATCAGGCGCAACGGCAGCTT,TTTAACTCACCGTAA,,0.0,2,0,0,0
ACATCACCTGCATCGACAAATACAGGTA,ATCGTTGGCATTTGG,,0.0,1,1,0,0
ATTCCAATAACAGTGACAGCAACACTAG,AGTGTTAATCAGACC,,0.0,1,0,0,1
GGCACAATCTCACCTCCACTAACAGACA,TATATTGAACTTTAC,,0.0,1,1,0,0
ACCGCAACTCCATAGTCACACTCACGGC,TCATAGGTATCTCGC,,0.0,2,0,0,0
ACGTCAAGGACAAGGGCACACGCATACA,CTAGTTGTATAGCCA,,0.0,1,1,0,0
TTTTCAGATGCAGCGCCAAGAGCAAACG,TATATTGAACTTTAC,,0.0,1,1,0,0
GCTACATTTGCAGACGCAGCCACAGCCA,ATAGTCGATTAAGAT,,0.0,0,1,1,0
GCTTCACGGTCACCCGCAGGTACATTGT,GTTTAGCTTCCGTTG,,0.0,0,1,1,0
TGGTCACTATCAATAGCAGTAGCATGGG,GGTTGCCCAGAAGTA,,0.0,0,0,2,0
ATATCAAAAACAGGACCAGGCACACTCA,TTATATTTATTTGCT,,0.0,0,0,2,0
TCAACACTAACAAAGACACGGGCATGAC,CCGTTAGTATCGCTA,,0.0,1,0,0,0
GTCCCATTCGCAGTGCCAATGTCAGACA,TAATATTGTTTTGCG,,0.0,1,0,0,0
CGTACATCTGCAGAGTCAGCATCAAATC,GCTGCGGAGCCTCAG,,0.0,1,0,0,0
TCTACATAATCATAGGCATAACCACCGG,CTTGATCAATCAAAA,,0.0,1,0,0,0
ACGCCAGTTGCATGAACAAGTTCAGTTG,CTAGTTGTATAGCCA,,0.0,1,0,0,0
CACTCAGCTGCAAGATCACTCTCAAATG,CTAGTTGTATAGCCA,,0.0,1,0,0,0
TCGGCATTGGCATGCCCAGGATCACCGC,TCAAAGCATGAAAAA,,0.0,1,0,0,0
GTACCAGATGCATCTGCATGGTCAATAG,CTCTTGAGAATACTT,,0.0,1,0,0,0
GGGTCACAATCAGGGGCATATACACCTG,CATCAATGAGGCAGT,,0.0,1,0,0,0
AGATCATATCCAGCAGCATAGTCACGGG,CTTGATCAATCAAAA,,0.0,1,0,0,0
CTTTCAGCAACAAGTACAGCACCAGGTC,GCCCTCGAAACCTAT,,0.0,1,0,0,0
TTCGCAGTCTCACCCGCAAGTACACAGA,CATCAATGAGGCAGT,,0.0,1,0,0,0
TTCGCACATGCATCGACATCAGCACTAA,CTACTTACAACGGAA,,0.0,1,0,0,0
ATTGCACTTCCAACGGCAGCATCACTCT,AAAACATTATCAAAG,,0.0,1,0,0,0
AAGACAGACGCAGTTCCAATAACATGCT,ATGGCGATGGTCTTG,,0.0,1,0,0,0
CGGGCACCGGCATTCACAAAAACATGTG,TATATTGAACTTTAC,,0.0,1,0,0,0
CAGTCAAAAGCAAATCCAAAACCATGTG,GTTTAGCTTCCGTTG,,0.0,1,0,0,0
ATAACAGAAACATACACATTTTCAGCGC,ATGGCGATGGTCTTG,,0.0,1,0,0,0
TTAACAGGAACAAATGCAATAGCAAGGG,ACAGGGCAGCTCCCG,,0.0,1,0,0,0
ACTACAAGAACAGCGGCAAAATCAGGTT,CAAGGATCCCCGTAG,,0.0,1,0,0,0
CAGACAGATGCAGACACATGTGCATCAC,AGTGTTAATCAGACC,,0.0,1,0,0,0
TGTGCATCGCCACCGGCATAAGCATGTT,TCATAGGTATCTCGC,,0.0,1,0,0,0
TTACCACCTTCAAAGACATAGACATAGC,GTTTAGCTTCCGTTG,,0.0,1,0,0,0
AACCCATCGGCAAATACATGAACACCAG,TCATAGGTATCTCGC,,0.0,1,0,0,0
ACATCACAAACAACCGCAATAACAAGTT,TACACCAATTACACT,,0.0,1,0,0,0
GCAACACTAACAGGCGCAAGAACAAAGG,GTTTGTTTTGGGAAA,,0.0,1,0,0,0
CTGTCAGATACAAAGTCAACGGCAAAGC,CTTGCAAGTGTAATT,,0.0,1,0,0,0
GTCTCACCTCCAAACGCAATCTCAAAGC,GGTGGAAGTAGCAGT,,0.0,1,0,0,0
CGATCAGTGGCACACTCAAAACCATGGT,TTAGTCTTTCCATCA,,0.0,1,0,0,0
CACGCATGGCCACCATCAGCCCCATTGA,GTTTAGCTTCCGTTG,,0.0,1,0,0,0
CACACACGGACAGAAACAGTGTCACACA,CTAAGCAGTCTTCTC,,0.0,1,0,0,0
AGATCAATTACACCGTCATCAACAGGGA,TCAAAACGGAGTGTT,,0.0,1,0,0,0
ATCACAAAAACACGGACAAAACCAGCGA,ATCGTTGGCATTTGG,,0.0,1,0,0,0
GCGCCAAGGTCACGGCCATACTCATGCA,CCAAGACCGTGTAAA,,0.0,1,0,0,0
ATGTCAGTAGCAGAGACACTGCCATGGA,CATCAATGAGGCAGT,,0.0,1,0,0,0
TCGGCAAAATCATTTGCACAGGCACGCT,GTTGAACTGGTTGTT,,0.0,1,0,0,0
AGATCACACCCAAGGACACACTCAACCT,ATTAATACTTTGCAG,,0.0,0,1,0,0
CTCCCACCGTCACGGCCATTCCCACCGA,GAACTCAGGTTCCAT,,0.0,0,1,0,0
AACCCATACTCAGCCGCATATTCACGCA,TATATTGAACTTTAC,,0.0,0,1,0,0
TTCGCAGGAACAGCAGCAGGATCAGGGA,TTATATTTATTTGCT,,0.0,0,1,0,0
CATTCAAACACAGCAACACTTTCAAACA,TCAAATGATGAGGAT,,0.0,0,1,0,0
AGGCCAGAAGCATCCACAAGGCCATGGG,CGATGATGATGATGA,,0.0,0,1,0,0
AGCTCAAGGACAGTCGCAGCTTCACAGG,CTCGCTAATACTCCT,,0.0,0,1,0,0
TGCACAGTGGCACGCTCACGGCCATTTG,TATGCCCTTCTTCTG,,0.0,0,1,0,0
CGGACATTCGCACCTGCAAAATCAGCCA,GTACAAGAAATTTTG,,0.0,0,1,0,0
ACAGCATGATCAAAGACACCACCATGAA,CCGTTAGTATCGCTA,,0.0,0,1,0,0
GTCTCAGGCACATAAGCATCAGCAGTTA,GTTAAATCAACAGTT,,0.0,0,1,0,0
ACTTCACAGCCAGCGGCAGGTCCACAGG,TGATCATCACGGGAC,,0.0,0,1,0,0
CATACACTTACATAGGCACACGCATAGA,CTTGATCAATCAAAA,,0.0,0,1,0,0
GGCGCATACTCAGGCACATATACAAATT,CTCGCTAATACTCCT,,0.0,0,1,0,0
GCATCACGCTCACTCACAGCTACAACTA,TCTTGGAGGTGAATG,,0.0,0,1,0,0
TAGACATGGTCAAGCACAGCTACAGGGC,CATTGTCGGACGCTT,,0.0,0,0,1,0
TTGCCAGCCACAGGAGCAGACACAAATA,GTTAAATCAACAGTT,,0.0,0,0,1,0
AAAGCAGCCGCAAAGACACGTTCAGAAA,CTTGATCAATCAAAA,,0.0,0,0,1,0
ACTCCACAAACATCAACACAAGCAGAGC,GTACAAGAAATTTTG,,0.0,0,0,1,0
TGCCAATGGCAAACGCACTGACAACCG,CTTGATCAATCAAAA,,0.0,0,0,1,0
TGACCAGTACCAAAGCCAAAAACAGCCA,CTAGTTGTATAGCCA,,0.0,0,0,1,0
CTAGCACGTTCAAAAACAGGTACAGAAG,CCAACACAGGCTTCG,,0.0,0,0,1,0
GTTACAAACGCACGGCCACTGGCACGCT,CTTTCTTGTGTATTT,,0.0,0,0,1,0
GACTCATCAACAGAATCATGCCCAATAC,AAAAGAAAAATGTAT,,0.0,0,0,1,0
CGTTCACTAGCAGGCACAAATCCAGCTG,CCAACACAGGCTTCG,,0.0,0,0,1,0
TTGTCAAGTCCAGGAACAAACTCATAGA,CTTGATCAATCAAAA,,0.0,0,0,1,0
TCGGCATTGCCAGAAACATTCTCAACAC,TCAAAACGGAGTGTT,,0.0,0,0,1,0
TACGCAGACTCAACTGCAAAATCAAACC,TCAAAGCATGAAAAA,,0.0,0,0,1,0
AAACCATGGCCATAAGCAAGAACACCAA,TCATAGGTATCTCGC,,0.0,0,0,1,0
TCGACAGAGTCATGTCCACACACATTTG,ACCACCGGTCCTGCC,,0.0,0,0,1,0
GGGCCAATACCAAGGCCATAAGCACCGG,CGATGATGATGATGA,,0.0,0,0,1,0
CTTCCAGCAACAGGCACAAGAACACACT,TCAAATGATGAGGAT,,0.0,0,0,0,1
CAAACATGGACACGTTCAACTACACTGT,CGTCAAGACCTTCTA,,0.0,0,0,0,1
