BC,Edge,s,LL.ratio,TP1-2-T1,TP1-2-T2,TP1-2-T3,TP1-2-T4
CTAACAAATTCAAAGTCATGACCAGAAA,AGTGTATGATAATAT,-0.013968168329340743,0.0,7018,8861,2383,2042
GCTCCAAGATCACCAGCATCCTCACAAT,GTACAAGAAATTTTG,0.008768405654952434,0.0,6189,7429,4023,3562
AGGGCAATGCCAACGTCATCCTCACTTC,TCAAATGATGAGGAT,0.007457309020468625,149.87233014467347,4612,5290,2975,2552
CACTCAAACGCAACTACAACGGCAAGAA,ACAGTTGACGGACAG,-0.015091450412881327,161.29778724371135,5044,5822,1952,1419
TGTCCAATTCCAGGTTCAACTGCAGTCGG,TCGATAGAATTTACT,0.008935025439093547,71.05136790319739,3902,4512,2630,2257
GCATCAGATTCACTCACATAACCACCCA,ACCACCGGTCCTGCC,0.014504636714542586,0.0,3167,3442,2809,2165
GGGGCACCGACATCGCCACCAGCACCTG,AGTGTATGATAATAT,0.0018243567686108645,0.0,3028,3270,2151,1415
CAAGCATGAGCACCGACACAGGCACAGT,ACAGTTGACGGACAG,-0.00045964021393366146,0.0,3119,3621,1817,1361
AACCCAGATTCACCCCCACTTTCAGGTC,TCAGAGCATTGGCCT,0.02416023153558383,0.0,2076,3221,1805,1896
CCGGCACATTCATCCGCAAATGCACTCA,TATATTGAACTTTAC,0.006411199361867819,0.0,2566,2983,1776,1376
CAGTCAGCGCCAAACACAAAGACAGATC,TCAGAGCATTGGCCT,0.010745152245363402,0.0,2299,3293,1393,1404
GTGACACGTACACGAGCACGAGCACACT,TATATTGAACTTTAC,0.010782677720171356,35.75164047623184,2406,2667,1838,1471
GTTGCATCGTCACGCACAGCGGCAAGTA,GCTAATTTCAAGAAT,-0.023420541545366175,0.0,2510,2133,1015,550
CGCACACAATCAGTTACAGGGTCACATC,ACAGTTGACGGACAG,0.007671992136012826,0.0,2126,2361,1438,1184
GGTTCAATCACAGCACCATGCACAGAGG,GTTGGGCGCTTAAAG,0.005542390222924458,0.0,2027,2266,1444,1059
CAGCGCACCATGGACAGCTTCACCCT,CTCGCTAATACTCCT,0.012021639002104357,0.0,1795,2022,1368,1139
GCCGCAAAGTCATGGGCAAAGGCATTTT,CTCGCTAATACTCCT,-0.008297879525812948,84.00298959126121,2215,2568,942,764
AAGGCACATCCATTGACAAGGGCATACG,AAAAGAAAAATGTAT,-0.00044911637083582266,0.0,1929,1968,1184,842
ACCGCACCAACACATACACTTTCAACCA,ACCACCGGTCCTGCC,0.018127512770346334,0.0,1467,1818,1423,1118
TAAACAGTCACACCGCCAAGGGCATAGC,TCGATAGAATTTACT,-0.0058534442743879795,0.0,1630,1610,857,605
GAGTCAGTAGCAGCTCCAACCCCAATGT,CTCGCTAATACTCCT,0.006418335054312434,0.0,1609,2023,1071,863
ATGTCATTGGCACGTACAAGCCCATGCC,TGATCATCACGGGAC,-0.02010108174151551,0.0,1702,1595,696,412
GAAACACGGACAAGTGCATAAGCAAATA,CGATGATGATGATGA,-0.0003529652139226362,0.0,1462,1653,945,640
TCACCATCCTCAGTAGCAGACACATAGA,CATTTATGGCTATCT,-0.027720515728782064,24.95737435337651,1947,1842,630,375
CATTCAGGAGCAAAGACAGGGGCAATGA,AGTGTATGATAATAT,-0.030788665933180314,78.19506135936354,1611,1695,496,283
GGCGCATCTCCACAAACAGCGACAGTCC,TCAAAACGGAGTGTT,0.005919947318918858,0.0,1567,1623,1101,828
ATATCATCACCAATAGCACGGACACACG,GTTGGGCGCTTAAAG,0.013967654954592653,60.393582776685435,1384,1522,1186,931
GGCTCACAAGCATGTCCAAAAACAAAAG,ACCACCGGTCCTGCC,-0.02041466973493568,306.9066129497478,1814,1961,593,435
GGATCACACACACGCACAATCACAGCAG,ACAGTTGACGGACAG,0.013727801814290772,61.65854950107132,1391,1382,1286,929
CTAGCAGTGGCAATGACAACACCACAAG,AAAAGAAAAATGTAT,-0.01390151364681258,44.1349148173631,1763,1702,673,514
ACAGCAGATTCAGAGACAGAAGCATATC,GTTGGGCGCTTAAAG,-0.008122571647514443,0.0,1641,1791,808,569
AACGCATATACAATTCCATCGTCAGTGG,GCTGCTTATGAGGAT,0.006579148244894192,0.0,1412,1592,966,761
ATTCCACGTTCAAGCCCAACTACATACC,GTTAAATCAACAGTT,0.022126064028458226,450.96809443535494,1165,1427,1127,1001
ATCGCAGAAGCAGTCACATAAACATAAA,TTAGTCTTTCCATCA,-0.009930131334884294,0.0,1498,1699,795,492
TTGGCACAGGCATTTCCAGTAGCAGAGT,TGATCATCACGGGAC,-0.03974225139555553,66.39222078700368,1467,1252,318,197
CTCGCAGGGGCAAACCCAAAGTCAACAG,GCTGCTTATGAGGAT,-0.020555978557436575,81.66543264065058,1583,1700,516,378
TCTACACCATCATCGGCAAGGTCATTGC,TCAAATGATGAGGAT,-0.014075799715752034,0.0,1424,1450,569,413
ATGACATTAACAGGTTCATTGGCAGTGG,GTTGGGCGCTTAAAG,0.014892544051840548,54.12179917596586,1109,1245,943,767
TGGGCACTGACACGCACAATCACAGTCA,CTCGCTAATACTCCT,0.019325662062134843,31.88123817933956,1119,1384,999,884
CTGTCACTCGCAGGGACAAAGGCAAGTA,TATATTGAACTTTAC,-0.01206750503861434,32.25265542380657,1331,1648,617,410
ACCGCAACAACAGTCACATAGTCACAGA,AAAACATTATCAAAG,-0.006415147095388357,0.0,1370,1271,731,500
CAAACACATGCAAAAGCACGGGCAGCGG,CTCGCTAATACTCCT,0.0021153305247480153,0.0,1084,1416,684,511
GTATCAAATACAGTGTCAAATACACCCA,TTTTGCATTTAGGCG,-0.004360274686356188,2.0362586968767573,1082,1123,607,420
AAACCAACGGCATCGCCAAGTCCACCAA,TCAAATGATGAGGAT,-0.019026361786052128,0.0,1300,1116,506,325
CCCCCAATGGCACCGGCACAGCCATTCC,CGATGATGATGATGA,0.007596545324523148,0.0,1114,1298,729,619
AGTCCAGAGGCAATGGCAGGCTCACTGC,TCGATAGAATTTACT,-0.006326701647677656,0.0,1227,1161,553,449
AAAGCAAAATCAAACCCATAGTCACGAAC,GTTAAATCAACAGTT,-0.02824658249215323,0.0,1287,1361,409,244
TCAGCACTATCATGAACACCTACAGATC,TCAAAACGGAGTGTT,-0.005854503837742012,29.74358045333429,1040,1245,453,386
AAGCCATAGCCATGGTCAGTGTCAATCC,AGTGTATGATAATAT,-0.0021324417071037012,0.0,1000,1065,585,415
TCATCAGAAACAAATACAACATCATGTC,TTTTGCATTTAGGCG,-0.03617582331175077,77.37386509450334,1278,1207,310,191
AATACAGACACATCCGCAATGGCATTGC,TTTTGCATTTAGGCG,-0.0020129384071872363,7.300629206960366,946,921,607,394
TGGTCACAGCCAAGAACATGTTCAACTC,CCAACACAGGCTTCG,-0.04884919355803787,0.0,1282,857,310,131
ACTACATTGCCATGAACACTCCCACTAG,GTACAAGAAATTTTG,0.021747561784733017,0.0,844,926,759,717
ACACCACATCCAGTGTCAATATCACAGC,AAAAGAAAAATGTAT,0.008636009744448817,7.621821253063899,860,966,591,493
GACACAAAGGCAGGTACATCATCATTGC,TTTTGCATTTAGGCG,-0.01239422399375368,0.0,1013,1070,551,309
AGCTCATACACAATGACACCCCCATGCG,GAGAATGAAGGACAG,-0.03405993273788813,1.3530199675333279,1168,785,328,186
GATACACTATCAGACGCAACACCACAGC,GAGTGCTTCAAAGTT,-0.0026067190562359503,0.0,985,1057,604,403
GTTCCATCTGCAATCCCATTCACATCCG,ACAAGTTTTACAGTT,-0.009629082861551064,27.317432186780934,1044,897,462,346
AAATCAGGATCATACCCATCAGCAAGGA,CTTGATCAATCAAAA,-0.011106887270418649,0.0,880,941,481,279
TGATCAGCACCAGCCGCACTCTCACTAG,TATATTGAACTTTAC,-0.0028745814440365464,0.0,887,956,483,360
GAGCCAACAACACCTCCATCCTCATCAG,CGATGATGATGATGA,0.006166116814932896,0.0,851,872,561,453
ACCACAATAACAACTTCACATACAAACT,ACAGTTGACGGACAG,-0.0012557212855146844,0.0,967,999,520,412
CTTTCAATAGCAGGGTCATCCCCATACT,TTAGTCTTTCCATCA,-0.018695342845965423,0.0,1002,1148,333,253
CACGCATTCTCAGACGCATCGTCATCTG,TGATCATCACGGGAC,-0.01745018601971841,0.0,950,936,375,249
GGCGCACAACCAGCGTCAATATCAGGGT,GAGTGCTTCAAAGTT,-0.00690088248907809,0.0,759,906,379,273
TGGCCAATGTCATGAGCAAGCGCAAGAA,CTTGATCAATCAAAA,-0.026620974973332674,24.490168778941552,854,994,272,170
CGGTCAGGTCCATGGTCACCGCCATGG,TGATCATCACGGGAC,-0.015721170493687337,0.0,873,813,390,241
AAATCATTTGCATAGCCAGTCGCAGGCA,TGATCATCACGGGAC,-0.017705721822295822,0.0,965,902,420,251
CCATCACCTACAGCTACAAGAGCATCAC,ACAAGTTTTACAGTT,-0.02747202603481885,0.0,974,838,329,189
TCTCCAAGTGCAGGCACACTGACACTAT,CCAGGATGTACCGCC,0.011833432255328432,10.218634881772687,775,967,566,489
CTGACACGCACAGAAACACACTCATAGT,ACAAGTTTTACAGTT,-0.03055850781940378,0.0,995,858,288,176
CAGGCATGGTCACAATCAGATTCATATG,CCAGGATGTACCGCC,0.002762285182375453,0.0,749,764,438,360
AAGACAGATTCACCATCAGGAGCACTGA,AAAACATTATCAAAG,-0.015321058623719103,0.0,791,806,374,221
GGGGCACCATCATCACCAGCTACATAGT,GCTGCTTATGAGGAT,-0.006389152505671669,0.0,846,787,398,309
GAAACAATAACAGAAGCAAATTCAAAGC,GTTAAATCAACAGTT,-0.040913644880266734,0.0,887,960,134,115
AACACATTGACATGCGCAGGGTCAACAC,ATGGCGATGGTCTTG,0.01629029219330597,0.0,617,800,645,445
ACTCCAATTCCAATATCAACAGCACCCT,AGTGTATGATAATAT,-3.95502587544911e-05,0.0,740,742,377,327
AGCTCATTACCACGGCCAAGATCAATCC,AATGATACCATTTTT,-0.0024902503850925267,0.0,738,670,461,303
AGTGCACCCACAACCTCAATAGCATACC,TTTTGCATTTAGGCG,-0.005810710279399241,0.0,670,698,446,249
GGCTCAAAGGCAAATACAGTACCATGCT,ACAGTTGACGGACAG,0.0002747673403653561,0.0,612,642,328,273
CTACCAACTTCAGTCGCATCCCCACTTG,TCAACAACCTATGCA,-0.018557770469711063,0.0,777,719,304,197
AATGCAGCCTCAAGCACATGCACAGTCA,GAGAATGAAGGACAG,-0.03923088857172927,0.0,770,549,236,105
TGTGCACACGCATTCGCAGCTTCAGAAG,TATGCCCTTCTTCTG,-0.024871458035314167,0.0,715,683,218,150
GTCGCAAGGTCACCGACAAAAGCAGGCT,CTACTTACAACGGAA,0.00136518256781408,0.0,614,699,263,283
GAAACAGTTGCAGGGGCATCTTCAATCG,CTTGATCAATCAAAA,-0.006140156902362277,0.0,606,639,302,223
CCGACACGACCAGGGCCAGTTGCAGTTA,TCATAGGTATCTCGC,-0.015671577593395856,0.0,680,565,248,188
AATGCAAGAACATTCCCAGTACCATGCT,ACCACCGGTCCTGCC,0.0025645086333491826,0.0,563,652,379,269
CAGCCAATGTCACAAGCAGCTCCAATAC,GTTGGGCGCTTAAAG,-0.004298603376750801,0.0,630,758,354,245
ATGGCATAAACACCGACAGATGCATGAT,TATGCCCTTCTTCTG,-0.01377206364593267,2.588358004206384,656,675,263,192
GAGACAATAACAAGCTCAGGGCCATATG,TATATTGAACTTTAC,-0.007238360444599505,0.0,660,655,295,235
GTTTCATCCGCATCCTCAATGTCAACGA,AGTGTATGATAATAT,-0.010391558643910401,0.0,673,673,298,218
TGTACAAGCACAGCGACATCACCAACTG,GAGAATGAAGGACAG,-0.04169742220098128,0.0,687,572,180,87
AAGCCAATAACAACTGCAAACGCATTGG,ATAGAGCGGCGTTGA,-0.023978184930156677,0.0,594,545,217,128
GCAGCAGGGACAGGTACACTTGCACAGC,CTACTTACAACGGAA,0.01773439892076302,34.91651572032242,474,638,455,357
GTAGCACACTCAAGGGCACACACACCAA,TATATTGAACTTTAC,0.009147528020060537,7.691714174391564,481,584,388,280
CCGGCAATGACAAGACCACTATCATTAG,CGATGATGATGATGA,-0.0021974513133067607,0.0,606,649,272,251
GTCCCAGATGCAGGGACAGAAGCAGGCA,ACAGTTGACGGACAG,-0.0007931436727266483,0.0,581,563,313,251
CCCGCAGTGTCATCTTCATGTGCACGCG,AGTGTATGATAATAT,-0.008596306993255545,0.0,509,608,268,174
TCGGCAGGAGCACTTGCAACCCCACAGC,TAGACGGACATCTTC,-0.013288605908674282,0.0,559,544,255,166
GAGACAGGAACAGTACCACACACATCAA,TTAGTCTTTCCATCA,0.005858570123516597,57.77191069246146,474,505,448,250
AATTCAGCACCAATCGCAACAGCACCGT,ACAACCTACCTGCTA,0.009051618667081915,0.0,491,496,306,285
AGGTCACATACACTCTCACTGGCAGCAT,GTTGGGCGCTTAAAG,0.012989036553524331,27.645179836700663,496,445,433,324
TAGACAGTGACAAAAGCAGCGGCATCCG,GTTGGGCGCTTAAAG,-0.0011458888484116242,0.0,517,651,308,221
CCGCCACTATCAGACGCATACTCATAGC,ATTATCAAGTGCCAG,-0.016805560865099003,0.0,479,533,192,128
AGCTCAGTGCCAAATACAGATCCATGTA,TCTTGGAGGTGAATG,-0.05313932403373619,0.0,512,346,111,46
GATACAGGTTCAAGAGCAGAAACAGGAT,AGTGTTAATCAGACC,-0.0119282145524542,0.0,611,612,240,189
GAGGCACCATCACCGTCAATCTCAACCC,TCGATAGAATTTACT,-0.010819784646634334,0.0,566,520,300,181
GCCACAGACGCATGAGCAGCTCCAAACT,GTTAAATCAACAGTT,-0.07420429182542872,45.0961015180219,691,505,88,33
GCGGCAACGACACGTACAGTCTCAAATA,CCAAGACCGTGTAAA,-0.014645269920465406,0.0,477,515,220,136
TAACCAGAAGCAAACACACACACACACT,TTAGTCTTTCCATCA,-0.013737968029117094,0.0,570,580,237,167
GGAGCACGGCCAAGGCCACTCACACTTA,TCAAAGCATGAAAAA,-0.020580472322196834,0.0,461,377,173,110
CCAGCATGCCCAGGAGCAGAAGCAATGA,TTAGTCTTTCCATCA,-0.019547205716154818,0.0,516,576,183,127
GAGTCACGTTCAGAGACAGAAGCATATT,TTTTGCATTTAGGCG,-0.033773315896047075,32.13206952118071,579,539,170,93
TAGGCAATACCATTCGCAAATTCAGCCG,TCGATAGAATTTACT,-0.002118101705448542,0.0,448,479,247,186
GGACCACTCACAGCGCCATCGTCAGATG,ATTATCAAGTGCCAG,-0.008876722093780046,0.0,531,482,280,180
AGCACAGTGGCAAGGCCACCTCCACGCA,ACAGGGCAGCTCCCG,-0.047350236494434934,0.0,552,408,216,59
AAGACAACCTCACAGCCAGCTACAACTT,TGATCATCACGGGAC,-0.01471305660806504,0.0,485,454,228,138
ATGACACCAACAGTGACAGGTGCGGCT,TCAAAACGGAGTGTT,0.010916045759663791,0.0,448,504,299,275
TGGACACCCTCAGGTTCAAATCCAGGAG,TTAGTCTTTCCATCA,-0.020691709763306188,0.0,513,527,206,122
GTGCCACGAGCATGATCAAGTTCAATGA,TCATAGGTATCTCGC,-0.01822661422794476,0.0,453,516,228,116
AATACAATCGCAAGATCATAGCCATCAC,TCAAAGCATGAAAAA,-0.027213575358261053,0.0,450,324,132,88
CGACCAATGGCAATAACATTAGCACAGC,TATGCCCTTCTTCTG,-0.024770795083067048,0.0,518,510,199,109
GTAGCATAGTCATGGACAGGAACACAAC,TATGCCCTTCTTCTG,-0.015727337867416948,0.0,471,402,284,130
ATAACAGGGACATATCCAAGTCCACGGT,TCAAAACGGAGTGTT,-0.00030486604731199085,0.0,422,491,252,185
CTTACAGCGACAGGATCATTCACAATGG,TATATTGAACTTTAC,-0.013478088198129982,22.61517546419418,508,517,175,150
GATTCATACTCAGTCACACCTCCAGGGA,ACAAGTTTTACAGTT,-0.020023751114887075,0.0,441,361,183,107
TTAACATCAGCAGTAACACGATCAACTC,TATATTGAACTTTAC,4.6790552023982336e-05,0.0,395,427,207,175
GCCTCACTTCCAATGGCACACTCATGCA,CCAAGACCGTGTAAA,-0.00047397360091229495,0.0,376,380,222,164
ACGCCACTCACAGTATCACCTGCAATTC,CATTTATGGCTATCT,-0.0051377735013706785,0.0,385,328,226,146
TTTGCACACGCATGACCATGCGCAAAGA,TCATAGGTATCTCGC,-0.03803903360347148,21.549240237587128,467,405,103,66
CATCCAGTCCCACGCTCAATTACAAACC,TCGATAGAATTTACT,-0.028338509924674873,29.032395453698882,439,377,108,83
CGGCCAGGTGCAGGAGCATTTGCAGTTG,TCTTGGAGGTGAATG,-0.05057956449836826,0.0,402,272,79,39
GGCGCAGCGGCATACGCATCGTCAAAGT,GAGAATGAAGGACAG,-0.07083430722203495,14.086572476584479,511,347,87,27
GGAACACGTCCATCAACACCTACAGACG,GAGAATGAAGGACAG,-0.041925717307528164,0.0,485,368,121,61
GACGCATCGTCAGGTCCACGGTCACCCT,ACAGTTGACGGACAG,0.0055472105590804064,0.0,444,413,257,232
TCGCCAGCCCCATTCACAGCTCCATTAG,TTTTGCATTTAGGCG,-0.031750062522720696,27.61310743475451,416,375,101,71
GCGACATGGCCAGTAGCATAACCATTGA,CTTGATCAATCAAAA,0.011516662609753073,21.943324034359648,328,388,246,205
CCTCCACAAGCACGATCAGATACACCTC,GCTGCTTATGAGGAT,0.00047142474460497644,0.0,390,372,189,175
TAAGCAGTGGCAGCCACACTTTCACTGA,AGTGTATGATAATAT,-0.0018441616753023468,0.0,344,399,191,144
TACCCAACGCCAACACCAGAAACAACAG,AGAAGACGACGATGA,-0.08544070060905896,0.1888713380867557,440,219,48,15
GTTCCAGCAGCACCACCACAGTCACCAC,AGAAGACGACGATGA,-0.03449631336465283,11.405419508431805,439,303,146,69
GCAACAATAACAACGCCACGATCAGGAA,GAGAATGAAGGACAG,-0.06011170382531372,4.1560553677127245,343,313,56,25
GATGCAGGGCCATCAGCAGACTCAGATT,TCAAAGCATGAAAAA,-0.03866794797077857,6.036738828857779,411,374,93,57
GCTACATATGCACGCTCATAGGCAGAGG,GTTGGGCGCTTAAAG,0.0014554686134239166,0.0,370,441,238,171
TACTCATGACCAGTTACAACGCCATGCA,TTAGTCTTTCCATCA,-0.007192953901011126,0.0,359,363,175,128
AAGTCACCAACAGACGCACCGCCAACGG,ACAACCTACCTGCTA,2.319381918594772e-05,0.0,323,379,207,143
GAGTCATTGTCAATAACATCGCCAGGTT,CTAAGCAGTCTTCTC,-0.07453787993179867,0.0,423,238,40,20
CGAGCATCCCCATCCTCACGCGCAACCT,CTCTTGAGAATACTT,-0.06293127968258962,0.0,433,281,71,29
GGGGCAGGACCAATATCACGATCAATAT,ACAAGTTTTACAGTT,-0.0020764506525054413,26.476045345261355,344,301,175,143
ACCCCAGGGTCACGGCCAGTTCCATAGA,CGATGATGATGATGA,0.004661649480863324,0.0,340,420,186,173
GTTTCAGGTGCAAAATCACCAGCAATCC,GAGAATGAAGGACAG,-0.0428543619584256,0.0,466,264,104,57
GGGGCAGCTACAGGAGCATGAGCATCAA,TATATTGAACTTTAC,-0.0032761364705903083,0.0,399,362,241,160
GTTGCAGTGACAATGGCAGCATCAATAA,CGAATGCCATACAAA,0.026562699848010834,0.0,271,430,282,266
CTTGCATAGACAGGTTCAGTTTCAAACG,GTTGGGCGCTTAAAG,-0.014268093528403887,11.64653071999146,378,455,159,109
GTGACACAAACATCGTCAACGGCACAAT,AGTGTATGATAATAT,-0.0021097673302748953,0.0,301,313,170,125
GGGGCACCAACATTGACAAATTCAACGG,AAAAGAAAAATGTAT,-0.004726508268773507,0.0,336,397,201,129
GAGGCAGCTCCAAAGGCACATCCATTTC,TATGCCCTTCTTCTG,-0.021021708050174743,0.0,327,322,114,77
TAGGCAACGTCACCTACACCAACAACCT,CCAACACAGGCTTCG,-0.04324869087267174,0.0,364,269,76,44
GGCACAATGACAATGCCAAAAACAAAAA,TGATCATCACGGGAC,-0.04620819881320606,31.835492181617155,443,338,90,49
CCGCCAAGGGCATACTCATATGCAGTGG,AGTGTATGATAATAT,-0.008004231951869906,0.0,296,374,143,103
GCAACACAATCAAAAGCATGGTCAATAG,CATTTATGGCTATCT,-0.019870288718861776,0.0,320,255,119,78
ATGACACCGTCACAATCACCGGCAGCTT,AAAAGAAAAATGTAT,0.007666233039024931,0.0,264,296,179,147
CTTTCAGGCTCATGGGCAAATCCATAGA,ACAGGGCAGCTCCCG,-0.09336017512469247,24.02950072488693,372,325,24,10
AGAACATAGGCAACCTCATGCACAAAGA,CCAACACAGGCTTCG,-0.06201527930041275,0.31630234250428657,276,207,70,19
TGGGCAATGTCAACGTCAAATGCAGTAT,TTAGTCTTTCCATCA,-0.012981012442238657,0.0,347,298,180,104
CTGGCAGTGCCAGCACCAAAAACAATAT,TCAACAACCTATGCA,-0.03051570235402017,9.005544724304855,367,285,83,65
CACCCAGCGACACATCCATTTGCAGTAC,TCAAATGATGAGGAT,-0.011355954431708679,0.0,286,266,177,90
TTACCAGTTACAAAGGCAGCCACATTAG,TCAAAGCATGAAAAA,-0.039455789023282464,10.08475371641066,347,257,60,47
GAACCATTAACAGTCGCACGTCCACATT,TGATCATCACGGGAC,-0.014830353589751996,0.0,328,272,148,93
GATCCAGGATCACGGCCAAGGGCAGTCT,TATATTGAACTTTAC,0.002213255777677903,0.0,294,324,170,139
TACGCAGGTCCAATGACATGGACAAAGG,AGATTCATCCCATGG,-0.09565401742216093,0.0,302,152,26,8
CTTACAAAAGCATAGGCAATCTCAAAGT,GAGAATGAAGGACAG,-0.07684639696565564,20.12127167075505,340,248,28,15
GACACAGATACATAGACACGAGCAGCTA,CATTGTCGGACGCTT,-0.04946822272535214,0.0,329,154,51,33
ATCCCAACGGCACCTACAGCGACAATAA,CATTGTCGGACGCTT,-0.06255154507391476,0.0,310,172,26,21
CTCACAGATGCAGTTACACAGGCAGGTG,TCATAGGTATCTCGC,-0.012301707031016901,0.0,255,228,111,78
AAACCACAGGCAATCGCACGTTCACAGG,TTAGTCTTTCCATCA,-0.010987626558822522,0.0,286,305,133,91
GTTTCATGGGCAGAATCAAGTGCAGGTG,TCAAAGCATGAAAAA,-0.0145753153652347,2.5316020379018482,252,239,105,72
CCCTCATCCACAAAAGCAGTGTCACCAG,GAGTGCTTCAAAGTT,-0.0038798374000605924,0.0,226,199,129,89
CGAACACAATCATGCGCACCCCCAAAGA,TATATTGAACTTTAC,-0.008760803665275896,0.0,244,259,120,83
GCCGCAAATTCAGTCGCAATATCAGGGG,CCAGGATGTACCGCC,-0.006021901874006241,0.0,241,276,130,89
GAAACAATCACAGTCACATGAACACTCC,ATAATTTTCATCCAC,-0.036505356748510374,0.0,223,152,90,33
CGATCAGGCGCAGAGTCAGGATCACTCC,CTACTTACAACGGAA,-0.006888902854328002,0.0,214,326,108,77
GCCACACGAGCACGATCACGCTCATAGT,ACAACCTACCTGCTA,-0.012027258848569936,10.42997209938585,214,255,87,66
ATGTCATGGGCAGGAGCATCGACACAAA,CCAACACAGGCTTCG,-0.03783347835885385,2.7231264213976374,218,174,74,31
TGGGCACCGTCAAGCACATTAACATCGC,GTTGGGCGCTTAAAG,-0.0034296758177535746,0.0,238,263,128,95
ACAACAACTGCATAACCACTTCCAAAGC,TCAAATGATGAGGAT,-0.021940093045388295,1.304914691850172,227,247,81,52
GTGACACCGGGCACAGGCATTATCATTTG,TCATAGGTATCTCGC,-0.015289118515361884,0.0,236,224,101,66
AAGACAAATGCATACGCATGTTCAGGCG,GAGAATGAAGGACAG,-0.0384160864405395,0.0,229,198,71,32
TATGCATGTCCATGTCAGTCCCAATGT,GAGTGCTTCAAAGTT,-0.002646110522422475,0.0,208,296,111,85
GCATCACAAACACCAACAACGACAAGAA,TGATCATCACGGGAC,-0.025947673945326943,0.0,256,235,76,52
TCCACAATCGCATGCGCATTCACACAAA,AGTGTATGATAATAT,-0.02521693331255519,5.028467366709265,236,243,99,49
GTCACAGAAACAAAACCACTTACAAGGA,CTACTTACAACGGAA,-0.0185225738590505,6.23278000707046,197,299,65,50
TAAACAGGTCCACAAACAGTGCCACTCA,GTTAAATCAACAGTT,-0.03514058343864798,0.0,240,141,74,37
AGAACAGCTGCAAAGCCAGGATCAGGGT,CTACTTACAACGGAA,-0.0607851274025644,52.003488749010785,266,179,44,19
GTCACATATGCAGCAGCAGGAACATCTC,CTAAGCAGTCTTCTC,-0.06308488978546276,0.0,165,92,24,11
CGGGCAGTTCCAGTGACATAAGCAAGGT,ATTATCAAGTGCCAG,-0.015115138229234033,0.0,249,206,74,70
GTAGCAACTACACTAACAGTAACATATA,CTCGCTAATACTCCT,0.0036229562749906298,0.0,221,229,133,109
GGAACACAGTCAATTCCACGTCCAAAAA,TCAAATGATGAGGAT,-0.010512321444933475,0.0,189,194,90,61
CCACCACGGCCAATGACAGTAGCAAATA,AGTTTATAAAAAATT,-0.06283705716921213,0.0,268,135,31,18
GACACAATGCCATGAACACAGTCAGGAC,AAAAGAAAAATGTAT,-0.01378419588749818,5.1715704897928845,229,208,109,67
ATTGCAGATCCATCGACAAGCACAGCGA,ATATTGAGTAAGTAC,-0.05244197605655904,0.0,218,148,39,20
GTGCCATACCCATACGCATCTCCAGCAG,TCAAATGATGAGGAT,-0.01107054534121592,0.0,230,187,99,73
GTCGCAACAGCAAAAACATTCACACCGT,TCATAGGTATCTCGC,-0.00565933652742599,1.774474271315512,225,211,101,84
AGCACATGTCCAGAAACAACTGCATGGT,AAAACATTATCAAAG,-0.0299960994301718,8.173294741166046,189,218,59,34
ATCTCAGGCTCATCTCCAGAACCATTAA,TCAAATGATGAGGAT,-0.01830948827868668,0.0,184,225,78,47
GGTCCAGTGGCATCGTCAAACTCACCAA,TTTTGCATTTAGGCG,-0.018022701737006413,0.0,229,168,82,59
CATGCACATGCAGGAGCAGGACCATTCA,ACAACCTACCTGCTA,0.004939918605408982,0.0,191,218,137,98
CAGACATGCTCAGTTGCATAGACACCTA,CATTTATGGCTATCT,-0.007285675333073702,0.0,225,191,101,80
TAGGCATGACCATCGACAGTCTCAAGGT,CGAATGCCATACAAA,0.009216900226854655,0.0,144,219,107,84
GAACCACCGACAATCGCATCACCAAATA,TATATTGAACTTTAC,-0.00986986588855312,0.0,155,177,122,51
TTCTCATCGTCAAACGCATACCCAGCCA,CTATGCATTTACTCA,-0.05140212399576905,0.0,243,123,31,23
AGCGCAAGAGCACCGCCAGTATCATGTG,ACAAGTTTTACAGTT,-0.03317081486647034,0.0,214,169,107,35
AGTACATAAACAGTCACAGATTCAGAGA,TTTTGCATTTAGGCG,-0.03477984215091188,15.126569609848048,231,176,69,36
CGAACAGATGCATTGTCAAACTCAAGCG,AAAACATTATCAAAG,-0.014986843225978009,0.0,163,222,69,46
GATGCACGTGCATGAGCAAGTACAAGAA,TATGCCCTTCTTCTG,-0.02885301312674028,0.0,188,197,58,35
AATACAGCAACAACTGCAGCCGCACACC,CTTGATCAATCAAAA,-0.016009228201357733,0.0,190,203,90,52
TCGGCACCTGCAATGACATGTCCAGGTA,TCAAAGCATGAAAAA,-0.03481312556189817,0.0,167,151,55,26
AGCGCAGGTTCAATAGCACACTCAAGTA,TCTTGGAGGTGAATG,-0.03876139724233799,2.111974952568289,188,143,49,26
TACCCATGGCCACGGACATACTCAGGCA,ATAATTTTCATCCAC,-0.04750687272458772,0.0,188,145,41,20
GCGAAGCATCAATCCCATGCGCAGAAT,TTAGTCTTTCCATCA,0.013088221890609786,18.591392617352085,145,198,102,95
GCACCAGGTTCAACGCCATGACCACTGC,TCAAAGCATGAAAAA,-0.02402436669574928,0.0,158,103,57,34
CGTGCATTTCCAATCACAGGCACACGAC,TATATTGAACTTTAC,0.0010802696771814273,0.0,186,172,140,85
TCCGCACTTTCACGTGCAGAAACAGTAA,GTTGAACTGGTTGTT,-0.047608036181092855,0.0,198,204,42,21
TGTGCATGGTCAAGAGCACTTACACTGG,TCATAGGTATCTCGC,0.02684843905616086,43.70816529273452,100,145,113,99
AAAGCATTTACATGTACATACGCAGTCG,TCTTGGAGGTGAATG,-0.05374149094699079,0.0,204,149,37,18
CCCTCAGGAGCAATACCACTAGCACAGG,GCTGCTTATGAGGAT,-0.0012082901066085363,0.0,150,180,71,64
AGGACAGGTCCAATACCAATCTCACTGC,GAGAATGAAGGACAG,-0.04739470211957727,0.0,178,108,57,19
TTCCCAGAGGCAAGATCAGTATCATGTG,TAGACGGACATCTTC,-0.08882900944169483,0.0,152,138,15,7
AACACATAGACAGACACATATGCAGTAG,AGTGTATGATAATAT,0.005346124085587388,6.435444072159498,129,110,91,67
GGACCAGAACCAAATGCACAAACACCGG,TCAAAGCATGAAAAA,-0.025532018428445564,0.0,141,102,72,29
CACGCAGGACCAGAATCAGGGTCAGAGA,ACAGGGCAGCTCCCG,-0.06262546691589425,7.0982687073651505,168,106,28,8
TAGGCAACCACAGTAGCAAATGCACAAG,TAACCTCGCGCTGAG,-0.04628805042141552,0.0,145,108,54,16
AGGGCAGGTTCAGCCTCAAACTCAGTAG,AGTGTATGATAATAT,-0.009662948937172027,0.0,148,151,56,49
GGTGCAGTCACATCCGCATTCGCATTGC,CAATCTTGAATTGAT,-0.08324474446353117,0.0,145,58,16,1
TGGGCACACGCATGATCATCCCCACCAG,ACAGTTGACGGACAG,-0.005422087601797173,0.0,125,131,82,47
GGAACAAAGGCAAGTCCAATGGCAGATA,TTAATTAGAGGTATG,-0.037281015015675684,0.0,166,128,68,24
CTAACACTCTCAGTTCCAGACACAGAGG,GAGAATGAAGGACAG,-0.07228657321727279,22.819462564010223,132,72,5,0
TAGCCAGCCCCATAGCCAATGACATAAG,AAAAGAAAAATGTAT,-0.0011447374975891505,0.0,131,154,70,56
ATATCATGTGCAATGACAAGGTCAGGAG,AATGATACCATTTTT,-0.00998793610269977,0.0,122,129,33,40
GGGGCACAGCCACGCGCACGAGCAGCAA,CTAAGCAGTCTTCTC,-0.10433675585688681,1.1580084513856264,152,93,11,2
TTGACAAATACATGCCCAGTCCCACGAG,TATATTGAACTTTAC,0.00015244304406662398,0.0,126,164,54,56
AAGACAGGTACACTAGCAAGGTCAACAA,AAAAGCGACATTTCT,-0.03131171349180924,0.0,133,98,34,23
GCTTCAAACACAATACCAGAGTCAAAAA,TCAAAGCATGAAAAA,-0.04375760661036468,2.8766378485454425,126,133,26,15
GCATCAACCTCATCGGCACACTCACCTG,GAGAATGAAGGACAG,-0.03363485948375732,0.6859687248045248,124,66,44,20
AGTACAGCAACACACGCAGCACCAATGT,GCTAATTTCAAGAAT,-0.015849355792574602,0.0,120,104,64,33
GGTCCAGGGGCATGTCCAGGAGCAAAAG,ACAGGGCAGCTCCCG,-0.04148399827614691,0.0,102,92,29,13
GGGTCAATGCCAAACTCAGGTACAGTCG,AAAAGAAAAATGTAT,-0.002266580050427895,0.0,75,108,54,31
GGGCCAACACCATAATCAGTTGCAGATA,CCAACACAGGCTTCG,-0.047377673596431275,0.0,103,102,45,11
CGAGCAGTATCATCACCACTGCCAAATC,TCAACAACCTATGCA,-0.011847648090313606,0.0,129,115,64,40
CTAACACAGCCAGACTCAGCAACAAAAA,ACAAGTTTTACAGTT,-0.03861925061612278,0.0,144,142,29,20
TGCACACGTGCATTACCAACAACATGCA,GTTGGGCGCTTAAAG,0.0006647107183437457,0.0,113,114,51,51
TGTCCACAGCCATTGGCACGAGCAAGGG,ACAGGGCAGCTCCCG,-0.05131760202760873,0.0,137,91,20,13
CCACCAAAAGCAGTTGCATCTCCAGTTG,GAGAATGAAGGACAG,-0.08257085229399458,8.337675209737654,152,108,17,6
GGCTCAGGCCCATAACCACGGACACGTC,CGCGATCAATCCTCT,-0.21316329491446775,0.0,75,10,4,0
TTGCCACTGTCAGCTTCAAACCCAGCCA,TCGATAGAATTTACT,-0.025583371594253914,5.747655713615586,112,134,32,23
AGGGCATGTACAATCACAGTTCCATCCG,AAAACATTATCAAAG,-0.0038214752999084535,0.05772581970950341,109,80,45,43
GGAACAGATACAACGCCATGCTCACCGC,ATAGAGCGGCGTTGA,-0.016125982553064452,0.0,132,95,45,36
CCTGCAAATGCAAAAACATAAGCACCAA,TCAAATGATGAGGAT,-0.05909458855519658,14.882517187270196,123,99,22,9
GCAGCACCAACAAGGCCAATGTCAATAA,CTTGCAAGTGTAATT,-0.07923215866702502,0.0,92,72,11,0
CCAGCAGCAGCATACGCATTGACACTAA,TAACCTCGCGCTGAG,-0.04029594189861604,0.0,106,82,28,14
ATTTCATGGCCAGGATCAGTGCCATCGA,CTAAGCAGTCTTCTC,-0.06576551197784578,0.0,115,66,18,1
ATGTCACCCCCACCAACAGCAGCAAGCA,AGAACATCATCTACA,-0.0467240578834854,0.0,101,68,27,11
ACCTCACACTCATGTGCAGCGGCACGGA,TCAAATGATGAGGAT,-0.0037086174734374477,0.0,96,86,60,38
TAAGCAACTTCACGGCCACCCGCACATG,CATTGTCGGACGCTT,-0.05636730976819402,0.0,90,65,17,5
GAAACACAAACAATCTCAGTTACAGTCC,TTAGTCTTTCCATCA,-0.02086845107522044,0.0,93,104,44,22
TTTACACCATCAGTCCCACCACCACGTG,TCAAAACGGAGTGTT,0.012935316423712899,0.0,69,114,49,45
GGCACATTTCCAACAACATGTGCAGGAC,CTAAGCAGTCTTCTC,-0.06697603576537577,0.0,72,47,11,1
ACCTCATGGGCACTATCAAGTGCATGAC,TATGCCCTTCTTCTG,-0.008306907648470028,1.9997819190955397,87,54,42,30
CCATCAGGAACATTAGCAAATGCAGCGG,CCAACACAGGCTTCG,-0.0728651875481949,1.5014812308841101,81,53,11,6
GCTTCAGGAACAAAGTCACTCTCATATG,ATGGCGATGGTCTTG,-0.046151506859382185,0.0,82,65,19,6
ACGTCAAGGCCAGCTTCAGCGACAAGTT,TCATAGGTATCTCGC,-0.04018139424866333,5.757786417084503,83,83,14,11
CCCTCAAACACATAAGCAGCAACACCGA,TATGCCCTTCTTCTG,-0.04307919898206808,2.6310139051742,107,90,32,13
TTGCCATATTCACTCTCATGGCCACAAC,GAGAATGAAGGACAG,-0.05334700902542407,0.0,112,64,21,10
ATACCAGGCCCATTAGCAGGTGCATGAC,TTTTGCATTTAGGCG,-0.012691575023123259,0.0,86,77,28,26
TCGCCACGCTCATCCTCAGTGACATAGA,ACAGTTGACGGACAG,-0.015849355792574602,4.431900803437429,80,111,30,22
TGGTCATATCCAGATGCACAAACAATCC,CTCTTGAGAATACTT,,17.2835665052408,44,4,0,0
TTGTCAGACTCATGTACAAAAACAAAGA,AAAACATTATCAAAG,-0.0745338588024786,26.661711973969545,105,56,8,8
CGGGTCAGGTACAATGGCAAGTTCAG,GTGTGATTACTAAAT,-0.18932219256996785,0.023878971671990712,65,11,3,1
GCTACATTTGCACTTGCAGAAACATGGA,GAGAATGAAGGACAG,-0.06662760229957113,2.472436026920036,78,43,12,6
CTCACAATGGCATTCTCACACGCAACCA,CAAGTTCGGCGAAAT,-0.0950955707422264,0.0,76,33,6,1
GTCTCAGGTCCAGAAACAACTGCATCAA,CCAACACAGGCTTCG,-0.03300834284399527,0.017504440299489943,73,55,22,6
CAATCATTGCCAGCAACAAGTTCAAGCG,GCTAATTTCAAGAAT,-0.04380158835414874,7.707324496307365,70,51,17,1
ATGACAAGGCCAGTTCCAAAAACAAATG,TATATTGAACTTTAC,0.004620561595005398,0.0,61,79,30,31
ACCACACGAGCACGCTCAACACCAGTAC,CGAACAGAAACACAA,-0.13823963019336882,0.0,39,11,9,2
GTAGCACCGGCAATCGCAAAACCAGGGC,ACAAGTTTTACAGTT,-0.03815304255029812,0.0,71,64,25,10
TAGTCAGGTTCAAGCCCAGCCACAAGAG,CTTGATGGCTGAAAG,-0.04242146283503731,0.0,68,50,6,0
ACACCACCATCAATCCCAACCCCAGTCC,GAGAATGAAGGACAG,-0.038533562571257396,0.0,63,46,17,7
ACTCCAAAATCAGTTGCACGGACACACG,GAGAATGAAGGACAG,-0.06108688398255657,0.7430728164549691,64,39,11,7
GAACCAAATACAAAGACAAAGGCACTAT,TATGCCCTTCTTCTG,-0.04012962338194435,4.832439242944588,88,55,23,8
TTGGCAACCCCAAACGCAATACCAACCA,CATCAATGAGGCAGT,,0.0,57,5,2,0
CCTTCACCAGCAACTACAAGGACATGGA,AGAACATCATCTACA,-0.058686423023238565,0.0,61,68,11,7
TGTTCAGGGACAATACCAAATCCAAGGA,CATTGTCGGACGCTT,-0.09558310217854378,4.4424542299522045,81,35,4,1
GCTTCAGTATCAATTCCAGCCTCAAGCC,AGAAGACGACGATGA,-0.06862631531951817,0.0,76,43,4,6
CTTACATAGGCATTGGCAGAGTCAAGTT,CTCTTGAGAATACTT,-0.043991702651635586,1.2989488195071885,62,46,15,7
ATAACACACCCACAATCAGAAACACATC,CATCAATGAGGCAGT,,0.0,29,2,3,0
ACTTCATCCACAAACACACACACAGAAA,GTTGAACTGGTTGTT,-0.019992613015160508,2.4895901881692453,70,67,21,17
GAGACACGCACAGTTACACCATCATCCC,ATTATCATCGCCATC,-0.010726083573310527,0.0,34,25,16,4
GGCGCAGAGGCATAGCCACCGTCAATTG,CTTGCAAGTGTAATT,-0.12908497697786683,0.0,55,17,3,1
AAATCAACGACAGAGACAAGAGCAGTTT,AGAAGACGACGATGA,-0.05833494598639084,0.0,59,37,1,5
GCGTCAATACCAAGTACAGACACAATCC,GTGTGATTACTAAAT,-0.11871713403038267,0.2976356739662407,35,12,3,0
ATCACAGGAGCAAGAACATTGGCAATGA,GTTTAGCTTCCGTTG,-0.13584430609111967,0.0,45,13,4,0
AGGACAATAACACGAACACAGGCAATAG,ATTATCATCGCCATC,-0.041299541050594454,0.0,47,33,12,4
TCTACATGTCCACAGACACACACAAAC,TCTTGGAGGTGAATG,-0.09377104806722421,3.040799569251874,50,22,6,1
AGTTCAGGTTCATATGCAATGCCAAAAC,ACAAGTTTTACAGTT,-0.032702533743877236,0.0,58,47,8,9
GGTGCAATTACAGCACCAATGTCAAATG,CGAACAGAAACACAA,-0.12694094385407975,0.0,38,12,1,1
CGTACAGCCACAGTTTCAAAGTCAGCAG,GTTTAGCTTCCGTTG,,0.0,33,5,1,0
AGAGCACAACCAAGGTCAAGTTCAAAAC,AGAACATCATCTACA,-0.050059745501848975,0.0,56,43,12,3
GAACACGCGCAACGCCACCGTCAATAC,GTGTGATTACTAAAT,,0.5781252409138347,34,9,1,3
GCGGCATCTGCAACTACAAAATCAGTCG,GTTTAGCTTCCGTTG,,0.14152462107601593,39,8,3,0
GGGGCACGGTCAGGCACACGGCCATTAA,CAATCTTGAATTGAT,-0.062063510952382966,0.0,48,29,7,1
GACGCAGTAACAAAGGCAAACGCATGTA,CTAAGCAGTCTTCTC,-0.04268848569062515,0.1851914435683284,30,22,2,0
TTTACAGCCGCAGATGCACCGGCACGCA,TATATTGAACTTTAC,-0.048241363293305216,8.986902080708205,54,43,12,8
GCCCCAGAGGCAAAGCCACTGACAAGTT,CTTGATGGCTGAAAG,-0.003989453874802717,9.915118975666587,39,42,21,6
CGAGCAAGGTCATCCACAGGTACACCGT,CGAACAGAAACACAA,,0.0,27,5,3,0
GCCACAAAGCCATAGACATTGGCAGATG,TAACCTCGCGCTGAG,-0.035742237798368055,0.0,54,29,5,12
GCCCCAGTACCAGATACATTCTCAAAGC,GTTGAACTGGTTGTT,-0.05259193214278668,0.0,54,42,11,6
TTGCCATGGACAAATTCAAGGTCAAATG,TTAGTCTTTCCATCA,-0.010529953465092473,0.0,31,41,11,10
CAAGCACATACAGCGACATTCTCATGCC,CAAGTTCGGCGAAAT,,0.0,22,4,7,1
GTTACAAGGGCAGGCCCAAGACCAAATG,GAGAATGAAGGACAG,0.017095214384936996,1.4247691768994173,27,36,9,7
GTTTCATGGACACTAACACGGACATGCA,ACAAGTTTTACAGTT,-0.009436959370992768,3.8810505611475037,42,35,29,14
AGCACAATGTCAATAACATCTCCAAGGT,GTGTGATTACTAAAT,,0.0,23,5,0,0
ACGTCAGTGACACTAACAGTCTCACCAC,GTTTAGCTTCCGTTG,,0.0,32,6,0,0
AAGACAGCTGCATTGACACCAACAGGGC,GTAATCTGACTCTAG,,0.0,37,3,0,0
ACATCAACCTCAGGATCAAAATCAAGAA,TCATAGGTATCTCGC,-0.027968107887897033,2.038505136146739,30,39,10,1
AATACAAGTCCACCGCCATTAGCAAACC,GTTTAGCTTCCGTTG,,1.1894776132002534,39,9,0,0
TCACCAGCTCCAGAATCATGACCAGGTA,TCAAATGATGAGGAT,0.027183450251277597,6.251933425577533,15,33,17,15
CAGCCAGGACCAGCATCATTGGCAAAGG,ACAGGGCAGCTCCCG,-0.023202598897680747,0.3354256582229027,30,29,11,5
TTATCAAGCACAACCACAGTCCCACGAA,GTTTAGCTTCCGTTG,,0.0,11,6,0,0
TACACACCGCCAATGGCAACGCCAGCTT,TCAAAGCATGAAAAA,-0.008282837692673038,1.4786715059100288,29,30,9,0
ACGCCAAGTGCAGTATCACCAGCATTCC,CTCTTGAGAATACTT,,0.0,34,1,0,0
CTAGCAGGGGCACGCACAATGCCATGGT,CCAACACAGGCTTCG,-0.06175052165149028,0.5483860268809053,33,20,6,2
CTTTCAGGGACACACGCACGGACAGTCA,GTGTGATTACTAAAT,-0.13106523970748482,0.0,33,10,1,0
AGGACAGAATCAACCGCAGCATCATGGA,CTCTTGAGAATACTT,,0.0,11,3,0,0
GGGGCAGAATCACTATCAACCACAATCC,TAACCTCGCGCTGAG,0.014071051080403475,4.630947064590487,22,28,17,8
AGATCAGGAGCATTCACAGGATCAATTG,CTCTTGAGAATACTT,-0.0568715052345469,0.0,22,14,4,0
AGATCATATGCACGACAAAATCATCGG,GTAATCTGACTCTAG,,0.0,27,4,2,0
GTTGCACGCGCAACAACAAGCACATAGA,AGTGTATGATAATAT,-0.005876470273945,0.0,27,22,14,2
CACTCAAGATCAGGTCCAACAACATGTC,AGATTCATCCCATGG,-0.018572280008936334,0.0,15,14,2,0
CGATCATCAGCACGACCAAGGACATATG,CTAGTTGTATAGCCA,,0.0,12,0,0,0
GCCGCATAAACACATCCAAGCTCAATGG,CTAAGCAGTCTTCTC,-0.027968107887897033,1.9907892322954694,30,20,10,2
TAGTCAAACACACAGTCAATAACAAGCT,GCTAATTTCAAGAAT,-0.020011153754146305,0.0,25,23,6,6
ACTCCAAAGACACTACCACATTCATCTC,GTAATCTGACTCTAG,,0.0,10,3,1,0
AGTCCAGGAACAAGCGCACGTTAGGAT,TATGCCCTTCTTCTG,-0.03303040289004726,0.0,26,21,1,1
TTGCCAGTTGCATCAACAGAATCATGGT,GCCCTCGAAACCTAT,-0.015928954302120914,0.0,24,23,6,1
CGAAACAGCCCCAGCTTCATAACCAGCA,GTTTAGCTTCCGTTG,,0.0,26,7,0,0
CGGCCACAGCCAGGTCCAGATGCAGGTA,TCAAAGCATGAAAAA,-0.13694928970977815,9.575104618624152,35,10,2,1
AAAACACGACCAAGGTCACGGTCACTGA,GTTTAGCTTCCGTTG,,0.0,12,3,0,0
GGTTCACCGCCACCGGCAAACGCAACCC,CCAACACAGGCTTCG,-0.09116598034723,4.678673697098162,31,14,2,0
GGGTCATAACCACTCGCACGGACATAGT,ACAGTTGACGGACAG,0.01257840292291943,0.1375121232072729,20,26,15,6
GCTCCATTAACATGCACACGCGCAGCAT,TCGAAAGCACAGTAG,-0.0627555552368404,0.0,40,24,5,1
TTCACAAGAGCAGCATCAAGAACAGGAG,CCAACACAGGCTTCG,-0.001136941294458493,0.18654104667979254,27,30,4,5
GATCCAACCCCATAGCCACGTTCACTA,TTAGTCTTTCCATCA,0.09436621319643619,5.6321157123688295,8,15,20,6
CGATCAATGGCAAAATCAACCGCACGCT,ATAGTCGATTAAGAT,,0.0,16,3,2,0
ATATCATGCCCATTGTCAATGGCATTGG,GTTTAGCTTCCGTTG,,0.0,13,4,3,0
CGATCATGCGCAGGTGCATTTACATAAC,CGAACAGAAACACAA,,0.0,16,4,1,4
TGAGCAAACCCACGGACATAATCACGAG,TACACCAATTACACT,,0.0,9,2,1,0
AGGGCACACCCAACAACATTGTCAAACA,GCTGCTTATGAGGAT,,0.0,13,8,3,0
ATGGCATGTACAGCTTCAGTTACAAGAT,GTGTGATTACTAAAT,,0.0,11,4,0,0
TTAGCATAGTCAGCATCAGCTGCAGAGG,TCAAAACGGAGTGTT,0.013667946647672081,0.0,15,19,13,10
ATCTCAGCATCACCACCACACTCACTGC,CATCAATGAGGCAGT,,0.0,16,3,1,0
GGGACAGTTACAGTTCCAAAAGCAGGGA,GCTAATTTCAAGAAT,,0.0,16,8,1,0
GGTACACAGGCACTAGCATAGTCAATCA,CTAGTTGTATAGCCA,,0.0,11,3,0,0
AGCCCACCGGCAGTACCACTTACACCGC,CTTGATGGCTGAAAG,-0.06092064137002065,0.0,18,11,5,5
AAAACACTGTCAATTACAGCGGCATGAT,CTCTTGAGAATACTT,,0.0,5,0,0,0
CGTACACCGGCAAAAGCAAACCCATGCT,ATTATCAAGTGCCAG,0.03400284738933021,1.8179797124473112,19,30,4,1
GAGGCAGCAACATAAGCAAGGGCACGTC,ATTATCATCGCCATC,,0.0,23,7,0,0
GTGTCATGGCCATAGCCAGTGACATGTA,GTGTGATTACTAAAT,,0.0,19,6,4,0
AGCCCAGTTGCAAATACATAAACATGTA,GTAATCTGACTCTAG,,0.0,20,5,0,0
GTAACAAGATCAGTTTCAAACACATACC,ATTATCAAGTGCCAG,,0.0,17,6,1,0
AAAGCAAGCACAGGATCATTGTCAAACA,GTAATCTGACTCTAG,,0.0,13,1,0,0
AAACCAGCGTCAAGCGCAATAACATGTG,CCAGGATGTACCGCC,-0.005130187763111339,0.0,19,14,10,1
CTAGCACTATCAGTAGCATGGCCACGTT,CTAGTTGTATAGCCA,,0.0,2,0,0,0
TCGGACACGCCCAAGTGCACACTCAATTA,TCAAATGATGAGGAT,,0.0,6,3,0,0
CAGCCACGTTCACAGACAAAATCAAAGT,ATTATCAAGTGCCAG,-0.01632499442373052,0.0,22,21,3,1
GGCACAACGACAACCGCAAAACCATAAC,GTTGAACTGGTTGTT,,0.0,13,9,2,0
TCCGCAAGTACATACCCATCACCAATAG,GTTTAGCTTCCGTTG,,0.0,10,6,2,0
GTGTCAGTATCAATACCATCAGCAGGAT,TCTTGGAGGTGAATG,0.006559162819154141,0.0,10,12,2,2
CCAACATATACAGTGCCAGAAACAAGCC,ACAGGGCAGCTCCCG,,0.0,14,7,0,0
GACACAAAGTCACGTGCATATACACCGA,AGATTCATCCCATGG,,0.0,12,3,1,0
AAAACAACGGCAACACCATGCGCACATA,CAATCTTGAATTGAT,,0.0,13,2,0,0
ATCCCACTCCCAAACCCATCGTCAACAG,AGAAGACGACGATGA,,0.0,11,9,4,6
TGTTCAAACTCAAGAACATGGGCATCCC,CTATGCATTTACTCA,,0.0,12,3,3,0
AAGACAAAGTCAGAGTCAAACACATGGG,ATTAATACTTTGCAG,,0.0,4,4,1,0
TCGACAGAATCATAAACAAAGCCAGGCG,CTAAGCAGTCTTCTC,,0.0,5,9,1,0
CAAACAGCATCATGGTCACAAACAGACC,TCGAAAGCACAGTAG,,0.0,6,1,0,0
ACGGCATGGACAAGACCAATGCCACAGA,AGAAGACGACGATGA,,0.0,13,4,1,2
ACCGCATGACCAAACTCACAAACAACGG,GTTTAGCTTCCGTTG,,0.0,16,3,0,0
TTCACATTGTCACACTCATATACAAGTG,GAGAATGAAGGACAG,,0.0,16,7,6,3
GTCACAACTACAAATGCAACGTCAAGTA,TACACCAATTACACT,,0.0,9,1,0,0
CCGCCAAGAGCAATCCCATGCTCAAGGT,ATAGTCGATTAAGAT,,0.0,4,4,0,0
AAGTCATCCGCATGCAAACAGCACAAG,GTAATCTGACTCTAG,,0.0,12,3,0,0
AGGACAGGGCCAAATACACGTCCAAACA,GTAATCTGACTCTAG,,0.0,12,0,0,0
ATTACACGAGCACAGACAGGTAACACCGG,ATTATCATCGCCATC,,0.0,5,3,0,0
TGGGCAATTACACGGTCACAATCACCTG,TACACCAATTACACT,,0.0,7,0,0,0
TGGACAACGCCAATCGCAGGAGCACGAT,CGTCAAGACCTTCTA,,0.0,10,1,0,0
CCACCATTCACACCGCCAGGTCCAAGGC,GTGTGATTACTAAAT,,0.0,6,2,1,1
CATTCAGTATCATTAGCAGGTACATACA,CGTCAAGACCTTCTA,,0.0,8,4,0,2
AGGCCACGGCCAAGATCAATGTCAAATC,CGAACAGAAACACAA,,0.0,2,3,0,0
GGTGCATGGTCAACTGCAGGTTCAACGA,TACACCAATTACACT,,0.0,0,1,0,0
TCGACAATTGCATCTTCACGCGCAGATA,CTAAGCAGTCTTCTC,,0.0,8,2,0,0
TAGGCACGACCACCTACACAGCCAGAAA,CTACTTACAACGGAA,,0.0,7,0,0,0
TGGACACAGTCACCTACAAAGGCAGAG,GTGTGATTACTAAAT,,0.0,8,3,0,0
AACGCAATGGCACGTGCAATAACAGCTA,AGTGTATGATAATAT,,0.0,3,1,0,0
TCGACATGAACATAGACATAAACAGACG,TCAACAACCTATGCA,,0.0,6,2,0,0
CCGCCACGAACAGTGGCATATTCAAGCC,AAAACATTATCAAAG,,0.0,2,7,2,2
GGAGCATCCCCAGGATCATTGCCATGCC,GTGTGATTACTAAAT,,0.0,3,1,0,0
AGCCCAAGGACATAAACATAAGCATTTC,CAATCTTGAATTGAT,,0.0,4,1,0,0
TATTCAGAAGCAGACGCAGCAGCAGGTA,CGAACAGAAACACAA,,0.0,2,0,1,0
GAAACATTCGCAAAAACAAAACCAATGT,CTAAGCAGTCTTCTC,,0.0,14,1,0,0
GGGACACGCCCAGTAGCATCAGCAGTCG,GCTGCGGAGCCTCAG,,0.0,0,0,2,0
ATCACAACTACAGTCCCAGCTGCATGAT,CGTCAAGACCTTCTA,,0.0,1,0,0,0
ACAACATCTCCATGTCCATGCACATGAC,CGCGATCAATCCTCT,,0.0,4,0,0,0
TGCGCAACATCACCGACAGTAACACCAA,GCTGCGGAGCCTCAG,,0.0,0,1,0,0
GTTTCAAGAGCACGGACACGCACACAGG,GTAATCTGACTCTAG,,0.0,2,0,0,0
GATACAATTGCACAGCCAATCACAGATG,ATTATCATCGCCATC,,0.0,4,1,0,0
CCACCAGGCGCAGGGACAAGTACAGACT,CGCGATCAATCCTCT,,0.0,2,0,0,0
AAATCATTAGCATAGGCAACGCCAACTC,GTTGGGCGCTTAAAG,,0.0,1,0,0,0
GTAACACCCACATGGACACCTACAATGA,ATCGTTGGCATTTGG,,0.0,2,0,0,0
AACCCACACGCACGTCCAACCTCAGTAG,GCTGCGGAGCCTCAG,,0.0,1,0,0,0
AATCCATGAACATCATCAAATTCAATCC,CGTCAAGACCTTCTA,,0.0,1,0,0,0
AGCGCATTTACAAATCCAAGTGCAGTGG,CAAGGATCCCCGTAG,,0.0,1,0,0,0
TCATCAAGGTCATGATCAGACTCAGTCA,CATATGCATTCCTTG,,0.0,1,0,0,0
AGTACAGGGACAAAGGCATGCACATGAG,ATAATTTTCATCCAC,,0.0,1,0,0,0
CTTACACGCGCAATTCCATGTGCAGCCT,ACAACCTACCTGCTA,,0.0,1,0,0,0
GCATCACGAGCACTGGCAATCACATGGC,TCAAAACGGAGTGTT,,0.0,1,0,0,0
GTATCACAAACAGTGACAGGGGCAAAAC,CCAAGACCGTGTAAA,,0.0,1,0,0,0
