BC,Edge,s,LL.ratio,TP1-2-T1,TP1-2-T2,TP1-2-T3,TP1-2-T4
GTGACATGTCCAGCTACAATGCCAACTC,ACAACCTACCTGCTA,0.009551415199956177,0.0,8624,10183,7156,6073
AGGACAAAGGCATTCACAAGGACATACT,ACAACCTACCTGCTA,0.0012069656914651741,0.0,7586,9021,5304,4159
GGAACACTGGCACAAACACCGACACCTA,CTACTTACAACGGAA,0.0053821109102858864,0.0,6429,7757,4962,3995
CTTTCAGGGACACAGGCACCAACAAACA,TTTATAAATCAATAG,-0.009877018856464024,0.0,7773,8627,3871,3056
CTCACATGTGCACTAGCATAGACATCCC,ACAGTTGACGGACAG,0.0004684828306683068,0.0,6251,7224,3888,3352
TTAGCAATGCCATGAACACAGCCAATAC,ACAGTTGACGGACAG,-0.0039775993949669065,0.0,5240,5781,3130,2459
TTCACAAAACCAGAGACATCTGCACAGA,TCAAAACGGAGTGTT,-0.029817819130521454,829.769306044589,4631,5238,1273,1001
TGAACAATTGCAAAAACAGCCTCAATGA,GTTAAATCAACAGTT,-0.06464541653700658,0.0,6129,4876,1053,466
TAGCCAGGTGCAATGTCAAGCGCATCTG,TCTTGGAGGTGAATG,-0.025860027625096194,0.0,5267,4423,1888,1282
GAGACATCTTCAAGACCAAAAACAAGAT,TTTATAAATCAATAG,-0.03349212752009883,327.2468385087268,5181,6047,1450,1003
GCTCCACATACAAGGACACCGCCACTAA,CTCGCTAATACTCCT,0.004465215114686981,177.88436398516205,3874,4762,2784,2342
CACACAGATGCAGTCACAAGTGCAGGCC,TCAACAACCTATGCA,-0.003966117267780911,0.0,4188,4585,2516,1966
GATGCAAGTACAACCTCAGGAGCAGAGG,CTCGCTAATACTCCT,-0.014938776789380506,0.0,4512,4983,1980,1524
AGGGCACGTCCAGGCACATGTACAATCT,ATAGAGCGGCGTTGA,-0.018210812509621335,0.0,4187,3816,1951,1282
TAGTCAATCACATAAGCAACAGCAACGC,TCTTGGAGGTGAATG,-0.03493309995179152,0.0,4110,3698,1103,762
GCGCCACAATCAGGTGCATGGGCAGGAA,GTTCAGCTTTGATCG,-0.020488717549294017,0.0,3476,2954,1461,994
AATCCATGCCCACCCTCACCATCAGGTA,TCAAAACGGAGTGTT,0.013777175736327524,0.0,2886,3251,2790,2307
GGTACACACTCAGGCACAAGAACATAAA,GTTGGGCGCTTAAAG,0.0021556351384209777,0.0,2700,3063,1857,1523
AAACCAACTTCAGGGACATATTCACATT,AAAAGAAAAATGTAT,-0.02729271161908689,0.0,2925,2368,1048,682
GTGGCATCACCAAAACCAAAGCCATATG,CTTGATCAATCAAAA,-0.014258034792125568,0.0,2602,2814,1232,897
ATGGCATCGCCAAAAGCAATGTCAAACA,TTAGTCTTTCCATCA,-0.0066838409541869785,0.0,2607,3089,1641,1128
GATGCACACACATTGCCATAAACAAAGG,CTTGATCAATCAAAA,-0.008591292567423992,0.0,2205,2565,1118,901
GTGTCAACAGCAGGGACACAAGCAGAGC,ACAACCTACCTGCTA,-0.008641186062337377,0.0,1424,1609,753,581
GAAACAGCCGCACGCTCATTCGCATAAT,TTATATTTATTTGCT,0.005394475068358047,0.0,2265,2568,1624,1408
ACGACACAAGCATTCTCACTCACAGCCT,TTATATTTATTTGCT,0.008080796686968527,0.0,2008,2146,1609,1353
CCTACATCGGCAGCAACAGTGGCAATAG,TCAAAACGGAGTGTT,0.010157197556097808,0.0,1870,2243,1473,1341
AGGTCATAGTCACGTGCAAGGACAGTCC,TTATATTTATTTGCT,0.010965109185353554,0.0,1749,1908,1519,1285
ATTGCATCCCCAGCTCCATTACCACGTG,CTGATTTGTGCTGTC,0.010485453576346603,0.0,1454,1880,1102,1053
CTCACACTAACACTTACACAACCATCAT,TTTATAAATCAATAG,0.0015856873416021306,0.0,1596,1897,1089,885
CGGACAATACCACATACACAAGCAACAG,GCTAATTTCAAGAAT,-0.04163443764952313,0.0,1253,903,345,190
GTTCCACTAGCACCGACAAAAACACAGG,AAAAGAAAAATGTAT,-0.03190488926143361,0.0,2044,1812,711,415
TCATCAGTAACAGGTTCAGCTGCAGAGT,TTATATTTATTTGCT,-0.013056453826007739,123.61369435609049,1746,1893,724,624
TGGACAGTTCCAAAGCCATGCTCAATGT,CCAACACAGGCTTCG,-0.061135408149411104,0.0,1314,886,206,111
CTTCCAGCTCCATATGCAATGGCAAGGG,ACAAGTTTTACAGTT,-0.057907785641915795,0.0,1730,1383,355,161
CTAGCACGGTCAGCTGCATAGGCATTCA,CATTTATGGCTATCT,-0.03461469248958187,0.0,1763,1408,442,330
AAAGCAGACACAGTTACAAGCCCAAGAG,TCTTGGAGGTGAATG,-0.046594331229565716,18.139869374655973,1102,931,273,144
CCCTCACTATCAGCGCCAGCTGCAAAGT,GTTAAATCAACAGTT,-0.08537156280210266,51.45403652004643,1739,1173,127,71
GGGTCATGGCCAGAACCATCCACACCAA,TTTATAAATCAATAG,0.006832307749400329,67.20886590839291,1191,1321,1034,773
CATACAAAAACACCCGCACCCTCAAGAA,TTTATAAATCAATAG,-0.02727535903488437,62.38373820713787,1346,1770,482,314
AGAACATACACAGAGGCATAAGCAGTGA,ATTATCAAGTGCCAG,-0.012138472578136501,0.0,999,1018,606,367
AGAACAGAGGCAGCTGCACCTACACGTC,CTTGATCAATCAAAA,-0.015213574170143485,0.0,1406,1493,616,471
GTAGCATCACCAATACCATCGTCAGTGT,TTATATTTATTTGCT,0.0058631062249088935,0.0,874,889,628,551
GTAGCATTAGCATCGCCATCAACAGCCG,CTTGATCAATCAAAA,0.003339403911167603,41.5875376672102,1030,1205,714,602
ATTTCATGAACACCCGCAACCGCATGAA,GTTAAATCAACAGTT,-0.06404846888657811,0.0,956,708,193,74
TTGGCAGGGACATATGCAGTTGCATCGA,TATATTGAACTTTAC,-0.00590474307080579,0.0,1016,1330,541,450
TATTCAATCGCATATGCAGTGTCATTTA,TTTATAAATCAATAG,0.00018113643508218223,0.0,901,1077,495,479
TGGCCATGCTCAGATTCACTCACAATTT,TTATATTTATTTGCT,-0.0004173198064621947,0.0,1105,1205,650,577
GAACCAAACACAATCACAGAAACAGGCA,CTTGATCAATCAAAA,-0.004894421172370933,0.0,1001,1092,539,457
TATACAAAGCCATGGGCAACTGCACCAC,TCAAATGATGAGGAT,-0.038004399284202246,0.0,1035,799,247,175
GAGGCATCTACATTTGCAACCGCAGCGC,TATATTGAACTTTAC,-0.012229423066576631,0.0,999,1098,442,366
TTTTCAGGGGCAAGGCCAGCAACAGCAC,TTAGTCTTTCCATCA,-0.015414597715800256,0.0,940,1086,388,313
TTCACAAAGCCATGCTCAACAACATGCC,TATGCCCTTCTTCTG,-0.0239314739195985,0.0,981,926,362,253
TGGACACTCTCAGCAGCACTTTCATACG,ACAACCTACCTGCTA,0.00018621180992495155,0.0,946,1014,551,503
GCGGCAGTGGCAACAGCATGCTCAAGGT,CAATCTTGAATTGAT,-0.0566045387522383,0.0,558,410,135,54
AGGACATAGCCAAGTTCAGCCACAGTCA,AAAAGAAAAATGTAT,-0.003756867523439667,67.33617725317436,652,628,427,308
CAAACAAGCCCAACGCCAAGGTCACTTG,GTTAAATCAACAGTT,-0.05586805429536351,0.0,940,770,198,93
CGCGCAGCATCAAGCACAACCGCAAGAC,ACCACCGGTCCTGCC,-0.016633013299650952,0.0,623,604,292,200
ACGACACTACCAACGACATTGGCAACTT,CTTGCAAGTGTAATT,-0.0790547331049203,0.0,689,353,94,34
TAAACATGATCAATAACATGTCCAGCAG,CGAATGCCATACAAA,-0.00301495841874111,0.0,648,618,403,313
CAGGCAAAGACAAATGCAGAATCACGAT,CTCGCTAATACTCCT,-0.02021331024894932,0.0,600,595,215,173
GGGGCAGAGTCATTGCCATATACAGCGT,CGAACAGAAACACAA,-0.025958403774128502,0.0,581,571,274,141
GCCACAGGCACAACTTCACTTCCACTCA,TATATTGAACTTTAC,0.0026696352603219494,15.535484428111886,405,435,295,232
AAAACACAGCCAACTGCATGGGCACGGC,GAGTGCTTCAAAGTT,-0.002811545421019683,0.0,642,689,388,312
GTAACAACTACAAGTGCAGCAACAGTTG,CAATCTTGAATTGAT,-0.0653086320648858,0.0,644,362,148,48
AGGGCACCTCCACGCACAGTTACAAGAA,AGAAGACGACGATGA,-0.03328388225005285,0.0,539,483,176,105
CGGCCACGGCCAACAGCACTCGCATTTA,GTTAAATCAACAGTT,-0.04727274727294928,4.193377275263629,617,520,117,79
CATACAGTGGCAAGAGCAACAACAGGTT,CATCACCGTGCTCAT,-0.10026521404412633,0.0,279,162,24,3
CTCACATTCGCAGTTGCATCACCACTTG,ACAGTTGACGGACAG,0.007678135077737646,0.0,350,403,253,233
TTGGCATACCCAGGCGCAAAGCCAGAAG,CAATCTTGAATTGAT,-0.08229471924909894,13.157880419626053,603,386,61,27
AGCTCATGGGCAGTATCACAAGCAACAG,GTTAAATCAACAGTT,-0.0962427281481422,16.893796248469243,543,243,88,16
CAGCCAAGGACAAGATCATACGCAAGTG,CGTCAAGACCTTCTA,-0.02791020986537894,0.0,367,317,149,84
AACACAACAGCACTTCCAATATCAGAGG,CTTGCAAGTGTAATT,-0.07307637817966771,0.0,271,100,24,16
GCCGCATTGTCAAGTACAAAGCCACAGC,CTTGCAAGTGTAATT,-0.11668119995330667,0.0,226,104,14,4
GTCGCATGCGCAAACACACTATCAGGGG,GTTAAATCAACAGTT,-0.03665708264943906,13.579033712562477,142,144,57,25
GGGCCAACGTCACGGACATGTACAGGAC,TCGAAAGCACAGTAG,-0.08853241525963051,0.0,285,134,31,9
GGTCCAGAGACAGTTTCAAAGTCATGAC,GTAATCTGACTCTAG,-0.1124936166533361,0.0,267,98,9,5
ATGCCACCCGCAACCTCACGATCAAGGT,CATTTATGGCTATCT,-0.0642570201403883,0.0,182,150,41,14
TCCCCAGGAGCATGTGCATTAACACCCG,CATCACCGTGCTCAT,-0.12780887028888963,0.0,242,116,12,4
GGCTCAGTACCAATTACACGTACAAGAT,TATGCCCTTCTTCTG,-0.009735041105596871,0.0,271,297,159,107
CCGTCAATATCAGGGACAGCATACTCC,CTAGTTGTATAGCCA,-0.15539730292975287,0.0,159,38,8,3
CTTGCAGCCGCAAACACAGGGACAAGTT,CTCTTGAGAATACTT,,0.0,80,7,0,0
TGGTCAAGGCCAGTGCCAAATCCACTAT,TCAAATGATGAGGAT,-0.036058712056524646,0.0,106,96,32,19
GCACCAGTAGCAACCACATCCTCATCCG,AGATTCATCCCATGG,-0.060073517415378495,0.0,172,109,54,15
TTCGCAGGAACAAAGACAAAATCACAAA,GTTAAATCAACAGTT,-0.09963861042590423,21.301184474093816,115,48,2,0
ATGACATGGTCATGGTCAATCCCAGTAG,TGGAGTCTTTGTTGA,-0.06510094707319795,0.0,200,104,15,15
TGTACACACACAGGGTCAAGTTCAGACA,AGAAGACGACGATGA,-0.046958495145413615,0.0,147,102,44,19
GGAACAAAGCCATTAGCAGGGTCAAAGA,CTTGCAAGTGTAATT,-0.10141211747574759,0.0,226,136,19,7
GTCTCATCTGCAATGTCAATTACAAAAG,TTTATAAATCAATAG,-0.00691976715473738,0.0,135,136,77,58
TAGTCAGTGGCACCCACATTGGCAAACC,CTCTTGAGAATACTT,,0.0,41,0,0,0
AGTTCATTAGCATAGCCAGTCCCATCGA,CTTTCTTGTGTATTT,-0.0668150599625971,0.0,131,53,22,9
GCAGCACTAGCAGGCCCAGGGGCACATC,GTAATCTGACTCTAG,-0.09067739455693553,0.0,92,42,5,3
ATCACATGCTCAAAGCCAAGCTCAGTAA,AGTGTATGATAATAT,-0.006231222990548703,0.0,114,140,70,50
TTGGCATGATCAGTGCCACTTGCACAAT,TATATTGAACTTTAC,-0.012892089054234881,0.0,142,141,35,51
ACCGCAGAGACAGCATCACTTGCATGAA,GTTTAGCTTCCGTTG,-0.05462956851781278,0.0,56,32,12,1
ATCGCAAGGACACTGACAGGTACATGTA,CTTTCTTGTGTATTT,-0.06321526869025146,0.0,126,55,19,10
ACTTCAGCGGCACCCTCAATCCCAAGCG,CTTGATGGCTGAAAG,-0.03677424738635384,0.0,57,39,19,10
TCAGCAGGATCAGAAGCACAATCAAATG,CGTCAAGACCTTCTA,-0.0327965066315801,0.0,86,93,24,17
ATTCCAGGGTCACTCTCAAGTCCAGCCT,GTTTAGCTTCCGTTG,-0.13464304184258002,0.0,85,25,2,2
GGAACAGGGGCAACAACATAGGCACGAG,TGGAGTCTTTGTTGA,-0.07173620945503775,0.0,58,32,0,3
TAGCCAAAGTCACTGGCAGACTCAATCC,CATCAATGAGGCAGT,,0.0,19,0,0,0
GGAGCAGACTCAGAAGCATGGGCATCGT,ATAGTCGATTAAGAT,-0.15577395120930076,0.0,63,15,0,0
CCTACACAATCACATCCAAGTCCAACCG,GAGAATGAAGGACAG,-0.09642221724819035,0.0,58,25,2,0
GCCTCAGTCCCAGTCACAGAAGCAGCAG,CATCAATGAGGCAGT,,0.0,5,1,0,0
GTGGCATAATCATTGGCAGACGCACCAA,TACACCAATTACACT,,0.0,5,3,0,0
GTCACACGTGCAGTCTCACCTACATCAT,ATTATCATCGCCATC,-0.11259570956674689,0.0,30,11,1,0
TTGGCATAGTCATGGGCAAGAACACCTA,CATTTATGGCTATCT,,0.0,14,6,3,0
GACCCAAGATCACGTGCAGAGACACATA,TTTATAAATCAATAG,-0.004261227913014732,0.0,12,13,9,4
ACTACACGGGCAACCGCAAAACCAGGTG,CATCAATGAGGCAGT,,0.0,1,0,0,0
ACACCATAGACAGGCTCATTGGCAGCCG,TAGACGGACATCTTC,,0.0,5,2,1,0
AGCACAGGCGCAGATGCACGAACATCGT,CATCAATGAGGCAGT,,0.0,1,0,0,0
TCCCAAGAGCATTAGCAAATGCACGAC,ATTATCATCGCCATC,,0.0,10,3,0,1
TTTTCAGGGGCAATACCAATGTCAGTGA,AGAACATCATCTACA,,0.0,1,1,0,0
ACCACATCGTCAATGCCAGGGACAGAAC,CGTCAAGACCTTCTA,,0.0,3,1,1,0
GACACAGGGCCAACTACAACGGCAACTG,CTCGCTAATACTCCT,,0.0,1,0,0,0
ACGCCAATTGCAAAGCCAGCATCATTTG,TTAGTCTTTCCATCA,,0.0,0,1,0,0
TTGACACCTTCATGGCCATCTTCACGCG,CTTGATGGCTGAAAG,,0.0,1,0,0,0
ATCTCACTGGCAGTGACAAATTCACTCA,CTACTTACAACGGAA,,0.0,1,0,0,0
GAGGCATTTGCACCATCAGGCTCAGCAC,GTAATCTGACTCTAG,,0.0,1,0,0,0
GCGGCAATGCCATGTTCATGCCCAGGCC,GTTGGGCGCTTAAAG,,0.0,1,0,0,0
AGAACAGTTCCAAGAACAATCTCAAATG,GTTGGGCGCTTAAAG,,0.0,1,0,0,0
GAGGCACTGGCAACACCAGTGCCATCGT,ATTATCAAGTGCCAG,,0.0,1,0,0,0
TTCTCAAGTTCAGTCACAGCGACACGGA,GAGTGCTTCAAAGTT,,0.0,1,0,0,0
GCATCAAGGGCAGGTACAAATCCAGGGT,AGAACATCATCTACA,,0.0,0,1,0,0
