BC,Edge,s,LL.ratio,TP1-1-T1,TP1-1-T2,TP1-1-T3,TP1-1-T4
TAAACAACAGCATCCGCAAACCCAAATG,CTTGATCAATCAAAA,0.01934780700165981,5.993381928013832,15089,40534,43327,49008
ATGCCATGGCCATGAGCACCGCCATGGT,GCCCTCGAAACCTAT,-0.01943696138137206,0.0,4664,7860,6106,4732
CACTCAAGAGCACACTCAAGGTCAATTG,CCAGGATGTACCGCC,-0.006246450866377688,0.0,2745,5599,4612,4137
AAGGCAGCGGCAGGGGCACACTCAGAGA,CAATCTTGAATTGAT,0.015331495559637457,0.0,1855,5076,5056,5341
GGTCCACGTCCACCGACAGATTCATTAC,GTTTAGCTTCCGTTG,0.025762367587093143,0.0,1559,4482,4925,6138
AAAGCAGTAGCAATGACATCTGCAGCAG,TTTATAAATCAATAG,0.01241120473658476,0.0,1993,4916,4811,5257
GTCACATAACCAACTGCAGGTGCAGCCA,ACAACCTACCTGCTA,-0.0015368649158886548,0.0,2256,5054,4314,3916
GCAACACGACCAAAACCAGTAACATAGG,CTAAGTGTGAAGGAG,-0.0004994799517363516,0.0,2040,4519,4045,3653
ACGACAGCAACAGTAACAAATGCAGAAA,CGATGATGATGATGA,-0.0022651959492718658,0.0,1823,3839,3409,3096
AATGCAAAACCAGGTCCAGTTCCAAAGG,TATATTGAACTTTAC,0.0010733522842844376,0.0,1474,3434,3160,2767
GTCCCAAAGACAGTGTCAACAGCACCAA,TCAAAACGGAGTGTT,0.00197655667975359,0.0,1474,3431,3047,2843
GCGACATGACCATACTCACCTCCACCCG,GGTTGCCCAGAAGTA,0.009610721532439115,0.0,1263,2863,3037,3063
GACACACGGACAGCATCACGCCCAGGTC,GTTTAGCTTCCGTTG,0.013870382998171109,0.0,1171,2751,3004,3227
TCATCAGGGGCATATGCACCGACAGATT,CCAACACAGGCTTCG,0.01671084886996342,0.0,1124,2789,2928,3373
AAGACACTCACAACTCCAAACCCAATGT,GTTTAGCTTCCGTTG,0.01712206648198453,0.0,1075,2708,2760,3266
CCAGCAGGGCCAGCTTCAGAGGCAATAA,ACAACCTACCTGCTA,-0.004179380768022599,0.0,1420,3210,2489,2277
TTAGCATAGGCACAGACAGCATCAGCAA,GTTGGGCGCTTAAAG,0.0028677465261760736,0.0,1265,2832,2595,2506
GCATCATCTGCAATGACACTGTCAATGG,AAAAGAAAAATGTAT,0.004007099244182951,0.0,1122,2849,2431,2300
AACGCATAGACATCGACAGTAGCAGGGT,AGAAGACGACGATGA,-0.006997581687070951,0.0,1303,2739,2261,1920
GGTGCACAAGCATTCTCACGCCCAGCTG,GTTTAGCTTCCGTTG,0.019264859779228042,0.0,838,2370,2422,2715
TTCACATGCTCAATAACAAGAACAGCAA,ACAGTTGACGGACAG,0.00038321766647847824,0.0,1110,2301,2297,2041
GCTGCAGTGGCAATTGCACCCCCAGTCA,ATGAAGTTCATAATG,-0.028969896999725558,0.0,1636,2732,1692,1247
GTCACAGGCGCACTATCAACTTCAGACA,CTCGCTAATACTCCT,0.008817431980407402,0.0,948,2237,2117,2245
CTGGCAACGTCAACTTCAGGTTCACTGC,TCAAAGCATGAAAAA,-0.023992121021035057,0.0,1339,2581,1613,1185
TGACCACCGACAGGGGCAACCCCATAAG,TCGATAGAATTTACT,-0.0004988738433511058,0.0,1099,1983,1989,1968
ACACCATCCGCAAAAGCAAACCCACGAA,TTTTGCATTTAGGCG,0.0015233642319203138,3.0448243096724354,956,2121,1993,1819
AGATCAGGATCAGAGTCAAATACAGCAA,AGAAGACGACGATGA,-0.006424075917832953,0.0,1104,1994,1802,1655
TAACCAACCACAAAAACAACGTCAGGTA,ACAACCTACCTGCTA,-0.0021905614412240774,0.0,997,2102,1811,1697
TTGCCAGGGTCAAGGTCATTGCCAAGAA,ACAGTTGACGGACAG,-0.00033441186361139107,0.0,943,1901,1644,1697
GCCACAAGAACATTTGCATCACCAAGTC,AAAAGCGACATTTCT,-0.024315257664200136,0.0,1206,2052,1427,1057
AGATCATTTACAAGTACAATGTCACCCT,CTACTTACAACGGAA,-0.02744107668468496,0.0,1099,1831,1193,877
ATTACATCCGCAGATACAGAATCATGCA,TCAAAGCATGAAAAA,-0.025547201117237368,0.0,972,1770,1229,821
ATGCCAGCCTCACGGGCAACGTCAAGGT,AGTGTATGATAATAT,-0.03313768912317399,0.0,1228,1687,1153,826
AACGCATGCTCAATGTCAATTGCAGTAG,AGTTTATAAAAAATT,0.008742764567990531,0.0,689,1380,1388,1628
CAATCACGCGCACATCCACGCACAAACC,GTGTGATTACTAAAT,0.013031449492417302,0.0,550,1430,1275,1478
ACATCAAGAGCATGCGCAAGAGCAGGTA,ATGAAGTTCATAATG,-0.030332991329347258,0.0,1051,1631,1047,769
AGGCCAAAAACACGCGCACCCGCAACTA,TCTTGGAGGTGAATG,0.013749185093918469,0.0,531,1281,1342,1458
TGTACATGTGCATTCGCACAGCCAATCC,CTCGCTAATACTCCT,0.005371615551638047,0.0,627,1296,1293,1339
ACCTCATTGACAAAAACAAGAACAGCTA,TCGATAGAATTTACT,0.013245017356138582,0.0,484,1309,1377,1309
AAGCCAAATTCAATTCCAATCACACGAT,GTTGGGCGCTTAAAG,0.0035250229119275704,0.0,586,1413,1253,1184
AGTACACCTCCAGAGACAGTAGCACCGA,GCTGCTTATGAGGAT,0.0007434123692109532,0.0,545,1212,1052,1013
CAATCAATGTCAAAATCAGGACCATGAG,TATATTGAACTTTAC,0.00020218400776776958,0.0,549,1150,1062,1004
CGCTCACTCACAGTGACAGAGGCAATTA,ACAACCTACCTGCTA,-0.004449493038369656,0.0,552,1062,951,878
CGGTCATGGTCATCATCACGCGCAATCA,CTTGCAAGTGTAATT,-0.008309221474696512,0.0,552,1064,907,782
ATTGCACGTCCACTAACAGCGCCAACCT,TCAAATGATGAGGAT,-0.02179321611165544,0.0,622,1204,805,588
AGGACATCAACACGGGCAGAAACAGAGT,AGTGTATGATAATAT,-0.02709815831270888,0.0,640,1071,716,516
AATCCAAAATCATTGTCAAGAACACCCA,GTTTAGCTTCCGTTG,0.015467398401676718,0.0,367,977,832,1061
CCGACATGTGCAAATGCATGGACAAACA,TATATTGAACTTTAC,-0.006966359720069122,0.0,518,974,910,764
GGATCATCGGCATGCGCAGTATCATGGA,CTATCAAGGCTTAAT,0.021839320999541906,0.0,306,822,882,1071
TAAACAGATCCACTAACAAGTTCAGTCC,CTCGCTAATACTCCT,0.01049617949634897,0.0,367,941,822,914
GGGCAGGCGCACTGCCAAAGGCACAGG,GTTTAGCTTCCGTTG,0.019377516571786952,0.0,303,795,807,985
CCGTCAATGGCAAAACCAAACCCACATC,ATTATCAAGTGCCAG,-0.009028810108303245,0.0,471,963,736,653
GGCACATTACCACGCCCAACCGCACAGT,ACAGTTGACGGACAG,0.0038727709751190296,0.0,336,776,781,686
TAAACAAGTGCATTTGCACGTTCATCTG,TATATTGAACTTTAC,-0.0028919238247706743,0.0,402,783,719,670
AGGGCACTGCCAGCCGCATCAGCACTAA,ACAGGGCAGCTCCCG,-0.045383319665242124,0.0,644,868,535,300
CGCCCAAAGCCAGGATCACCACCAGTTG,ACAAGTTTTACAGTT,-0.02357151803402123,0.0,530,812,556,475
GGTGCATAGTCAGAATCATCACCAGAAC,ACAGTTGACGGACAG,0.004054131624023298,0.0,303,654,719,622
TCGTCACGGGCATGCGCATCGACAAGTG,GTACAAGAAATTTTG,0.014641107696351102,0.0,267,629,679,753
CATGCAGAGGCACGGACAAGCCCATGAT,TATATTGAACTTTAC,0.002802000585645014,0.0,306,755,630,605
TGGCCAGTGACACGAGCATCGGCAGAAA,TCAACAACCTATGCA,-0.004807158992263568,0.0,394,679,610,620
ACAGCAGGTCCAAATGCAGTGGCATAGT,TATGCCCTTCTTCTG,-0.011382874375217405,0.0,394,736,579,509
GCACCAGTATCAGCACCACTGTCACACG,ATAATTTTCATCCAC,-0.0028919238247706743,0.0,276,636,587,460
TGGCCAACAGCATCTACACCGACACTGG,GTTGGGCGCTTAAAG,-0.0006231836249707355,0.0,301,631,596,537
GGCCCAGGTCCAAAATCAGCTTCAAGCC,TTAGTCTTTCCATCA,0.0015663057300759082,0.0,232,550,417,442
ACCTCATCATCAGGGACAGTAGCAGTAA,TATGCCCTTCTTCTG,-0.006516363829319527,0.0,297,659,529,444
GTCCCAAAAGCAAGGTCAGTAGCAGTCG,TCAAAGCATGAAAAA,-0.03097057644965805,0.0,404,653,399,290
TGTACAATTGCAATCGCATATACAGGCT,ATCGTTGGCATTTGG,-0.057892304787479566,0.0,503,554,285,161
GGGCCATCACCAGGGACACAACCATTCC,AAAAGAAAAATGTAT,0.0028289517644695707,0.0,235,567,453,465
GGTTCATCGGCACAGCCAGGATCAAAAT,AAAAGCGACATTTCT,-0.019373878701496847,0.0,303,578,456,308
GGGGCAAAGGCATTTGCAATTTCACCCG,AGTGTTAATCAGACC,-0.00366267107213248,0.0,245,542,459,399
GCGGCAAATGCAGGGTCACGAACAGCAC,TCAAAACGGAGTGTT,0.006198263450636788,0.0,185,519,458,405
ACCACAATCACACGTACACCAACACTAA,AGTGTATGATAATAT,-0.022070728654889394,0.0,304,572,362,285
AAGTCACGCACAAGTTCAAGTTCAACAA,GAGTGCTTCAAAGTT,-0.0456230686846256,0.0,400,559,352,185
GAGTCATAATCAGCACCAAATACAATAG,GAACTCAGGTTCCAT,-0.04596350308845739,0.0,391,554,334,179
AACTCATTATCAGGACCAGCACCAGCGT,CTACTTACAACGGAA,-0.01288961364237,0.0,230,463,337,284
GAAACACTGGCATACCCACAACCATCGC,AGTGTTAATCAGACC,0.0010750520878835877,0.0,163,385,323,306
AATACAGCCCCAGTGGCAAAATCAGCTC,CTTTCTTGTGTATTT,-0.07720038448838719,0.0,368,390,138,66
TTAACAAAGGCAAACACACCCACACCAA,GTTGGGCGCTTAAAG,-0.0012068478526763005,0.0,162,386,341,284
GGAGCATTTGCAGGATCAGCAGCATGTA,TTAATTAGAGGTATG,-0.025130980296660166,0.0,228,399,301,195
GTGTCAATAGCAATAGCAAAAGCAGTCC,GAGAATGAAGGACAG,-0.01528614879008184,6.6486892607324535,228,345,268,262
GGCGCATAGGCATATTCAGGCTCAACTA,CCAAGACCGTGTAAA,-0.025390752540662503,0.0,218,395,225,185
TAAACATGGCCAGGCTCACTCGCAAGAG,ATTATCAAGTGCCAG,-0.013591901868702974,0.0,177,363,286,214
GAACCAGGATCATGCACATAAGCAACTA,ATATTGAGTAAGTAC,-0.004887149167204005,0.0,179,324,252,281
GGTACACACGCATAAACAGAATCAAGCT,ACAAGTTTTACAGTT,-0.018268942466057682,0.0,197,376,226,207
GTTCCAACAGCAGTGGCAGTATCAAGAC,TTTATAAATCAATAG,0.008625478579933697,0.0,110,417,253,259
AGTCCATCACCACATTCACAACCAAGCC,GCTAATTTCAAGAAT,-0.04936187671181974,0.0,283,312,178,117
CGCTCAATTCCAACACCAGGCTCAGAAA,GCTGCGGAGCCTCAG,-0.0730071377542277,0.0,295,342,115,60
ATGTCACTCCCACGTACAGAGTCAAGCC,AGTGTTAATCAGACC,-0.04456072087564413,0.0,222,314,167,106
CCATCAAATGCAATGACAAAAGCAGCGG,CATTTATGGCTATCT,-0.02155576495685449,0.0,167,309,264,159
GGAACAAGGACAAAGGCACCTGCAAGTG,GGTGGAAGTAGCAGT,-0.054774336386576944,0.0,239,340,149,84
AAGTCAAGCGCAGTATCAGGCACATCTC,CCAACACAGGCTTCG,-0.060307300519353894,0.0,262,305,144,78
GGGTCAATCGCAGGTACATCGGCAGGCA,CATTTATGGCTATCT,-0.005498908044499875,3.75167023498625,109,251,183,168
GGGCCACTTCCAGACTCATTAGCACAAA,GCTAATTTCAAGAAT,-0.05378346371107024,0.0,174,239,131,63
AGCGCATCAGCAGGGACAGTTTCAAAGA,TCTTGGAGGTGAATG,0.011841371223249996,0.0,86,194,178,223
GCATCACTCACACACCCAAGTACATTGA,CAAGTTCGGCGAAAT,-0.051081681865206695,0.0,163,245,108,64
GGGCCATTTCCAAAGCCATCAACATAAT,ACAGGGCAGCTCCCG,-0.02599682984343552,7.539217477441525,108,158,106,90
AGGGCAAGCTCAAAGACAGGGCCAACTT,CTTGCAAGTGTAATT,0.0004934161802125324,0.0,58,139,126,107
AAACCACCTACAAATTCAACGCCAACCC,TATATTGAACTTTAC,-0.005637623739208279,0.0,86,218,145,132
CATGCAGCGACAGCTTCAAAACCAACAG,TATATTGAACTTTAC,0.00019838944537156218,0.0,70,193,142,128
CATACAAAGACACCGACATGATCAAAGG,GCTAATTTCAAGAAT,-0.0331248684651654,5.62331211776268,107,177,112,72
TACACAAGGACAGGGGCAAATTCATGAT,ACAGGGCAGCTCCCG,-0.054913515433592984,0.0,120,209,82,42
AGTGCAGGTTCAGGTACATATGCATTCG,CTATGCATTTACTCA,-0.061868144270637214,0.0,88,117,74,25
GAATCAACAACAGACTCACCTACACACG,GAGAATGAAGGACAG,-0.0361464695357076,0.0,96,165,107,59
ACATCACTTACAATGACAGAACCAGATC,TCAAAGCATGAAAAA,-0.02419881683857727,0.0,83,179,103,73
TATACACGGGCATGAGCAGCAGCAATAG,TCAAAGCATGAAAAA,-0.017554386751227558,0.0,68,139,113,73
TACTCAGGAGCATTCGCATGAGCATGAT,ACAACCTACCTGCTA,0.0026057366446321658,0.0,58,126,93,114
AAGGCAGTTCCAAATGCAGATGCACCCC,GCTGCGGAGCCTCAG,-0.07902168915750041,0.0,106,82,35,18
TAGTCACGTTCAAGCGCAGGAACAGGGA,TCAAAACGGAGTGTT,0.001518447382539101,0.0,41,99,71,78
CCGTCATAAGCAATCACAGACTCAGCCA,TCAAATGATGAGGAT,-0.029508847032029717,0.0,68,109,52,51
AGTTCAAATGCAGCTACATTGTCACTAG,ACAGTTGACGGACAG,0.0018781042965851046,0.0,26,78,68,50
GGGTCACAATCAATCCCACTTTCAGCCT,CATTTATGGCTATCT,-0.021252955770760334,0.0,51,106,56,49
ATCGCAAACTCATAGGCACTGGCAAGCA,TTTTGCATTTAGGCG,-0.03760705298570937,1.2833332860583653,51,117,66,30
AACGCAGACTCAGCATCACCGGCAGTAA,GTGTGATTACTAAAT,0.002127171457875132,0.0,32,73,81,62
AGAACAGGAACACTGCCATGTTCAGAGT,GAACTCAGGTTCCAT,-0.027528066349669682,0.0,49,96,61,39
ATCCCATGACCACAAACATCTGCAGTTT,AAAAGCGACATTTCT,-0.006403941013364872,1.6099596511542131,38,91,53,57
CTCCCATGTGCAAGGACATTGTCAAACA,TCAAATGATGAGGAT,-0.0275474970312653,0.0,44,85,63,35
AAAGCACGTTCACAAGCATATGCAGGGA,TAATATTGTTTTGCG,-0.060711959004374254,0.0,68,65,31,20
AATTCATAGACACAGTCATGGACACTGG,GTCACCGGCACTAAC,0.05102161224467189,0.0,10,45,65,84
ATCGCATGAACAATGCCATTAGCATTGG,AGAACATCATCTACA,-0.006742353395498816,0.0,33,39,33,49
CAGGCAGAGCCAATTACATGTTCAATCC,TCAAAACGGAGTGTT,-0.101826614588099,54.4212633501985,54,57,14,5
CGTCCATGAGCAAAAACACCGTCATCCT,CCGTTAGTATCGCTA,-0.04208532140341198,0.0,35,57,31,18
ACGACAGCGTCATATGCAAGCTCACGGT,TTTTGCATTTAGGCG,-0.019919444616970386,0.0,27,41,29,27
GCAACAAAGGCAAATGCACCGGCATAAA,TCAAAGCATGAAAAA,-0.016742438623492856,0.0,20,65,16,22
GGGACAGGATCAATAACAGATACAGTCG,GAGAATGAAGGACAG,-0.031529667759244234,0.0,17,54,36,12
GCAGCAGAGCCAATGACACTTACACCAC,CTAAGCAGTCTTCTC,,0.0,28,8,6,5
CAATCACTGGCACCTGCAAAATCAGGTT,TCAAAACGGAGTGTT,-0.014502146967044549,3.9091499388374586,17,52,22,20
CGGACATCGTCAGGAGCATGGGCAGTGC,AGTGTTAATCAGACC,-0.0909003843152032,0.0,31,15,10,0
CAAGCATAGACAAGAACAAATTCACAAC,TCAAATGATGAGGAT,-0.012235322663242667,1.1366856742914138,27,27,19,34
TACCCAAATGCAGATGCATTAACAGTCT,CTTGATCAATCAAAA,-0.02172168532597955,0.03286597919358769,19,43,16,18
AGCCCAGAGTCATCTTCACGATCATTCG,CTCTTGAGAATACTT,-0.15995577307937434,0.0,33,15,9,1
TACTCACAACCACGTACAAGTCCATGAA,TGATCATCACGGGAC,-0.16278615069565938,0.0,43,19,3,0
GGGTCAGCGTCATATGCAATCGCACAAG,TAATATTGTTTTGCG,-0.011173969134720676,0.0,10,19,11,13
ATCCCATGCTCAGACACACGGACAAATG,CTTGATGGCTGAAAG,-0.038680847590129644,0.0,12,23,11,3
CCGTCACGATCATTGTCACTGTCAGGAT,CTTGATCAATCAAAA,-0.009864875569770205,0.0,4,20,16,0
ACAACATGCTCAATCCCAGCCCCAATAA,TGATCATCACGGGAC,0.004445208794297217,0.0,7,13,12,8
GTAGCACGGGCACATGCAAAAACATTGG,ACCACCGGTCCTGCC,,0.0,9,18,6,1
GTCACAATTTCACGTGCACTGCCACTCC,GCTAATTTCAAGAAT,,0.0,9,6,3,4
TAGGCATTCACAGATACAGCCGCAAATC,CGCGATCAATCCTCT,,0.0,4,8,5,8
GTACCAAAGACAGCCACACGCCCACTTG,TAGACGGACATCTTC,,0.0,8,2,7,1
GTTTCAGTGCCACAGGCAGGAACAACTA,CTATGCATTTACTCA,,0.0,9,1,0,0
GTAGCACTAACACGGGCAAGCGCACCCA,CCAACACAGGCTTCG,,0.0,4,3,1,2
AAGCCATTAGCACTTCCAACGACATGAA,ACAGTTGACGGACAG,,0.0,0,0,5,1
GCGACAGGCGCACTCGCACTGTCACAAT,TATATTGAACTTTAC,,0.0,0,0,4,2
CCAACAGAAACAGTAACAAACTCACTCG,CGTCAAGACCTTCTA,,0.0,0,1,1,2
CCATCAGTTGCAATAGCACGACCATCGA,CATTTATGGCTATCT,,0.0,1,0,0,0
GGTACAGTTCCAGGGCCATGGGCAGATT,GTTTAGCTTCCGTTG,,0.0,1,0,0,0
TGGCCACTGGCAATTCCAGCGTCACATC,TCATAGGTATCTCGC,,0.0,2,0,0,0
TTTCCAATGCCAGTGTCAGCTGCACGTA,AGTGTTAATCAGACC,,0.0,2,0,0,0
CCGTCATTGTCAGCTGCAAAACCATAGG,CTAGTTGTATAGCCA,,0.0,3,0,0,0
AAGTCAGTGACACCTTCAAAGGCAAAGA,ATAATTTTCATCCAC,,0.0,0,3,0,0
GCCGCAGCACCACTGGCAGCGTCACCGG,GTACAAGAAATTTTG,,0.0,0,0,2,1
GGTGCATGTGCACACCCACTGACACCCA,CATTTATGGCTATCT,,0.0,2,0,0,0
GGGTCATTACCAAAGCCACCCACAGAGG,GTTTAGCTTCCGTTG,,0.0,1,0,0,0
ACTACACTGACAAGGGCAAGTGCATGAT,CTAAGCAGTCTTCTC,,0.0,0,1,0,0
ATGTCAAATACAGCGCCATTCCCAGTCC,ACAAGTTTTACAGTT,,0.0,0,0,1,0
AGAACAGCGTCAGGAACAATACCACCTG,CTTGATCAATCAAAA,,0.0,0,0,1,0
AATTCAATGGCAATTCCACCATCATAAG,TCTTGGAGGTGAATG,,0.0,0,0,1,0
TGCACAAATCCACTCCCAGTAGCATAAG,CAAGTTCGGCGAAAT,,0.0,0,0,1,0
CTTCCACATGCAATTTCAAACCCAGTTC,ACAACCTACCTGCTA,,0.0,0,0,1,0
AACTCATGCCCACAAGCAAATCCAATAA,TCGAAAGCACAGTAG,,0.0,0,0,1,0
TATCCACGATCAAACACACACACACGTA,AGAAGACGACGATGA,,0.0,0,0,0,1
AAGGCAACCGCATTGCCAGGGCCATAAG,TCAAAACGGAGTGTT,,0.0,0,0,0,1
