BC,Edge,s,LL.ratio,TP1-1-T1,TP1-1-T2,TP1-1-T3,TP1-1-T4
ACTGCATGAGCAATCGCATCGGCACACA,TCAAAACGGAGTGTT,0.00351435327559102,0.0,1153,2914,2686,2917
TCGGCACATGCACTGACAGCAACATGGA,CTCGCTAATACTCCT,0.0063577778333380715,0.0,1009,2652,2352,2780
TAGGCAAGTACAATGACACAGCCATAGC,ACAGTTGACGGACAG,-0.0019152243810830992,0.0,1116,2548,2343,2399
TGAACAGGTTCACTACCAGCCACATCAG,TTTATAAATCAATAG,-0.00021041514754975855,0.0,1105,2462,2353,2500
CAATCAAAGGCATCTCCAACAGCAAATC,ACAACCTACCTGCTA,-0.0006210720936312255,0.0,1065,2513,2317,2380
GGCCACCGGCATTAGCAACTACAATGA,TCGATAGAATTTACT,-0.008591059022242059,0.0,1185,2363,2038,2085
GCCCCAGTTCCACAAACAAGTACATAGC,ACCACCGGTCCTGCC,-0.002728129118929745,0.0,838,1876,1760,1758
GGACCACATGCACCTCCACGTTCAACTT,TGATCATCACGGGAC,-0.017728158609923484,0.0,927,1925,1333,1240
CATACACGGCCAGCGACAAAGTCATAAG,GTTGGGCGCTTAAAG,0.000233189980178746,0.0,690,1542,1472,1582
ATACCATGTGCAATCACAATTGCAGCCT,ACAGTTGACGGACAG,-0.001171077414337551,0.0,656,1510,1457,1442
CGGTCATCGGCAATAGCAAATACACAGA,TCGATAGAATTTACT,-0.004586733184542894,0.0,691,1484,1393,1371
TAATCAGTTACACGACCAACATCACACC,TTTATAAATCAATAG,0.0006074903317266379,0.0,590,1347,1309,1368
CATTCATGCCCAGTTACAGGTGCAGGCA,GTTGGGCGCTTAAAG,0.008580691188278021,0.0,511,1307,1282,1505
GTTTCACCGACATGTACAGAGACAATGG,TATGCCCTTCTTCTG,0.0011764266944177763,0.0,555,1309,1276,1309
GTCGCAAGGCCAAGATCAGTAGCAAAAG,CTCGCTAATACTCCT,0.005617835239800639,0.0,511,1179,1287,1377
TACTCATCTGCACGACCAAACTCATACG,GTTGGGCGCTTAAAG,-0.002008919930488995,0.0,571,1274,1217,1224
CACTCAATTTCAACTGCAGAGGCAGAGG,CTACTTACAACGGAA,0.0020426095769422374,0.0,523,1319,1110,1266
GCGGCAACATCAGGCGCAAACACATCAA,TTAATTGCACTTATG,-0.0013803928739961767,0.0,526,1176,1033,1149
GGAGCAGGCCCACGGTCAACGCCAGATG,AAAAGCGACATTTCT,-0.00930665000971224,7.192442787489881,565,1253,1066,973
GAATCAAGACCACCAGCAAGATCAACTT,CTACTTACAACGGAA,-0.006726209172455114,0.0,517,1031,1003,962
TTAACAGGCACATCTACAACAGCAAAGG,GTTGGGCGCTTAAAG,0.004546996829987189,0.0,420,980,947,1096
CATTCATGTCCAGCAACAGGGCCACGCT,TCGATAGAATTTACT,0.012808328556338629,31.603378357616748,329,1013,913,1100
ATAACACCACCAAAGACATGCGCACACG,TCAAAACGGAGTGTT,0.00439383557047468,0.0,410,883,970,1065
GTCGCAGTGCCACAGGCATTAACAGGGT,AGTGTATGATAATAT,-0.006251616929240173,0.0,453,1012,989,855
CCATCAACATCAATTGCATGCCCAAGAG,ACCACCGGTCCTGCC,0.0040372415743059305,0.0,379,847,979,974
CTACCATAAGCACTAGCACGTTCAACCC,ACAACCTACCTGCTA,0.0006185043123991367,0.0,407,933,811,944
CCGTCAGCAGCATTAGCAAACTCACTTC,TTTTGCATTTAGGCG,-0.02075406860872833,0.0,510,1002,727,623
TCCGCATTGGCACGCCCATACTCAAGAA,TTATATTTATTTGCT,-0.0015560097146751033,0.0,399,867,775,867
CGAGCATCGGCATCCACATGATCATATG,TTTATAAATCAATAG,-0.005521337811673439,0.0,438,783,786,845
GGCACACGGTCACCGTCAAGCACAGATG,GTTGGGCGCTTAAAG,-0.0031686096421442195,0.0,384,857,787,795
CAACCACGGGCAAAGACATTCTCATCAG,TTTATAAATCAATAG,-0.002846819275549691,0.0,354,861,770,740
GCGTCACGCCCAGGCGCAATCTCATATA,AAAAGAAAAATGTAT,-0.007948036505175187,0.0,417,798,768,748
AGCGCATTGTCATCGACACCCTCAGCAG,TCTTGGAGGTGAATG,-0.010014690654789578,0.0,398,833,674,671
CTAACATTTTCAGGGGCACCGACAAGCC,CGATGATGATGATGA,-0.001359831235344844,0.0,323,737,676,706
CATGCACTATCAGGAACAGACGCAATTA,TATATTGAACTTTAC,-0.005161915116859002,0.0,361,750,618,704
GTTCCAGGCGCAGACGCAAGATCAAGCC,TATATTGAACTTTAC,-0.004713673923404694,0.0,341,648,683,674
TAGTCATAGCCAAACGCAAAAGCATGGG,CTACTTACAACGGAA,0.00233116915978336,0.0,283,725,693,691
GGCCCAGTTGCAAATGCACGGTCATGAC,TATATTGAACTTTAC,0.003919842943205762,0.0,271,698,616,694
ATAACACGGACACGGTCAATTTCAGAAG,ACAGTTGACGGACAG,0.003166746284086116,0.0,272,661,644,681
TAAGCATAATCACAACCAGGATCACGGC,ACAGTTGACGGACAG,0.00836341292412294,0.0,257,616,537,752
GAATCAAGTCCAGTGACAACGGCAACAT,CTCGCTAATACTCCT,0.0057178193949696254,0.0,249,603,605,673
AGCGCATGTTCAGGCGCACGCCCACTAG,CTCGCTAATACTCCT,-0.0011009947588401868,0.0,286,628,550,630
ATTTCAGGAGCAATGTCACGGTCAATGG,TATATTGAACTTTAC,-0.006848947488283204,0.0,308,687,502,571
CTTCCACGTTCAGTCTCAAGTTCACCTC,TTTATAAATCAATAG,-0.008211164835970914,0.0,295,654,514,525
AACACAGCCTCAGCGCCACAGACAGAAC,AGTGTTAATCAGACC,-0.01390975810742557,0.0,338,581,513,507
CCGCCAAGCCCATTAACATATACATACG,CATTTATGGCTATCT,-0.025421015111944528,0.0,355,693,510,377
CATCCAACAGCAATATCACTGACATGCA,ACAGTTGACGGACAG,0.002739277948009914,0.0,248,583,516,613
TGGCCACAGTCAGAAACACAATCATGGA,ACCACCGGTCCTGCC,0.000782967893676571,0.0,272,510,574,634
ACCGCAGCAGCAACGTCACAACCATAAT,AAAAGAAAAATGTAT,0.00015528795008144672,0.0,254,550,531,581
ACCTCACTATCAGGAACAAAGGCATAAG,TTTATAAATCAATAG,0.002609708819153544,0.0,238,576,533,586
AGTACAGAGACATTGTCAGCTTCATAAC,TATATTGAACTTTAC,-0.009975794356433912,0.0,314,546,461,530
TTCGCAGTAACAGTGCCAGCTTCACACG,CTTGCAAGTGTAATT,-0.011801457097168925,0.0,291,591,540,465
ATGTCAGCGGCACTTCCAATACCAGGCA,GTTGGGCGCTTAAAG,-0.003210230243227561,0.0,251,528,563,519
CATGCATAGACACGGGCATCATCAAAAA,TTTATAAATCAATAG,0.002907835465207779,0.0,223,488,514,554
CTGGCATCAACATAGGCACAATCAGTAC,TCTTGGAGGTGAATG,-0.0049626363212287895,0.0,262,586,468,514
ACTCCATCGGCAATCACAGCGGCACTAG,AGAAGACGACGATGA,-0.01940109206556403,0.0,327,622,443,416
ACAGCATTTGCAAGGACAGGTTCAACTG,TCAAAACGGAGTGTT,0.0034527738798908482,0.0,198,576,514,500
CGCACAACAACATCAGCAAGAGCACGAC,TGGAGTCTTTGTTGA,0.002135235413675648,0.0,241,515,474,585
TGTCCAGCTACAAGCTCATCGCCAAGGT,CGATGATGATGATGA,-0.004559305341653289,0.0,280,463,499,556
AGAGCACGCCCAAGCACAACCTCAATAC,CTCGCTAATACTCCT,0.014864019082344554,0.0,187,474,467,665
AATACAACACCACTTACAAGAGCAGTAC,CGAATGCCATACAAA,-0.009015054214807394,0.0,255,591,495,443
AAGTCATTGTCACAGACATGGGCAAATG,ACAGTTGACGGACAG,0.010142517774891785,0.0,185,517,472,571
GACGCAAGGGCAAGCGCAAGGGCAGGCC,TGATCATCACGGGAC,-0.02372302525466617,0.0,332,645,417,371
GAGACATTCTCAGAGCCACAGCCACAAG,AAAAGAAAAATGTAT,-0.008320154309414655,0.0,283,525,464,502
CTATCAGGGTCAAGAGCAGCATCATTTG,ACAACCTACCTGCTA,-0.006498861727170432,0.0,245,531,513,459
GAACCAACCTCAGGTGCAAATTCAAGAG,TTTATAAATCAATAG,-0.006704904036540056,0.0,239,620,460,445
AAGGCAGTCCCAAACGCATACGCAGCGT,TTTAACTCACCGTAA,-0.028713188134544848,0.0,343,611,410,330
GCTTCAGTCACACTGTCAGAGTCATCGA,ATGGCGATGGTCTTG,0.00026127198127802567,0.0,207,525,518,475
TTACCAGATGCACCAGCACTCACATACA,ACAACCTACCTGCTA,-0.006650270346278815,0.0,237,560,461,442
GGCGCATACGCACGGTCATTGGCACGGC,AGTGTATGATAATAT,-0.0004392691404157961,0.0,247,478,425,555
AACTCATCTGACATGCAGTTCCAATAC,TTTATAAATCAATAG,-0.00107753855543146,0.0,230,428,491,507
CATCCAGTAGCAGCGTCACAGGCAGCTG,CCAAGACCGTGTAAA,-0.012252310262344546,0.0,255,531,410,402
GAAGCAGTTACATGGACAAATACATCAC,TTTATAAATCAATAG,-0.009009266675365243,0.0,221,555,450,384
TTCACACTCACACGGGCAAACGCACCAG,TCGATAGAATTTACT,-0.004527610246061882,0.0,242,459,425,481
ACGACATATCCAGCGACAACCACACAGT,CTCGCTAATACTCCT,0.006815481375016856,0.0,179,489,436,500
AACACATACCCAGGCGACACAATCAAACG,TTTATAAATCAATAG,0.002784611660607601,0.0,181,492,459,448
GGGCCAACAGCATTCACATCGGCAAAAC,ACAGTTGACGGACAG,-0.0021944878457916452,0.0,205,437,482,437
CCCGCAGGGTCATCGGCAAGACCATGAG,TATATTGAACTTTAC,-0.008834954722202993,0.0,225,437,470,393
CTAGCAAATACACGCACAAGGACATCAA,TTAGTCTTTCCATCA,-0.02023871685507014,0.0,266,526,381,330
CTCGCAGTAGCATGTCCACATTCAAGTA,GTTGGGCGCTTAAAG,0.007502075683235782,0.0,175,392,459,499
GCCGCATGTACAGCCTCATAGGCAGCGC,AAAAGAAAAATGTAT,-0.0017256061335684254,0.0,210,468,382,454
GGACCACCCGCAGTCTCAGTGACAAACG,TCAAAACGGAGTGTT,0.004000285150908386,0.0,164,465,443,421
AATCCAAAGGCAGATGCATCCCCATGTG,ACAACCTACCTGCTA,0.00042537699545529907,0.0,183,400,443,422
ACTCCATAACCATGCCCACGTGCATCAA,AGTGTATGATAATAT,-0.0024291786090039277,0.0,197,435,419,417
ACGCCAGGTTCAGCTGCAGTGACAGGGA,CTACTTACAACGGAA,0.016985664252559544,22.05423774128394,138,350,444,523
CTGCCAATTGCACTATCAGCAGCACACA,ACCACCGGTCCTGCC,0.007651012188764665,0.0,162,390,424,464
AGCGCACAATCAATCCCACCTCCACCGG,CTCGCTAATACTCCT,0.006236814447483602,0.0,157,422,380,431
CAGCCAACTCCACTTCCACATTCAACGC,ACAGTTGACGGACAG,0.0014534056608242953,0.0,193,394,362,459
GTGGCAACTCCAGGGGCATCTTCATTTT,GTTGGGCGCTTAAAG,0.001636037265746326,0.0,161,408,411,385
AACACACAGGCATGAGCAGTCACAATCT,ATTATCAAGTGCCAG,-0.021505694387302963,0.0,247,479,342,295
CCGGCACCCGCACGTGCATGGCCAAGCT,TCAAAGCATGAAAAA,-0.05433810738602402,0.0,352,563,211,157
AACTCAAGCACACGATCAAGCGCAATCG,CTTGCAAGTGTAATT,-0.003210564755717416,0.0,192,416,353,397
TGTCCATTCACACATTCAGGGGCAGAGG,ACAACCTACCTGCTA,0.0052431567537541,0.0,161,434,348,429
AAATCATCGGCAAAGGCAAGAGCAACAA,CTACTTACAACGGAA,0.017246891268715266,14.002965735657199,122,361,398,466
CTGTCAGGTACACGGTCACAAGCAAGAT,TATATTGAACTTTAC,0.002924525428629924,0.0,173,360,368,430
AATCCAGCTGCAGCTTCAAACACAATAT,TTAGTCTTTCCATCA,-0.009097096800016595,0.0,191,403,390,331
ACCCCAGTCCCATTGTCAATTGCAGCGG,TCTTGGAGGTGAATG,-0.0037981518008862003,0.0,190,396,316,386
ACAACAACCTCATCGGCATCAGCACACT,CAATCTTGAATTGAT,0.0005298970966750803,121.573514353581,166,373,380,384
TAAGCACACACAAACACATAGCCACCTG,ACAGTTGACGGACAG,0.00011806207388329597,0.0,165,390,358,377
TAATCACGAGCATAGCCATACGCAGGCG,TTTATAAATCAATAG,-0.014270121977566096,9.086998373929418,217,412,334,322
ATTTCAGGGTCAAACCCATCAGCACTGC,ACAGTTGACGGACAG,0.008747713900167915,0.0,150,326,375,444
GCGTCATCAGCACCATCAACAGCATCCC,TTTAACTCACCGTAA,-0.0270094559035252,0.0,239,481,300,242
CCCACACAGACAGTTGCAGGGCCAGCAC,ATAGAGCGGCGTTGA,-0.026172504672729618,0.0,235,428,329,244
CAACCATTAACAAGGACAACACCAATCG,TTTATAAATCAATAG,-0.0018950438829519192,0.0,159,406,358,342
TTTACAAGTCCAGGCCCACATGCATATC,ACAGTTGACGGACAG,0.004903515153095706,0.0,149,347,379,393
AGGGCACAGTCATTCGCATGGGCAGGCT,AGTGTATGATAATAT,0.00869008774388589,0.0,133,370,352,393
CTCGCATAGACATCGACACTGGCATATA,GTTGGGCGCTTAAAG,0.0030729898998918715,0.0,149,320,399,372
ATCCCACTTGCAAGGACACAGCCACGGT,ACAGTTGACGGACAG,4.9518644037530035e-06,0.0,166,305,402,378
CGACCCACGATCAGGTACAGAATCAACCA,TTTATAAATCAATAG,-0.005320885557041732,0.0,186,386,309,361
GTATCACACCCAAACCCAGCAACATGCA,TTTATAAATCAATAG,-0.002672573763860417,0.0,148,459,323,311
CTGGCAAACGCATGGCCAGAATCACGCT,GTACAAGAAATTTTG,0.0033267497852273124,0.0,159,332,322,400
CTTGCAGATACACGCCCACAAACAAATT,TCGAAAGCACAGTAG,-0.023499160522484932,0.0,200,477,268,225
CAAGCAAAAACACAGTCATCCACAGCAC,TTTATAAATCAATAG,0.0032573302299146643,0.0,143,337,352,359
GGCACATCTTCATGTTCAAAGCCAGGAG,GTTGGGCGCTTAAAG,-0.00648635968342058,0.0,151,413,347,283
TACGCAGTCACAATCCCAATAACAAAAA,AAAAGAAAAATGTAT,-0.011305512600776627,0.0,201,356,298,326
AGGTCATGGTCATCGTCAGCGTCAACTC,CCAGGATGTACCGCC,0.0009611234643657138,0.0,166,313,305,389
TAGTCATGCCCAGCCGCATATACATTGT,CTTGCAAGTGTAATT,-0.012647415638911896,0.0,190,391,298,296
TGACCATGCCCAAGGACACGAACACCGA,TCAAAACGGAGTGTT,0.006458167698258494,0.0,148,323,297,409
GGTACATGCTCAGGTACAAATTCAACGC,ATTATCAAGTGCCAG,-0.024104267012736342,0.0,210,429,260,232
TCCGCAGGACCAAACCCAGTTCCAGCTG,TTTATAAATCAATAG,-0.005456829403798731,0.0,179,332,302,346
TTAACACGCCCAACACCATAAGCAATGT,ACCACCGGTCCTGCC,-0.002322611001610412,0.0,170,301,314,361
TTTCCAGGGTCAGAGGCAAGAGCACATA,CCAGGATGTACCGCC,-0.011673978882733596,0.0,197,330,270,316
CATCCACGCGCACTTGCAAGTGCAGTTC,TCTTGGAGGTGAATG,-0.011079776647876015,0.0,158,356,324,258
TTGCCACAAGCAAACCCATAAACAGGAC,GTTGGGCGCTTAAAG,0.00966266375638942,0.0,118,283,371,359
CAGGCAAGTTCACGGTCACAATCAATCG,GTTGGGCGCTTAAAG,0.001944471452577706,0.0,133,362,263,321
CGATCATTAGCACATCCAACCACAAGGT,TTTATAAATCAATAG,-0.004113956684102163,0.0,161,309,315,324
TCCACAAGAACAGGTACAATTGCAACCT,ACAGTTGACGGACAG,0.010658287696480117,0.0,104,344,332,326
GCCTCAAAGTCAATGCCAACACCAGTTA,GTACAAGAAATTTTG,0.0025801166204446613,0.0,150,276,292,369
CACGTACACCCATTCGCAGGCGCAACAC,GTCACCGGCACTAAC,-0.015293082470984,0.0,164,363,319,236
CAGACAACCGCAAAAGCAAAAGCATACT,GTTTAGCTTCCGTTG,0.028451024066637323,0.0,81,267,332,433
CGAACACCAGCACGAACAGCACCATAGT,AGAAGACGACGATGA,-0.016156357267996743,0.0,179,361,295,251
AAGTCAGGAACATATACAGTCACAGTGG,TATATTGAACTTTAC,0.006745065844808405,0.0,127,304,305,354
TGCTCAGGGGCAGGCACATTAGCAGTCG,CCAGGATGTACCGCC,-0.0077236180264665345,0.0,170,299,319,307
GTTGCAGATGCACCAACATCACCATCAG,GAACTCAGGTTCCAT,-0.011508954927751095,0.0,183,282,303,295
CCCACACACTCAATCGCACCTGCAGACT,TTTATAAATCAATAG,0.008426622034575079,6.277172559050086,117,298,330,343
TCGTCACTTTCACAAACATAAGCAGAGG,ACAGTTGACGGACAG,0.003916204052190553,0.0,132,307,278,338
GGTTCATCGTCAATGGCACAAACACGAG,GTTGGGCGCTTAAAG,-0.006563089261810247,0.0,146,342,315,273
TAGACACTATCACCGCCACGGGCACTGG,ATGAAGTTCATAATG,-0.030015561188608254,0.0,214,377,248,198
CCCCCAATGCCAGGGACATCAACACCGA,ACAGTTGACGGACAG,0.010377627517694584,0.0,120,303,258,373
TCTCCAAAACCAACAACATGGGCACCAA,ACAACCTACCTGCTA,0.010361933697017057,0.0,131,268,233,407
TATACAATTCCAGAGTCAATGACAGCGG,TTAGTCTTTCCATCA,-0.004092823523352858,0.0,146,297,295,294
GGTACAAGGCCATCTTCATGAGCACAGC,TCGATAGAATTTACT,-0.00662011807526457,0.0,135,361,271,252
TTCCCATCATCAAGGACAGCTCCATGCG,TTAGTCTTTCCATCA,-0.013843290820530095,0.0,167,314,298,251
ACCCCACTGTCATCCACAGTTACAAAAC,TCGATAGAATTTACT,0.0032678004474671805,0.0,133,266,261,334
TCTCCACTACCAACTACATCGTCAAGGG,TGATCATCACGGGAC,-0.021228615772969764,0.0,186,325,239,224
TAGTCAGTTGCACAGACAAGTACAATCA,TCTTGGAGGTGAATG,-0.013029354789432977,0.0,137,370,258,211
AAGCCACCCTCATAGTCATCTACACCCA,AAAACATTATCAAAG,-0.016390844600184556,0.0,158,349,242,220
ACACCAACCCCACTAGCAACTACAAATT,CTACTTACAACGGAA,0.011198612046896142,0.0,113,248,260,360
CGGTCACCGTCAAAAGCAGTTGCATCTC,TCAAAACGGAGTGTT,-0.001616170865287254,0.0,142,235,278,308
CAGCCACAACCACACTCATAGACACTAG,CTCGCTAATACTCCT,0.003501223500823618,0.0,121,252,286,306
AATACAGGATCATGCACACGGCCAACAC,TTTATAAATCAATAG,0.0006602090802024415,0.0,121,326,247,281
GCGGCAAGCGCATGATCACAAACAGTAG,AGTGTATGATAATAT,0.0020887072292045485,0.0,125,291,247,303
GCGTCATTCCCAGTGACAGCTACAGCCT,ATGGCGATGGTCTTG,-0.018507196214275618,5.949272565079809,163,291,278,213
GGTGCAACACCAGAGGCACCTACAGTCC,TTAGTCTTTCCATCA,-0.01250370430621577,0.0,147,314,224,230
TAGACAGGGACACAGGCAGCTTCACAAC,AGAAGACGACGATGA,-0.019816639978331704,0.0,156,328,218,196
GGATCATTAGCATGAGCACGTGCAGGTG,GGTTGCCCAGAAGTA,-0.003603482185000735,0.0,115,298,245,235
GCGACAAAGGCAAGGCCATAAGCACATA,GTTCAGCTTTGATCG,-0.029576545748950092,0.0,176,296,222,165
AGGCCATAGCCACCAGCAAGACCAACAA,TTTATAAATCAATAG,0.012951878661779092,7.0458370866572295,95,274,234,319
GATACAATCGCAATTGCAGGCGCATGGG,ATGGCGATGGTCTTG,-0.008492460457499731,0.0,119,282,257,210
TCCACAATGCCACTAACAAAAGCAAGTC,GTTCAGCTTTGATCG,-0.015328411921385454,0.0,160,249,216,230
GTGTCAGGGACAAGTACATATTCAGACT,ACAACCTACCTGCTA,-0.013755793245549063,1.943342475468853,144,223,296,217
GCGCCAACGACATAACCATAAGCAACTC,ATGGCGATGGTCTTG,-0.009580588726711836,0.0,137,280,233,234
TTGACAAGCACATCTCCAGCAGCACGTT,GTTGGGCGCTTAAAG,0.0047601309850002025,0.0,99,282,235,260
GCAACAGGGACAATATCATCAACACACT,TTTATAAATCAATAG,0.0024159823781797047,0.0,96,291,248,235
GGTACAGGACCACCCACACAAACACACT,ATGGCGATGGTCTTG,-0.0010343280699513034,0.0,111,263,255,245
CCAGCACTTTCAAAGCCACATGCACTGG,GTTGGGCGCTTAAAG,-0.007969830120422487,0.0,135,276,226,242
CACACAGAGACAGGTACAACTGCACTGG,TATGCCCTTCTTCTG,0.005430467538552764,2.5244914509030423,103,244,248,276
GACACACATCCAGGGGCAATTACAGACG,TTAGTCTTTCCATCA,-0.0025319319092888502,6.940333767201082,127,237,231,268
GGTACATCCACATTTTCATTAACAACTA,TATATTGAACTTTAC,-0.000266784622539988,0.0,116,243,240,262
TAAGCAAAGTCACAAACAAATTCAGACC,GAACTCAGGTTCCAT,-0.026802190610625956,0.0,159,271,249,162
GAACCAACTGCAGGCGCAACGGCATATA,TCTTGGAGGTGAATG,-0.015919978315125285,0.0,131,315,211,185
AGGGCATTCGCATCTCCAATCTCAACTA,CTACTTACAACGGAA,0.0008601144367681446,0.0,113,246,232,264
GGAGCAGGGGCATGTTCACGCTCATATC,TTTATAAATCAATAG,0.011920169578529033,7.740849349651398,90,235,223,293
CCCACATTAGCAGTGTCACGGTCAGTGG,TGATCATCACGGGAC,-0.02169691981347574,0.0,144,283,185,171
AAGACAGGCTCACGGGCACTTACACACC,AGTGTATGATAATAT,-0.004606480482079242,0.0,117,234,231,232
GCCACACATACAGTAACATTCACAACAG,TTTATAAATCAATAG,-0.0030831002604827964,0.0,119,246,214,247
TGCACACCTTCAACACCAAAAACAAACA,ACAGTTGACGGACAG,-0.012809548225153225,3.985150040003191,149,200,204,231
GGATCACTCACAGGAGCAGTCTCATCCG,CGATGATGATGATGA,0.008203748937948022,0.0,91,268,188,265
CGCTCAAGGACAGTAACATACCCATGTC,GAACTCAGGTTCCAT,-0.017040818768565693,0.0,145,261,186,198
TGCACAATTCCACATCCAAATTCAGTGA,ATTATCAAGTGCCAG,-0.020896110937742438,0.0,171,217,201,208
CGTACAGGGCCAATGTCAAGAACAAGCT,CGAATGCCATACAAA,-0.01281676401332589,0.0,120,281,213,186
GCGGCATCGACAAGTTCATTGACACGAA,AGTGTTAATCAGACC,0.0013536826362960358,3.283769680365367,97,241,233,230
AAAGCACATTCAAGTGCAAGGGCACACT,ATGGCGATGGTCTTG,-0.004167800124785807,0.0,109,249,223,219
TGTCCAGCTACACGCACACGATCAGAAC,TCAAAACGGAGTGTT,-0.008318999528332165,0.0,115,253,214,204
TGCCCACCAACACCTCCACATTCAAGGC,GTTGGGCGCTTAAAG,0.005030097073406069,0.0,105,183,228,278
CACGCATGGTCAGGTGCATGTACAATAG,ACAGTTGACGGACAG,0.0002063623462692001,0.0,110,238,187,252
CAAGCACGCACAGATTCAAACGCAAATA,TCAAATGATGAGGAT,-0.02320020485639292,0.0,148,248,175,168
GAACCATAGTCATAAGCATCCCCACTTG,GAACTCAGGTTCCAT,-0.01660570739812332,0.0,133,253,193,184
TGGGCAAGCGCAGGAACAGATTCATCAG,TCAGAGCATTGGCCT,0.01968550607256264,0.0,73,192,197,300
ATACCATGAGCAGGCTCACACCCACGCA,TTTATAAATCAATAG,-0.006206034075312697,0.0,100,223,239,189
TCTGCAAGCCCATCACCATTGCCACTAC,TCGATAGAATTTACT,0.011449154167071922,7.649693428032606,81,228,181,260
CCAGCAAGATCAAGAGCAAACTCATGTG,TATATTGAACTTTAC,-0.002444327829079862,0.0,95,249,202,201
GAAACAAGGACAGCAGCATAACCACTTG,GTTGGGCGCTTAAAG,0.004340481572594272,0.0,91,217,204,236
GCATCAGAGGCACGCGCATCGACATTCG,TATATTGAACTTTAC,-0.004937657284607468,0.0,109,187,224,214
GCAACACGAGCAATACCAACAGCAGCCT,AGTGTTAATCAGACC,-0.007002767466451958,0.0,97,238,197,179
GGTACAGTAACAATGCCAACGACAGGAT,TATATTGAACTTTAC,0.016633266288379602,15.472445021659496,72,176,199,270
GGCACATGCACAGTCTCAGAAGCAGGAG,CTTGCAAGTGTAATT,-0.004320355692366211,0.0,100,211,209,200
GGCTCACAACCAACCCCAGAAACAGGGC,TATATTGAACTTTAC,0.004609963147097687,0.0,83,237,184,217
AACTCAGAGCCAAGTGCAAGCACAAATT,CAATCTTGAATTGAT,-0.05920627100515143,0.0,192,253,134,74
CGGACACGTGCAAGCCCAATATCAAGAG,CCAGGATGTACCGCC,0.014193152820936425,7.414759446680364,68,186,214,237
CTGGCACGCGCAATTACACGATCAACAT,CTCGCTAATACTCCT,0.0017930850631236496,0.0,77,199,225,185
GTCCCACTTTCAGGGCCACCTCCAAACG,TTTATAAATCAATAG,-0.003824068609241182,0.0,100,207,180,203
CAGCCAAACCCAATACCAAACGCAACTA,AAAAGAAAAATGTAT,-0.00638286914963578,0.0,100,211,186,188
TAATCAGGTACAGCAACATCTGCAACCA,CTTGCAAGTGTAATT,-0.016463328823165466,0.0,113,210,198,157
ATCACAGTTGCAACAACAAGTCCAGCCC,TCGATAGAATTTACT,-0.01272108542746276,0.0,101,234,198,157
CATTCAATGTCAAGCGCAAAAGCATTTC,CATTTATGGCTATCT,-0.0013747173440298527,20.072110751342052,92,185,200,201
TGTGCAAGCACAAACCCAACGTCATCTG,TCAAAACGGAGTGTT,-0.009797124068742091,5.380846127688528,99,213,184,168
AAATCACATACAGACACACTTTCACGCA,AGAAGACGACGATGA,-0.035736792501305535,3.714463760753688,145,206,174,113
CTTGCAAAATCAACGTCATTATCAAGAC,AGAAGACGACGATGA,0.04273338327777316,129.647822534414,39,118,200,320
AGGGCATTCCCATACGCAGCGGCATAAG,TGATCATCACGGGAC,-0.0358651249237181,3.9711053288338007,152,206,171,118
GATACACCCGCAAAACCACGCGCATCAA,TCAAAACGGAGTGTT,0.011314851337290327,0.35902369468931283,66,213,178,211
GTAACAGTACCATGGGCACGCGCAAGTC,AGTGTTAATCAGACC,-0.005739009506326095,0.0,96,176,196,184
GGCTCACCCACATTGACAAGACCAGGAT,AAAAGAAAAATGTAT,-0.01403483642804392,0.0,89,247,174,133
AAAGCATCGACATTAGCAAGGCCATGGG,CTCGCTAATACTCCT,-0.004900080449428505,5.030224324556912,87,215,185,171
GCATCAAACTCAGACACACGAGCAGAGC,TCAAAGCATGAAAAA,-0.046132582961610935,0.0,156,217,150,89
AAACCACCTCCATTTCCATCGGCAGGCA,GAGTGCTTCAAAGTT,-0.01834700476264189,0.0,115,212,169,151
CAACCATTCACAACCGCAACTCCAAGGC,TGATCATCACGGGAC,-0.010326894275087565,4.246431057561949,94,203,185,157
CCTTCAGGTGCACGAGCAAAATCAAGGT,GTTGGGCGCTTAAAG,0.0010552492275045435,0.0,80,174,184,188
TTACCATGCGCAAGTTCAAGTACATCCA,TTATATTTATTTGCT,-0.015261997607058915,0.0,109,226,147,157
GAAACACGGGCATATGCACGAACAAGCA,TATATTGAACTTTAC,-0.004498133891544957,0.0,94,179,174,187
CAGCCACATCCAGCAGCATAAGCAGGAG,TCAAAACGGAGTGTT,0.003202044229886095,0.0,79,172,187,198
CCCCCAAATTCACCGGCACGACCAGCTA,AGTGTATGATAATAT,0.0023145109654720826,0.0,84,168,170,205
GTGCCATGGGCATGTCCAAAGGCACCAT,CTACTTACAACGGAA,-0.016091665329247034,4.659441320593032,121,166,159,170
TATGCAAAGGCAACGGCATCAACACAGT,ACAGTTGACGGACAG,0.018969223005485824,2.692712308460159,45,179,218,181
GTGCCAGTGGCAGCCCCATCGACACTTG,TATATTGAACTTTAC,-0.02023497595014132,9.534778723865202,108,211,172,134
TGGTCATAGACAATGTCATTAACAGGAG,TTAATTGCACTTATG,-0.00829330626787018,0.0,89,187,172,158
CTGGCATGGGCAATCACAGATACATGCA,AGAAGACGACGATGA,-0.011888937380211082,3.9451358342751064,96,181,181,153
ATCTCACTGCCATAGGCACGCGCATGAC,AGTGTTAATCAGACC,-0.011106987533740828,0.0,95,186,177,155
TTTGCATAGCCATAAACATCAACAAAGC,GTTGGGCGCTTAAAG,0.0006474969463167243,0.0,84,170,162,195
CAAACAATAACAAATACATTTGCAAGCG,CTACTTACAACGGAA,-0.01497936859247558,6.76298855061259,95,200,177,138
GCCCCAGGTGCACCACCAATGTCAAAGG,AGTGTTAATCAGACC,-0.04327271826820023,27.181426920460126,148,198,138,92
CACACAACACCAATAACACGGCCAGCCT,CTACTTACAACGGAA,0.0013845861808281068,0.0,75,173,162,178
TCAACACAAACACACGCATGTACAACAC,TCGATAGAATTTACT,-0.002910276369343216,0.0,81,184,173,169
GTGGCATAGTCAGGAGCATCAGCAAGCG,ACAGTTGACGGACAG,-0.0019096669730453402,0.0,80,161,181,172
GGAGCAACATCAAGCGCACCCCCATAGG,TATATTGAACTTTAC,-0.0009730641007979537,0.0,71,163,200,157
ACAACAAGAACACGAGCATGAACAACTC,TCAAAACGGAGTGTT,-0.014024502913791315,8.471064182477221,97,191,152,145
GGAACAGCTACACTATCACGAGCAAGAC,TTTATAAATCAATAG,0.0008850019994765505,0.0,71,216,138,166
GGACCAGTATCAATTTCATGTACACTAC,TTTTGCATTTAGGCG,-0.02129450043900012,0.0,104,172,166,125
GTGGCAGTGTCATTGTCAGAAACAATCT,GTTGGGCGCTTAAAG,0.0008180003018757228,0.0,84,153,149,196
GTGACACCTACAACTGCATCAACAAGAG,GTTGGGCGCTTAAAG,0.008446052716170641,0.0,60,158,174,176
CCGGCAAGATCATACGCAATGGCACTGC,TATGCCCTTCTTCTG,-0.01489022094763534,0.0,92,206,142,134
TTGGCAGCCACAGATGCAGAGTCATCGC,CTTGATCAATCAAAA,-0.024954995972573668,0.0,104,195,135,112
CTTCCAGCAACACTGACAGATCCACCAA,TTTTGCATTTAGGCG,-0.00824645688091231,3.612939655040691,81,177,140,144
TAGTCAATATCAGGTGCACTACCAGTGT,CTCGCTAATACTCCT,0.015006927482731863,0.0,56,171,138,200
AGGGCAATACCAAACCCACTCACAATTC,CTACTTACAACGGAA,0.0029463827014268554,0.0,78,146,148,194
AGCTCAGGGACACACACATCCCCAGTCA,GTACAAGAAATTTTG,-0.010225028960764767,5.148833753725739,77,173,162,129
CACACAAGACCAGGTACAGGAACAAGGT,TCTTGGAGGTGAATG,-0.003227361598266502,0.0,75,172,147,155
GCACCAATGCCAGTGTCACGTTCACGAA,ATGGCGATGGTCTTG,-0.01881501291863515,5.2752632965161865,95,171,134,123
CTCTCATGTCCACATGCACTTGCAGGAG,TCAAAACGGAGTGTT,0.0015426665230892742,0.0,65,169,138,155
CATGCAAATACAGGAACAGTCTCAGGTC,TTTATAAATCAATAG,0.0035451189657428393,0.0,62,167,158,157
GTAGCACGTACAGCATCATGTCCACCCT,ATTATCAAGTGCCAG,-0.014188699763109472,0.0,80,185,148,119
GGTGCACGTCCATAAACATCCCCAATCC,CTCGCTAATACTCCT,0.0295587839886717,12.033030600391612,38,129,168,210
CTATCAGTTGCAGAAACACACCCACGAT,TTTATAAATCAATAG,-0.006760469159809382,0.0,85,141,153,158
TGGCCATACGCAGCGCCATGCCCAATTG,TCAAAACGGAGTGTT,0.0004660082947089972,0.0,68,145,164,157
TTGCCAAAGCCAGCATCAGTATCAGTTA,TTTATAAATCAATAG,-0.010037377048690817,0.0,92,162,118,155
GATCCAAGGGCACCAGCATGTCCAAATG,TATATTGAACTTTAC,0.0044251197898835,0.0,55,164,156,143
TCGTCAAGGGCAGTACCATGGCCAAACG,TATATTGAACTTTAC,0.008150130248436744,1.7867986962369287,54,152,154,157
ATACCAAGGTCACGTTCAGCCGCACGTT,CTGATTTGTGCTGTC,0.010532481037553465,0.0,57,134,153,178
TACGCAAAAGCAGGATCATCAGCAGAGG,CCAACACAGGCTTCG,-0.05959462491248396,0.0,147,208,84,56
GCACCAATATCAGTACCATGCTCACATC,TATATTGAACTTTAC,-0.00432035569236621,0.0,69,162,144,138
TGGTCACTCACAGAGGCATACGCATGTA,CTCGCTAATACTCCT,-0.004320355692366181,0.9995791837332035,72,136,155,144
GCGACATTCCCACTCGCAACCTCACTGC,TGATCATCACGGGAC,-0.009417278078621576,1.304640440592948,67,185,128,115
CATCCATAGGCAAAATCAGATACAAGGG,TCAAAACGGAGTGTT,-0.005681088843041373,0.0,75,132,153,144
GCTACAGTATCATGGCCAAGGCCAAAGT,AGAAGACGACGATGA,-0.0293866117117955,0.0,105,168,107,99
GTTTCACGCGCATGTACATGCTCACAGG,ACAACCTACCTGCTA,0.022895324194031924,7.8792328062668275,40,141,132,181
TGGCCATGGGCAGCTACACTGGCAATTG,ACAGTTGACGGACAG,0.0019329314374604359,0.0,63,132,148,152
CAGGCAAACTCAAAAACATGCGCATAGC,TTAATTGCACTTATG,-0.010306541591535533,0.0,73,182,118,122
ATGACAATGGCAATAACATGAGCAAAAA,TTTATAAATCAATAG,-0.009789292908519666,0.0,76,152,126,129
CGGGCAACGGCACCATCATACGCAAACT,TCAAAACGGAGTGTT,0.014745031766224548,1.9239107901248644,46,142,142,163
ATCACAAAGGCACTGCCAATGACAGCAC,CTCGCTAATACTCCT,0.0035076306768805007,0.0,51,147,148,129
ATGTCAAGATCACTACCAGGCACAGGTA,ACAACCTACCTGCTA,0.0031177626847741125,0.0,64,140,120,160
CAAACATTGTCATCGGCAACGGCACACC,AGTGTTAATCAGACC,-0.0007546183739606102,1.6623861113648672,62,139,131,138
GGGTCACTGACAAGCCCAAGTACATAGG,GTTGGGCGCTTAAAG,-0.004573842338540191,0.0,66,155,133,131
AACACATTGTCACACACATCGCCATTCG,AAAAGCGACATTTCT,-0.027425261711031056,0.0,92,162,113,92
TGCGCAACAGCAGTCGCAGCCGCAACTA,CTCGCTAATACTCCT,-0.004320355692366182,0.7476631989593443,71,126,144,142
AGTTCAAGCACAGGGCCAGTTTCAGGAG,TGATCATCACGGGAC,-0.010293736674289913,0.8572424146125286,64,161,99,107
TCTCCACTCTCACGGACACCTTCAGGTT,TCGATAGAATTTACT,-0.008076127775836625,0.0,61,160,130,109
CCCACAAGGACAGCCACGCGCAGGTT,ATTATCAAGTGCCAG,0.010862161930394666,11.328218177704684,39,155,121,123
ACGTCATTCACAGTGTCAAGGGCAAGGA,TTTATAAATCAATAG,0.009979497824912408,1.1661186790693137,42,141,143,129
TGCGCATGGCCAGTCACACCGTCACCAT,TTTATAAATCAATAG,-0.031052023705991,21.99372421046428,97,165,99,87
ATTTCATTGTCAACCTCAAATGCACACC,ACAAGTTTTACAGTT,-0.03527746408812328,0.0,81,186,100,64
AGAGCAGGATCATTAACACGCCCAAGTG,CTCGCTAATACTCCT,0.014014522204942889,0.0,45,121,127,156
AAATCATCGCCAAAAGCATGCGCAAAGT,TCAAATGATGAGGAT,-0.03423527716145537,0.0,92,136,111,75
TGCCCAGCCACATCGACAGGACCAGAGG,ACAGTTGACGGACAG,0.007111136011861492,0.0,55,108,139,155
TAATCATATACACACTCAGAAGCACGCA,TTTATAAATCAATAG,-0.012024079724479083,0.7857120664243666,63,122,142,100
ACGGCACCGGCAAAGACAGGGTCATGAA,CTCGCTAATACTCCT,-0.0045947056635833915,0.8329015793642611,61,115,137,121
TGGGCATGTTCATACGCACAGCCAGAAT,ACAGTTGACGGACAG,0.010555881061914435,0.0,40,136,141,125
CAGGCATGGCCAAATTCACCAGCAAAGA,GTTGGGCGCTTAAAG,-0.010018948963820865,1.4474779918955392,70,120,126,118
TCCACAAGTGCATAAACAGGACCATGGC,AGTGTATGATAATAT,-0.01665102804865796,4.326284282529286,76,135,119,105
GAAGCAACTCCAGACGCAAGTGCATGCG,TCAAAACGGAGTGTT,0.008976567893033983,0.0,51,108,130,152
ATTGCAGTAGCATAGCCACCATCAGATT,ATGGCGATGGTCTTG,0.006687700536653035,0.599581931726334,46,141,106,128
TCCACACTAGCAGAAGCAGATGCAAGAA,ACCACCGGTCCTGCC,0.0033833683397466907,0.0,50,141,110,126
AAGACAATCACAGAGACAAGATCAGCAT,ACAGTTGACGGACAG,0.020075034065654956,7.969424622648148,38,99,131,158
ATGCACCATCATTTTCACTGCCAGCCG,TATGCCCTTCTTCTG,0.006173335635634929,1.5827851357989857,50,116,111,137
CTTTCAGTAGCATGAGCAACAGCAAGAA,TTTATAAATCAATAG,-0.007220734925353852,0.0,54,143,120,99
TCCGCATAAACAGCGACAGGACCACGCA,ATTATCAAGTGCCAG,-0.023859524392625456,0.0,62,161,102,69
AAACCACGGGCATTATCATGAACATGCG,ACCACCGGTCCTGCC,-0.012914659335769539,2.2241179804252624,66,110,122,102
GACCCACCGGCAGATTCACGAGCAGAGT,CCAGGATGTACCGCC,0.004827539164359149,0.0,57,87,120,150
ATTACACAAGCACGCGCATGATCAAGTT,GAACTCAGGTTCCAT,-0.022286905716789093,0.0,78,128,100,91
CCCGCACAGTCACAACCATCGGCAGGTG,GAACTCAGGTTCCAT,-0.009288208331049146,0.0,65,110,125,112
GGTTCAATAACAATCCCAATGACAGGGG,TTTATAAATCAATAG,0.008634910634026556,0.7151881972827141,40,129,120,118
TGTACAGAAACACCGCCATTAGCATCAG,CGATGATGATGATGA,0.0032433121112900153,0.0,53,107,104,133
GGTCCAGCTACAAGTACACCATCAAGGA,AGTGTTAATCAGACC,-0.010298386647560108,0.0,67,112,105,112
AAGTCAAACGCAGTAACACTCCCAAGCA,GTTGGGCGCTTAAAG,0.0022738357519644617,0.0,48,121,118,117
CATTCAAAGGCAAATCCATCGACATGCG,ACAAGTTTTACAGTT,-0.016209520490323957,7.338790723594229,65,134,92,91
TGACCACGGGCAGAAACATAGACATTGG,CTCGCTAATACTCCT,0.016452597372734953,0.6593328566027594,37,124,112,138
TGCGCAGGCACAATATCACCGGCAGGTG,TCAAAACGGAGTGTT,-0.007315566663094897,0.0,64,115,104,117
CCGGCAATAACAGGAACAAAAGCACGAT,AAAAGAAAAATGTAT,-0.010096079734834099,0.0,66,126,95,111
GGATCATAGGCATTATCAGCTCATGCC,CGATGATGATGATGA,0.02408670681395487,3.8067482128890333,29,124,118,136
AGTACATAGGCAAAATCATGGCCAGAAT,CAATCTTGAATTGAT,-0.06471236022352368,0.0,101,148,64,33
AGGGCACCTGCATCGACAAAAGCACACA,AAAAGAAAAATGTAT,0.009195147911239305,5.334487763590914,45,103,115,135
GTGCCACTTGCAACGTCAATTCCACCGG,TCAAAACGGAGTGTT,-0.01717577171943237,7.9669737655517565,75,126,91,102
GGTGCATGAACAGCTGCACGGTCACGTT,GTTGGGCGCTTAAAG,-0.0007743422404138098,0.0,49,122,101,109
TTGACATATCCAACGACATCAGCACGGA,ACAACCTACCTGCTA,0.0027232807632073656,0.0,51,117,97,126
ATGACAGATGCACGTGCAGGCACATCGT,CTTGATCAATCAAAA,-0.015845218139250966,0.0,65,111,120,92
TAGACAACGTCACTTCCATCAGCAAACG,ATGGCGATGGTCTTG,-0.026658944436874433,7.727651687596335,86,115,98,88
GAACCAAGGGCAGCAGCAAACACATACA,TTAGTCTTTCCATCA,-0.017701720952647503,0.0,62,126,107,83
TTCTCAGCTTCAGGGCCAAGGACACCGG,ACAGTTGACGGACAG,0.012516142609533992,0.0,35,130,98,116
AAGACATAGGCAGTTGCAGGGGCACTCA,GTTGGGCGCTTAAAG,0.007528133892083917,0.0,41,125,97,117
AGGACAGAAGCAGAGTCAGGAGCATGCC,TCTTGGAGGTGAATG,-0.00870246034438167,0.0,69,115,74,121
GGCTCAGAGGCAGTAACATTCGCATCCG,ACAGTTGACGGACAG,-0.014968048051244928,6.716252593691934,64,128,94,93
CGCGCAGGAACAGTTTCAGTGACAAATG,TTTTGCATTTAGGCG,-0.024566367652450214,0.0,67,128,88,73
GTAACACTAGCATGGTCACAGGCAATGG,TATATTGAACTTTAC,-0.0015017760914307697,0.0,51,113,97,111
CCTTCAGCGGCATCAACAAGATCAGCTA,TCAAAACGGAGTGTT,-0.005871022880195964,0.0,55,73,127,105
CAGGGCAGATACAGTAGCACGGGCAGTTG,GAGTGCTTCAAAGTT,-0.00973765334229205,0.0,50,140,88,85
GACACAATCCCATAGACAAGGTCAATAA,GTTGGGCGCTTAAAG,-0.009963424242486878,0.9647188494541297,61,99,109,103
GTAACAACAGCAGTCACATGGTCACAAT,TTAGTCTTTCCATCA,-0.0027839854523573123,5.425033476034514,53,84,118,111
AAACCAACGGCATGGACATCATCATAGC,TCAAATGATGAGGAT,-0.01666614863559599,2.11846681030579,63,111,96,87
ATGCCAACATCAACAACAACTGCAACAA,TCTTGGAGGTGAATG,-0.023145889489424143,1.5104028579062287,73,101,98,83
GGGCCATAAGCACGCGCATAGACAGGCG,ATGAAGTTCATAATG,-0.029180052827211773,0.0,78,127,79,74
TGATCAAGTACAGAACCATCAGCACAAG,TTTATAAATCAATAG,0.0071588915119113585,0.0,45,98,99,127
CTCGCACTGGCACGGACAATTGCAGTAG,ACAGTTGACGGACAG,-0.003122622051497431,0.0,41,119,111,85
GGAGCACCGGCAGTTGCACCGCCACGTA,TATATTGAACTTTAC,-0.005242073403383209,0.0,55,121,67,107
TGGACACCAACAGGAGCAGGTTCACGGC,TATATTGAACTTTAC,-0.007325392258842797,0.0,58,84,115,106
AACTCAAGGTCAAAGCCAGCCACAGCTC,AGAAGACGACGATGA,-0.029227502420040224,0.0,76,121,92,72
AAGCCACATTCACGGACAAGAGCAAGAA,GAGTGCTTCAAAGTT,-0.017707900085732826,0.0,65,117,74,87
GAAGCATAGGCAGAATCAGCAACATTGT,ATAGAGCGGCGTTGA,-0.06305057256164537,17.317902661066114,99,143,61,34
GGTCCAGCTCCATGCACATCAACACACC,GAACTCAGGTTCCAT,-0.005653866846156185,2.026013903277999,51,99,87,98
GAAGCAGAGGCAGATACAAAAGCATGCT,AGTGTTAATCAGACC,0.0028500236281986304,4.913547104284362,50,87,93,124
AACGCAAGTCCAGCTCCATGTGCATTCA,AAAAGAAAAATGTAT,-0.00039425450382008187,0.0,52,94,83,117
TTCCCATCAACAGGATCAGGGCCAAGCT,TATATTGAACTTTAC,0.0072337979104748346,0.0,35,125,91,99
CACACACAATCACTTACATTGCCAAGGC,CATTTATGGCTATCT,-0.039081053327022684,1.6908912213937128,61,135,100,43
AATTCAAGAGCAAGGGCATTCACAAGAA,TTTATAAATCAATAG,0.0015197806084701337,0.0,47,91,89,112
GTAACAGGTCCATTGCCACGTGCAACAC,ACAGTTGACGGACAG,0.011863238167023823,0.0,36,87,105,117
ATAGCAGGGGCACGAGCAATCTCAGACA,TTTATAAATCAATAG,0.0018320201918994676,0.0,37,116,93,89
TTCTCAAATGCATCCGCAGCGGCAATTG,GTACAAGAAATTTTG,-0.0026940168867184713,0.0,50,91,96,105
TTGTCAATAACAGACACACCTACACTCA,TATGCCCTTCTTCTG,-0.018523168869396207,7.352022724183598,49,134,89,64
AGGCCATCACCAATATCAACGTCACTAA,ATAGAGCGGCGTTGA,-0.05238249610152293,3.871405628363732,74,105,81,35
AGCGCACAACCATTAACAGGACCAAATC,TATATTGAACTTTAC,0.008916206255555373,2.5011201498639366,40,93,86,119
CAGTCAGTCACAGAAGCATACTCACCTC,TCAAATGATGAGGAT,-0.03640302617048386,0.0,72,105,88,55
TGCGCACTCGCAAGAGCAAAGACAACGA,TTAGTCTTTCCATCA,-0.03818437478646606,7.817852960537948,87,95,86,63
CTCGCATGTTCAAAGTCACTAGCATAGG,ACAACCTACCTGCTA,0.0002724343864022166,0.0,44,102,77,101
GCCGCATTTGCAGCACCAGATCCAATCT,AGTGTATGATAATAT,-0.0017874921264354967,0.0,38,106,98,82
TAAACAAGTACATGAGCAGGACCATTAA,AGTGTTAATCAGACC,-0.021245154266652286,1.1332807781222982,54,100,100,65
TTGACAGTGGCACGAACAGTAGCAAGTA,CCAGGATGTACCGCC,-0.00432035569236621,0.0,41,110,85,82
TCGGCAGGTTCACGGTCAGCTGCATATA,ATGGCGATGGTCTTG,-5.924330870337816e-05,0.0,33,93,111,75
CTGGCATAGCCAATTACAGAAGCATCTC,CGAATGCCATACAAA,-0.0007666978570909291,0.0,40,100,87,89
CAGGCAAGGACACAATCAAAAGCACACA,TCAAAACGGAGTGTT,0.010407402716935113,0.0,27,90,93,84
GTGTCAAAATCACGCACATTGGCACAAA,GTTAAATCAACAGTT,-0.020538120065597736,0.0,61,86,74,75
TGTGCATGACCACTGTCATCTCCATCAA,TATGCCCTTCTTCTG,0.003850392908733296,0.0,27,107,106,69
GGACCACAAACAAGATCAATCCCAACAA,CAATCTTGAATTGAT,-0.013152149738173705,34.217460016715904,58,85,90,89
GATTCACCATCACGGCCAGGTCCAAAAG,ATGAAGTTCATAATG,-0.031351362899577156,0.20318082862831943,72,103,62,64
TTCTCATCTCCAAGAACAACGACAGGGA,TGATCATCACGGGAC,-0.03541435681987838,1.7032651598410666,61,109,88,48
GTACCATGTCCAGTGGCAACAGCACTTA,AGAAGACGACGATGA,-0.018760010896466863,0.0,64,95,72,83
CTCGCAGTTCCACAGGCAACCACACAGG,TCAGAGCATTGGCCT,0.03230005392990409,0.0,20,66,88,120
CTAGCAGAGCAAGCACATCAGCACACG,CTTGATCAATCAAAA,0.0014553683501016778,7.839895746254797,37,83,96,88
AAGTCAGATACAAGCTCAAGGTCAGCAA,TTTATAAATCAATAG,-0.014375966173250232,0.7954833509588752,48,74,80,71
TCTTCATCGACAGTTGCAAACACAGTCG,TTAGTCTTTCCATCA,0.0023240743949835,0.9055253820508824,34,108,71,83
CAAGCAAGTGCACGCACAATAGCACAGA,AGAAGACGACGATGA,-0.021456987329398186,0.0,51,94,86,61
AAAGCATACGCAGTTCCAATTTCAAGAA,ATAGAGCGGCGTTGA,-0.032195289832386835,0.0,60,98,68,52
GGTTCACGTGCAAGCCCATGGACACAGG,CATCACCGTGCTCAT,-0.04850934700248142,0.0,64,112,74,34
CATTCAGACTCAACCCCACCTCCAGGGA,ACAAGTTTTACAGTT,-0.053286558257866296,1.2676612476536775,63,113,63,29
CAGGCAAGTACATCAACAAAAACATGTA,CTCGCTAATACTCCT,0.024804014889479104,6.193311447015503,24,66,89,115
CTCTCACACGCAGGCGCATATCCACTGC,GAACTCAGGTTCCAT,-0.03843331794005027,10.46250579967591,64,117,49,46
ATCTCACTGGCAAGTCCAATGACAACAC,TCAAAACGGAGTGTT,-0.0105170016304275,0.554006661837775,56,66,70,93
GTAGCACGTCCAAGAACAGATGCACTGG,GAACTCAGGTTCCAT,-0.0014556080323420446,3.5742156730348142,39,76,73,85
CAAGCAATGGCAACTTCAACCGCAGGGA,ACAACCTACCTGCTA,0.012835124310072344,2.6287969017141677,26,69,94,87
CATCCACTCGCAGGACCATTCCCAATGA,TTAATTGCACTTATG,-0.01704405642903478,0.0,52,86,69,71
CTTCCAGACACATGACCACACGCATAGG,GTTGGGCGCTTAAAG,-0.01650234814218172,2.8962831551093586,49,75,74,68
CAGACAAAATCAGACACAACATCAGAGC,TTAATTAGAGGTATG,-0.010877365500568031,0.0,42,92,69,69
CGACCAACGTCAAACGCAGGAACATCAT,TTTATAAATCAATAG,-0.014876009336533986,2.1394709507512744,35,93,92,51
AGTGCAGAATCAGGTACAAGAGCAGAAC,TCTTGGAGGTGAATG,-0.008365717592508436,0.0,35,95,77,62
ATGGAAAAGCAGCTACAGGTGCATAGT,TTAGTCTTTCCATCA,-0.016475126145296535,0.0,36,100,78,50
CCCGCACGTACAAAAGCATACTCATGCC,TATGCCCTTCTTCTG,-0.03350264693749619,9.297410414023489,54,80,75,45
CTAACAGAAGCACGTACATAAACACTTG,CTTGCAAGTGTAATT,-0.03589973299050573,9.256002789260037,49,105,65,38
CGATCATGGGCATTTCCACTAGCAAGAT,GTACAAGAAATTTTG,0.00798289310554344,0.0,28,79,81,81
AAAACAGGGCCAGAGACAGCACCAATCA,TTTATAAATCAATAG,0.03272468812248514,2.1278840478198617,13,93,75,79
GTAACATAGGCACGGGCATTAACAAAAT,TCGATAGAATTTACT,-0.009648645723762736,0.0,44,77,52,75
GTACCAGTCACAGGAACACAGGCAGATC,TTTATAAATCAATAG,0.0002530150247499769,0.0,34,73,62,78
CCAACACATTCATTCACATACGCAATCG,AGTGTATGATAATAT,0.0033637662613615386,0.0,27,84,71,68
ATCACATTGGCAATCCCAGCACCAACGG,TTAGTCTTTCCATCA,-0.007729650663046827,0.0,36,79,72,65
ACTGCAGCCACAGGGCCAAGAACAAATT,GTTGGGCGCTTAAAG,0.023581022981634312,4.475247838108544,21,69,70,97
TGGGCATACACAGGGACAGTAGCACGGG,ATTATCAAGTGCCAG,-0.024999949901616764,0.0,53,76,49,57
GAAACATGGACACCGACACAGTCAATAA,TATATTGAACTTTAC,0.008686232173546327,0.0044173073908950755,22,92,75,65
TATGCAATTCCATAGTCAGCCCCACAAA,AAAAGAAAAATGTAT,0.001859751752012562,0.0,27,86,72,65
GTAACAGGCACAAATGCAAACACACGGC,GTTGGGCGCTTAAAG,7.722907571875114e-05,0.0,39,74,51,89
GCTGCAGAGTCACAGGCACAAGCACTTA,TATGCCCTTCTTCTG,-0.008440820891272087,0.0,43,71,62,76
GCCACACGGGCAATGCCATAAGCATTTA,CTTGATCAATCAAAA,-0.036633707598636316,1.3397081608069357,58,75,70,44
GGGGCATACACAAATTCAGTAGCATAGC,ATGAAGTTCATAATG,-0.001241245021332366,4.623139272051617,31,90,50,68
TCTCCAGGACCAGACGCACAATCAGTTC,GGTTGCCCAGAAGTA,0.004176052628593471,0.0,31,69,54,80
GCTACAACGTCATGGGCAAAGCCACGAG,AGTGTTAATCAGACC,-0.0221709635709116,1.6730857393290535,41,77,62,48
ACCACATTGCCAGAATCACCGTCATATG,ACAAGTTTTACAGTT,-0.036170737193280705,0.0,39,88,50,30
AGCCCAGAGCCAGAATCAATCCCACGAA,CAATCTTGAATTGAT,-0.05671027517407465,0.0,65,83,46,27
TGAACAGGTTCAGATTCAGAAGCATTTG,CATCACCGTGCTCAT,-0.041935864086292574,0.0,51,73,74,33
GCGCCAATATCAGTATCATCAACAGACT,ATAATTTTCATCCAC,-0.04505339935332003,0.0,56,86,48,33
GGCACACCTGCATAGACATCTACACAAG,CGAATGCCATACAAA,-0.009548438075465187,0.0,31,96,53,53
AGACCATCTGCATGATCAGTGACAGACA,TTTTGCATTTAGGCG,-0.004773877427558822,2.577418503676199,37,74,45,73
GACTCAGGTTCAACAACAACAACAACCC,CTTGATCAATCAAAA,-0.004761863250700241,3.330207353935066,38,67,52,75
TCTACAAAGCCAGCAACATTCACACCAG,TGATCATCACGGGAC,-0.0497975375057367,5.16098797213931,45,75,53,23
TGTGCAGCGCCATTCTCAATCTCATCGG,TCAAAACGGAGTGTT,-0.001735081214170379,0.0,31,65,62,67
CCTACATTATCATGGGCAAGGACAGACG,TGATCATCACGGGAC,-0.010397740918831375,0.1629864297832455,30,84,46,50
GATGCACCGTCACTCTCACGGGCAACTC,GTTGGGCGCTTAAAG,0.02819229924910584,21.477467594896325,23,33,50,122
AACGCAGTTCCAGAGGCAGGGCCAGCTC,CTTGATCAATCAAAA,-0.004943426792771281,2.9628096151974432,27,66,75,53
GCCTCATACGCATGCACAGTAGCATGAG,GGTTGCCCAGAAGTA,-0.0065434015089885994,0.0,31,87,55,58
CGCACATCCGCATCGACAACCCCATGGT,AGTGTATGATAATAT,0.003908313572017988,0.0,25,68,70,64
GCATCACCCTCAAGTCCATGGGCAACCG,CATCACCGTGCTCAT,-0.04058040144449602,0.0,46,86,58,31
CCGTCACGTTCAGCGACAAACTCACGGA,TTAGTCTTTCCATCA,-0.03701466412609042,4.124462502132815,44,75,66,33
CAACCAGAGGCAAACTCAGTGTCACCGG,TATATTGAACTTTAC,0.022244443449020098,1.618431523368372,16,71,47,71
GTGTCAGGGACACATGCACCACCACCCT,TTTATAAATCAATAG,-0.005627712797475597,0.0,26,80,61,50
TAGTCACTGCCAGGTCCATCAGCATTCC,TCAAAACGGAGTGTT,-0.008771402113183635,0.0,36,56,64,63
TTGACAGCCTCAGTGTCATAGTCACGGT,AGAAGACGACGATGA,-0.03701466412609042,3.768211555414041,44,92,48,33
AGTTCAAGGTCAACCACAGCTCCATCGT,TCAAATGATGAGGAT,-0.025715485231446053,0.0,38,74,52,40
GGGACAGTGACAAAACCAGCGACACTGC,TCAACAACCTATGCA,0.005588028423231503,0.0,26,65,51,70
ATGACATCATCACATGCAAGCTCAGTAT,AGAAGACGACGATGA,-0.03601956535443438,0.3751661396020154,44,57,68,34
CCTGCAGAGGCAGTAGCAGGGTCACAGG,ATAGAGCGGCGTTGA,-0.03701466412609042,0.0,36,75,44,27
AGGGCACGGTCACTTTCAGGTCCAACAT,ACAACCTACCTGCTA,0.0057288241271043665,0.0,27,48,61,73
TGTACAGTGCCATTCCCACAGTCAGAAC,TTAGTCTTTCCATCA,-0.012549024956750412,0.0,32,67,56,50
ATTCCACACGCAATGCCATCTGCATGAA,CATTTATGGCTATCT,-0.026399539755472604,0.0,32,70,65,33
ACTTCACAGTCAGTGACAGAGGCATCCC,CGAACAGAAACACAA,-0.027425261711031056,0.0,49,54,45,49
TACCCACGTGCAGGGGCATGGCCAATCA,GAGTGCTTCAAAGTT,-0.03997451408552813,4.200673565121065,51,69,47,35
AGTACAAGATCACAATCAGGTCACGTA,CTGATTTGTGCTGTC,-0.011913153388056602,0.0,27,76,55,43
ATAACAAACGCAACTTCAGCACCAAGCC,TTAGTCTTTCCATCA,-0.041239720980728554,8.684923491475047,56,60,38,37
TCGGCACGGGCAAGCCCAGGATCAAAGT,TCAAAGCATGAAAAA,-0.037014664126090446,0.0,52,70,37,39
TGGACATACTCAAGGTCACTTTCAGACA,TTTATAAATCAATAG,0.020042561259060215,0.4437439760406505,13,71,61,54
GAGGCACGCGCAACCACATAGACAAACG,TTAGTCTTTCCATCA,-0.013468250549091539,0.0,25,78,53,38
TCTACAACTCCACAATCATGCACATGGG,CGAATGCCATACAAA,0.009842417439809306,1.3694491894950716,17,71,64,52
AGACCACCGTCATTCCCAAAAGCAGGTC,ACAAGTTTTACAGTT,-0.03733364582662877,0.0,35,69,53,26
CACTCACCAACAAGTTCAGGAGCAAGGT,GCTGCTTATGAGGAT,-0.04639507944069659,0.0,53,57,26,30
ACTACAGGAGCATGAGCAAAACCAATAA,CATTTATGGCTATCT,-0.018679786228781376,0.0,30,85,41,39
GTGCCACTCGCATAATCAGGCGCAGACT,TATGCCCTTCTTCTG,-0.02495499597257364,4.817319661423994,39,57,40,42
TCACCATAGGCAGGCCCACTCCCAACGA,CATCACCGTGCTCAT,-0.0415524032702431,0.0,55,60,38,36
GAATCATAGTCATCCCCAAAGACAATAG,GTTCAGCTTTGATCG,-0.018679786228781376,0.0,30,54,66,39
GGTGCATTCTCAGGTACAAGAGCATCCG,ACAGTTGACGGACAG,0.010745815099069056,0.0,21,49,32,66
AGCTCATGGTCAGCTCCAGGAACACTGG,GTTGGGCGCTTAAAG,-0.016209520490323957,1.5324396471717137,35,45,45,49
GCCGCAATCACAAGTCCAAAGCCACAAA,TTTATAAATCAATAG,-0.01977278032288106,1.033171784485603,31,51,68,39
GGAGCACCAGCATTTTCAGAGCCAAAAC,TATGCCCTTCTTCTG,0.01550321456585689,0.5247133435143496,16,62,41,58
AATTCACCTACATACACACTACCAAGCC,TGATCATCACGGGAC,-0.04837888369177684,6.087343109691915,45,65,38,24
GGAACATGGGCATGAGCAGTTGCACGCA,TCAAAGCATGAAAAA,-0.04142038989637317,0.0,35,75,33,23
GACTCAGGCACAGACACATACCCAGTAA,ATATTGAGTAAGTAC,-0.05479128011335871,0.0,50,86,18,22
GAACCACTTACAGGTCCAGGAACAGATA,CTTGATCAATCAAAA,-0.01114683611389995,0.0,27,50,51,44
ATCACACGATCACCCGCAATAGCACCTG,TGATCATCACGGGAC,-0.027425261711031056,0.0,26,73,36,26
CCCTCAGGACCATTGGCAGCCTCATGTA,AATGATACCATTTTT,0.01464946203729934,0.0,15,54,44,53
ACATCATCGGCATTCGCATAGGCAAAGA,AGTTTATAAAAAATT,-0.04445278250323074,0.0,35,70,37,21
GCACCACTGTCACGCGCAAATCCATATA,TCAAAGCATGAAAAA,-0.0599105830443021,1.084009424850592,53,62,26,20
ACCACAGGTGCAGAATCAGCACAATGA,TTTAACTCACCGTAA,-0.06214039087196974,5.962772940948753,34,80,32,12
AAAACAGCACCAGCACCAAGACCAACAT,CTTGCAAGTGTAATT,-0.010397740918831342,0.0,21,54,53,35
GCGGCAATATCAAAAACACGGCCAACTT,TTTAACTCACCGTAA,-0.017835859295971698,0.5933014962004108,27,57,34,36
CAAGCAGAGCCAACTTCACACACAGCAT,ACCACCGGTCCTGCC,0.01099738862024847,0.0,18,30,36,57
CCTGCAATTCCATGACCATGCACATAAA,TCAAAGCATGAAAAA,-0.0432727182682002,0.0,37,62,30,23
GGGACAGTAGCAACGACACGATCAAGAT,ATTATCAAGTGCCAG,-0.03173231942703123,1.1079643047329455,33,64,38,29
GCATCATTAACAACAACAGTGACAATAG,ACAACCTACCTGCTA,0.010555881061914437,0.0,16,40,53,50
GGGCAGAGCCACTGCCAAAGTCAACTA,TGATCATCACGGGAC,-0.040191670119567875,3.1353609105826763,44,51,32,30
TACGCATCCTCAGGGTCAAGTACACTTA,AGAACATCATCTACA,-0.05427943384391892,0.0,47,61,26,21
AACTCAAAGTCAAAGACAGAGGCATCTA,TCGATAGAATTTACT,0.005023043146105725,1.4440101346142455,17,39,53,45
TTCGCAGGGACATCGCCATGCACAGGCT,TCAAAGCATGAAAAA,-0.045027509384380916,0.0,39,63,19,23
TAGGCAATAACAACAACAAAGACAGCAT,ACAAGTTTTACAGTT,-0.017148549722547188,4.636752552398548,36,40,27,49
TAGGCAGGAGCAGGGACATGGGCATCCA,CTTGCAAGTGTAATT,-0.021649537668563135,0.0,37,48,28,44
GCAGCAGTCTCATTCACATCCACAAATT,TTAGTCTTTCCATCA,-0.011363992147939756,0.0,21,55,37,34
TGACCAGCGTCAGAGACATGGACAAGCG,ACAGTTGACGGACAG,-0.02215112820386793,2.824107424606268,35,39,43,41
AAATCAAGTCCACATACAATGCCACTGG,TATATTGAACTTTAC,0.024861935552763764,1.6592270322872764,10,50,52,48
TTTGCAAATCCATCAGCATGACCACCAA,TATATTGAACTTTAC,-0.01581503856875721,1.3405888274890003,24,50,43,34
TTACCATGGACAAACGCAAGGACAATGG,TCAAATGATGAGGAT,-0.03016653165226348,0.0,38,44,38,35
CGAACACGAACAGGTCCACTTCCAAGAG,TCAAAGCATGAAAAA,-0.05545136768989803,0.0,51,65,12,22
CCGGCAATGACAAAGACATTCCCATAAC,ACAAGTTTTACAGTT,-0.04397315792149406,0.0,46,46,32,28
GGACCATTTCCAGTGCCAAATACAAGAT,CCAGGATGTACCGCC,0.015884171093311025,0.5461285496805885,12,47,39,44
CTTGCAAGTACATGATCAGCTACATGTG,TTTATAAATCAATAG,0.010644651642563905,3.104647687618467,15,26,47,47
GACTCAAAAACAAGGTCACAATCATACT,TCAAAGCATGAAAAA,-0.046305110875057766,0.0,37,52,35,21
CCGTCATTTGCAAACTCAAGCACATTGA,AGAAGACGACGATGA,-0.04968624079688622,4.232841294676746,39,52,40,20
TCCGCACGTGCAATTACAATCACAGACA,ATGGCGATGGTCTTG,0.023922906320540598,1.3862765468529687,12,58,28,56
AAGACAACGGCAGCATCACCGCCACTAA,CCAACACAGGCTTCG,-0.07363507374836072,0.1784072177994176,44,64,30,11
GCGTCACGTTCATGTGCAAAGTCATCCT,TCTTGGAGGTGAATG,-0.009888825181138393,0.0,26,54,24,44
TGGGCAGGAGCAAAGACAAATGCATACT,ATAGAGCGGCGTTGA,-0.035372295825864326,0.0,33,43,33,26
GATACAACACCACACACAAGAGCATGCG,ATTATCAAGTGCCAG,-0.005259384924589439,3.5351316371716166,18,37,54,35
GGCCCACTCTCAAGCGCATCCACAAGGT,GTTCAGCTTTGATCG,-0.027425261711031056,0.0,33,50,30,33
GCAACAGAAACACAAGCAGGTCCACTTT,CCAAGACCGTGTAAA,-0.02636697176721167,0.0,31,44,30,32
CCTCCAGAAGCAATATCAGTAGCAGTAG,GAACTCAGGTTCCAT,-0.02485989367316009,0.0,25,69,25,27
TTGACATGCCCAAAGCCAGAAACATATC,TATGCCCTTCTTCTG,-0.007061625633598602,0.0,19,50,44,35
TAAACAAAGCCAGTGTCAACAACACATG,TCAAATGATGAGGAT,-0.02611790460592167,0.0,25,50,34,26
GGGACAAGGTCATGCGCACTAACAAAAA,CTCTTGAGAATACTT,-0.06174757501912494,0.0,41,37,25,8
TCTGCAGTCACAATGTCATTGGCAGGGG,TCAAATGATGAGGAT,-0.01938652648380142,0.0,22,44,40,28
CATACACAGACACGTCCAGATACACTCT,TCAAAACGGAGTGTT,0.01290266908158008,1.766103439621702,17,33,31,57
CTGGCAGTAGCACTGTCATGCTCAAGAA,TTAGTCTTTCCATCA,-0.024954995972573637,0.6921639842404375,26,34,26,28
CTGCCACTACCAACATCACACTCAGACA,TTTAACTCACCGTAA,-0.03299373119980325,0.0,39,42,22,33
AGACCAAAACCAGGTCCAATCACAGGAA,ATAGAGCGGCGTTGA,-0.017835859295971698,0.6105559475965379,18,45,37,24
TAGGCACGGCCATTCACATCCGCAGCAA,TTTAACTCACCGTAA,-0.03733364582662877,0.0,35,35,35,26
CAACCAGAATCATGATCAAAGTCATCGC,CTACTTACAACGGAA,-0.01553609691307325,2.259100727936925,21,45,30,30
AGAGCAGTCGCAGAAGCAGCATCATAAC,ACAGTTGACGGACAG,-0.0025181149833570205,0.0,18,29,43,38
GGCTCATACGCACCTACACTCGCAGCGC,GTGTGATTACTAAAT,-0.09194337736072516,0.0,48,47,16,7
GTCGCAAAGCCAGTAACACCTCCAGGAT,CTAAGCAGTCTTCTC,-0.2634284050862601,0.0,76,12,0,0
AGGTCAGCTCCACTGACACTACCAGCAA,CAAGGATCCCCGTAG,-0.052681451767614906,0.0,32,61,22,15
CATTCATTTACACCGTCATGAGCACTTT,CAATCTTGAATTGAT,-0.042153020120332375,1.5738968876921717,28,47,28,18
AGTCCATCGTCACTCCCATAAGCAGAAT,TCAAATGATGAGGAT,-0.017835859295971694,0.0,27,36,22,36
GCCCCAAAATCAGCGACATGGTCAATTC,CTACTTACAACGGAA,0.008329298364463951,0.0,13,35,40,38
CTCACACAAACATTTGCAATGACACACC,TATGCCCTTCTTCTG,0.0062947686782516355,3.042507343464763,16,20,49,44
TCTACAGTGTCAGGGCGCATATCCATCGG,ACAGGGCAGCTCCCG,-0.05890731533905943,0.0,36,42,26,14
CGAACACAAGCAGGTACAGGAACACAAG,AGAAGACGACGATGA,-0.03389712885906297,0.0,17,48,41,14
GGGTCACTGTCAACCTCACCGGCATAAG,TCAAATGATGAGGAT,-0.01254902495675038,0.9570101894781828,16,40,35,25
TATGCAGTGGCATGGCCACTCCCAAGAG,TCAAATGATGAGGAT,-0.049535068958039864,4.098058584813657,33,49,21,17
CAGGCAGCTCCAGTATCAGATGCAAGGA,CTCGCTAATACTCCT,0.017940623393488928,0.6094243075178838,10,30,33,39
TGACCAGCATCAAGTGCAGCGCCATAAG,CGTCAAGACCTTCTA,-0.014569845683964898,0.0,17,32,47,25
TCCGCAAATGCATTCGCACGCTCATTTG,CAATCTTGAATTGAT,-0.05479128011335871,0.0,25,42,27,11
CTGGCAATTGCAGACTCACTGTCAAAAA,CGATGATGATGATGA,-0.02176196048451777,1.6058576682319199,27,28,28,32
CCAGCAGCCTCAAAAGCAACTACATACT,ATGAAGTTCATAATG,-0.02095339456299915,0.0,14,50,39,17
GGATCAGCCGCAATCGCAAGGGCACAAA,TTAGTCTTTCCATCA,-0.025798922905383343,0.5271041028910304,20,36,34,21
GGACCAGGACCATGAGCACGATCATAAA,ATGAAGTTCATAATG,-0.015039809829948278,0.0,20,40,19,29
ACCGCAGGTGCAGGTACAGTCGCAGTAG,CCAGGATGTACCGCC,-0.0064716397302852155,0.0,16,40,28,30
GCTTCAGGCTCAACGGCACACACAACCA,TCAAATGATGAGGAT,-0.027425261711031084,0.0,20,32,31,20
AGACCATAATCACATGCAAGGACATCCG,AGTGTTAATCAGACC,-0.05728601833272786,12.8715474276853,27,40,18,9
GGATCACCACCAAAGTCACGGTCATTAT,CCAACACAGGCTTCG,-0.050530167729695874,0.0,32,38,22,16
CGCACAGGTGCAGGCTCATTTGCATTCA,AAAAGAAAAATGTAT,-0.030937278899625314,3.9516259916288163,20,41,25,18
GAATCACAAACAGTGTCACTACCATACC,CCAACACAGGCTTCG,-0.06755821704346827,0.303168464562134,35,28,19,9
TGGACACATGCACTCTCAATAGCATCAG,CGAACAGAAACACAA,-0.052011893148723655,0.0,23,56,12,11
TGAGCATGTCCATTTACATGTCCACGTA,TAACCTCGCGCTGAG,-0.05655607836167019,0.7250093445654215,34,30,23,6
TAATCACACCCAAGGTCAAGTCCACAAA,GTCACCGGCACTAAC,-0.031351362899577156,0.0,18,43,18,16
ATGCCATGCGCAAGGCCATATCCATATG,CCAACACAGGCTTCG,0.015795096923322774,34.763137390697466,8,31,26,44
CAGTCAGCCTCATTAGCAACACCAGTCG,GAGTGCTTCAAAGTT,-0.041588034843206605,3.714991363508261,26,40,19,17
GACACAGGAACAGATACACCAGCACCAC,GCTAATTTCAAGAAT,-0.062419332527653616,0.548883105786885,40,24,23,14
GACGCATATTCACATTCAGGAACACGCA,TCAAATGATGAGGAT,-0.044961698240923685,0.23851712360027477,22,31,35,13
CTGGCACAATCAACGGCAATTTCAACGA,TCGATAGAATTTACT,-0.007783067398546416,0.0,9,35,24,31
GAATCAGCGACAGCAACAGATTCAACAG,TTAGTCTTTCCATCA,-0.00930474682473169,0.0,18,34,16,31
ACCTCAGGGTCAAAGGCATCTACACGGA,GAACTCAGGTTCCAT,-0.03315360360858632,2.53232831165127,19,41,18,16
GTCTCAAGCACAGTCTCACGTACAACAC,TGATCATCACGGGAC,-0.048979500541866096,1.6110630660548964,21,31,28,11
AAAACAGTTGCATGTCCACTGCCAGCAG,TCAAAGCATGAAAAA,-0.029330542172362705,6.419704257860076,18,24,40,17
TCTGCACAGGCAAGCGCAGGCGCATACG,GAGAATGAAGGACAG,-0.07167012195531686,0.1867838735886096,44,12,22,6
CACGCAGATGCAGTTGCAATCTCAGCAT,ATAATTTTCATCCAC,-0.03701466412609042,0.0,20,43,20,15
CATCCAGCTGCAGTAGCAGTGCCATACT,ACAAGTTTTACAGTT,0.0027292142288007247,8.744830698652834,23,52,5,4
GCGTCATTCAATAGCCAGCGCCAAAAC,GAACTCAGGTTCCAT,-0.043973157921494054,2.859822413221252,23,33,25,14
CAAGCAGTGGCAGATGCATTGCCATTCC,TCTTGGAGGTGAATG,-0.00942255853969598,0.0,7,28,16,24
AGGGCAGGAACAGAGACAACCCCATGGT,TATGCCCTTCTTCTG,-0.004173786107866073,0.0,14,29,27,9
GTTACATGCCCAGGCGCATAGCCATAGG,TCAAAGCATGAAAAA,-0.0640456713333014,1.1654058028575491,30,33,13,10
TGATCACAGGCAGTGTCAAAATCAGCCA,CTCGCTAATACTCCT,-0.004320355692366239,0.10439053647962737,10,20,28,20
AAAACAAGTGCAGGATCATAAACATACA,CTTGATGGCTGAAAG,0.037707843469880514,7.733366203077708,7,20,21,44
CCGCCAACCTCAGCAACACCTTCATGGA,TTTAACTCACCGTAA,-0.014658853302494173,1.432728638257231,15,25,23,22
TATCCAGCGTCATGGGCAGGCGCATATG,TAGACGGACATCTTC,-0.06067148773337686,0.0,28,34,8,10
AAGGCAGGAGCAGGACCATTATCATAGG,CCAACACAGGCTTCG,-0.05728601833272787,0.0,18,47,12,3
GTCACAGAGCCACATTCAGTGCCAACTT,CTTGATCAATCAAAA,-0.009031973530548543,0.0,16,31,28,6
ACTGCAACACCATATCCAGTATCACGGG,ATTATCAAGTGCCAG,-0.017086764100903037,0.0,11,26,34,15
GACTCATCGACAGGTTCAATCCCAAAAG,AGAAGACGACGATGA,-0.0028386302733383953,2.4921938900832856,11,19,27,23
GGAGCAATGTCATATACACACACAAGCC,ATATTGAGTAAGTAC,-0.040043994018141446,0.016519354618935722,17,32,16,2
TGCACACCTGCACGTGCAACAGCAACAC,TCAAATGATGAGGAT,-0.0505301677296959,2.2024794356662483,26,22,16,13
ACTACACTACCAATGGCAACATCAGCGA,AGAAGACGACGATGA,-0.04897950054186609,5.612867257928087,21,39,10,11
GCTACAGGGACATGGTCATGGCCAGTAA,AGATTCATCCCATGG,-0.07371122168132964,0.0,25,27,12,7
CCAGCACATGCATCACCAACACCACAGC,GTTGAACTGGTTGTT,-0.032195289832386835,0.0,15,24,22,13
CAAACAGCCACATACGCATCTGCAGACG,TCAAAACGGAGTGTT,-0.044961698240923685,11.146103413920969,22,32,15,13
GGCACAAGGGCAAGCGCACACCCACTGG,TTTAACTCACCGTAA,0.002506124729167586,2.5188436403417995,11,30,11,27
GTCTCACAGCCATCAGCACGGGCAAATT,AGTTTATAAAAAATT,-0.02644730824395931,0.012422303593325523,17,24,21,7
TGCGCACCACCAAACACAAAGGCAGAGT,TTAATTAGAGGTATG,-0.0026940168867185007,0.0,10,25,21,21
ATATCACAATCAAGGCCAAGTTCAGGCC,ATAATTTTCATCCAC,0.002506124729167588,7.1117589024694325,11,24,17,27
TCGCCACGTGCAATCACATTCACATAAA,CTTGCAAGTGTAATT,-0.04623063039742431,9.721786489642227,22,34,9,11
ACGGCAGACTCAGCATCACTATCAAGCT,GCTAATTTCAAGAAT,-0.04757821761067996,0.20595509099538845,21,25,17,3
GCCCCACGATCACCCCCAGATTCAGTAT,TCAAATGATGAGGAT,-0.0026940168867185,1.6526426509586827,10,25,19,21
TTGACACAAGCAGTCTCACTGCCATCGG,GTTGGGCGCTTAAAG,0.0035530012345582184,0.0,9,18,14,20
AGGCCAATGTCATCGGCACGGCCACACC,GAACTCAGGTTCCAT,0.010251556352559543,7.106099090248506,16,39,5,9
TGCTCACATTCAAAAACACGTGCAGGCC,TTTAACTCACCGTAA,-0.031123611144500487,0.0,16,29,18,8
TGGACACGACCATAAGCATAGCCAGCTA,TTTAACTCACCGTAA,-0.013262488578855543,2.347605928198732,17,15,15,26
TGCGCACGATCACCAGCACATGCAATGG,CAATCTTGAATTGAT,-0.0804646552785001,1.0280757826735112,31,23,13,8
GTAGCAATGCCAGTAACACGAGCAATGC,CTTGATCAATCAAAA,-0.029217341394296593,0.1435871940287825,9,26,20,15
ACTGCAGGTACACGGGCAAGTCCATGGG,TCAAATGATGAGGAT,-0.011471481739020063,0.053108073132762,12,18,20,8
GTTTCAGAACCAAAACCAGAAGCAATGT,ACAAGTTTTACAGTT,-0.04757821761067996,2.8586463514315597,21,24,17,3
CGCGCATACGCACTCCCACAGGCACTAC,GTTGAACTGGTTGTT,-0.07511976552966444,0.0,30,23,14,9
CGCTCAGCTGCAAGTACACTCTCAGGTT,TCAAAGCATGAAAAA,-0.07167012195531686,2.0754461718381663,22,30,11,4
TCAACAGTCACACCATCAGTTTCATCAT,CCAACACAGGCTTCG,-0.022628659304730594,0.7210547446045155,12,29,16,6
CCATCACTGACATCCGCACGATCACAAA,TTTAACTCACCGTAA,-0.016739507521911404,0.506378773759991,12,26,18,6
AATACAATGTCATTGCCACTGGCAGAGG,TAACCTCGCGCTGAG,-0.04317824164255368,0.0,21,30,5,9
CTGTCAGCACCATCTACAGGAACATCCG,TAACCTCGCGCTGAG,-0.01460623863164431,1.8579013779434774,15,28,4,22
CTGACAGTGTCATTGTCACCGGCAAAGT,AGAAGACGACGATGA,-0.020962700748422235,0.0,3,22,17,9
GAGGCAGCTGCATTCGCACTGACAGTCT,TTTTGCATTTAGGCG,-0.00013281577078063647,0.35188367873439574,11,23,23,7
CTAGCAGGACCAGATTCAGAAGCAGGCG,TAACCTCGCGCTGAG,-0.026979228154212057,0.0,18,16,22,8
GGACCACCAGCATACACAGTGACATTAG,CTCGCTAATACTCCT,0.013290205074183901,0.0,7,20,13,27
ACGACATACCCATCAGCATGGGCAATTG,ATGAAGTTCATAATG,-0.017086764100903033,0.0,11,21,16,15
CCCTCAACATCAAGTGCACAAGCATAAG,GTTTAGCTTCCGTTG,-0.2028148247292286,0.0,38,11,1,0
TCTGCAACGACATGCACACTTGCAGCGA,TCAAATGATGAGGAT,-0.024447041513274346,0.0,14,20,18,8
AACTCAATACCACATACAGGCTCAAGCA,TATATTGAACTTTAC,-0.046128840767017426,9.416080040345946,18,23,15,6
TCGTCATGGGCATGCACACCGACATTTC,CAAGGATCCCCGTAG,-0.0338077188569528,6.070013954383128,7,19,29,10
CCCGCATACTCAGTTCCACCTTCATCCG,GAGAATGAAGGACAG,-0.08232401241713433,0.0,28,11,2,13
CTTGCAGAACCACTACCACGGCCAACAA,TCAAAGCATGAAAAA,-0.13945931639345863,0.0,22,12,5,0
GACTCATCAGCAAATTCAGAAACATCTA,GCTAATTTCAAGAAT,-0.0788457360364272,0.0,20,20,4,6
GAATCAGGCACACTGCCAAAAACACCTG,CATTTATGGCTATCT,-0.018483128824541728,0.0,13,18,18,17
CTCTACAGGAGCAACACATTCAACAA,AGTGTATGATAATAT,0.03294233447966424,4.307658444333811,3,12,28,24
TAAACATAGGCAGCCCCACTCCCAATGA,TCAAAGCATGAAAAA,-0.006705972748803777,1.00322631516525,12,17,22,6
TAATCAGAGTCAGCGTCACTGCCATCGG,TCGATAGAATTTACT,-0.032666984968644175,0.23658014480974998,7,26,16,14
AGTCCAGATGCACTGACATCTGCAGAGC,CAATCTTGAATTGAT,-0.06931471805599464,0.2986464407314884,20,22,8,7
GGGGCATGTGCAGGCTCATCGACACATA,CTACTTACAACGGAA,-0.028419148844845997,0.49698925658896087,6,29,10,17
CCTCCAATAGCACTCGCAGGGTCATAGA,CTTGATCAATCAAAA,-0.09132090653367458,0.576075727055013,7,34,13,9
GTCCCATGATCACAAGCATGCGCAAAAA,CTTGATCAATCAAAA,-0.02742526171103103,0.0,11,15,22,11
AGAACAGTCCCATCCACATAATCAAGAA,GGTGGAAGTAGCAGT,-0.11513628540536383,0.0,23,16,0,0
GAGCCAAGGTCACTTCCAGTCTCACCAA,AAAAGCGACATTTCT,-0.032563617705272996,0.0,14,12,19,12
TTGCCACTGTCAAGGGCAAGTACAAAGC,TCAAATGATGAGGAT,-0.04463880302589579,0.3001198763802222,17,17,9,14
ATTTCACGACCAACCGCAAATACACGGG,TTTTGCATTTAGGCG,-0.016209520490323957,0.0,10,18,14,14
GGCTCAAAATCAGACTCAGAGCAAACA,AATGATACCATTTTT,0.001734619026014548,0.0,6,14,20,15
TTCGCACGCCCATAACCACCTGCAGATA,AGTTTATAAAAAATT,-0.053329163355257114,0.0,19,21,8,10
CAGCCATGGGCACCTGCAAAGCCAACGC,TTTAACTCACCGTAA,-0.03701276292731968,0.0,15,13,15,9
TAGTCACAACCAAAGGCAGGGCCAACTT,CTTGATCAATCAAAA,-0.018538636379393725,0.0,9,14,21,10
GTAACATAGTCATAAGCATCATCACGGT,TCAAAACGGAGTGTT,0.03738293330902829,4.849480880213946,3,14,9,30
GAATCACCAACACACACACGAACATTGA,GTTTAGCTTCCGTTG,0.024887279728002906,0.0,8,18,22,7
GCCCCAATTTCAGACTCACCCCCAGGCG,TCAAAGCATGAAAAA,-0.11714496126203758,1.2377766061997306,22,15,5,8
AGTACAAGTACAACCTCAACAACAGGAG,CTTGATCAATCAAAA,-0.02495466008647518,0.0,11,27,14,3
CGCACACTTCCAGCTACAGGAACAGAAT,ATATTGAGTAAGTAC,-0.09282193027394295,2.236964577518947,23,20,9,1
CTAGCATACGCAAGAGCAATCGCAGGTT,GTTTAGCTTCCGTTG,-0.06531849036180427,0.0,19,13,5,10
TGTGCAGTACCACCCGCAATAACAACTT,TCAAATGATGAGGAT,-0.04368933255854572,5.677467028882575,16,26,14,1
GCCGCACCGCCACGCGCACAACCACCAC,CAAGGATCCCCGTAG,-0.10938390099154516,0.9228640788259526,19,14,6,5
CAGGCAGCTACACAACCAAAATCAACAT,ACAAGTTTTACAGTT,-0.0900878452879267,0.8108305417345605,3,31,12,9
GGCACACGGCCAGAACCAAGTCCAGATG,ACAAGTTTTACAGTT,-0.03701276292731959,0.0,14,17,14,2
AGACCAGCAACATACCCACAACCAAGAC,TCAAAGCATGAAAAA,-0.025119520782947213,1.517837365356229,15,6,19,9
CCCGCCAAGCGCATTCCCATTTTAAC,CTTGATGGCTGAAAG,-0.012388938672429937,0.0,11,16,18,7
CCGGCAACTACACGCGCAGGGTCACGAG,TCAAATGATGAGGAT,-0.03032564094401867,0.0,12,18,14,11
CCGACAGGTGCACTAGCAAAATCAAAGA,CTCGCTAATACTCCT,-0.02389454970394511,10.611096282404219,10,26,13,2
ACCCCAGCGACAAACACACCTCCATACA,GCTAATTTCAAGAAT,-0.09426080401915274,0.10197793377639641,21,18,5,4
CGCACAGATACAGATACAGGGACAAGAT,AGAAGACGACGATGA,-0.037268444720456206,0.0038509911946107422,5,27,6,13
CGGCCAATTGCAGAGACACATTCACGAA,ACAGGGCAGCTCCCG,-0.059430134592331374,0.0,14,17,8,9
TAGGCACTATCACCCACAATAACAGCTT,ACAAGTTTTACAGTT,-0.0410148983109964,0.0,13,15,12,4
GGTTCAGCTACAGATACAATAACAGCGG,CAATCTTGAATTGAT,-0.11939224684724357,1.8172362309410914,18,12,8,2
GGAACAAGGCCAAGGGCATGTGCAAAGT,GTTGGGCGCTTAAAG,-0.007623429682213745,0.0,10,13,18,7
GCTGCAACACCAAGGTCAAGTCCAGTCA,ACAACCTACCTGCTA,-0.05383637475838028,4.904082391144641,14,17,10,9
GCAACATGTGCAGGAGCATCTACACAAA,GTTGGGCGCTTAAAG,-0.04046240650166717,4.921728008825653,15,10,14,7
AGACCAGCACCAGTTCCACTAACAGGTA,TATGCCCTTCTTCTG,-0.0645356516723596,4.42326837961474,13,15,6,9
GTATCACTGCCATGTTCAAATGCACAGC,ATTATCAAGTGCCAG,,0.0,9,9,13,8
TAGCCAGTGGCAGAGGCAAAATCACTCA,ATTATCAAGTGCCAG,0.004820210181787844,0.0,3,14,14,7
GATCCACCTACAAGGACAGCGCCACAAT,TTTAACTCACCGTAA,,0.2124490511548629,6,22,7,6
TCTACAGTGCCAGACTCAGGTACACATA,AGTGTTAATCAGACC,-0.08574502318512219,0.0,15,14,4,0
GATTCAGTATCAACCGCAGGTGCACCTT,TTAGTCTTTCCATCA,-0.05383637475838028,5.478344869096304,14,15,10,4
AAGGCACTAACAAATCCATACACAGGCA,GTACAAGAAATTTTG,0.004820210181787844,0.0,8,12,12,6
ATATCATCTACAGAATCATGTGCAGGGG,GAGAATGAAGGACAG,-0.10761394328160519,0.0,16,12,3,4
TGATCAGCAGCAATACCATGGCCATTCA,ACAAGTTTTACAGTT,-0.11679469820691742,0.0,19,13,3,2
AATCCACAGGCACCGGCAACCGCATTCA,CAATCTTGAATTGAT,-0.04137639109228592,0.03488914847241631,11,16,8,5
ATTTCAGGGCCAATAGCATATCCATTTA,CTTGATGGCTGAAAG,0.01913029454585509,0.08937546153067899,8,13,15,7
TCCCCACGTGCAGGAACACCGTCATTCA,TTTAACTCACCGTAA,-0.04519851237430581,0.0,10,14,6,9
GTGCCACGGTCAACGGCAGATACAATCA,ATAGAGCGGCGTTGA,-0.029153716093993587,0.0,13,6,10,10
GGTGCAGAGTCACAAGCAATTGCAACTC,CTTGATCAATCAAAA,,0.037897335150717026,9,9,16,6
ATCGCATAACCAGGGCCATATGCAGCCG,TTTAACTCACCGTAA,,0.0,5,21,7,3
ACTACATAGCCAGAGCCAGCTTCAAAAG,ATTATCAAGTGCCAG,-0.023947997063390326,0.0,5,16,12,7
AATACATCTCCAGTATCAGAAACACAGG,GAGAATGAAGGACAG,,0.0,14,9,6,2
TTATCAGCGGCACAAGCACTCACAGTCG,ATTATCAAGTGCCAG,-0.009076773526474846,0.0,7,13,3,11
GAGACACGGTCAACGCCACAGTCACAAG,ATAGAGCGGCGTTGA,-0.029783917504125082,0.0,13,8,15,3
TTCGCAGTAACAGCCTCACCTTCACGTG,CAATCTTGAATTGAT,,0.0,4,21,5,9
TCACCAGTAACAGAGGCAGTAGCATTCC,TCATAGGTATCTCGC,,0.0,14,4,0,0
AACTCACGACCAGCGTCATATGCATACG,TCAAATGATGAGGAT,,0.0,4,21,6,5
AAATCAAAATCAGGTGCACCGGCAGATA,GAACTCAGGTTCCAT,0.004820210181787844,0.0,6,11,11,9
TAAACACTGACACCCACAGATCCAAACC,ACAAGTTTTACAGTT,,0.0,8,9,9,7
CAGGCATAGGCAAGGCCACTAGCATCAC,CTATGCATTTACTCA,,0.0,7,14,9,7
TTAGCAGACACAGGTACACAGACAGGCA,ATGAAGTTCATAATG,,0.0,8,13,8,9
TTAGCACTGACATTACCACTAGCAGCCA,ACAAGTTTTACAGTT,-0.009076773526474846,0.0,6,13,8,11
GGGGCATCCGCAAAGCCACCACCACGGG,TTTTGCATTTAGGCG,-0.03701276292731968,0.0,10,11,10,5
TAGGCATGGCCAGTAGCAGAGTCAGTTA,CTTGATGGCTGAAAG,-0.041133022756056195,0.0,6,19,12,1
GTCTCATTCTCATGTACAACGCCAGCAA,CTATGCATTTACTCA,-0.025782910930210165,0.0,10,17,9,1
AGAACAGTTGCAAAGACAAATGCACCGG,CTAAGCAGTCTTCTC,,0.0,17,4,0,0
GCTACAGTACCAACACCAATACCATCTA,CAATCTTGAATTGAT,,0.0,9,17,8,2
AACCCATCAACAGAGGCAGAAACACTAT,TATATTGAACTTTAC,-0.0054895782835328475,0.0,7,11,8,10
GTTACATACGCAACGGCATGGACATAGA,CTAAGCAGTCTTCTC,,0.0,8,2,2,0
AGATCACCGTCAAGATCACGCCCACCTG,TTTAACTCACCGTAA,-0.04137639109228592,0.0,11,16,3,1
GTGACACTAGCAACCACATGGGCAAACG,GCTAATTTCAAGAAT,-0.1280933845462065,0.0,18,11,2,1
TAATCATTGGCAATGGCAAGAGCAGTGA,TCAAATGATGAGGAT,,0.0,5,6,5,14
TAAGCAGCGCCACGATCAGTACCATTAG,TCAAAACGGAGTGTT,,0.0,8,11,7,4
AGGGCATGTCCACTGGCACTGCCAAGTG,CGTCAAGACCTTCTA,0.004820210181787844,0.0,5,12,12,6
AAGGCAGTGACACGGCCATGATCATCCA,AGTGTTAATCAGACC,,0.0,13,5,4,3
CACGCAGGTTCACCACCAATCTCACCGC,GTTGGGCGCTTAAAG,-0.0007240692933165645,0.0,5,10,9,10
GAGCCACTGCCAGGGTCAGGTGCATGAT,CTTGATGGCTGAAAG,-0.028827013480333542,0.0,5,14,10,7
GGGGCAAGACCAGCTTCAAGGGCATCAA,CTAAGCAGTCTTCTC,,0.0,10,4,0,0
GGAGCAGCCTCATGGTCAACGGCAGAGA,GCCCTCGAAACCTAT,,0.0,11,8,7,4
AGGTCAACGACAATATCAGTGTCACTTT,CGAACAGAAACACAA,,0.0,6,9,5,10
GTAACACAGACAGTGTCAACCGCATGGT,CATATGCATTCCTTG,,0.0,17,3,1,0
GGTACACTGCCAAGTTCAAAAACAGGCC,GAGAATGAAGGACAG,,0.0,14,3,3,1
GACGCAGTATCAGATTCATTACCACG,AGTGTATGATAATAT,,0.0,9,6,5,12
AAACCAGCGTCAAGTGCAGTGCCATTTC,CATTTATGGCTATCT,,0.0,3,13,8,8
GGTACAACCCCAAGGTCATTAGCACGAC,GCTAATTTCAAGAAT,,0.0,7,7,7,2
GATACAGCTCCAGGGTCATCGCCACGGC,ACAAGTTTTACAGTT,,0.0,6,13,5,1
CTTTCACGAACATCATCACTTGCAAACG,CCAACACAGGCTTCG,,0.0,9,9,8,2
AGCGCAAAAGCAGAACCATGTCCATACG,AGTTTATAAAAAATT,,0.0,9,9,9,2
AACTCAAACTGCAGGATCACTGACAAAGG,CGAACAGAAACACAA,,0.0,4,14,9,3
CACTCAAAAGCAGTGCCAAAAACAGCGA,CTAAGCAGTCTTCTC,,0.0,13,4,1,0
TGACCACACCCAGAAGAGACACAATTC,GAACTCAGGTTCCAT,,0.0,10,7,8,1
TTCTCAAAGTCACAAGCATTCCCAACTG,CCAACACAGGCTTCG,,0.0,12,8,6,3
CCAGCACTGTCAGCAACAAGGCCAACCT,AAAACATTATCAAAG,,0.0,2,7,3,3
GCCCCAGTTCCATGTCCAGGAACACTGC,TAACCTCGCGCTGAG,,0.0,16,7,3,0
TATTCACACGCAATGACAGGAGCAAGGA,ACAGTTGACGGACAG,,0.0,7,2,0,0
AGATCAGGTGCAAGTACACCTACAATCG,GTTTAGCTTCCGTTG,,0.0,11,5,1,2
GCCACACGGTCACCCACAATAACACTGA,TTTATAAATCAATAG,,0.0,5,12,7,2
GTAACAATCGCATGGCCAGCAACAAAGG,GTAATCTGACTCTAG,,0.0,9,9,1,0
ATCGCAGGCACAACAGCAACTGCAATGT,GAGAATGAAGGACAG,,0.0,7,7,1,0
CGTGCAGCCTCACTATCAAAGACAACTT,ATGAAGTTCATAATG,,0.0,12,9,3,1
GGCCCAACAGCAGTAACAGGTTCACGTA,CGTCAAGACCTTCTA,,0.0,5,11,6,7
TAGCCATTCACACTAACACGAGCAATGC,GTGTGATTACTAAAT,,0.0,7,13,2,3
TAAGCAGTATCAACAACACTAGCATCAA,GTAATCTGACTCTAG,,0.0,11,6,1,0
GAGGCATGGACATGTTCAGATACAAAGA,ATGAAGTTCATAATG,,0.0,10,5,5,1
TCTGCAACCACAGGGTCATATGCAAGTG,CAATTTCAACGTTGT,,0.0,8,11,4,0
TACACACCAACACAGGCATGCGCATGCG,TAACCTCGCGCTGAG,,0.0,9,9,2,2
TCACCAGGCCCAAGATCAAGCACAAAAC,GTTGAACTGGTTGTT,,0.0,3,5,2,8
CCCACAGGGTCAATGCCAGCAACAGCCG,CCAACACAGGCTTCG,,0.0,8,8,1,5
AGGTCAGATGCAGCAACATTCGCAACGT,GTTTAGCTTCCGTTG,,0.0,10,4,1,2
AGTCCATAACCAGATGCAAAGGCATAAG,TCAAAGCATGAAAAA,,0.0,4,10,8,3
CCCACAGCGGCATTGGCATCGGCAGTTA,TAACCTCGCGCTGAG,,0.0,2,9,11,1
GAGGCATTAACATGCGCAAACACATGGG,CCAACACAGGCTTCG,,0.0,8,13,1,1
AGTCCAACTGCACGGACACGGCCAGAGA,GAGAATGAAGGACAG,,0.0,15,4,0,1
TAAGCATGTTCAACGGCAAAAGCACGAT,TCAAATGATGAGGAT,,0.0,7,15,2,0
CCCACAAACGCAAGATCAATCCCAGTAT,GAGAATGAAGGACAG,,0.0,11,2,3,0
GATACAAACGCAGCCTCAAATACAATAC,AGATTCATCCCATGG,,0.0,8,6,2,0
AAATCACAAGCAGCATCAATTGCAACCA,GAACTCAGGTTCCAT,,0.0,1,7,7,7
TCTCCATCAACACTTCCAAAAACATATT,CCAACACAGGCTTCG,,0.0,9,10,3,0
GAGCCATAGGCAGATGCAGAACCACCAC,CAATCTTGAATTGAT,,0.0,9,10,6,0
GGCCCACCATCACTGCCATATTCAACCA,GCAAGAAAGAAACCC,,0.0,5,5,3,2
ACTGCATGCGCATCCCCAGCAGCAGGCT,TAACCTCGCGCTGAG,,0.0,3,10,4,0
AAGACAAGGGCAAGAGCATTCACATTCA,AGTGTTAATCAGACC,,0.0,0,5,4,11
TCTGCAGCAACATTTGCAACGCCAAACC,CTAAGCAGTCTTCTC,,0.0,3,0,0,0
TGCTCACCCTCAGTCTCATGGACACTGT,CTAAGCAGTCTTCTC,,0.0,17,2,0,0
CCAGCATTGTCAGGTGCATCGACATGTG,GTTTAGCTTCCGTTG,,0.0,8,8,1,0
AATGCAAGAACAGTCCCAGAGTCACCAT,CCAACACAGGCTTCG,,0.0,4,6,3,5
TGCACACACCACCAACACAGGCATTCG,CAAGTTCGGCGAAAT,,0.0,7,7,1,0
TGAGCACTCACATTCCCAAAGGCACGTA,CTAAGCAGTCTTCTC,,0.0,5,8,0,0
GTGACACAAACAAGATCAAACACACGTA,GCCCTCGAAACCTAT,,0.0,5,4,6,3
CTTGCAGCTGCACCACCATGACCAACCT,GTTAAATCAACAGTT,,0.0,4,2,0,0
GTAACATGCGCACAGCCAGGTACAATGT,CAATCTTGAATTGAT,,0.0,8,5,3,0
ATACCAGCGGCAGATACAAGCGCATCGA,GTTTAGCTTCCGTTG,,0.0,7,6,1,1
AAGTCACCACCACTGTCACAGACATGAT,CTAAGCAGTCTTCTC,,0.0,2,8,0,0
GACCCATTCACAAAGACAAACACATTGC,ATAATTTTCATCCAC,,0.0,5,3,2,0
CCTACACCTTCACCGACAACGCCACCGA,GTTTAGCTTCCGTTG,,0.0,3,5,5,3
AAAGCATTGCCACGCCCAAGTCCAGATC,GTAATCTGACTCTAG,,0.0,8,4,1,0
CCAGCAGTCACACCTTCAAATGCATAAA,GTTAAATCAACAGTT,,0.0,6,0,0,0
CACACAAGGCCAACGTCACCCTCATCTT,CAATTTCAACGTTGT,,0.0,5,3,1,3
CGCGCATCCCCAGAGTCACACGCAAAGC,ACAAGTTTTACAGTT,,0.0,2,5,5,3
GGGTCAAAAACACCAGCAAAACCAAGTG,CTAGTTGTATAGCCA,,0.0,7,2,3,0
GCTGCAGTCTCACGAACAGGGTCATAGA,CATTTATGGCTATCT,,0.0,3,8,4,0
GCCGCATGGTCAGTGACATTTTCACCGT,CTAGTTGTATAGCCA,,0.0,5,1,0,0
GTCGCAGACACACTCGCACGGGCAATAT,TCATAGGTATCTCGC,,0.0,3,0,0,0
CTTGCAGGGACACTCACACGTCCATTTG,TCATAGGTATCTCGC,,0.0,5,1,1,0
AGAACAACGTCATGAACATCAGCATATG,CTAAGCAGTCTTCTC,,0.0,7,1,0,0
CAAACATATACAGGGACAGCTTCAACCC,CTATCAAGGCTTAAT,,0.0,3,6,0,1
CAGGCACCTACAATCGCATTTCCAATGA,AGAACATCATCTACA,,0.0,9,1,2,1
CTCCCAGCCTCACGATCAATTGCAGTGC,AGATTCATCCCATGG,,0.0,2,3,1,5
AAGACATACGCAATGGCACAAACAGTGC,TCAAATGATGAGGAT,,0.0,3,4,3,2
AACACAGTACCAATCTCAGTCTCACGTA,ACAGTTGACGGACAG,,0.0,1,5,6,3
ACGTCAGTACCACCAACATTTGCAGTGG,CAAGGATCCCCGTAG,,0.0,1,4,2,7
CACCCACATACATAGTCAATCGCAGCGT,CAAGGATCCCCGTAG,,0.0,10,5,0,0
TAGACACCTGCACACGCACCTGCAATTA,GTGTGATTACTAAAT,,0.0,3,4,1,3
GGGACAAGACCAACAACAAAGTCATCAC,GTGTGATTACTAAAT,,0.0,2,9,0,0
GGTACACTGCCAAAAACAACGTCATGGT,TCAGAGCATTGGCCT,,0.0,1,3,4,6
CGGACAACGCCAGGTTCATTCACATGAC,CTCTTGAGAATACTT,,0.0,3,0,0,0
TTGACAATGTCAATTACACGCACAGGGC,TGATCATCACGGGAC,,0.0,1,4,1,2
AGGACATCAGCAATAGCACACACAGAAA,GTTTAGCTTCCGTTG,,0.0,2,4,1,0
GACGCAGCTACAGTGGCAGTGCCATCCA,GTGTGATTACTAAAT,,0.0,2,4,3,0
AAACCAAAGCCAAGTGCATCGTCAACGA,GCTAATTTCAAGAAT,,0.0,8,6,0,0
TCATCATAATCAGTCTCAAGTGCAGGCC,CCAACACAGGCTTCG,,0.0,7,2,0,1
AACACAAACGCATATGCAGGGACACCTA,GTTTAGCTTCCGTTG,,0.0,4,5,0,0
ACGACACGACCATGATCATCGCCAGGGA,GTAATCTGACTCTAG,,0.0,7,2,1,0
CTTACATCGCCAATGGCATTTACAGGAA,GTTTAGCTTCCGTTG,,0.0,1,5,2,0
CATGCAAAACCAATCGCAGATTCAGTTG,GTGTGATTACTAAAT,,0.0,7,4,0,0
CCTCCAATCCCACGTACAGCAACATAAT,CGAACAGAAACACAA,,0.0,3,4,1,0
ATAACACTGACAGAACCAGGTCCAGGTC,CAATCTTGAATTGAT,,0.0,2,1,2,0
GAGCCAGACGCAATCGCATCTACACGCT,GAGAATGAAGGACAG,,0.0,4,5,1,0
TTATCAGTGCCATGGGCACGGACACTAC,GTTTAGCTTCCGTTG,,0.0,5,5,0,0
TAGACAATTGCAGGCCCAGCGGCAGTAT,GTGTGATTACTAAAT,,0.0,6,1,2,0
GACACAAAACCAAATCCAGGTGCAGTAC,AGAACATCATCTACA,,0.0,8,0,0,0
AAGTCAGGCGCAGATTCAAACTCAGAGA,GTTTAGCTTCCGTTG,,0.0,5,4,0,1
ATCCCAAAGGCAGGACCATTAGCAAGCC,CTAAGCAGTCTTCTC,,0.0,4,0,0,0
AAGTCAGGAACAAACCCACTGCCATCGT,AGTGTTAATCAGACC,,0.0,4,2,0,0
TGGACAAGTACAGGAGCATGCTCAAGTA,TAATATTGTTTTGCG,,0.0,5,1,0,0
ACAGCAGGCCCAAAATCATAGTAAAGT,ACAGTTGACGGACAG,,0.0,8,0,0,0
GATACAGCCACAAAAGCAGGGGCAGGAG,GTAATCTGACTCTAG,,0.0,3,2,0,0
GGTGCAAAAGCAGGCCCAGCTGCATCTT,GCTAATTTCAAGAAT,,0.0,7,3,0,0
TAGGCATAAGCAAATCCAGGTACACAGT,GAGAATGAAGGACAG,,0.0,6,4,0,0
TTAGCATGTGCAGTAGCATTTACAGAGC,GTTTAGCTTCCGTTG,,0.0,4,5,1,0
TAAGCACTGGCAGGAGCAAGTTCACAAT,CAAGGATCCCCGTAG,,0.0,6,6,0,0
CCAACATGACCAGCTCCAGTGGCAAAGT,TCAAAGCATGAAAAA,,0.0,2,7,2,1
CAAACAGTGGCAAGAACAAGATCAGTAT,GTTTAGCTTCCGTTG,,0.0,6,4,2,0
ATAACATATGCAACAACAATCTCATATG,ACAAGTTTTACAGTT,,0.0,4,0,0,1
AAATCAGGGGCAGAATCATCCACACACC,ATTATCATCGCCATC,,0.0,6,0,0,0
AGCTCACTCGCAGAAGCACTGGCATTGA,CTAAGCAGTCTTCTC,,0.0,2,0,0,0
GTTACAATTTCACAGGCAGGCACATCTT,CTTTCTTGTGTATTT,,0.0,4,3,0,0
GGTCCAGCCGCAGGTCCATAAGCAGGTT,GTTAAATCAACAGTT,,0.0,2,0,0,0
TAACCATCTTCACGGGCAGAATCAAAAG,GTAATCTGACTCTAG,,0.0,2,4,1,0
CCAGCAGCTTCAGAAACAAACACAGCGA,GTAATCTGACTCTAG,,0.0,0,6,0,0
TTGTCATGCGCAGTCCCAATCACAGCTA,CTAAGCAGTCTTCTC,,0.0,6,2,0,0
TGCACACACGCAACCTCAGTATCAGCTC,GCTAATTTCAAGAAT,,0.0,3,6,0,0
TCAGCACCGCCACGGACAGTTCCAGTAA,ATGAAGTTCATAATG,,0.0,2,6,2,0
GGATCAGCAACAACTACAGCTTCAGTGA,CTAGTTGTATAGCCA,,0.0,3,2,3,3
GCACCACGCGCAAATACATGCGCAGAAC,GAGAATGAAGGACAG,,0.0,2,0,3,1
CTTGCAGAGTCAGTATCACGATCAATTC,TCAAATGATGAGGAT,,0.0,4,1,2,0
GTTGCATGAGCACCCCCACCGCCAAACA,ATTATCATCGCCATC,,0.0,1,1,0,0
TCGTCACTTTCAGAAGCAGCCTCACATC,CATCAATGAGGCAGT,,0.0,2,1,1,0
CTAGCATCTACATCGGCAGAAACAGAAG,GTTTAGCTTCCGTTG,,0.0,4,4,1,0
AAGACACGTGCAACAGCATCGGCACCAG,TAATATTGTTTTGCG,,0.0,4,3,1,0
AATCCATGTGCAAAACCACGAGCAAACC,GAGAATGAAGGACAG,,0.0,3,2,0,0
AAGCCACTGACAACGCCAGGGTCATAAG,AGTGTTAATCAGACC,,0.0,3,3,4,0
CACCCAAATTCAGCCTCAGGATCATAGT,AGTTTATAAAAAATT,,0.0,2,3,1,4
CCTACAACGTCATTTACATGCGCATCAC,TAACCTCGCGCTGAG,,0.0,5,2,1,0
TACACAGCTGCAGCAACAAACTCACGCT,CATCAATGAGGCAGT,,0.0,1,1,0,0
CAGACAACCACAAGTACAAGGGCACCCG,GTTTAGCTTCCGTTG,,0.0,2,4,1,1
TCTCCAGTCACAGTTCCACAGTCATGAT,ATTAATACTTTGCAG,,0.0,2,2,1,0
GTCACATATCCACACTCAACAGCACTGG,CGTCAAGACCTTCTA,,0.0,3,1,0,1
TGCTCAATGGCAAATCCACGGGCAGGAG,AGTGTTAATCAGACC,,0.0,5,1,0,0
TGGCCAGCGTCATGGCCATGGCCAGCGA,GTGTGATTACTAAAT,,0.0,2,2,2,0
ATTGCAACTCCACGGACAGCAACAACAG,ATTATCAAGTGCCAG,,0.0,1,2,0,0
CGCCCAGGAGCAGGCTCACCGGCAAGAG,CTAAGCAGTCTTCTC,,0.0,3,1,0,0
TGAGCAGTGGCACAGTCAACCACACGGT,TCATAGGTATCTCGC,,0.0,2,0,1,0
TATTCATCGGCAAAACCATCGTCATAGG,GCAAGAAAGAAACCC,,0.0,1,5,1,0
TCCACAACACCACCAACAAATGCAATGC,TCAAATGATGAGGAT,,0.0,4,2,2,0
GGTGCACTAACATATACACGGTCATGGC,ACAAGTTTTACAGTT,,0.0,4,0,0,3
CAGACATAAGCACGATCAACACCACAAT,ACAAGTTTTACAGTT,,0.0,7,0,2,0
TGGCCACGGGCAGAAACAAGAACAGGTT,CGAACAGAAACACAA,,0.0,2,4,2,1
ATAACACCGTCAGTGGCACTGTCAGTAG,CTAAGCAGTCTTCTC,,0.0,2,1,0,0
GGAACATTGGCAGCTTCACGTCCAACAC,GCTAATTTCAAGAAT,,0.0,1,3,1,0
CGGACAAGGTCATAACCACGTGCAAGTT,CTTGATCAATCAAAA,,0.0,0,0,1,0
CACTCATAGCCAGGACCAATCACATCGT,AGTGTATGATAATAT,,0.0,0,1,0,0
TATCCAGTTCCAGCCGACCTACAATGA,AAAACATTATCAAAG,,0.0,2,0,0,0
ACGGCACCGTCAAAGGCAGTTCCACTTA,GAACTCAGGTTCCAT,,0.0,7,0,0,0
CCTCCACCACCAACGACAAGATCACTCT,GTGTGATTACTAAAT,,0.0,1,3,0,0
GCTACATATGCACAGGCATCAGCATTGA,TCATAGGTATCTCGC,,0.0,1,2,0,0
GATACAAATGCAAAGGCACGTTCATAGG,ATTATCATCGCCATC,,0.0,2,0,0,0
GGAGCATAAGCAGAGACATTTGCAGGAC,CTAAGCAGTCTTCTC,,0.0,2,2,0,0
AGTACAGTAACACAAACAGGCTCAATGT,AGTGTTAATCAGACC,,0.0,2,4,0,0
AGTGCACTCCCAAAGTCACAAGCAATTA,GAGAATGAAGGACAG,,0.0,3,2,0,2
TGCCCAGGCACAGTTGCAAGTCCATGCA,CTTGATCAATCAAAA,,0.0,3,5,0,0
ACGACAGGCACAAAGACATGGACAAGAG,CATCAATGAGGCAGT,,0.0,1,0,0,0
ACGCCAAACTCAGTGTCACTAGCAGGTG,AGTGTTAATCAGACC,,0.0,1,3,0,0
CTCACATTCGCAAGAACACGCGCAAAAA,CTAAGCAGTCTTCTC,,0.0,1,5,0,0
AGGACAACATCATAATCAGGATCAAGCA,GTAATCTGACTCTAG,,0.0,0,3,0,0
TAATCAGTATCAAACACAATGGCAGCCG,CTAAGCAGTCTTCTC,,0.0,6,0,0,0
ATCCCAGCCACACGAACACAAGCACCGA,GTGTGATTACTAAAT,,0.0,1,2,2,0
CAGTCACCAGCACAAACAGCAGCAAAAG,CGAACAGAAACACAA,,0.0,2,1,3,1
TATTCAAAAACACGATCATCAACAACGC,GCAAGAAAGAAACCC,,0.0,1,2,1,0
AATTCACGAACAAAGGCATGTTCAGCAG,CGCGATCAATCCTCT,,0.0,3,0,0,0
AGACCAGTTTCACTAGCAGGCGCAGAAA,CTAAGCAGTCTTCTC,,0.0,1,1,0,0
CGTCCAGCGGCAGAGGCAGACGCACTCT,GTGTGATTACTAAAT,,0.0,2,1,0,0
TATCCAGGTGCAAAAACAGTATCAAGAG,GCAAGAAAGAAACCC,,0.0,3,1,0,0
CACCCACTTCCAGGCCCAAGCGCAATTA,ACAACCTACCTGCTA,,0.0,2,0,3,0
TGTCCAAGGGCAATACCACCTCCAAGGG,GTGTGATTACTAAAT,,0.0,4,1,0,0
TAATCAGGCTCAAGAACAACAACATAAC,CTAAGCAGTCTTCTC,,0.0,2,2,1,0
GAAACACTCGCAGGGCCACGGGCAATAG,CATCAATGAGGCAGT,,0.0,5,0,0,0
ACTACACAGGCAAAGGCAAAATCAAGTT,TGATCATCACGGGAC,,0.0,2,1,0,2
CATGCAATCACATTTGCATGTACAGCTC,ATTATCATCGCCATC,,0.0,5,0,0,0
ACAACAATAACATATGCAGCCACACAATAG,CCAACACAGGCTTCG,,0.0,2,3,0,0
AGTGCAAGGGCACGCCCAATTCCAAGCT,GTAATCTGACTCTAG,,0.0,4,2,0,0
CCCGCATATGCATCTCCACGTACACGAC,CTTTCTTGTGTATTT,,0.0,4,0,2,0
GCAACAGCTACAATAGCAGCCTCACTAA,CTAGTTGTATAGCCA,,0.0,0,2,0,0
CTATCAAGTCCAAATTCAACTACACGTG,GTTTAGCTTCCGTTG,,0.0,2,0,0,0
GATTCACCCCCACGGCCATCGTCAAGGG,CATCAATGAGGCAGT,,0.0,1,0,0,0
CGGACATTTACACCCCCAGCAACATAAG,ATCGTTGGCATTTGG,,0.0,1,1,0,0
TGAACTGAGGCATCAACAGTCCCAGGGA,TCATAGGTATCTCGC,,0.0,0,4,0,0
TTACCAGGTCCAACCGCAGTCGCAACAA,ATTATCATCGCCATC,,0.0,2,0,0,0
CATGCATACTCATGCCCAGTCGCAAGTG,CTAGTTGTATAGCCA,,0.0,1,0,0,0
GCTGCAGTACCAAAACCAAACTCAATCT,TTAATTAGAGGTATG,,0.0,0,3,0,0
GTTTCAGCGCCACCAGCAAGCCCACGTG,CTTTCTTGTGTATTT,,0.0,1,1,0,0
ACGTCATGGCCATGCCCATCTCCAGGCC,CTCTTGAGAATACTT,,0.0,1,0,0,0
TGGTCACGCCCATAATCAGCAACATCTG,TCATAGGTATCTCGC,,0.0,2,1,0,0
TTCGCACAAACATGCTCATGAGCAACAG,GAGAATGAAGGACAG,,0.0,1,0,0,0
GAAGCATGGTCAAACCCAACTTCAGGAT,TACACCAATTACACT,,0.0,1,1,0,0
GTAACAAGGTCACGGACAGTTGCATAGC,GTTTGTTTTGGGAAA,,0.0,3,0,0,0
CAGACAAGAACAAGCACATCCCCAATTC,CTTTCTTGTGTATTT,,0.0,1,2,1,0
AACGCAAGGGCAGAAACAACAACACAGG,CTCTTGAGAATACTT,,0.0,2,0,0,0
GTTCCAAGTTCATGGCCAGTAGCATCGC,GTTAAATCAACAGTT,,0.0,3,0,0,0
GCCGCAAAAGCATCGGCAACCCCACATA,TCAAAGCATGAAAAA,,0.0,3,1,1,0
TAACCAACCACAGCGGCAATCACAAGTA,TAACCTCGCGCTGAG,,0.0,1,4,0,0
CAGGCAGGCGCAGGCTCATTAGCAGTAC,CTAGTTGTATAGCCA,,0.0,2,0,0,0
ACTACAATAGCAAATGCACCGCCACAAA,CTAGTTGTATAGCCA,,0.0,3,0,0,0
TACGCAGCAACACTCCCAACACCACGTG,TACACCAATTACACT,,0.0,2,0,0,0
TGCGCAAACACAGCATCATATTCAGCAG,TGGAGTCTTTGTTGA,,0.0,1,2,0,0
GGGGCAAGCACACTCGCACGGTCAATTG,GTTAAATCAACAGTT,,0.0,0,1,0,0
TGTCCATAATCACGCGCAATATCATAGG,CATCAATGAGGCAGT,,0.0,0,1,0,0
AGTGCAGCTCCAGCCCCAAGTACAGGCC,CTAAGCAGTCTTCTC,,0.0,2,0,0,0
TGAACAACCACAAGTGCAACGGCAGGGA,GAGAATGAAGGACAG,,0.0,2,0,0,0
GAGACAGCAACAGCGACATCAGCATCTC,CATCAATGAGGCAGT,,0.0,3,0,0,0
TGACCAGGAACAACGCCAAACGCAGGAG,TTTAACTCACCGTAA,,0.0,1,1,0,0
TAAACATCGCCACACGCACGGACAAACT,CCAACACAGGCTTCG,,0.0,1,0,0,0
CAGGCACTCACACACCCAAGTTCACGCG,CATCAATGAGGCAGT,,0.0,1,0,0,0
AAATCAAATACAGCCGCAACCACAAGCG,CTAGTTGTATAGCCA,,0.0,0,1,0,0
CCGGCACTTCCAGGCGCATTAGCAGATG,TTTATAAATCAATAG,,0.0,4,0,0,0
CAAGCAAGGGCAAGACCACTCGCAACTC,AGTGTTAATCAGACC,,0.0,4,0,0,0
GCACCAGCCCCACATGCACGTCCATACT,GAACTCAGGTTCCAT,,0.0,2,1,0,1
TGGGCAGCGCCAAATGCACACGCAACTT,ACAGTTGACGGACAG,,0.0,1,3,0,0
GGTTCAGTCGCAAATACAGTCCCACCTA,TCATAGGTATCTCGC,,0.0,0,2,0,0
AAGGCACGCTCAAAATCACTCTCAAGGG,GTTTAGCTTCCGTTG,,0.0,2,0,0,0
AGTACAACAACACTGACAGATCCACTGC,TAACCTCGCGCTGAG,,0.0,2,0,0,0
GCGGCAAGAGCAAGGACAGAAACAACTC,ACAAGTTTTACAGTT,,0.0,1,1,0,0
ATCGCAAAAGCAGTAGCAGAGTCATCAT,GTTTAGCTTCCGTTG,,0.0,2,0,0,0
TTAGCATGAACACGGCCACTACCAGGCG,TACACCAATTACACT,,0.0,2,0,0,0
CATCCAGACACAGGTCCATCTACACGGC,ATTATCATCGCCATC,,0.0,3,0,0,0
TCTGCAAACTCAACCTCAGGGCCAACGA,CTATCAAGGCTTAAT,,0.0,2,0,1,0
GCAACATGGCCAGTTACAACCGCAACGG,AAAACATTATCAAAG,,0.0,1,0,0,0
GCTGCATTATCAGGAGCATTATCAAAGG,AAAACATTATCAAAG,,0.0,1,0,0,0
TGCACACGAGCAGGGCCAGTCGCAGTTA,TCATAGGTATCTCGC,,0.0,1,0,0,0
TGCTCACGAACACAGTCATCTACAAGAA,AGATTCATCCCATGG,,0.0,0,1,0,0
AGGACAAGACCAATGACATGAACACTGA,GTTAAATCAACAGTT,,0.0,1,0,0,0
AAAGCAATCGCAGCATCATGGGCAGGGC,AAAACATTATCAAAG,,0.0,1,0,0,0
ACCCCAGTAACAGTCCCATCAACAAAGT,TCATAGGTATCTCGC,,0.0,1,0,0,0
GTAACAACCCCAGAGCCACTCACACTGC,AGTGTTAATCAGACC,,0.0,0,1,0,0
CTAACACGCACATTGGCAGGCGCACTCT,CGAACAGAAACACAA,,0.0,1,0,0,0
AAAGCAGCATCAGAGTCACGTGCAAACA,TCATAGGTATCTCGC,,0.0,1,0,1,0
GTGCCACAGACACTGTCATGATCACACT,TAGACGGACATCTTC,,0.0,2,0,0,0
CTAGCACAAACAGAGTCAGCAGCACAAT,GCAAGAAAGAAACCC,,0.0,2,0,0,0
GCACCATGCCCAAAGACATACTCATCGG,CAAGGATCCCCGTAG,,0.0,1,1,0,0
TAGCCAGTTACAAGGACACAGCCAACCC,AAAACATTATCAAAG,,0.0,2,0,0,0
CGGGCAGTTGCAGCTGCACGGACAGGTC,CATCAATGAGGCAGT,,0.0,2,0,0,0
GATACAGAATCAGGTTCACAAGCAGATT,ATTAATACTTTGCAG,,0.0,0,2,0,0
CACACAGCATCACGGCCATTAACAACGA,ATTATCAAGTGCCAG,,0.0,0,0,2,0
CGTTCAGTGTCAATTCCACGTTCACGTC,AAAACATTATCAAAG,,0.0,1,0,0,0
CCGCCAGTCCCAGGCACAAAGGCAAATT,CATCAATGAGGCAGT,,0.0,1,0,0,0
GAACCAAGGTCACCACCACATGCAGGGT,TCAAATGATGAGGAT,,0.0,1,0,0,0
CGTCCATAATCAAAGGCAGGAGCAAAAG,CTCTTGAGAATACTT,,0.0,1,0,0,0
GACACACGGGCAATTGCAGCCCCACAAC,TCATAGGTATCTCGC,,0.0,1,0,0,0
AACACAACTGCAAGGGCAGTTGCAAGGA,CGCGATCAATCCTCT,,0.0,1,0,0,0
TACTCATCGTCAAGTCCACTCCCAGAGG,AGTGTATGATAATAT,,0.0,1,0,0,0
AATCCATCAACAAAGTCACGTGCAAATG,ATATTGAGTAAGTAC,,0.0,1,0,0,0
AATTCAGCCCCATAAGCAGCCACATAAC,CATCAATGAGGCAGT,,0.0,1,0,0,0
GAGACAAGTACAGCTTCACGTACACCGG,CTAGTTGTATAGCCA,,0.0,1,0,0,0
TCTTCAAATGCACGTGCAGTGGCACCAC,CTAAGTGTGAAGGAG,,0.0,1,0,0,0
GACTCAGCGACATCCGCAACTGCAAGTA,CATCAATGAGGCAGT,,0.0,1,0,0,0
AACTCATGCACAAAAGCACTCACAGGGA,CAAGGATCCCCGTAG,,0.0,1,0,0,0
GGGGCATGAGCAGCATCAATAGCAGGGC,ATCGTTGGCATTTGG,,0.0,1,0,0,0
TGTCCAGGTCCAACCTCAGAGACAACAA,CATCAATGAGGCAGT,,0.0,0,1,0,0
GAGCCACAAACAGGCTCATGTTCAGTCG,CTAGTTGTATAGCCA,,0.0,0,1,0,0
AGTACAAGCTCACTCTCACTACCAACGC,TCGAAAGCACAGTAG,,0.0,0,1,0,0
CATCCAACGACAAAAACATGGGCATATG,TTAGTCTTTCCATCA,,0.0,0,1,0,0
GTTGCACGACCACTGACATATACACCAG,TCAAATGATGAGGAT,,0.0,0,0,1,0
AGGTCAAAAACAGTAGCAAGAACATTA,CATATGCATTCCTTG,,0.0,0,0,1,0
GGTACAAGCGCAATAACAGAACCAACCG,ATTATCATCGCCATC,,0.0,0,0,0,1
