BC,Edge,s,LL.ratio,TP1-1-T1,TP1-1-T2,TP1-1-T3,TP1-1-T4
GCTCCAAAGTCAATCCCACGCTCAATGG,ACAGTTGACGGACAG,0.00632041960287566,0.0,6066,14716,13295,32727
TGGACATACTCAAAGGCACTATCAGATA,TCAGAGCATTGGCCT,0.04292479138383364,0.0,2150,6763,9145,34782
TTCCCAGTCACATAAACAACGGCATATA,TTATATTTATTTGCT,0.021647972205684655,0.0,2219,5948,6739,18961
AACGCAGTGACAGGGTCAGTTGCAATAG,AGTGTATGATAATAT,0.05019071417084281,1290.158508066157,704,2490,3605,14163
CGTTCACGGCCATCTTCAGTACCAGAGC,CTCTTGAGAATACTT,-0.027206791103088112,0.0,3253,4916,3260,6419
GTTGCATACCCAGACGCACACCCAATGG,GTTTGTTTTGGGAAA,-0.018702549851329353,0.0,2557,4860,3402,6512
TTGCCACACCCACGAACACACGCATATT,CCAGGATGTACCGCC,0.0007292342342696493,0.0,1822,3634,3637,8312
TATCCAGCGTCAAAATCATAAGCAAGGT,TTATATTTATTTGCT,0.02219743424997961,0.0,1073,2626,3075,9321
GGGGCATATTCAAGTACAAGTGCAGGCA,TCTTGGAGGTGAATG,0.016845857215663177,0.0,1127,3311,3020,8338
AAGACATGAACACGCGCATGGACAATAT,GCTGCTTATGAGGAT,0.0018924843965279156,0.0,1319,3168,2824,6231
TGGACACCATCAATGTCATAGGCATACT,CTCGCTAATACTCCT,0.013444733481645254,0.0,1065,2338,2290,7115
GTATCACGGACACCGGCACCGGCAAGAA,GAGTGCTTCAAAGTT,-0.009790097805974337,0.0,1512,3111,2502,5031
GATCCATAGGCACACGCATAACCAGCGC,TATATTGAACTTTAC,-0.03405410948246814,587.9699251841557,1844,2980,1757,2963
AGGCCAAGGGCACGATCAACCACAAGTA,CTCGCTAATACTCCT,0.015974211418426046,0.0,752,1903,1870,5420
GAACCAGTCACACTATCAGGGCCAGTAT,TTATATTTATTTGCT,0.03263886418046393,14.81653113054199,425,1441,1628,5050
ATAGCAGCCTCACGGACAACAACAACTG,CTCGCTAATACTCCT,0.016778133060105265,0.0,626,1612,1589,4622
AAGACATGCGCACGGACAAAATCAAGCG,TCTTGGAGGTGAATG,0.009776063024637573,0.0,709,1660,1737,4243
GAGTCATCTCCAGAGGCACATCCACGAT,ACAGTTGACGGACAG,0.002942091868894892,0.0,825,1799,1635,4022
CAGTCACCTGCATTTACACAGCCAGCAC,TTATATTTATTTGCT,-0.0033834711683069507,258.4698069864244,831,1781,1628,3351
GAGGCACTGGCACTGGCAGGAACACTGG,TATATTGAACTTTAC,0.001914356740842985,0.0,656,1537,1390,3101
CGACCATGAACACAAACATATGCAGCTG,TTATATTTATTTGCT,0.024695959569484758,0.0,438,1141,1388,4101
CCAGCAGTGACACCAACAATGACAAAGG,TCTTGGAGGTGAATG,0.015335735232591486,0.0,495,1210,1249,3500
CAAACAATTGCAAGGCCAGTCACATAGC,GTTGGGCGCTTAAAG,0.00575129276595782,0.0,576,1303,1252,3055
TCCCCAAATACACCATCATGAGCCACCAT,CTACTTACAACGGAA,0.008430560315155175,0.0,551,1188,1108,3167
GAGCCACGATCACAGTCATAGTCAAGCG,TCTTGGAGGTGAATG,0.009294568144783149,0.0,523,1174,1128,3085
TGGCCAAGTCCATATCCAGCCGCAATCG,CGAATGCCATACAAA,0.011924184143138117,0.0,478,1069,1158,3051
TCGTCAAGCTCATTAGCAGGCCCACGCT,GTAATCTGACTCTAG,0.010716344630547542,0.0,456,1136,1244,2807
GTCTCAGGTACAATGACAACTACATCAA,TATATTGAACTTTAC,0.0034233623258060667,0.0,519,1329,1131,2567
CAGACAGAAGCAAGAGCACGTCCAGCGG,AGTGTATGATAATAT,-0.0054611278582725594,0.0,644,1312,1092,2440
CACGCACAATCAACATCAGGATCACTGC,TCTTGGAGGTGAATG,0.001807159708016215,0.0,552,1141,1079,2601
CGCGCAGCCCCATTATCATCAACAGCTG,AAAAGAAAAATGTAT,-0.0015344195107144761,0.0,560,1243,1022,2387
TAAGCACTTCCAGAGCCAATTCCAATCT,CCAGGATGTACCGCC,0.00473185795542547,0.0,472,1116,1093,2428
GTTGCAAGCACACAGGCAAGTCCAATCT,GTCACCGGCACTAAC,0.023255412532863614,0.0,303,881,893,2717
AAGACACGGGCACAGGCAGCCACAGGGT,TTATATTTATTTGCT,0.03429094958414982,6.093011861528794,216,787,1011,2697
TAGACACTCACAAGGGCAACGCCAACCG,CTTGATGGCTGAAAG,-0.036963604483233624,0.0,910,1185,770,1340
CTTGCAATGGCACCCACACACTCACCAA,GTCACCGGCACTAAC,0.019904205880485352,0.0,311,797,835,2522
TGCTCACGACCACCCGCAGCATCATTAA,TTATATTTATTTGCT,0.019516407541437856,0.0,322,768,785,2581
CCTGCAAGTCCAGGCCCAAGCTCATCAA,CAAGGATCCCCGTAG,-0.0060750090585573345,0.0,503,1084,833,1871
GCTACAAGACCAAATCATCCACAGCGG,CTCGCTAATACTCCT,0.017424118430032495,0.0,305,713,827,2296
CGTCCATGTCCAGGACCAGTCGCAGAAA,CTTTCTTGTGTATTT,0.007815651798658537,0.0,389,763,760,2195
GCACCAATATCAGTGCCAGGATCAATACG,CTACTTACAACGGAA,0.012110410736417254,0.0,344,762,772,2208
TCAGCACCGGCATCTCCAGAATCACGTA,CCAAGACCGTGTAAA,-0.00988703157078484,0.0,491,998,769,1629
GCCCCAACGACATCCTCAGTCGCATCAG,CTACTTACAACGGAA,0.00556592338289678,0.0,379,797,746,1999
TAGGCAACAACACTCACAGCGCCATCCG,CTCGCTAATACTCCT,0.018968104901059105,0.0,269,748,689,2121
GGTTCACGGGCAACCACATATACAGGAC,ATGGCGATGGTCTTG,-0.009561976797933682,0.0,434,989,677,1454
ATGGCACCGGCACTCTCAGGTGCAAATA,TTATATTTATTTGCT,0.02620705924767878,0.0,217,563,648,2126
GCATCAGAATCATAGTCATGCGCACCTG,TCAAAACGGAGTGTT,-0.004658236832728916,0.0,404,827,678,1568
GAATCAGGCACACCCTCACAGCCAATTA,TCGATAGAATTTACT,0.0013852703339940636,0.0,334,814,706,1554
ACGTCAAACACACTAGCAGGACCAACGG,AAAACATTATCAAAG,-0.012099035342614486,0.0,468,765,673,1453
GGATCAGTGTACCGGCAAACTCATGTT,TTATATTTATTTGCT,0.01988561606202787,0.0,229,639,644,1856
GACACAGACGCATATGCACGGTCAAAGG,GTACAAGAAATTTTG,0.012724144685532906,0.0,264,693,688,1726
TGGACAGTTGCAGTAACATCGGCATCCA,GTAATCTGACTCTAG,-0.006346820435232203,0.0,380,782,600,1402
CTAACAGCTACACATACAGAAACAAGCG,ATCGTTGGCATTTGG,-0.1624058306404579,0.0,1229,402,61,42
TGTTCACGAGCACGTCCAGTGGCAGCAT,TCAAAACGGAGTGTT,-0.000485285818383385,0.0,331,659,667,1456
GACTCATTTTCATTAGCAGCTACACGCT,TTATATTTATTTGCT,0.02438895124181283,0.0,184,517,685,1707
GGAGCATGTACATAAGCAACTTCAGCCT,TCATAGGTATCTCGC,-0.005299560738025201,0.0,332,785,621,1264
GTACCAAAACCACGCGCAGCAGCACGCT,TTATATTTATTTGCT,0.015842571471027165,0.0,229,554,614,1644
CTAACAGTTGCACTACCAGCCGCACAGA,GTTGGGCGCTTAAAG,0.010263174475459547,3.3957643602516328,248,640,607,1506
GCTGCAAAGCCAGCGGCACAGCCAGTGG,CTTTCTTGTGTATTT,-0.1462735868703877,0.0,1028,514,141,57
TTGTCAGCTACATCAGCACGGACATTGT,CCAAGACCGTGTAAA,-0.011878249458817436,0.0,375,668,581,1172
GGGACATAGCCATGTGCAGACTCATTGG,CCAAGACCGTGTAAA,-0.017693584396249424,0.0,392,798,547,1029
CAGGCATAAACACTGGCAAGGTCAGTTC,CTCGCTAATACTCCT,0.019050427817222843,0.0,188,546,561,1486
AAGCCACCTCCAGGTCCAATAACATAAC,GTACAAGAAATTTTG,0.009931167517261188,0.0,242,498,571,1455
CAAACAATCGCAAGCACATTATCAAGGG,CCAGGATGTACCGCC,0.00981228038041501,0.0,222,625,526,1330
CCGGCACCGACACGGCCAGGACCATGTA,AGTGTTAATCAGACC,-0.008686438415869743,9.474520760933956,330,640,588,1135
AACACAGGTTCAGGCGCACAAACATGTA,TTATATTTATTTGCT,0.008886212391726999,23.828420065896353,231,545,514,1346
GGCCCATCTGCATAAACATGTCCATACT,GGTTGCCCAGAAGTA,-0.007544988997695512,0.0,304,641,551,1082
AACGCATGGACACAGCCATTGGCACTCG,TATATTGAACTTTAC,-0.0006418299909625165,0.0,275,600,513,1204
AGAACATCATCAGAGTCAACAACATAGG,ACCACCGGTCCTGCC,0.003656530506234675,0.0,260,534,510,1295
GAGTCAGGAGCAATTTCAAAAGCAACAG,TATATTGAACTTTAC,0.002257596092062671,0.0,259,602,486,1237
AAGTCATGCACAGTTGCACGCGCAACAA,ACAACCTACCTGCTA,-0.0045484445287149455,0.0,283,616,525,1102
GCACCATAATCAAACGCACACCCAATCT,GTTGGGCGCTTAAAG,-0.00018796775873628486,0.0,267,545,471,1185
GGCCCATATACACACCCACCAGCAGCCA,CATTTATGGCTATCT,0.005735894131677337,19.8852676463016,219,547,509,1161
CCCCACGTACAGCAACATGACCAAAAT,ACAACCTACCTGCTA,0.005739144261685129,0.0,212,586,514,1124
GGGTCAAGTACATGGCCACTTCCACGGA,ACAGTTGACGGACAG,0.018462578186754956,16.43504812070023,171,469,451,1328
GGGTCACACACAGACTCAGCGCCACTAG,CTCGCTAATACTCCT,0.025609573898270132,0.0,138,434,407,1328
AATGCATGGACAATGCCAATAGCATAGT,GCTGCTTATGAGGAT,0.00371923657586087,0.0,203,545,523,1013
GATGCAAGACCAGCCACAGTTGCAAGCG,TATATTGAACTTTAC,-0.00037179979993089374,0.0,232,518,484,1024
GACACAGCCACATAACCAAGTCCAGCGA,TCAACAACCTATGCA,-0.00030888959887125377,0.0,244,502,417,1079
ATCCCAACGGCACTGGCAGTGTCAGTCT,AGTGTATGATAATAT,-0.002564603461237554,0.0,241,543,452,996
GATTCACTCCCATTAACAACGCCATAGT,GAGTGCTTCAAAGTT,-0.0030025413758186133,0.0,241,558,407,983
ATTACAACCGCAAAGGCAGCCTCATAGA,TTTTGCATTTAGGCG,0.008443714229272991,0.0,196,424,459,1127
AAAACAGGTGCAGGTACACATACATGTG,TATGCCCTTCTTCTG,-0.00226252044146292,0.0,223,565,461,930
ACACCAGGGTCAGCAGCAAAAACAAGTC,CCAGGATGTACCGCC,0.01093132511928475,0.0,179,450,399,1109
GCGCCACACTCAGACACACACGCAAAGG,TCGATAGAATTTACT,0.011898385184356909,17.80873853686262,172,459,359,1097
GAAACATAGTCATGCACAGTGCCATGTA,ACAGTTGACGGACAG,0.007328730929541294,0.0,189,426,394,1051
ATGCCAAGCCCATCGTCATCGGCAGCAC,TCAAAACGGAGTGTT,0.0011820349177197838,0.0,213,444,403,985
CAAACACCAGCAAGACCAGATACAAGCG,AAAACATTATCAAAG,-0.008374088988944066,0.0,248,487,395,861
GGCCCAATATCAAACGCAATGACAACGG,AAAACATTATCAAAG,-0.004661131733363266,0.0,235,416,372,912
TGACCACCACCAGAATCAGGTTCACAGA,TCTTGGAGGTGAATG,0.00717343794098436,0.0,200,321,326,1107
ATCGCATCCCCAAACGCAAATTCAAGGA,TATATTGAACTTTAC,0.005593602500695086,0.0,165,411,465,871
AATACACCGACACGTGCACGTCCAGTAC,CAATCTTGAATTGAT,-0.06794042395854773,0.0,516,591,271,300
TGGTCATTCCCAAACCCACACTCACGGC,TATATTGAACTTTAC,0.006426987248865382,0.0,177,345,426,958
TCCTCAGGCGCACACACATTAACAAGAG,TCATAGGTATCTCGC,0.00455382524780088,0.0,180,422,360,921
ACAGCAGGAGCACGCTCACCGACAAGTT,AAAAGCGACATTTCT,-0.015696558607406114,0.0,263,465,384,733
TACACAACGACATCTACAAGACCATGTC,TATATTGAACTTTAC,0.0019385754586337472,0.0,193,388,348,913
GGCACAAATACAAGAACACGGGCATCCT,TCTTGGAGGTGAATG,0.00734544962629468,0.0,165,398,280,918
CCAGCACGTCCACGGTCAGCCGCATCCT,TATATTGAACTTTAC,0.009564747018422802,0.0,150,333,360,892
ATGTCACCGCCATGCACATCTACATCGT,ATTATCAAGTGCCAG,0.003826623463448739,0.0,160,365,375,801
AAAACAGTCTCAACGACAGGCACAAATT,AGTGTATGATAATAT,-0.01395070826255654,0.0,222,452,356,652
CCTACACTAGCAGCTGCAGGATCAACAA,ATGGCGATGGTCTTG,-0.00369656661971985,0.0,192,385,315,767
CTCTCATTCCCATTCTCAGCGACACAAC,TTTATAAATCAATAG,-0.0069100244305852305,0.0,188,432,359,682
AAGACATCAGCACAGGCACGGGCAAACC,TATGCCCTTCTTCTG,-0.00619617430911171,0.0,194,348,311,719
CCCTCAATCCCAGAGTCAAGGACATGTT,TCAAAACGGAGTGTT,0.002654931094244972,0.0,150,357,361,725
TGATCAGTCTCATGTCCATAGTCAAAGT,ACCACCGGTCCTGCC,0.008732316320710136,0.0,140,322,317,812
AATTCAGTGCCAGAAGCACGAACAGCAG,TCATAGGTATCTCGC,-0.009619064588735694,0.0,209,338,320,699
TAACCAGATGCAGGGACACGGGCAGCAT,CTACTTACAACGGAA,0.0047045813673953175,0.0,143,413,289,735
GACGCATGTGCATCACCATGTGCATATC,TATATTGAACTTTAC,7.746164642685044e-05,0.0,171,308,322,765
CCTACAGGAACAACTACATTCACAGCCA,ACAGTTGACGGACAG,0.015931410550762356,0.0,111,277,356,799
CAAGCACGTGCAGGAGCAACGTCACCGA,TTATATTTATTTGCT,0.015551700769181812,0.0,120,274,289,854
GCTCAAAATCAATGCCAATCGCACAAAT,CCAGGATGTACCGCC,0.006666066342511249,0.0,144,316,284,785
ACTGCATAGGCAGCATCAATCACAATCA,TCAAAACGGAGTGTT,0.0016524728336019476,0.0,142,391,315,666
GCTACAGATCCAGTGCCATCTCCAACTT,TCGATAGAATTTACT,-0.004153561973345502,0.0,151,440,293,595
AGGACACAGACATAGCCACCCTCAGAAG,TCGATAGAATTTACT,0.007285978899844607,0.0,121,287,351,672
AGGACACCAGCAGTGCCAGAAACATATC,ACAACCTACCTGCTA,0.004980226479796102,0.0,126,311,336,653
ACCTCAGAGTCATCAGCAGCTACAACCC,CTACTTACAACGGAA,0.0022593688682483125,0.0,152,279,263,726
GAAGCATTCCCAGCTGCACACACATGCA,TATATTGAACTTTAC,0.013580237966632028,11.32881747227566,113,280,279,758
ATCGCAACCACAAAGGCATGTACAGACT,GTTGGGCGCTTAAAG,-0.0003666603935221483,0.0,152,306,280,671
ATTACAAGGACACGGGCACAATCATTGC,GTTCAGCTTTGATCG,-0.02924882645223539,0.0,250,379,266,464
TAACCAACCTCATGGTCAGCTACATACC,TCATAGGTATCTCGC,0.010158666290474372,7.672069880768049,112,300,300,678
CTCCCACCTACACAGGCAAGAGCAGGAT,TATATTGAACTTTAC,-0.0005634467964801421,0.0,139,320,280,610
GCCGCATGATCATCTGCAAGCTCAAAGG,TAACCTCGCGCTGAG,-0.015368538018712623,0.0,205,313,226,577
GGTACATTAACACATACACAGGCATTAT,AAAACATTATCAAAG,0.010549677616657356,17.538038910977775,112,276,256,686
GTAGCAGTATCAAATCCAATATCACCAA,AGTGTATGATAATAT,-0.009939507887290974,0.0,160,339,259,530
TGGACAGCTGCATGGGCAACGACATGGA,AGTGTATGATAATAT,-0.002997376707082496,0.0,151,287,247,616
CGGACAACCCCACTATCATTTCCAACTG,ACAACCTACCTGCTA,0.001808324740724624,0.0,132,282,269,622
GAGACAGCAACACACACATGGGCAAGAA,GCTGCTTATGAGGAT,0.02401194873714167,31.610420114277076,81,234,255,743
ATGACACGATCAGGGCCATATACAAGGT,TATATTGAACTTTAC,0.013357879495746605,5.062628508171656,101,293,234,673
GAACCATCAGCACAGGCACACACAACCA,AGTGTATGATAATAT,0.0002168016160095064,3.5083497274663387,132,289,273,593
GCCGCAGCCGCAGCTCCAGATTCAGGCC,GCTGCTTATGAGGAT,0.00051539093914279,0.0,137,257,230,621
ACCACAGAGTCAGTACCATCACCACGAA,ACAACCTACCTGCTA,0.0015242296054756171,0.0,122,293,237,570
CTGCCATAGCCAGGCTCAGGCTCAATTG,AAAAGAAAAATGTAT,-0.009600057476133253,0.0,153,297,236,512
CAGTCAGAATCAAGTGCACCTTCAAAAC,TCAAAACGGAGTGTT,-0.004795417454866484,0.0,141,273,229,545
TGATCACCAGCAGGGGCATCTTCAAACA,AAAACATTATCAAAG,-0.010904810516295943,0.0,156,262,243,502
GCTGCAACATCACGTGCAAACGCAACCA,TCGATAGAATTTACT,-0.008752113719753573,0.0,141,298,233,484
GGGGCATAGGCACCGACACGTACAGCCG,TAACCTCGCGCTGAG,-0.018350549558535788,0.0,183,266,219,471
AGCGCATGATCATAGCCAGCCACAGAGT,ACAGTTGACGGACAG,0.016693689555957052,0.0,85,206,239,626
CGCCCAGGTACACTGTCATCAACACCGG,TATATTGAACTTTAC,-0.0029562460663955293,0.0,142,199,227,580
ATCGCAACATCAAGGACAATAGCAGTAC,GTTGAACTGGTTGTT,-0.0227308995937153,0.0,183,328,186,413
GTACCAAGGGCATTGACACTGTCACTGA,AGTGTATGATAATAT,-0.010890248303293265,0.0,155,250,231,499
AGATCAGGACCATACGCATGCACAGAGG,ACAGTTGACGGACAG,0.009414934032161456,0.0,100,186,255,592
AGGGCACACTCATCTGCACCTGCAACAG,TATGCCCTTCTTCTG,-0.011147229321503657,0.0,149,266,228,476
GCTACAGATACAGGGACAACTCCATAGC,AAAACATTATCAAAG,-0.007430758403939416,0.0,140,239,224,500
ACGTCAGGTACACGAGCACGCCCAGGGT,ACAGTTGACGGACAG,0.0254882809606492,22.68233667997356,68,186,200,652
ATTACACGGACAATGACAGCACCATACG,GCTGCTTATGAGGAT,0.013165398131373874,19.906796077916624,96,188,171,636
AAGGCATTCGCAGAACCAAAAACAACTC,CTTGCAAGTGTAATT,-0.011428031090264754,15.404854739998427,143,251,183,453
GATACAGGCGCATAGACATCACCAGCGT,AGTGTTAATCAGACC,-0.01993156115750372,0.0,154,305,221,378
CTAGCAAGTTCAGCGGCATTTACAATAG,CTCGCTAATACTCCT,0.016732715335165158,0.0,75,213,203,553
CCTGACGTCACTTACACAGTCAATTG,AGAAGACGACGATGA,-0.02578615543598897,1.5562796164404062,169,269,200,348
GCCCCAGTTCCACCTTCATGTGCAGGGA,TCAAAACGGAGTGTT,-0.0025648996324837774,0.0,113,192,240,467
ACTTCACCAACAACGCCAGCCACACTTA,GAACTCAGGTTCCAT,-0.007739879630117071,0.0,117,269,196,414
CCCTCATTCTCAGTCACATCGACACAGT,CTACTTACAACGGAA,0.0044827564723165444,0.0,104,193,191,531
CGATCAAGGTCAGGGCCAAAATCATAAA,ACAGTTGACGGACAG,0.011488706848880556,0.0,80,207,194,504
CCTCCATGAGCATGGCCAATGTCATGGC,TTTATAAATCAATAG,-0.009134783294633752,0.0,122,244,189,414
AAACCAACGACACAGTACAGCCCCATCAT,TCTTGGAGGTGAATG,0.0010518172600471932,0.0,94,254,158,433
ACTTCAAGGGCAATGACAAGGCCAGATG,TGATCATCACGGGAC,-0.00039647998698244535,0.0,95,270,141,419
GCGACATTCCCAAGAACAAACGCACTAT,TCGATAGAATTTACT,-0.008385477602718914,0.0,102,254,186,354
CGTGCAAGCTCACAAGCAGACACAGAAA,TTATATTTATTTGCT,0.03404776268470705,1.6956479700957061,43,156,170,533
GGAACAACGCCAGCTGCACTTACAGAAG,ATTATCAAGTGCCAG,0.005226238785255878,0.0,86,185,151,449
ACATCAGACTCAAGGTCATCCACATGGC,ACAGTTGACGGACAG,0.001403017350696167,0.0,87,222,153,405
AAACCACATACACAGCCATCTGCACTGA,AGTGTATGATAATAT,-0.010296352313175562,0.0,101,249,133,331
CGGTCATCTTCACCCACATATGCAGAAA,TCATAGGTATCTCGC,0.01753773534600196,11.591207007053526,56,166,189,423
GAGCCATGCCCACTCTCACGGCCATAGG,CAAGGATCCCCGTAG,-0.0252893752525698,26.12726589541262,111,297,187,232
GGGACACAGCCAAATACAAGGACAGACA,TTTATAAATCAATAG,0.01605901398129411,19.331324873544872,62,171,144,448
GCTGCAATGTCAGTGACAAGCACATCTC,TCTTGGAGGTGAATG,-2.6373565412670063e-05,0.0,87,149,201,388
ATTACATGACCAACCGCAAAAACAGAGA,CTCGCTAATACTCCT,0.02282460859987037,0.0,54,145,145,478
AGGCCACTCACAGACACAGCTCCAGTGA,CATTTATGGCTATCT,-0.009828704461163055,0.0,102,178,154,339
GCAGCAACATCAAACGCAAGATCACAAC,AGTGTTAATCAGACC,0.014370287593925203,38.32104324871102,61,146,159,419
CAACCACATACAACGCCACATTCAAAAA,CATTTATGGCTATCT,-0.010780209689883516,0.0,100,217,129,323
GAGTCAGATGCAACTCCAGCCACAGACG,TATATTGAACTTTAC,-0.011691870787602277,9.72669671297217,98,210,155,308
GTGTCACGTGCAATAGCAGAAACATACA,TCGATAGAATTTACT,0.007259420144184947,0.0,71,175,130,394
CCAGCAGCATCAATCCCACGGCCACGAC,TATATTGAACTTTAC,-0.008881217943471645,0.0,93,218,108,318
TCCTCACATACAGGGCCAGAGACAAGCA,TCAAAACGGAGTGTT,0.006575635483081518,0.0,71,146,148,386
ACTCCATGGGCAATACCAAATGCAGACG,TCAAATGATGAGGAT,-0.01803448871075348,4.174017663384802,117,185,118,304
TACGCAACGCCACCGACACGATCACTGT,CATTTATGGCTATCT,-0.019480308435137917,0.0,125,181,130,311
GATGCATGCGCATCAGCAATAGCAAAGG,TCAAATGATGAGGAT,-0.03128989612023846,0.0,118,257,132,206
TCCGCAAAATCAACCACAGTGTCACACC,TCAAATGATGAGGAT,-0.031791344434534595,0.0,132,196,152,227
AGTTCAAGATCAATGGCACAGGCAAACT,GTACAAGAAATTTTG,0.02713895599672253,8.984299938644654,40,96,172,403
ATGACACTAGCATAGCCAAGATCACGGC,TTTTGCATTTAGGCG,-0.001271170094301155,0.0,81,137,132,348
GTATCAGTCCCAGTGCCAACTCCACAAA,ACAGTTGACGGACAG,-0.0029135383945272457,3.1952419625522452,78,168,125,319
AAAACACACACAACTCCACCATCACAAT,CTTGATGGCTGAAAG,-0.03168871258159157,0.0,120,185,152,207
TATTCAGGAGCAAGCGCACTGACACCCA,ATTATCAAGTGCCAG,0.01195573141786716,0.0,54,147,125,345
AGCTCACTGGCAAAGACAACCTCAACTG,CGATGATGATGATGA,-0.02070901308191611,0.0,98,194,122,235
GCATCAAAACCAGCACCACGTCCAACCA,AAAAGCGACATTTCT,-0.019396639768173133,0.0,87,204,143,217
GGGACATTTGCATCATCAGGAACAGGTA,GTTCAGCTTTGATCG,-0.02566504748493778,0.0,105,150,123,217
CCCGCACGACCACACACATAGCCACAGA,TTAATTGCACTTATG,1.6554107401608082e-05,0.0,58,160,147,259
ATTCCATCGACATTAGCAACAACATCGT,GTTGGGCGCTTAAAG,-0.006468263254989726,0.0,71,142,127,261
TAGACAAGGGCATCGACAGGTACACTCC,TATATTGAACTTTAC,-0.0058376036063417435,0.0,67,180,119,251
CCAACACCTTCATCAACACGAACAAGCA,TATATTGAACTTTAC,0.015960790400931627,5.852213458078495,44,115,130,317
TCAGCAGACGCATGGCCACGAACATGAC,ACAGGGCAGCTCCCG,-0.022873581037172446,0.8451109304114084,89,169,98,200
TCCCCATCTCCAAGGCCAATGTCATGGG,ACAAGTTTTACAGTT,-0.03533419475461785,0.0,108,162,114,167
GGAACACTTTCAGGGGCAGGGGCAAAAA,CTTGATGGCTGAAAG,-0.04088518313824953,0.0,110,175,125,144
GTTCCACCAGCATCGTCACTAACAATCC,TCAAAACGGAGTGTT,0.008881905203023047,0.0,46,149,104,268
ATTACAAATGCATGCGCAACGCCACCGA,TCAAAGCATGAAAAA,-0.0366240707545867,0.0,121,146,87,180
TCCGCAAGGGCACGTCCAAGATCACAAT,AGTGTTAATCAGACC,-0.01416852344566788,0.0,73,163,108,213
ATTTCATCTACACAGTCATATGCACGAA,CTTGCAAGTGTAATT,-0.03381950811438005,0.0,110,165,77,178
AGCACATGTGCACCCACAAGCACAGCTG,TCTTGGAGGTGAATG,0.023483524138880944,5.963182482324555,35,83,114,316
AACTCAATCACAGCGTCATCGTCATCGC,ACAGTTGACGGACAG,-0.015226342226512262,13.049120050538477,75,137,110,212
CTACCAGTGCCATATACATGCCCAGACT,TATATTGAACTTTAC,-0.0011202719944419272,0.0,57,126,102,246
CAACCACTGGCATGCACAGCATCAAGAC,CTTGCAAGTGTAATT,-0.013066636072070549,5.7516707401888425,63,150,124,190
CGTCCATCCTCAGTGGCAATATCACAAA,TCAAATGATGAGGAT,-0.019948026128613145,0.0,75,161,94,184
TAGACAACGACAAGTTCATAGGCAAATA,CTACTTACAACGGAA,0.0032362735816319293,0.0,49,121,116,241
CCCGCATACGCAGTTGCAAGTTCAAAGA,ACAGTTGACGGACAG,0.02610289331412809,7.564374716785551,30,94,106,293
GCATCAGAGTCACTATCAATAGCAAGTC,TATATTGAACTTTAC,-0.007282938501677243,0.0,63,127,96,226
CCCTCATGAACAGGCTCAACAGCAGAGG,GGTTGCCCAGAAGTA,-0.006498463858744538,0.0,55,148,109,202
AAACCAGCTACATTATCATCGGCACGCT,TCAAAGCATGAAAAA,-0.03543414485449305,0.0,96,153,94,148
CGGGCACCTACAGGCGCAGCAGCACTCA,CGATGATGATGATGA,0.011799289070142207,0.0,39,122,100,248
GGTCCATCACCAGTGTCATCGCCATCTA,TATATTGAACTTTAC,-0.006083361253975551,0.0,64,127,72,238
GTCCCACTGCCAATCGCAATTCCACTCT,ACAACCTACCTGCTA,-0.018566595471322483,10.762444817983123,70,140,103,179
TGAGCATTTCCAAGATCAGAAGCACGAG,TCAAAACGGAGTGTT,-0.00020177959567796878,0.0,55,99,98,244
CAATTCAAACGCAGGAACAACATCACGG,ACAGTTGACGGACAG,0.012965382145433234,0.0,41,85,98,270
AGAACATAGACAAGATCAACATCAAGCA,AGTGTATGATAATAT,-0.022422937304097557,6.186847942314444,72,126,90,164
GTGCCAATGCCAGTATCAAATACACAGT,CTCGCTAATACTCCT,-0.0011362171434344745,5.058814343953145,51,89,106,220
AGTGCAGCGCCAGGACCATGAACATCAT,GCTGCTTATGAGGAT,-0.02230699515822006,8.145697993593785,84,101,77,192
AATCCAAGTACATCAGCATTAACAAAAG,ACAGTTGACGGACAG,0.002678380503114485,0.0,49,75,90,237
GACCCAAAAGCATTGGCATGCACAAAGT,AGTGTTAATCAGACC,-0.0456706346880679,12.493296164492676,97,132,97,110
CAATCAGGTTCACCAGCAAGTTCAAATC,TCAAAGCATGAAAAA,-0.017027694626994095,0.0,59,128,74,158
CGAACATCGACAACCGCATCTACAGAAA,GTTGGGCGCTTAAAG,0.0019915592836684468,0.0,42,106,102,199
CCTTCAGGGGCATTCTCAGTGGCACCAA,GTTGAACTGGTTGTT,-0.04288101099007049,0.0,103,100,81,127
CGGACAAATGCAGCTCCATAGGCACATT,CTTGATGGCTGAAAG,-0.01809279076447329,6.329919805677946,64,119,75,166
GAGCCAGGGTCATGCACAACCTCATGCT,ACAGTTGACGGACAG,0.029478990112706455,19.813327688249956,26,58,70,281
GCGTCATTAACATGGACAAAGACACGAC,GTTGGGCGCTTAAAG,-0.010954921095795484,4.592843258134508,61,113,60,196
GGTTCACACTCAATCACAATGTCAGGGA,TATATTGAACTTTAC,0.013276201557501794,7.610464461459742,34,56,113,226
CTACCAAACCCAACCTCATTCCCAAGAC,AAAAGAAAAATGTAT,-0.004613816844889072,0.0,44,101,107,171
GTCGCACAAGCATCTTCAGAATCATCAA,ACAGTTGACGGACAG,0.010669509980585976,0.0,34,90,89,209
GCTTCACTGGCATTGGCATCTACAAGTG,AGTGTTAATCAGACC,0.015144712742291974,29.78701229198009,33,66,79,232
GAAGCAGAGCCATTATCAAACGCAGCGG,TCAAATGATGAGGAT,-0.014031529444962191,5.209160936574335,57,95,86,167
CTAACACAGACAACAACAGAAGCACAAG,AGTGTTAATCAGACC,0.006772054773090553,6.633415153586839,32,106,87,175
GTGGCAGTATCAGTCACAAACGCAGGAG,GAACTCAGGTTCCAT,-0.02253928413542319,0.0,63,111,71,143
TTGCCATACACAGAATCAACCACATATG,ACAGTTGACGGACAG,-0.0016759163218253252,0.04042838230270718,45,70,88,191
CCGTCAAAATCAAGTGCATCAGCAACGG,TAACCTCGCGCTGAG,-0.006424814504778303,0.0,47,76,94,173
TGCTCAGGTTCAAGGCCAGAAACAGTTG,GTTAAATCAACAGTT,-0.0820634198385885,0.0,134,136,48,51
CAAACAGGGGCAGATACATTGCCAAATG,ACCACCGGTCCTGCC,-0.021477841399124273,15.020797425811224,67,102,49,157
CCCCCAATATCAGTCACAACATCATAAC,ACAACCTACCTGCTA,-0.006406021927348455,0.0,41,95,85,151
TTTGCATAGTCAGCAGCAGGAACAATAC,GTTCAGCTTTGATCG,-0.021393696018616265,0.0,63,95,59,148
ATGACAGTGCCATCCTCATCCTCATCAA,GTTAAATCAACAGTT,-0.07595492557269008,0.0,105,112,87,48
TGAGCACTAACACGAGCAGCTACAAGCG,TCAAAACGGAGTGTT,0.00044886753153490933,0.0,42,65,76,190
GGGGCAGGTCCACCTTCACAACCAGAAC,CTTGCAAGTGTAATT,-0.031055831024900612,0.0,62,101,72,109
GGTCCAATTACAAAAACACAGACAGGTT,AAAAGAAAAATGTAT,0.0027153723317176713,0.0,38,57,76,184
GGAACAAGGGCAAGGACACAAGCACTAA,GCCCTCGAAACCTAT,-0.055856051279055546,0.0,79,111,61,66
GGGGCAAGAACACTCGCACGTGCAGGAC,ACCACCGGTCCTGCC,0.01721147880184389,0.8664854700898559,25,73,65,187
GCGGCATTGACATACACACGTGCAAAAT,TCATAGGTATCTCGC,-0.005144332021752381,0.0,40,75,77,153
ATTGCACTGCCAAAAGCAACTGCAGCTG,GTTGGGCGCTTAAAG,-0.017780277119584683,4.512088305373027,55,71,79,144
CCGTCACGCCCAAGGGCAGAAGCAACAC,TCAACAACCTATGCA,-0.006884533733447019,0.0,46,77,53,167
GCTACACATGCATAGGCAGGGTCAACCC,GTACAAGAAATTTTG,0.025702316247327477,1.5457522015472023,20,67,61,193
CTAGCAGATGCAACTTCACTACCACGTC,CCAACACAGGCTTCG,-0.03734254276575288,0.0,68,85,63,99
ACCACACAACCACGTGCAATTCCAAAAG,ATGAAGTTCATAATG,-0.007319832067516935,0.0,36,102,60,129
GAAGCACCCGCAAATACATCGGCACGGA,CATTTATGGCTATCT,-0.012200786525295222,0.0,42,85,74,130
GTACCAAAGCCATGATCAGGTCCAGTTG,ATGGCGATGGTCTTG,0.015351604470374355,13.940445575956346,27,60,41,191
ACGACATCTACAACCGCACAGCCAAACG,TCAAAGCATGAAAAA,-0.03060847114976563,0.0,55,79,64,98
ACTTCAATTCCACCAGCAGGGGCAGGCT,TCAAAACGGAGTGTT,0.003992667808455536,0.0,32,50,64,161
GGTACATCGCCAGGTGCATATCCACAAG,GAACTCAGGTTCCAT,0.0076540551918594865,6.392885170269778,26,61,69,146
CAAACACGAGCAAGCCCAACACCACCGA,TGATCATCACGGGAC,-0.02183684161883533,0.0,44,89,53,102
CTTGCAGGCTCAGCCTCACTGACACTCG,ATTATCAAGTGCCAG,-0.009475091695318839,1.146815216808136,39,52,70,131
TAGACAGCGGCACACTCATTGGCATTAC,ACAACCTACCTGCTA,0.016710500517059756,0.837580615301249,19,72,66,140
TCACCATGTGCACCGTCAATTTCATCGG,TCAAAGCATGAAAAA,-0.028433436071733778,0.0,51,82,49,97
GGGGCACTGACACAGACATAACCAAACC,TCAAATGATGAGGAT,-0.02139893422611247,0.0,43,74,64,101
GCAACAGCTGCACAATCAGCTACAGCTT,AGTGTTAATCAGACC,-0.02488839269066938,0.0,52,59,59,110
GCCACAGATGCAAAAGCATTTGCATAAA,ACAGTTGACGGACAG,0.01146910477049543,0.0,27,41,49,170
GCCACAGGACCACCATCAGCGGCAAGGT,ACAGTTGACGGACAG,0.005042993749529263,0.0,26,65,60,135
GACGCACGAGCATCATCAGGCACAACCT,TCATAGGTATCTCGC,-0.026110772050467457,8.496789911287578,51,81,43,104
GCGACATGTTCAGAAGCAGGTCCAAAAT,TATATTGAACTTTAC,0.0006539221556275621,0.0,29,61,58,132
GAGGCAGTTACAATTCCAGCGACACAGC,TAATATTGTTTTGCG,-0.08924627921349826,0.0,88,88,26,27
ACATCACAAGCAGGTACACTGACAGATG,TCAAAGCATGAAAAA,-0.024955800870028327,0.0,54,64,35,114
TGCACATAGGCATCTACACCATCAAAGT,TATATTGAACTTTAC,0.0124081340027186,1.1990129761704793,21,55,66,136
CCTCCACAGCCAGACTCACAAGCAGACT,ATATTGAGTAAGTAC,-0.015354858439851632,0.0,38,83,37,107
GAGGCAGGAGCACAGTCAAGCACAGTTC,TTTATAAATCAATAG,0.010103042975682423,7.070350236723925,23,45,62,139
ATCACACGAGCATTTCCAGGCGCATTGG,CATTTATGGCTATCT,-0.01257584908520973,0.0,33,66,60,101
TCGGCATGCACACAACCAATGGCAATAC,TAACCTCGCGCTGAG,0.002269570347542427,2.9856887356426114,27,58,48,129
GTAGCATTTTCAACGACAACTGCATGTT,CGTCAAGACCTTCTA,-0.021494607264177203,0.0,38,63,60,89
GACACAGCCACAGGTGCACCAGCAAATT,ATTATCAAGTGCCAG,0.0010989665947896872,0.0,31,29,52,143
GTGCCAGTACCATGAGCAACAACAACGT,GGTTGCCCAGAAGTA,0.006026723717073304,0.0,23,67,45,123
ATCTCAGACTCAGATGCATCTTCAAACC,CAAGGATCCCCGTAG,-0.010922761582125537,0.0,37,55,39,119
TCCGCAGGTTCATCTGCAGTGTCATTAC,TAACCTCGCGCTGAG,-0.00914053488352442,0.0,28,71,45,95
CGGCCATGACCAAACGCAGTCACAAGAC,TCAAAACGGAGTGTT,-0.011390209603604975,1.3683029317771798,35,61,42,111
CACACAGGTGCATGGTCACCGACATAAA,ATAGAGCGGCGTTGA,-0.0498629475977023,0.0,65,56,39,65
GTCGCAAACACAGTGGCAATCTCAAGGT,AAAAGAAAAATGTAT,0.0032247455395549344,0.0,24,61,35,118
AACGCATCCCCATGATCATATACACTGG,GCTGCGGAGCCTCAG,-0.05531726172376239,0.0,53,94,42,45
AATGCACTGGCAGCCTCACACACATGCC,AGAAGACGACGATGA,-0.01871930635180791,1.3234970318456476,33,75,42,84
TCCCCAATAGCATTGACACGTGCAACAC,ATTATCAAGTGCCAG,0.0019399796473288748,0.0,26,47,44,123
TTGACAAACGCAATTGCAGCCACAATAA,CAATCTTGAATTGAT,-0.06652814598200525,0.0,61,93,28,37
GGAACAGCGCCAACCGCATCCACAATCC,AAAAGAAAAATGTAT,0.010153490708857937,0.3438159651841488,19,64,42,115
TTCACACTAGCACTGGCACCGCCATTAA,GAACTCAGGTTCCAT,0.001864012388879801,4.997946515537365,25,43,50,118
GGGGCAGCTCCAAAAGCAACTCCAAGAT,TCAAAACGGAGTGTT,0.018708245207815586,2.837313938592615,17,53,35,133
CATCCAGTTGCAATTACATCAGCATAGC,AGAACATCATCTACA,-0.030379169612464035,0.0,34,77,50,61
CCGGCAGTACCATAAGCAATCGCAATAA,ACAGTTGACGGACAG,-0.016754555164026227,8.813894584112177,30,67,51,81
GACTCAGGTTCATAGACAAGCTCATGAA,ACAGTTGACGGACAG,0.015590709940788134,0.0,16,45,52,114
AGCACACAGCCATAGCCACGGACATAGG,TCGATAGAATTTACT,-0.0021714101413448234,0.0,22,57,58,92
GTGCCATAAGCAGTCTCAGCTGCACATC,TCATAGGTATCTCGC,0.0021453080104086187,0.0,25,32,47,119
GGCGCAGGAGCATCCCCAAACACACGAG,TCAAAGCATGAAAAA,-0.0005604111120071318,2.866594989831242,18,71,50,79
CTACCAATGGCAGGAACACAACCACAGT,TATATTGAACTTTAC,-0.006035101026444127,0.0,29,48,37,108
AGGTCACACACAATCCCAGACTCACCAT,GGTTGCCCAGAAGTA,0.009552288287822406,0.0,18,47,48,107
CGATCATTGTCATACGCAAGAGCACTTA,TCGATAGAATTTACT,-0.007537596102237684,0.0,25,61,33,89
CTAACAACGTCACCCCCACGGCCACTTC,GTTGGGCGCTTAAAG,-0.02835834888524955,12.087889037768946,32,60,55,61
CAATCAGGGACACCCCCATTTGCAGTCC,TCAAAGCATGAAAAA,-0.04838122217867455,4.40085868328913,44,71,38,46
ATGTCATACACAGGGTCAGCACCAAGCC,CAATCTTGAATTGAT,-0.07141718642853742,0.0,63,64,34,33
TGGGCACAAACAATTGCATTCTCAGGTC,ACAAGTTTTACAGTT,-0.02981028136322052,0.0,40,63,25,73
ACATCATGTACAAAAGCATAGCCAATAC,GTACAAGAAATTTTG,0.004560211555576584,0.0,17,47,57,87
GCCCCAATTCCACCAGCATCCGCACAAA,TCAAAACGGAGTGTT,-0.0307362668334564,14.343351317979113,40,67,20,71
GTACCAGAAACAAGACCAACAACACTGG,CGTCAAGACCTTCTA,0.012894760650090415,0.0,14,55,38,92
TCACCAGGCGCACAGGCAAACACAAGCT,AAAAGCGACATTTCT,-0.0015292750808357642,0.3870280635482004,19,63,40,81
GTGCCACACACACAAACACCGACACTGG,TTTTGCATTTAGGCG,-0.005279474366020409,0.0,21,56,35,80
CGAGCATGGTCATGTGCAGAAGCAAATG,CGTCAAGACCTTCTA,-0.028411272950349915,0.0,31,60,33,59
CCTTCACGCCCATGAGCACAAACAAGTA,TCAACAACCTATGCA,-0.004052341928596507,0.0,21,34,50,83
CGCGCACAGGCATAGTCATTTCCAAAGA,CTATGCATTTACTCA,-0.047392681859244945,0.0,39,67,29,42
TTACCATACGCACTTACAGAGCCAAACG,GTCACCGGCACTAAC,0.019102727129382362,0.0,12,39,39,95
TCGGCATACCCATGACCATTACCATGGG,TTAGTCTTTCCATCA,0.004941168083030688,0.0,17,47,25,88
AAGGCATCCGCATTGACACCTCCATCCA,CCAACACAGGCTTCG,-0.04911385240263374,0.0,44,43,28,45
AGATCATTAGCAGGATCAGTGGCACGAA,CCAACACAGGCTTCG,-0.05276332683069001,0.0,36,57,35,33
GGAGCATTAACAACGACACCCGCAGAGG,ATTATCAAGTGCCAG,0.020274857544637887,0.018432544059805878,10,47,38,82
TAGACAGCTTCAGAGCCAGGGTCAGTAT,TCAAATGATGAGGAT,-0.026224696867489423,0.0,31,48,21,63
CCGACAAACCCAAAGCCATATACATGAAT,TCAACAACCTATGCA,-0.017168639163978126,5.398172365899541,24,59,27,64
GAGGCATATTCAGCTCCAGTAACAGATC,GTTCAGCTTTGATCG,-0.04362256286143081,2.402827839225779,34,49,34,41
AGGACACAAGCACGCCCATCGCCATTGA,CTAAGCAGTCTTCTC,-0.0774189000371846,0.0,48,53,24,21
CTGGCATCGGCAAACGCACAAACACTGA,CTACTTACAACGGAA,-0.002362651821016351,0.0,19,37,25,79
ATCCCATGGACACAAACAGGTGCAATGG,AGAAGACGACGATGA,-0.06107868881840942,3.8807774658912706,35,65,23,25
CAAACAGGGACATATACACTGGCAGGGA,GTTAAATCAACAGTT,-0.0645085029238305,1.4629761261123235,45,43,30,29
TTAACATCGCCAGCAGCACATCCAGAAT,AGAACATCATCTACA,-0.05446795888039624,3.3716498756920146,31,56,33,27
CCCTCACTCGCACGGACATCCGCAGAAG,CGTCAAGACCTTCTA,0.024470865740938014,0.0,10,18,32,93
CTGCCAGCCGCAAGCGCATATGCAGTGT,GTTCAGCTTTGATCG,-0.02385766234604982,0.0,22,51,29,48
CAAGCAGCATCATAGGCAAAGCCATCCG,TCATAGGTATCTCGC,-0.016508551587438802,0.3574083984534582,25,31,33,68
ATAACACACACAGCGTCATTTGCACTGG,AGTGTTAATCAGACC,-0.1172224856182523,65.0308397845975,55,49,10,1
AGTGCAGTGGCATGTTCACGTACAAAAT,GTTCAGCTTTGATCG,-0.027524358853194108,0.0,22,49,27,43
GTCGCATGGACAACAACACGAGCAGCAT,TCAAAGCATGAAAAA,0.048248726716465205,39.086885854125,7,19,13,105
TTCACAATGGCACAGGCACATACATCTG,GAGAATGAAGGACAG,-0.020680656352572296,3.569235917707715,25,21,27,60
GAGACACGGGCATTATCAACATCACAAA,CTTGATCAATCAAAA,0.002324895394821287,0.058684424700999216,14,34,20,67
AAATCAAAGTCATCCGCAGCGGCAACCC,GCCCTCGAAACCTAT,-0.04027354518264297,1.870878306793145,33,30,19,44
GACACACGAACATCCGCATTACCAGGAT,ATTATCAAGTGCCAG,-0.008539918033435137,0.03538795331724032,22,15,24,76
GGGACATTAGCAGGGCCAAAGGCATAAT,GCTAATTTCAAGAAT,-0.029006084272221896,0.0,23,37,26,43
CCGGCATAGCCAGGAACATGTTCAGCTC,GAACTCAGGTTCCAT,-0.03419615995617781,2.591547625496446,25,36,25,40
AGTCCAGGGGCATGTACATCTACACATA,ACAGGGCAGCTCCCG,-0.02102969968148217,0.4970570102241254,16,39,34,38
TCCTCACCCTCACGGTCACCGACACACT,AAAAGAAAAATGTAT,-0.016481329590553588,0.8135870960303464,18,29,31,49
ATATCAAAGACAGAAGCACGCGCAAGCA,TCAACAACCTATGCA,0.02368053013280562,5.512703006300171,3,21,34,71
AGCCCAAGTTCACAGTCATCTGCAGTCC,AGAAGACGACGATGA,-0.030593685905197055,0.0,23,36,20,41
CAGGCAGTACCATGAGCATTAGCAACGA,GCTAATTTCAAGAAT,-0.08171332909861685,0.0,39,44,25,15
GACCCATAGACACCAGCATAGCCATTAA,TCAAAGCATGAAAAA,-0.001209528389715775,1.8496389685391819,16,39,9,57
GGAGCAGCGACACATACATTGTCAAAAA,CTAAGCAGTCTTCTC,-0.07014928799114753,0.15097881513517564,36,51,7,14
ATCACAGCTGCAGGAGCACTTGCAGCTG,TCAAAGCATGAAAAA,-0.003653135560372669,2.9863554836323942,12,31,27,48
CGGTCAGCACCAGTCCCAATTTCAAGGC,ACAACCTACCTGCTA,-0.022831940390491395,2.21567633776624,24,28,15,54
GGCGCAAGTCCATAGTCAAGGACACAAA,CTAGTTGTATAGCCA,-0.09407073762177015,0.0019437251714435888,45,34,13,3
GTACCATCGCCAAGGCCATATGCATAAA,TATGCCCTTCTTCTG,-0.009316436786885873,0.0,16,25,20,54
CGGACATCGACAGTGACATGGGCAATGA,ACAGTTGACGGACAG,-0.00907043321029845,0.5596782539345213,15,22,29,51
GTTACATAGTCAGAAACAAGATCACATC,CTAGTTGTATAGCCA,-0.058033696198801776,8.623815962905667,23,34,21,18
GTACCAAGGCCAAGCACAAAAACACATA,TCAAATGATGAGGAT,-0.04444564994777652,2.793039339485972,17,43,22,20
GGCGCAGGGTCAGAATCACCGACATTGG,CTAAGCAGTCTTCTC,-0.08496794475074743,0.0,43,42,10,15
TCCGCACATGCAACCCCACGGACAGTAA,ACAGGGCAGCTCCCG,-0.03401549104053316,0.0,23,34,16,37
ATGACAGTTGCATCATCAGAGTCAAAAC,GCCCTCGAAACCTAT,-0.07444957903539494,1.5457271644933428,23,46,15,11
GGAACAATACCAAGGTCAGTGCCATAGC,AGTGTTAATCAGACC,-0.06494736245054425,23.955370440062836,29,39,15,6
CGAACATGACCAAGGCCATAGCCATGAT,TTTATAAATCAATAG,-0.02230699515822003,1.889427777757703,14,34,28,32
CCGTCAACGGCAAACTCAGGGTCATAGC,TCAAATGATGAGGAT,-0.031088715929509056,0.0,21,19,8,61
CAGGCACGCCCATGTGCAGGCACATTGG,CAATCTTGAATTGAT,-0.08938373645296031,1.331171768909428,36,34,17,11
CAGGCAAAGGCAGCGGCATCACCAATAT,GAGAATGAAGGACAG,-0.04708356063306726,0.0,23,25,17,25
AAGTCAGGAGCACAAGCAAGCACATGCT,TAATATTGTTTTGCG,-0.09863514507085665,0.0,45,17,4,21
CGCTCAGGGGCAGGAGCAAAGTCAACCA,GCTAATTTCAAGAAT,-0.05790168282493194,0.0,28,28,23,22
GGCACAGATACACGTTCACCCACATACC,AGAACATCATCTACA,-0.031460661521034376,0.0,19,31,16,33
TGGGCAGCAACATACGCATGAGCAATTA,CATTGTCGGACGCTT,-0.09776892070162795,0.0,41,26,11,3
TTGACAGGTCCACAGTCAAGTGCAGCAA,ATGGCGATGGTCTTG,-0.016578653260664742,0.0,14,23,23,38
AGGCCAGTTTCACCATCACGCTCAGTAA,ACAGGGCAGCTCCCG,-0.039103834522267296,0.0,21,21,19,29
ATAACAAGATCATTAACAGGCTCAGGTG,CGTCAAGACCTTCTA,-0.00047612956689514877,0.0,10,20,18,44
GTCCCAAGCTCAGGGCCAGTGACACCGA,TTTAACTCACCGTAA,-0.01931992320189716,0.0,16,30,10,40
TACACATCTACAGCTGCATACACAATCC,AGAACATCATCTACA,-0.030930146344171006,0.0,17,37,13,30
TACTCACGCTCACAGTCACCTGCAATGA,GAGAATGAAGGACAG,-0.06782949762212524,1.8971591185092223,24,43,13,14
ATCCCAATTTCATGTCCACTGACAATGA,TAACCTCGCGCTGAG,-0.015393822013351039,0.0,16,22,13,45
AGTGCAGATCCACTGGCAGGTGCATATG,CTAGTTGTATAGCCA,-0.07920816144837364,0.0,36,20,14,1
CAAGCAAGAACATATACAAGGTCATCAG,CTTGCAAGTGTAATT,-0.046962568364714664,0.625071644454863,22,25,17,24
ATACCACCTACACGGGCATTCGCATAGT,GCTAATTTCAAGAAT,-0.027219572016114846,0.0,20,40,22,6
GAGCCAAAGGCAGTGCCACCTACAGGTG,AAAACATTATCAAAG,-0.05520770260020832,12.227583783979185,27,26,14,23
TGTCCAGCATCAAGTACAAACCCACCAG,TAATATTGTTTTGCG,-0.0768939548049133,1.11700063366942,27,20,17,12
GAGTCAGGGCCAGGAACATGCTCATCTG,CTTGATCAATCAAAA,-0.04507216996962846,0.0,7,6,30,45
CATCCATTCACAAGGGCATGGACACATA,AGAAGACGACGATGA,-0.0498629475977023,0.0,16,24,18,16
TAACCAAATACAAGCGCAAGAACATGTC,CTAAGCAGTCTTCTC,-0.07976065325770282,0.0,26,29,10,9
GCCACAGACACACACGCAGCGTCAATAT,CTTGATGGCTGAAAG,-0.04726087660619652,0.7849298279638219,7,33,17,27
TACTCAACTGCAAGGGCATAGGCACTTG,CTAAGCAGTCTTCTC,-0.1417820524747075,1.8204462576144351,37,19,7,8
GATACAAGCTCAGCGACAGCGTCATTCC,CTACTTACAACGGAA,0.041203454062603305,0.5837807324552955,9,10,12,48
CCTGCAGCAGCAGGTCCACACACAGCCC,CCAACACAGGCTTCG,-0.05375098456922335,5.390357543300013,17,33,11,6
TAGACAACCGCACAACCAGTCTCAGCCT,CCAACACAGGCTTCG,-0.03578779040432534,0.0,15,14,8,35
AAAACAGGAACATCCCCATCAACAAGG,AGAAGACGACGATGA,-0.07622865739528226,2.7266851761800126,25,18,9,15
CAACCAGTCACAGCGGCAACTACACTGT,TACACCAATTACACT,-0.18160523282617191,0.0,29,10,0,0
AGAACAAGTCCATAGACACACACACGAA,AGAACATCATCTACA,-0.031209087999854886,0.0,16,17,11,28
CTGCCATTTCCACGATCATGGACACTCT,CTATGCATTTACTCA,-0.0498629475977023,0.0,18,24,12,18
TCACCAAAACCACGAGCAAAGACACGAT,TCAAATGATGAGGAT,-0.031209087999854945,0.0,12,20,12,21
TCGTCACTCGCAGGTTCATCAACAACGG,ATATTGAGTAAGTAC,-0.035352345222440816,0.0,11,20,18,17
ATCACATGGGCAGCCTCAGGGTCAGTAA,ACAGTTGACGGACAG,-0.005967337881628243,0.28976681981407637,8,20,8,36
TTAACACGTCCATGGCCAAGCCCACGCA,TCAAATGATGAGGAT,-0.01879445847736334,0.0,11,13,4,40
AACGCAGCAACACTAACAGTAACACATG,ACAAGTTTTACAGTT,-0.03387717825563948,0.0,13,12,22,21
TGGCCAATTGCAGTATCACAATCACAAC,CCGTTAGTATCGCTA,-0.0948051885515345,0.0,28,23,3,0
TACGCAGGGTCAGCTGCATGCGCATCTG,TTTATAAATCAATAG,-0.00737588172996313,0.0,5,20,9,35
TCGCCAATCACAAGGACATCTTCAAATC,TATATTGAACTTTAC,0.000656943251786845,0.0,6,15,11,32
GGATCAGAGACAATCACAGCGACAGTTA,TCAAAGCATGAAAAA,-0.07147367250541095,5.905095679491922,20,19,7,11
ATCCCACGGACAGGCTCAGCGTCACTCG,CGAACAGAAACACAA,0.041180921853639064,0.0,10,32,9,0
GATCCAAAATCACTACCACGAGCACCGG,CCAACACAGGCTTCG,-0.03138435268086841,0.17312540383136366,12,22,3,17
GCCCCACTGGCAATGTCAATAACACCTG,CATCAATGAGGCAGT,-0.04411866629654497,0.0,11,15,1,2
TACGCAGATACATACCCAAACTCACGTT,TCAAATGATGAGGAT,-0.053150028389015704,0.19033411544040746,8,22,11,16
GGCCCACGATCAGCCGCATGTTCATAGT,TATATTGAACTTTAC,-0.05403505236283585,9.692427391907756,17,15,11,15
AGAGCAGAAGCAAAAACAAAAACAGGAT,GCAAGAAAGAAACCC,-0.15397989516335606,0.0,22,10,2,8
AGGCCAGCTGCATACACAAAGGCAGGCT,CTTGCAAGTGTAATT,-0.04581305934829501,0.24535984681153877,12,10,8,21
TCTGCACGGGCAATGGCAGCTTCAGAGG,CTTGATCAATCAAAA,-0.04390391146431512,0.0,6,16,14,14
TGGGCAAATCCAGGCTCAAGGGCATGTC,TTTATAAATCAATAG,-0.006920551654573171,0.0,7,12,12,22
ACGGCAAATACATGGACAGTGACAACTA,CTCTTGAGAATACTT,-0.06082407476286171,0.0,13,15,8,8
ATGTCAGTCTCAGACACATCTACAACTT,AGAACATCATCTACA,-0.03535667112673426,0.0,5,19,4,19
CTGGCAATAGCAGTATCACCACCAGCTC,GAACTCAGGTTCCAT,-0.0770021272734895,4.091485662232998,7,23,4,10
AATGCAGTGACACACGCAGGGGCAACGT,TAGACGGACATCTTC,-0.04314225857204148,0.0,15,10,12,5
GGTACAGTGACAACCTCAGGAGCACTCT,AGTGTATGATAATAT,-0.0465138486924447,0.12868715885576876,1,20,8,16
GCAACACTATCACTGCCAACCACACATA,ACAGGGCAGCTCCCG,-0.07513415912692896,2.672690012317389,15,15,7,8
GAATCATGGACACTTGCAGTCACAGCTA,ATTAATACTTTGCAG,-0.1349178592024911,0.0,20,11,2,0
GCTGCAGCAGCAGTCCCAGCGTCACCGG,ACAAGTTTTACAGTT,-0.005464821088953276,2.333892026737942,4,11,5,20
TCGACACACGCACTGGCAAACACAGCAA,TGGAGTCTTTGTTGA,,0.0,8,23,2,2
GCCACAATGCCAAGAGCAATGGCATTCT,TCGATAGAATTTACT,0.0017401961097346158,0.0,2,10,7,21
ACCACAGTTGCAATCCCATACACATCAG,CTAGTTGTATAGCCA,,0.0,10,8,4,9
CTTCCAGAGTCAAATGCAAAGGCATGGA,TATATTGAACTTTAC,,0.0,2,3,6,28
TATGCACCGCCATAGTCACGCGCATCCT,TTTAACTCACCGTAA,,0.0,20,6,4,0
TACACAGCATCAGCAGCATACGCACCTC,AAAACATTATCAAAG,,0.0,7,6,6,15
TGGACAAGAGCAAAACCATCACCAGCCA,AAAAGAAAAATGTAT,,0.0,0,6,22,7
GTGGCAGTTGCACAGTCACTCGCAATCG,CGTCAAGACCTTCTA,-0.07513415912692896,0.0,11,11,4,9
CACTCATGCGCAATCGCAGTATCAGGGA,TTTAACTCACCGTAA,-0.09054922710965485,0.0,14,12,6,0
CAAACACGGTCATTGTCAAAGACAGTCG,GTAATCTGACTCTAG,,0.0,9,11,4,5
GACTCACCACCAAGGACACGGCCAGGGG,CAATTTCAACGTTGT,-0.1156806699377455,0.0,15,10,3,1
TATACAATGGCAGCCCCAGGTTCAGCTG,CATTGTCGGACGCTT,-0.08383529682589205,0.0,12,11,6,2
ATTACACGCGCAGTAGCATCACCAAGCC,GGTGGAAGTAGCAGT,,0.0,14,1,0,1
CCCACAAGAACACGTCCATTATCAAGTA,CTTGCAAGTGTAATT,,0.0,1,3,7,22
GCGTCAACTGCAAATTCAAGGTCAGGTT,CTTGATCAATCAAAA,,0.0,2,4,9,18
AGTGCAGGCTCACATTCACCCTCAGGAC,CTTTCTTGTGTATTT,,0.0,7,11,1,0
GGTCCAGAACCATGCTCAAGTACACGCT,GTAATCTGACTCTAG,,0.0,13,3,3,8
GTCGCACGTTCAGGAACATCAGCATCTT,CATCAATGAGGCAGT,,0.0,16,7,1,0
CAGGCAAGGGCATTCCCACATACATCCG,AGTGTTAATCAGACC,-0.06643302142796603,0.0,11,12,0,0
AGGGCACGCGCAATAGCAGTAACACTTG,CTAAGCAGTCTTCTC,-0.10878138278905033,0.0,14,10,3,0
CGGCCACCCTCAACCCCACTGGCAAGAA,GTGTGATTACTAAAT,,0.0,8,10,4,6
TCAGCAGGCTCACCACCAGATGCAGAGC,CTAAGCAGTCTTCTC,,0.0,7,11,2,3
TATGCAGAAGCACTATCACTTACAAACA,GCTGCTTATGAGGAT,,0.0,2,2,4,16
TGCCCAAACACACATTCAGTCCCATCGT,CTAGTTGTATAGCCA,,0.0,11,6,3,4
GACGCAGTCGCAATTTCACTAACATATC,GTTAAATCAACAGTT,,0.0,1,4,3,15
ATTACACCCTCAAGAACAGCTACACACA,ATTAATACTTTGCAG,,0.0,4,11,8,0
CCAACCAAGGCCAATGTCAGGGGCAA,CTTGATCAATCAAAA,,0.0,4,7,5,8
AGGCCAGAGACAAGGTCACCTACAACTC,CCGTTAGTATCGCTA,,0.0,11,4,1,0
TGCAGGATCAACTACAAATGCAAAAA,TCAAAGCATGAAAAA,,0.0,3,7,9,4
TTGGCAACCACAGGACCATTGCCATTCA,CGTCAAGACCTTCTA,,0.0,4,15,0,4
ATCTCAGCATCACCGGCAGTGTCACG,GTTGAACTGGTTGTT,,0.0,5,3,6,0
ATCCCAGTACCATCCACATAATCAGTAA,CGAACAGAAACACAA,,0.0,3,9,1,6
CCGACAGGTACACCTTCACCTGCAGGAC,AGTGTTAATCAGACC,,0.0,6,3,2,0
TATTCACGGTCAGTGGCAATCGCACCGA,CTAAGCAGTCTTCTC,,0.0,6,9,2,1
TCAGCATACGCATTCACAATATCATGCG,CTAGTTGTATAGCCA,,0.0,1,9,7,1
GGTTCACGACCAATAACAGGAACATGGG,AGAACATCATCTACA,,0.0,7,9,1,1
TAAGCATTCGCAAGGACAACCGCACAAG,CTTGATCAATCAAAA,,0.0,7,7,5,2
GACCCACTCACAGATCCAACCTCACAAG,ACAGGGCAGCTCCCG,,0.0,4,5,5,2
CAATCAGCGTCACTCACACCGCCAGTCG,CCAACACAGGCTTCG,,0.0,5,7,4,0
AGTCCAGAGTCAGCTTCATGACCAGTGT,CTAAGCAGTCTTCTC,,0.0,11,5,0,2
AAAACAGTCCCAAGAGCAGAGTCATACA,CCAACACAGGCTTCG,,0.0,6,3,3,2
GCTCCAGCCGCACGGGCACTAACAGTAA,GTAATCTGACTCTAG,,0.0,7,4,3,0
ACGACAGGGCCAATGCCAGGACCAGCAT,AGATTCATCCCATGG,,0.0,5,8,4,0
CCAACACGTCCAGTATCATGCGCATCAA,AGTTTATAAAAAATT,,0.0,6,3,2,3
ACCACAAGTGCAAGCACATTCCCAAGAG,AGTTTATAAAAAATT,,0.0,7,7,2,0
TCACCAGACACAAGGCCATTAGCACATT,AGTGTATGATAATAT,,0.0,3,14,0,0
TAAGCACGTTCAACACCACAGGCACTTT,GAGAATGAAGGACAG,,0.0,4,4,5,1
GTCGCATAGTCACCTGCAGTTCCAGGTG,CTTGCAAGTGTAATT,,0.0,2,7,4,3
GGAACAAGGACAGAGGCACATCCATTAT,GTAATCTGACTCTAG,,0.0,7,6,1,1
ACCACACGAACAACAACACCTCCAACCC,TAGACGGACATCTTC,,0.0,5,4,4,1
GAGACACCATTAGAGCCAGGAACACAGC,CTAAGCAGTCTTCTC,,0.0,6,7,2,0
GCTACATCCGCAGGGGCACGCACAGTCA,CCAACACAGGCTTCG,,0.0,2,10,3,0
TAAGCAATGGCAAGAGCAGGCGCAACTC,CTTGATCAATCAAAA,,0.0,2,11,3,0
GGTGCACTGACATAAGCACCCTCATCAC,GAACTCAGGTTCCAT,,0.0,3,2,4,2
TGGTCAAATCCACGTGCAAAAACAGATG,CGTCAAGACCTTCTA,,0.0,7,4,2,0
AAATCACTGACAAGAGCAGGCACATCCC,GAACTCAGGTTCCAT,,0.0,6,6,2,0
AGCTCATGAACAGGTACAAACACAAAAG,CTTGATCAATCAAAA,,0.0,4,3,2,4
AGCCCACGGACACTAACACGAGCACTAG,GAGAATGAAGGACAG,,0.0,1,1,0,12
TAAGCAACAACAGTTACAAGTACATCCT,ACAGGGCAGCTCCCG,,0.0,4,5,1,0
TATTCATTGGCAAATACACAGTCAGAGG,GTAATCTGACTCTAG,,0.0,5,3,0,1
TGCACACTCCCAATATCACCGACAGTGT,CTTTCTTGTGTATTT,,0.0,4,2,0,0
CACACAGTCTCAGGGTCATGGGCACTAT,CGAACAGAAACACAA,,0.0,3,1,0,0
AAGCCAGAGCCAGCAACATTTCCAGACG,ACAAGTTTTACAGTT,,0.0,3,4,1,0
GGGTCACTGGCAGTCTCACTCCCAGACG,CTAGTTGTATAGCCA,,0.0,3,4,0,0
TTGACAAACCCAGATGCAAAATCAACCC,CTTTCTTGTGTATTT,,0.0,3,6,1,0
CCTACAATTGCATTGCCAGGACCAAACA,TTAATTAGAGGTATG,,0.0,0,4,1,6
AGGACAATGTCATTTTCATGCACATGAC,CGTCAAGACCTTCTA,,0.0,5,4,1,0
GAACCATCCCCATGAGCAAAGGCAAAAT,CTAGTTGTATAGCCA,,0.0,7,2,2,0
GGGCCATCCACACTTTCAGCGGCACGGA,CTAGTTGTATAGCCA,,0.0,0,4,1,0
GCGTCAATAGCATATCCACGCACAGATT,CTATCAAGGCTTAAT,,0.0,3,5,0,0
GACTCAAGGCCATAGACATGATCACTCT,AGTGTTAATCAGACC,,0.0,2,3,0,2
GTCGCAGCCGCATTATCACTCACAGAAA,CTATGCATTTACTCA,,0.0,3,3,0,0
ACACCAGTTACAAAGCCAGGCTCATAAA,CTTGATCAATCAAAA,,0.0,0,2,4,3
CCATCACGGTCAAGGTCAAAATCATTAG,CTACTTACAACGGAA,,0.0,3,1,0,0
TCTGCAAAAACATGGGACATCAGCACGAA,CCAAGACCGTGTAAA,,0.0,1,0,0,0
AAAACACACCCAGATCCAGTATCAGGAC,CATTTATGGCTATCT,,0.0,1,2,0,0
TTCGCATCGCCAAACTCAGTAACAAACA,GTTTAGCTTCCGTTG,,0.0,5,0,0,0
GCCCCAATCGCAAACGCAGACACACCCT,ACCACCGGTCCTGCC,,0.0,0,0,6,0
TGGCCACTAAACAGGCTCAAACCCAGAAG,CTAAGCAGTCTTCTC,,0.0,6,1,0,0
GATCCACCGCCATGGCCAACCGCAGTCT,CTTGATCAATCAAAA,,0.0,1,0,2,4
GTGTCAAGACCAGTCACAATGCCAAAAC,GCTAATTTCAAGAAT,,0.0,1,6,0,0
CGTACATGGACAGTATCAAACACAGAGG,CCAGGATGTACCGCC,,0.0,1,0,5,1
GGCACAAACTCAAAGTCACCGCCAAAAG,GTTGGGCGCTTAAAG,,0.0,0,0,7,0
GCGGCAATAGCATGTACAATGACAGATA,CTTTCTTGTGTATTT,,0.0,2,1,0,1
TGGGCAATACCAGGCCCACATCCATCCC,CGTCAAGACCTTCTA,,0.0,2,1,2,0
GATGCACCGCCACATGCACCAACATCGA,ACAACCTACCTGCTA,,0.0,0,5,0,0
GAGTCAAGCCCAAGGTCAGCTACATCCA,GTAATCTGACTCTAG,,0.0,4,1,0,0
CATTCAGCGTCACCTGCAACAACAGCGC,TCAGAGCATTGGCCT,,0.0,1,2,0,0
ACATCACTCGCAAGTGCATCCTCAGGGC,AGTGTTAATCAGACC,,0.0,4,1,0,0
ATAACACTGACAGCACCACGATCAAGTA,ATATTGAGTAAGTAC,,0.0,2,4,0,0
CCGTCACGGTCACAAACACCTTCAAACA,ATCGTTGGCATTTGG,,0.0,1,0,0,0
CGCACATCAACAGCCGCAAGAGCACACT,GCTGCGGAGCCTCAG,,0.0,1,2,0,0
CATACAACGCCATAGACATACTCAGGAA,AGTGTTAATCAGACC,,0.0,3,0,0,0
AGGGCAGCAACACGACCACTCCCATCTA,ATCGTTGGCATTTGG,,0.0,3,0,0,0
TGTACAACATCATGGACAAGAACACCAG,AGTGTTAATCAGACC,,0.0,2,0,0,0
CAAACACCAACAAGTCCAAGGTCAACGC,CCAGGATGTACCGCC,,0.0,0,0,3,1
CAGGCAACAACACGGCCATATACAATGG,CAAGGATCCCCGTAG,,0.0,0,0,3,0
TTCACATTGACAGTATCACGGACACCCA,TAACCTCGCGCTGAG,,0.0,2,1,0,0
GCGCCAACTTCACAAACACCAACAGTAT,AGAACATCATCTACA,,0.0,2,1,0,0
CTGTCAGGGACATGCACAGCCTCAGTTT,TCAGAGCATTGGCCT,,0.0,1,0,2,1
GCAACAAAAACAATCCCACATTCACGGG,TGGAGTCTTTGTTGA,,0.0,1,3,0,0
TGGACAGAAACACCAGCAGAAACAAGCG,CGATGATGATGATGA,,0.0,0,1,1,2
CAGCCACTAGCAAAGGCAAGTGCATAGA,GTCACCGGCACTAAC,,0.0,0,0,3,1
ATCCCATTAGCAAAGTCACCTACAGACA,TAACCTCGCGCTGAG,,0.0,0,0,3,1
CGATCAGGTTCAGTTGCATGATCAAGAT,GTTGGGCGCTTAAAG,,0.0,0,0,3,1
GTAACACGCCCACGAGCACCGACATTTC,CTCTTGAGAATACTT,,0.0,0,2,0,0
AAAACACGCGCAACATCAGGATCAAGTT,AGAACATCATCTACA,,0.0,1,0,0,0
TCACCATGACCATCGTCATTCGCATATG,CCAACACAGGCTTCG,,0.0,0,0,2,0
GTGCCACCAACAAACTCACACTCATCAG,ATTATCAAGTGCCAG,,0.0,0,2,0,0
ATTGCATAAACACCCGCAATAGCAACCC,CATTTATGGCTATCT,,0.0,3,0,0,0
TCGGCAGGGGCACACACAAGGGCAGGCC,ACAGTTGACGGACAG,,0.0,1,0,2,0
CCCCCAGCATCAGCGCCACTCACACATG,GTTGGGCGCTTAAAG,,0.0,2,1,0,0
ATGGCACGTGCAGAAACAACATCAGCTC,AGTGTTAATCAGACC,,0.0,1,2,0,0
GATGCAGAGGCACTGGCAGTCGCATAGA,GAGAATGAAGGACAG,,0.0,1,2,0,0
CTGTCAGGGACACTGACACTTCCACAGT,TTTATAAATCAATAG,,0.0,0,0,3,0
GGGACAGGCTCACGGCCAGATTCATAAG,ACAACCTACCTGCTA,,0.0,0,0,3,0
CTGCCAACACCACTGCAAAATCATGCC,CTAAGCAGTCTTCTC,,0.0,0,0,2,1
GGTACAGTCACAGCGCCATAACCATGGC,CATTGTCGGACGCTT,,0.0,1,0,0,0
ACCGCATGGCAACAACATTGGCAGTAG,CTTGATGGCTGAAAG,,0.0,1,0,0,0
ACTCCAAAATCACGAACAGAAGCACCAT,TCAAATGATGAGGAT,,0.0,1,0,0,0
TTGTCAAGGCCAGTGACAATCGCATATC,GCTGCGGAGCCTCAG,,0.0,1,0,0,0
AAGGCACTCGCAGGGGCATTGACAGTAA,GAGTGCTTCAAAGTT,,0.0,0,0,1,0
ATGACAGTGCCAGAAGCAAGGTCACCCT,GTTGGGCGCTTAAAG,,0.0,0,0,1,0
GCACCACCGGCATCCACATTCGCATTCT,ACAGTTGACGGACAG,,0.0,0,0,1,0
GTAGCAGGGGCAAGGACACGCACAATGT,GTTTAGCTTCCGTTG,,0.0,0,1,0,0
ACACCACCTACACCGCCATCACCACCGA,ATTATCAAGTGCCAG,,0.0,2,0,0,0
GACGCAAGAGCACGATCATCCGCACTCC,CTTGATCAATCAAAA,,0.0,1,1,0,0
ACAACGCGCAGCAGCAATACCACATG,TCTTGGAGGTGAATG,,0.0,2,0,0,0
TCGGCATCATCATGAACAGCTGCAGGCT,ACAGTTGACGGACAG,,0.0,2,0,0,0
GGGACACGTTCAGAAACAAATCCAAGGC,TTTAACTCACCGTAA,,0.0,1,0,0,1
TGGACACTGACAGTCCCACCAACAATAT,TAACCTCGCGCTGAG,,0.0,2,0,0,0
GTGGCACTCCCAAAGACACGAACACTGC,ATATTGAGTAAGTAC,,0.0,0,1,1,0
ATGTCACGGCCAAATACAGTCGCAGCTA,ATCGTTGGCATTTGG,,0.0,0,2,0,0
ATTACAATGGCACTGTCAATGGCATAGA,CTAAGCAGTCTTCTC,,0.0,0,1,1,0
CCGGCAGCAACATAATCAAATGCAAGTC,ACAACCTACCTGCTA,,0.0,0,0,2,0
CCAGCAAAACCATGAGCAGCCAATAA,TTTATAAATCAATAG,,0.0,0,0,2,0
GTCTCACGGACATAGGCATAATCAGTAC,GTCACCGGCACTAAC,,0.0,0,0,2,0
GGATCAGGAACAATCGCATACTCAGGCA,CAAGGATCCCCGTAG,,0.0,0,0,2,0
CCTACACGTACATAAGCATGAGCAATTG,ATTATCAAGTGCCAG,,0.0,0,0,2,0
GCCTCAGCTACAGAAGCAGTTGCAAGAG,GAACTCAGGTTCCAT,,0.0,0,0,1,1
CATACAAAGCCAGGTGCAACTCCAACCT,TTTATAAATCAATAG,,0.0,0,0,2,0
TTGACAGATTCAGTATCAAACACAATAC,GCAAGAAAGAAACCC,,0.0,0,0,2,0
AGCACAATCGCATCATCAAGCTCAGGAG,TCAAAACGGAGTGTT,,0.0,0,0,1,1
GTGACAAGTACACGATCAAAGCCATATT,TCTTGGAGGTGAATG,,0.0,0,0,1,1
AGGACAACCCCATGCGCATCGGCATTCC,GCTGCGGAGCCTCAG,,0.0,1,0,0,0
CTGACAGTAGCAACAACATGCGCACATG,CTTGATCAATCAAAA,,0.0,1,0,0,0
CATCCACCTCCATTGACATCAACACGGA,TCAAAGCATGAAAAA,,0.0,1,0,0,0
TATTCATTAGCACCAGCAAAGACATCGG,ATCGTTGGCATTTGG,,0.0,1,0,0,0
GCCCCAGAATCATAGGCATGCAAAAA,CTTGATCAATCAAAA,,0.0,1,0,0,0
AAGCCAACTGCACCCCCACTCGCAGTCG,TTTATAAATCAATAG,,0.0,1,0,0,0
ACAGCAAGCGCAGCTCCATATTCAGCAC,ATTATCATCGCCATC,,0.0,1,0,0,0
GGACCATGGGCAACACCACGCACAGTGT,ACAGTTGACGGACAG,,0.0,0,1,0,0
TAGCCATTAGCAGGACCAAGAACACTCG,CTAAGCAGTCTTCTC,,0.0,0,1,0,0
GCGACATTACCACTGACAAACGCACTCC,GAGAATGAAGGACAG,,0.0,0,1,0,0
ATGACAGCGCCAGTGTCATGCTCACGAT,GTTGGGCGCTTAAAG,,0.0,0,0,1,0
GAATCAAATCCAACGCCACAGACACAAC,CTATGCATTTACTCA,,0.0,0,0,1,0
AGGCCAAAACCAGTCTCACAACCAGCCG,CTTGATCAATCAAAA,,0.0,0,0,1,0
GCGGCACAGCCATCATCAACGTCATTCA,AGTGTTAATCAGACC,,0.0,0,0,1,0
GCGACAACTGCAACCCCAGCGCCATTGG,CTTTCTTGTGTATTT,,0.0,0,0,1,0
CAATCAGCAGCAGATACAAGGGCAAGTA,TCTTGGAGGTGAATG,,0.0,0,0,1,0
ATCGCATAAACAGGGACAGCCACACTGA,TCAACAACCTATGCA,,0.0,0,0,1,0
GATTCACGGTCATCCACACACGCATGTC,CCAGGATGTACCGCC,,0.0,0,0,1,0
CACGCAGCTCCAATCACATTCCCACTCA,CTTGCAAGTGTAATT,,0.0,0,0,1,0
TATCCAAATCCAACAGCAACCCCAAAAA,GCTGCTTATGAGGAT,,0.0,0,0,1,0
CAATCATTACCAAGTCCATGCACAGAGC,CAATCTTGAATTGAT,,0.0,0,0,1,0
GGGCCATAAACATTCCCATGGTCATAAC,CAAGGATCCCCGTAG,,0.0,0,0,1,0
TCGACAGTCACAAGTGCACGATCAAGGG,CTAGTTGTATAGCCA,,0.0,0,0,1,0
CTGGCAGAGACAAATACAGGGGCAAGGA,TTTATAAATCAATAG,,0.0,0,0,1,0
CACCCAGTGTCAATCTCAAACCCATGGG,ATTATCAAGTGCCAG,,0.0,0,0,1,0
ATCACACTGTCACTACCACGATCATGGA,TCATAGGTATCTCGC,,0.0,0,0,1,0
CTGCCATTCGCAGATACACTGGCAAAGT,AAAAGAAAAATGTAT,,0.0,0,0,1,0
TGATCAAAAGCAAAGCCATTAGCAGTAC,CTACTTACAACGGAA,,0.0,0,0,1,0
ATGGCATCTGCAATGCCACAGACAGTGA,CTTGATCAATCAAAA,,0.0,0,0,1,0
GTCACACTGGCATCGACAGCCGCATCAT,ATAGAGCGGCGTTGA,,0.0,0,0,1,0
GCACCACGCACACAATCAGAAACAAGTG,AATGATACCATTTTT,,0.0,0,0,1,0
TGCACACCCTCAATGTCACCGGCAATCA,GTGTGATTACTAAAT,,0.0,0,0,1,0
CCCGCATGAACAGTGGCATCGCCAACAG,CTCGCTAATACTCCT,,0.0,0,0,1,0
GTCCCACACGCATGGGCATCCACAATTG,GTAATCTGACTCTAG,,0.0,0,0,1,0
AAGGCATATCCACAGGCAAATGCATCTC,ATCGTTGGCATTTGG,,0.0,0,0,1,0
TGCGCAGCCTCAGGATCAGAATCAGTCC,CCAGGATGTACCGCC,,0.0,0,0,1,0
CCATCAATGGCACGGGCAAATACATGAA,TCGAAAGCACAGTAG,,0.0,0,0,1,0
TGTGCAAGGTCAGCAGCAACCGCATTAC,TCAAAACGGAGTGTT,,0.0,0,0,0,1
TCTGCATCCCCAAGGACAACGCCACGGG,CTGATTTGTGCTGTC,,0.0,0,0,0,1
