BC,Edge,s,LL.ratio,TP1-2-T1,TP1-2-T2,TP1-2-T3,TP1-2-T4
ATCCCAAGAACATGTGCAGTCGCAGTCC,GTCACCGGCACTAAC,0.02225493459724946,0.0,17866,23569,12686,12505
GCTGCAAAGGCATAGGCAGTAGCAAGTG,TCAGAGCATTGGCCT,0.04151368673222724,0.0,8932,12524,10782,11141
ATCACATGCTCATATTCAGCCGCAAACT,GTTGGGCGCTTAAAG,0.0009099526256035684,0.0,10541,11308,4991,3889
ACCTCATAAGCAGGGCCACCACCACACC,TCAAATGATGAGGAT,-0.0008587807360376162,0.0,8726,8431,4461,3053
AGAGCAAATACAACTGCAAATGCAGATA,GCTAATTTCAAGAAT,-0.041181886781011263,0.0,8892,6133,2088,928
GGTGCACTCCCAGGAGCACTGACAGGCA,ACAGTTGACGGACAG,0.004756828625139619,0.0,7774,8146,4228,3219
AAATCAGAGACAAGCCCAGGCCCAAGAT,TATATTGAACTTTAC,-0.03818037755117254,794.0109095552325,5797,6244,988,662
AGGCCAATCCCACGGTCAACAGCATAGG,GCTGCTTATGAGGAT,0.007167544929539839,0.0,6661,6998,4048,2965
CCCGGCACAGTCAGCAGCATGACCAGAG,TATATTGAACTTTAC,-0.009364466426884517,80.0727763221148,4021,3829,1651,1090
ACCACAAATACAGCTACAGGCACAAGTG,ACAACCTACCTGCTA,0.01177740575890407,0.0,5472,5862,3811,2797
TCAGCAGTTCCAGGTTCAAGGACATGCC,GTAATCTGACTCTAG,-0.11360919315999883,0.0,3198,1132,127,38
AAATCAAGTTCAGGAACAGCTACAAACA,GTTGGGCGCTTAAAG,0.0007760444337779008,0.0,5538,6232,3082,2035
TTGCCAGTCTCATCCTCACCACCAAACT,AGAACATCATCTACA,-0.01605412835172114,0.0,5857,5363,1858,1299
GTCTCAATATCAGCTACAATCCCAGACA,TATATTGAACTTTAC,0.0036839231463591695,0.0,4180,4457,2117,1676
AGGGCATAGACATGAGCAGTGCCAGTAG,GCTAATTTCAAGAAT,-0.029947264467448737,0.0,814,571,211,119
AGTTCAGGAGCATCGCCAGATGCAGCCG,CAAGGATCCCCGTAG,-0.02585432448166372,0.0,5209,4117,1507,861
GTCTCAGTCGCATAATCACCGCCAACAA,ACCACCGGTCCTGCC,-0.0074677976393929075,0.0,4283,3955,1899,1229
AAACCATGAACAAGCCCAACATCATGTT,AGTGTATGATAATAT,-0.020652820889294425,0.0,4415,4042,1445,853
TGTCCACAGGCACTCACAGGACCAACAC,TATATTGAACTTTAC,0.003560269159615692,0.0,3790,3919,2230,1514
AGGGCACGAACACTGCCATGGACATATT,TCAAATGATGAGGAT,0.0038672776969243586,0.0,3661,3565,2148,1476
GAGGCAAAGGCATCAGCAAAGTCAAAGT,TTTTGCATTTAGGCG,-0.03635183472386325,0.0,4211,3585,812,508
GTTGCACTACCAAGTTCACCCCCATTAA,TATATTGAACTTTAC,0.004524779134212238,0.0,3125,3498,1748,1285
GGGTCACTACCAATCACATTACCATCAA,TTTTGCATTTAGGCG,0.001670800473581191,0.0,2644,2476,1499,998
CGGGCAGGCACATATGCACTCGCACTTA,TTAGTCTTTCCATCA,0.006529445164528957,0.0,616,612,339,269
CAGACAGTTGCATAATCAAATCCAGCGG,GTCACCGGCACTAAC,0.021467502345695073,0.0,2383,3259,1751,1629
GGCGCAAGCCCAAATGCATTCCCAGAGA,CTCTTGAGAATACTT,-0.0754202432484875,0.0,2034,722,128,76
TACACATCCCCAGAGGCAACTGCAAAGG,TCAAATGATGAGGAT,-0.022258807850049137,143.0292486171602,2254,2046,610,415
GATCCATGGACACCCACAATATCAGAGA,ACAAGTTTTACAGTT,-0.024876237372089105,0.0,423,365,105,72
CATACAGTTCCAATGACAGTTGCAGAAA,TTAGTCTTTCCATCA,-0.01212630994782086,0.0,2092,1938,746,522
GCATCAGGAGCAGCGCCATGTCCATAAA,TCTTGGAGGTGAATG,-0.009428936333161789,0.0,2007,1821,697,543
AGTTCACCCCCATCCACAAATCCACGCA,TTAGTCTTTCCATCA,0.005218839089173015,0.0,1753,1748,1146,736
GTAACACAAACAGCTCCAAAATCAGAGG,CCAGGATGTACCGCC,-0.02530785330743837,0.0,2089,2021,496,351
GGTGCAGGGGCAGTCGCAGGAGCAAAAG,TCGATAGAATTTACT,0.0007304653458927466,0.0,1368,1535,674,502
CTTACACTACCAAGGGCATTCGCAATGA,AGAACATCATCTACA,-0.005059602527848583,0.0,1326,1408,623,409
GGATCATAACCAAATACACGGCCACCAT,GTTAAATCAACAGTT,-0.02716784680561747,0.0,1460,1382,574,232
CAGCCAAGTGCACTTGCACTTACAAGCG,GTTTAGCTTCCGTTG,-0.09002952538149567,0.0,1286,502,92,31
GAAACACGTGCACGTCCAGATTCATGCA,TATATTGAACTTTAC,0.00951630384007091,0.0,1162,1116,832,555
TCCGCACTAGCACAACCATCTGCAAACG,TCAAAACGGAGTGTT,-0.0006529738588569647,0.0,1176,1285,564,414
TCAACATACCCACGAGCACACCCAATTA,CTTGATCAATCAAAA,-0.009522876129826519,0.0,960,982,368,259
TAACCAGAAACACAGCCAATGCCAGC,TATATTGAACTTTAC,-0.0011315489763989335,0.0,974,975,385,338
TCGTCAAGGGCAGATTCAGCTCCATATG,TTAGTCTTTCCATCA,-0.0127212285250767,0.0,971,941,320,238
CGTCCACTCGCACACCCACCCGCATGAC,GCTAATTTCAAGAAT,-0.034047275737419835,0.0,673,450,182,87
GGCGCAATGCCACAATCACGAACACTAC,GAGAATGAAGGACAG,-0.046368640149622976,0.0,459,227,109,41
AAACCATAGGCAAAGCCACGTACAATCA,GAGAATGAAGGACAG,-0.05390620542755029,0.0,393,272,84,28
GCCACAAGTACAAGTACAGCTACACAAA,CTTGCAAGTGTAATT,-0.04251770354961639,0.0,379,182,76,38
AGAGCAGCGCCAGGCGCAAAAACACCCG,GCTAATTTCAAGAAT,-0.052444008047232614,3.448630914167552,403,253,77,30
AAGCCAACGGCACATTCAGGATCACAAA,CCAGGATGTACCGCC,-0.004043709092587666,0.0,239,239,97,76
ATACCAAGGCCATGAACAGCTCCAGGGA,ACAAGTTTTACAGTT,-0.018951923217082656,0.0,241,199,80,49
AACTCAGCCACATGGGCATTCGCATTTG,TCATAGGTATCTCGC,-0.09570657292841957,0.0,194,73,14,1
GGGACATCAACACGTGCAAACCCAACTC,CCGTTAGTATCGCTA,-0.15776502186974678,0.0,213,47,9,2
CATGCATAATCAGGAGCACTCACAAACT,GCTGCTTATGAGGAT,-0.00307372851010798,0.0,168,208,63,55
CGATCACTTGCACGCGCACAGACAAGTG,ATTATCATCGCCATC,-0.07968904207833821,0.0,171,97,17,6
TCGACATGGTCAGAGTCAGCGGCACTGT,AATGATACCATTTTT,-0.05508913554693734,0.0,123,76,20,7
GACCCAGACTCAGTGACATCCGCATACG,CGTCAAGACCTTCTA,-0.033860062988633546,0.0,100,68,27,13
TAAGCACAGGCAATTGCAGACACAAAAA,TATATTGAACTTTAC,-0.01980229363621565,9.083244825670818,111,97,30,22
GGAACATGCGCAGACTCACTGACATGTT,GTGTGATTACTAAAT,-0.04605429249358978,0.0,77,46,15,2
AAGTCAAGACCAGGCACAACTGCAGGCC,TACACCAATTACACT,,0.0,32,2,0,0
CTATCAAACCCAAGGACATGAGCATCCG,TACACCAATTACACT,,0.0,35,5,0,0
CTTCCACTGGCAATGGCAACTGCAACTC,GAGAATGAAGGACAG,-0.06220720915057715,2.4977749262752695,78,38,11,2
TTGACAAATTCACATCCAGTGCCATCAA,TACACCAATTACACT,,0.0,16,0,0,0
GATACAAACGCACTGACATGGGCAAGCT,GAGAATGAAGGACAG,-0.026904679880784543,1.1801033296347896,42,29,12,7
ATTCCAGCTCCACACGCAGTGACATTCA,CATCAATGAGGCAGT,,0.0,13,3,1,0
ATCCCAACATCATATACATGGACAAACC,CTTGATGGCTGAAAG,-0.015650202881490237,0.0,49,22,11,11
TTCACAGTCACATGCCCAAATTCACAGC,GCTGCGGAGCCTCAG,0.011109644289094209,0.0,18,29,11,2
GTGTCAGACTCACTTGCAGTCACAACAG,TACACCAATTACACT,,0.0,10,1,0,0
CAAGCACGTTCACGCCCAGGAACACACA,ACAAGTTTTACAGTT,0.048354068222116936,3.9003308419346467,15,26,9,9
CATCCAAGGGCAAGTACATTCACAGGAA,CTATCAAGGCTTAAT,,0.0,14,6,0,0
AACGCACACGCAGGGCCACATACAGACG,CGTCAAGACCTTCTA,,0.0,26,2,0,0
TAAGCAACCCCACTTACAGTCACAAACC,CTTGATGGCTGAAAG,,0.0,12,2,2,0
AGTTCAAGTACATGCTCACCTTCACGTC,TCATAGGTATCTCGC,,0.0,6,5,3,0
TTAGCAGGTACATGACCAGTCACATGCG,CTTGATGGCTGAAAG,,0.0,1,1,1,1
AAACCAGTTTCATGCTCATCACCAATAC,ATCGTTGGCATTTGG,,0.0,2,0,0,0
GTGACAAAGGCACGCACAGAGGCAGCAA,CTGATTTGTGCTGTC,,0.0,1,0,0,0
AAGACAGCTACACCTTCAGGAACATGTA,GAGTGCTTCAAAGTT,,0.0,1,0,0,0
TATCCAGCAGCATCCGCATCCGCAATAC,GTTGGGCGCTTAAAG,,0.0,2,0,0,0
CACGCAGAGACATCCGCATACACAACTC,CTATCAAGGCTTAAT,,0.0,1,0,0,0
GACCCACAGGCATGATCACAGGCAGGTA,CCAGGATGTACCGCC,,0.0,1,0,0,0
TTAACACTGTCACCCGCACGTACATGGG,GAGAATGAAGGACAG,,0.0,0,1,0,0
ATGACAGTCGCAGTATCAACGACAGCAA,TCTTGGAGGTGAATG,,0.0,0,0,0,1
