BC,Edge,s,LL.ratio,TP1-2-T1,TP1-2-T2,TP1-2-T3,TP1-2-T4
ACAGCACCCTCATAGACAGGCCCATACA,GTGTGATTACTAAAT,0.03072801544044429,0.0,1468,1244,620,465
ACCGCACAGTCACATACATGCGCACAAA,GTAATCTGACTCTAG,0.048341082402308534,0.0,1046,1146,788,562
ATGGCAAGCGCATCGCCATTCACAAAGG,CAATCTTGAATTGAT,0.005484280378343091,0.0,956,801,268,142
GCATCAGCCGCAATAACAACCTCAATTG,GTTTAGCTTCCGTTG,0.03897038136317636,11.796018928719604,641,643,351,260
GATACACGGTCACAGCCAAAGCCAAACG,AAAAGAAAAATGTAT,0.0027405331012915492,0.0,731,575,177,100
CGCACATACTCATCGACAGGTGCAGCTG,AAAAGAAAAATGTAT,0.020463396188635057,12.861168881209778,567,467,217,132
ACAGCAACGCCAGCATCAGGCTCAATTC,GTTTAGCTTCCGTTG,0.027852897115649606,0.0,499,579,210,145
CTTGCAAAGGCAATGACATTCCCAGGGA,AGAAGACGACGATGA,-0.007030770629203119,0.0,735,459,111,75
GATTCATGCGCAACCTCAACGGCAAAGA,TTTATAAATCAATAG,-0.0054561515132693335,12.458582850921175,645,479,142,69
CTAACATTCACACAACCACTGACATTTG,TCAGAGCATTGGCCT,0.020896533251885563,0.0,530,473,214,125
CCTACAGACCCAGCCCCATCGACATGGA,TTTATAAATCAATAG,0.021813108233792972,0.0,528,423,193,128
GAAGCACCGGCACCCCCAGGGACAATGG,CGAATGCCATACAAA,0.048379055236999785,0.0,409,461,238,220
TTGCCAAGTGCAAATGCACCCACAGTAG,TTTATAAATCAATAG,0.009804682724239096,0.0,550,419,139,93
TTGCCAGTATCAGAACCAAGGACAGGCG,GTGTGATTACTAAAT,0.011674331612607202,17.836317430022973,520,470,144,93
ACGTCAATAGCAACTACAAACGCAACAT,AGAAGACGACGATGA,0.0038297274423710584,0.0,566,372,128,80
AGCTCAATCACAGGCTCACAAACATTGG,CCAGGATGTACCGCC,-0.017482454539369016,0.0,590,343,96,44
ATGCCATACTCAGGCACACGCTCAAAAT,AGAACATCATCTACA,0.027015526638951643,0.0,427,485,178,121
ATTTCAGCGCCAAGGACAGGGGCAGGGT,CCAACACAGGCTTCG,0.00545901101884394,0.0,539,419,88,80
TTGTCAAGCGCATATTCAAGTCCAGGCT,GTTTAGCTTCCGTTG,-0.0006861233919135586,37.17063536806654,559,512,90,69
GATCCATGTACAAACGCAATGGCACAGT,TTTATAAATCAATAG,0.03335421807464664,16.8094389915168,426,403,194,146
TAACCAACCTCATGGACAGGCCCACTCG,TTTATAAATCAATAG,0.023110940543990138,1.6062730723979257,488,376,155,123
TCAGCACGGCCAAAGTCAATTGCAGAAA,TCAGAGCATTGGCCT,0.006858282643074782,15.011626320628238,491,431,90,76
GTGGCAATGGCAGAGTCAACTGCAGACC,TTATATTTATTTGCT,0.05789972361438663,11.271211659766323,299,346,252,214
ACAACATGTGCAATTCCAAAGGCACCCC,TTATATTTATTTGCT,0.042945461652584956,0.0,372,339,203,170
GAGGCACCCACATAACCAAACACAATGG,ATAATTTTCATCCAC,0.0032459413592807775,0.0,468,326,152,65
GAAGCAACAGCAGTAACAATGACAGTTT,GTTTAGCTTCCGTTG,0.012648340011314577,7.078002637664667,429,348,134,79
ACCGCAGGCACACGGGCAGGGTCAGTCT,TTATATTTATTTGCT,0.06493474711419311,26.563834736597073,267,310,272,236
AGCTCAATACCAGAAGCATCCGCATGTG,ACAACCTACCTGCTA,-0.00526408073901057,0.0,474,294,100,51
ATGGCATACGCAGTATCAGATACACGTT,CCAACACAGGCTTCG,0.00447482749042248,0.0,458,319,116,66
CTGTCACGATCACCGACAGTGACATAGA,TTTTGCATTTAGGCG,-0.0023976999826558518,1.6760812542970598,452,354,113,53
ACGGCATGCCCAATGACAAGCGCAGGCA,GTCACCGGCACTAAC,0.06294589881463897,0.0,263,332,223,219
GCTACATTGACAGGGTCAAGGGCAGGGC,CTTGATCAATCAAAA,-0.018770792747330147,0.0,446,268,85,32
TAAGCATATGCATACTCAAGTGCAGGCC,TTTATAAATCAATAG,0.019336284043109126,0.0,391,357,137,88
TGGCCAAACGCAAAAGCAAAAACATTCT,CAATCTTGAATTGAT,-0.0001915879025995599,0.0,447,337,85,56
TGGGCACTGCCAACGACAAATCCAGGGA,TTTATAAATCAATAG,0.01296907849067218,0.0,398,356,85,74
TCAGCAGCTGCAACAACATTGACACAGT,TCAAAGCATGAAAAA,-0.016091628294323045,5.196568725252746,463,261,75,36
AGGTCAGTAACACAACCAACTTCACCAT,GGTTGCCCAGAAGTA,0.02255594306010746,0.0,355,251,144,88
TCGCCAGTCTCAACACCGTCACATACA,CCAACACAGGCTTCG,0.010003622306786175,0.0,388,277,97,66
GAATCACTGGCAGGATCAGCCTCAGAGG,GTTTAGCTTCCGTTG,0.025227363152899255,0.0,350,295,144,94
AATGCACTGGCACATTCAGCTGCATTGT,CTTGCAAGTGTAATT,0.021119251229668304,0.0,358,266,116,85
TCGTCAATGGCAGTGCCAGCGGCACGAG,TTATATTTATTTGCT,0.04256861175117718,0.0,270,314,155,122
GCAGCACGCACAGGGCCACGGGCAGGGC,GTAATCTGACTCTAG,0.029871811911468954,0.0,298,306,158,92
GCCTCACTCCCACTGTCACACTCACAAA,TTATATTTATTTGCT,0.06229486267002602,14.798466561164787,229,237,184,187
AAGACAGGGACAGGACCACATACAAGGA,TTTATAAATCAATAG,-0.007425252550769865,3.2171188355364393,357,297,108,36
GTTCCACGTGCAAAGGCAGCGACAGTA,GTGTGATTACTAAAT,0.03360621148592107,0.0,278,313,138,96
TCGTCACCTGCAGGACCAGTGACACCAA,GTGTGATTACTAAAT,0.02684982621488431,0.0,305,265,136,86
GTCACAGCTGCATTCGCAACAGCATCGC,GTGTGATTACTAAAT,0.047089324324823205,7.568236472885474,286,277,138,148
ATTGCAATGCCACGAGCAGGAGCATCTA,GTGTGATTACTAAAT,0.032658118573046103,0.0,289,292,131,97
CTTGCATAACCAGTAGCATGCACAGCAA,CAATCTTGAATTGAT,0.02070925460764304,9.59670967320153,307,277,117,72
GGGCCATATACAGCGACATTCCCACTTC,ACAACCTACCTGCTA,0.010246746670723792,8.749765576046912,356,219,119,61
GGGCCAAAAGCATGTGCACAGACACTAC,CCAACACAGGCTTCG,0.014073328672655374,0.0,333,234,89,64
TTTCCATTAACAGGCACACCCGCATGAG,CCAGGATGTACCGCC,-0.01793552384166026,0.0,367,242,62,27
ATCCCACACACAGTAACAGCTGCAACCT,ATTATCAAGTGCCAG,0.012856636226889996,8.895310784362664,313,221,88,58
ACAGCATATCCAGGTGCAGTCACATAGC,CTTGCAAGTGTAATT,0.013435960624429422,0.0,297,203,134,56
GGGTCATAGTCAGTAACACGGACACAGA,GTCACCGGCACTAAC,0.058791944248605364,0.0,185,243,196,136
CCTCCAAAGGCATCTACAATGACAAAGT,TCAAAACGGAGTGTT,-0.023280278844166242,3.802986457776342,367,252,54,23
GGACCAACAGCAAGGGCATTACCACACT,TCGATAGAATTTACT,0.02272328992346852,9.38967785567229,289,244,99,72
ATGACAAAGTCAATCCCAACTGCAAATG,GTAATCTGACTCTAG,0.04999365464337623,1.2158247840070544,209,246,176,118
CCTACAGACACATCGACATCACCAGTGG,GTTTAGCTTCCGTTG,0.03507401885579452,0.0,230,246,102,83
CATTCAGATGCACTCTCAAGAACATGCG,TATATTGAACTTTAC,-0.018632989609274186,5.150768069040623,347,211,57,25
AGAGCAGTGTCAACATCAGCAGCAATTC,GTTTAGCTTCCGTTG,0.04731067033226218,11.860948568054482,215,244,121,112
CCCCCAGAGACAAACGCAAATTCAGTGC,CAATCTTGAATTGAT,-0.00015906664163849518,0.0,311,270,57,39
GATACAGAAACACGGGCAAGACCATAGA,ACAGTTGACGGACAG,-0.003740192691671777,0.9066210195067015,293,245,60,33
AGTGCACACGCACGTACACCAACAAGAG,TAGACGGACATCTTC,0.021499962131840248,0.0,254,247,127,61
ACGGCAAGAACAGGGACAATTTCAGAAC,TTTATAAATCAATAG,-0.009330533012101478,14.745219049357047,315,233,43,30
GACCCAGCTTCAGATGCACATGCATAGA,CCAGGATGTACCGCC,-0.04251721868983611,2.2721571149331794,341,211,50,12
TGTGCAGGTTCAGAGACATTGTCAATGA,TTATATTTATTTGCT,0.047195000185318435,0.0,183,241,129,95
CCAACATACTCAGTGGCAATGGCATCCC,TCAAAACGGAGTGTT,-0.0039798620750102045,0.0,313,164,95,35
GGAACAATATCACTGCCATGTCCAGCAG,AGAACATCATCTACA,0.02534627756393767,0.0,256,181,132,69
GACTCAGGGTCAACAACAGCACCATTAG,CCAGGATGTACCGCC,0.002508279309010689,3.5182303973410853,265,176,58,36
GAGACACGCGCAGATACATAGACAAGCC,AGAAGACGACGATGA,0.01386787470415031,6.629690774485425,267,203,76,51
CACACAAGCCCACCCCCAAATACAGTAC,CCAACACAGGCTTCG,0.005622451479295829,0.0,295,197,89,44
AATGCAAAGCCACTTACAGACTCACGCT,CCAGGATGTACCGCC,-0.01414194330305943,0.0,279,186,42,23
GGCGCAGATTCATAGTCACACGCATATC,TATATTGAACTTTAC,-0.0012917977848718725,0.0,264,161,67,32
GGGGCATCAACACGATCAATGCCACTGT,TTTATAAATCAATAG,0.03227637205321542,13.236386928554566,220,169,125,73
GAACCAGCGCCATTGCCAGAAACAGCAG,TTTATAAATCAATAG,-0.0073173426691101875,4.668724929563496,257,221,60,26
GGAGCATTTCCAGATGCACACGCAGGTC,CTCGCTAATACTCCT,0.008928844664179165,4.4397785483129155,255,181,64,42
TCCACAATTACAGGTACAAATACACGGA,GTTTAGCTTCCGTTG,0.012350208184351959,5.7521323682597085,263,179,78,48
GGGGCACACTCAACTCCACAATCATCGT,CAATCTTGAATTGAT,0.021068502678886467,7.300200491437863,232,192,88,55
AAGACAGGACCATCAACAAACCCAATTT,CGAATGCCATACAAA,0.053192996667300686,0.0,177,221,89,110
CTTTCATGGCCAAGTTCAGAAGCAAAAC,TAGACGGACATCTTC,0.005062214202083114,6.237964279767311,225,238,44,33
GGCGCATGTTCACGTACACTGACAAGGC,GTTGGGCGCTTAAAG,-0.011007224294594768,0.0,265,169,51,24
CAGGCATGGACAAGGGCACGGACAGGTA,ATTATCAAGTGCCAG,-0.008916449012149576,0.0,280,134,55,27
ACTCCATGTACAGTCTCAAGTCCACTTC,CTTTCTTGTGTATTT,-0.03279974138183932,0.553640683739502,276,148,34,13
CGAGCATCGGCACCACCACACGCAACCA,TTTATAAATCAATAG,0.0025366947443712664,0.21286208566857567,228,205,79,31
CGTTCAAATACAGCGTCACGGACAGTAC,ACAAGTTTTACAGTT,-0.009011551311563127,0.0,260,156,52,25
AATCCACGTGCACGAACATTGTCAAAGG,CTAAGTGTGAAGGAG,0.0049143942998209076,0.0,226,152,54,33
TTAGCACAATCAGCCACATGTGCACAGG,ACAGTTGACGGACAG,0.00918117995953067,0.0,235,167,52,39
ATAACAGGTTCAGAGCCACAACCATAAC,TCAAAGCATGAAAAA,0.002910930164164076,0.0,240,125,69,33
TGGGCAAGCACAACTCCATGATCATATG,GAGAATGAAGGACAG,-0.01629849784985707,0.0,220,152,50,17
ATTTCACTTCCAAGGACACGCCCAGTGC,TATGCCCTTCTTCTG,0.02845958727054453,0.0,196,168,79,58
GAGACATCGGCATCGCCAACGACATTAA,GGTTGCCCAGAAGTA,0.02301289498872312,0.0,191,181,73,48
GGAACACTAGCAATGCCAGGCTCATCAG,TTAGTCTTTCCATCA,0.004334113271334697,0.0,223,171,50,32
CAACCAGGAACATCTTCACCGTCATCGG,TTAGTCTTTCCATCA,-0.012362925618959048,0.0,207,127,34,18
CAATCAAAGACAAATTCAACCTCATTTA,ACAACCTACCTGCTA,-0.009139510521801997,0.0,261,154,49,25
AGCGCATCTACAGAATCAAGGCCAAGAT,GTTTAGCTTCCGTTG,0.022089734994282795,0.0,225,164,49,55
GGAGCAAGGTCAGCCGCAACGGCAGGAG,TCAGAGCATTGGCCT,0.03226280629300648,0.0,202,144,65,67
GCCACAAGTCCATTAACAAAAGCAAAGG,ACCACCGGTCCTGCC,-0.02328054622259463,0.0,240,132,8,5
GTACCACGTGCAACCACAAGTTCAGCTC,TCATAGGTATCTCGC,-0.012755857477360447,0.8355893856604553,256,131,42,22
GTACCACTAACAACAACAGAGGCAGACT,CCAACACAGGCTTCG,0.0018852082086056193,0.0,210,135,41,28
GGACCAACGGCATGCGCAGAGGCATCAT,ACAACCTACCTGCTA,-0.012201504803099464,1.1312315809532265,206,143,65,18
TTTACAGCGTCAGCCGCATGCGCAAAAT,GTTTAGCTTCCGTTG,0.04812913446455358,43.32321345294895,219,246,5,8
ACCGCACTACCAGGGTCACTTCCAACTG,TCATAGGTATCTCGC,-0.01032563178375751,0.14466411398848322,238,119,48,22
AACGCAAGGGCAAGGTCATGAACATAAC,TCAAAGCATGAAAAA,-0.0065241299714232275,1.8790718490837435,222,167,27,23
TTGCCAAAGGCATTAGCACGTCCAGGGA,GTAATCTGACTCTAG,0.022513624357839258,18.54437782168725,206,145,60,51
AAATCATTAGCAGGGGCACATGCAAAAC,GTTTAGCTTCCGTTG,0.030696241306720412,0.0,158,186,67,50
TTATCAAAGACAGTCGCACTCAAGTA,TTATATTTATTTGCT,0.0478490166693479,0.0,136,178,77,72
TAATCAGAGACATAGGCACATGCAGCGG,TCGATAGAATTTACT,-0.008527281292799477,0.0,205,148,54,20
GTTTCAGGGACACTACCAGATGCACTTG,TAGACGGACATCTTC,0.021963889320186853,0.0,193,144,68,47
AATTCAAAGCCACAAGCAGATGCAGCCG,TTTATAAATCAATAG,0.025550351504483152,0.788822317151471,177,164,49,48
TGCGCAATAGCATAGGCACGTTCAAATT,TTTATAAATCAATAG,-0.00770419420645374,8.268649336870794,210,158,33,21
TATTCAAGATCAGATTCAGGGACAAGGA,TATATTGAACTTTAC,-0.016899114699946354,3.604634681635389,224,160,30,17
GATTCAATTGCAAATGCACGGACAGACA,GAGAATGAAGGACAG,0.0027389607371631694,1.171012500987331,212,104,42,29
AGGGCATGCGCATTAGCATAAACACGTA,ATTATCAAGTGCCAG,-0.00043232721301473116,0.0,201,134,45,25
TTTCCACTTTCAAAGTCAAGTGCAGGAT,GAGAATGAAGGACAG,-0.06076316035593954,13.83100503989158,257,110,18,4
GGATCATCCCCAAAATCACTAGCAAACT,GAGAATGAAGGACAG,-0.031110761409115856,0.3464924133194245,222,115,42,11
ACCACAGGGGCATAGACATTCTCAAGAT,ATTATCAAGTGCCAG,-0.014802496040101684,0.0,205,159,36,8
GACTCACCAACATAACCAATATCACGCG,TCATAGGTATCTCGC,0.004699119602358381,0.0,193,106,44,28
GTTTCAAAGTCAAACGCAAGTCATGCT,AGAAGACGACGATGA,-0.01906841377214019,2.413433013658505,225,116,37,16
CCCACAGACGCAAAGCCATATCCACTGT,ATAATTTTCATCCAC,-0.00043232721301473116,0.0,201,122,42,25
CTGGCAACTGCAGCGCCAACGACACCTA,GTCACCGGCACTAAC,0.021099305083665736,0.0,177,122,69,42
TTCGCACAACCATAAGCAGAGGCATAGG,CCAACACAGGCTTCG,-0.025717008406704923,7.476494215625507,206,152,28,12
TCTCCAAAGTCAAAATCACTCACAGCGC,ACAGTTGACGGACAG,-0.012786480661262875,3.352800003636048,198,130,36,17
CAGTCACATGCACCTGCAGCTACAAAGA,TATATTGAACTTTAC,-0.0040234002859746544,0.0,197,128,34,22
GGTACACGCTCAAAACCAGAGTCAAATG,ACAGTTGACGGACAG,-0.000982949336678892,0.0,188,128,46,23
GGGTCAAGTGCATGGACACGGTCAGGTG,TTTATAAATCAATAG,0.034015834237385946,14.4616563263005,123,138,93,43
CAACCAATACCAGAAGCACGATCAGCAA,TCAGAGCATTGGCCT,0.024146187294460785,0.0,150,154,56,39
TAGTCATACACACATCCAGCCGCATTGG,GTGTGATTACTAAAT,0.049061271475043716,11.26676451029789,102,146,103,56
GGGGCATACGCAACCGCAAACACACTTG,ATTATCAAGTGCCAG,-0.001344918646047821,0.0,157,104,45,19
AGAGCAAAGACAACCACACTTCCAATAT,TCAAAACGGAGTGTT,-0.026253443054614505,2.2160434839221352,179,146,25,9
CAGACAACCCCAATTGCACCTTCACACA,TCAAAACGGAGTGTT,-0.018551607554274683,0.03184283509654051,180,125,49,13
TTTTCATGGCCAACGCCAGAGGCACGAG,TTATATTTATTTGCT,0.01580722091533837,11.755956049773431,163,144,62,33
GGCACAGGCTCAGGAACATAAACAGATT,TCAACAACCTATGCA,0.010098555324554842,0.0,170,131,39,29
TATTCATGAACAGGAACATACACAAGGA,GTTGGGCGCTTAAAG,-0.0030015742644569064,0.0,165,125,34,19
TTAGCATACCCATAAGCAGGGCCAAACG,ACAGTTGACGGACAG,0.005347879224852009,0.0,169,140,33,25
CCCGCACCATCAACTCCATAGCCATCAG,CTTGCAAGTGTAATT,0.0004665543946457343,5.046138164357785,180,102,39,23
ATGTCAACAGCAAAGACATTTGCACCAG,ATAGAGCGGCGTTGA,-0.019284237778233862,0.0,184,120,36,13
ATACCAGCGTCATGCCCACAGGCACCGA,AAAAGAAAAATGTAT,0.01667475223955101,0.4299683360113704,154,127,30,32
GACTCATGATCAGCGTCAGCAACAGGAA,TCGATAGAATTTACT,-0.002183537300586337,0.0,161,140,44,19
TTAACATAACCAGCTACACTGACAGGGG,AGAAGACGACGATGA,-0.007369183011337037,0.0,198,119,46,20
GTTCCACAAGCACGGGCATGCGCAAATG,CTTGATCAATCAAAA,-0.01873628023346187,0.0,181,90,42,13
TGTGCATTAGCAAGGACACAAACACATG,ATTATCAAGTGCCAG,-0.001684729643273302,0.0,192,114,52,23
TGCCCACGCGCAGGCACAGGAACACAGT,GTTTAGCTTCCGTTG,0.03867699781422321,0.9643778630634188,97,199,42,39
ATTGCATTGTCAGGATCATGAACAGAAG,AGTTTATAAAAAATT,0.027184224118126182,0.0,158,105,64,45
GTTACAAGTTCAGGTCCAGAAACAACAC,TAGACGGACATCTTC,0.016097601306188217,0.0,142,138,45,29
TCTTCAGTTTCAGCCACACGTGCAATAC,TATATTGAACTTTAC,0.01233612863468824,0.0,148,108,36,27
AGGGCAAGGACAGCATCATGGTCAGGAA,TCTTGGAGGTGAATG,0.0053972253971998445,0.0,162,107,33,24
TGTGCAACGGCAGTGCCATAATCAATGC,ACAGTTGACGGACAG,-0.000266075829313417,0.0,168,110,46,21
GTAGCACTTTCAGAATCATGGACAAGCG,TTAGTCTTTCCATCA,-0.015852638803152425,0.03164956795535545,166,96,39,13
TTGGCAGTGTCAGGGCCAGGTTCATAAA,GTTTAGCTTCCGTTG,-0.006506460565584962,13.506678120725155,164,142,31,17
GTCGCATTAGCAAGGGCATTGTCAGATG,CCAACACAGGCTTCG,0.005574060471522928,0.0,141,128,54,21
AAGGCATTATCAACCGCATGAGCATGCA,ATTATCAAGTGCCAG,0.017050047054323437,8.597954515052379,138,101,48,29
ACCCCACTGACATGCCCACGTCCATGGC,AAAAGAAAAATGTAT,0.0067669058928041086,0.0,149,107,52,23
GTCACAGATACAACCGCACGGTCATCGA,TATATTGAACTTTAC,-0.022018139177475665,1.090484830114974,169,92,44,11
CCTCCATACCCATGGGCATTGTCAATCA,AGTGTATGATAATAT,0.016493705906310784,7.939524342798563,150,134,42,31
GAGTCATACTCAGCATCAGTTACACGGG,CGATGATGATGATGA,0.007271396819098168,0.0,134,115,58,21
GCAGCAAGGTCATTTCCAATCCCATGTG,TTTTGCATTTAGGCG,0.015112109720773932,0.0,116,108,35,23
ACCGCAGAAACACTAGCACGAGCATAAA,TCTTGGAGGTGAATG,0.010453378308268651,0.0,145,90,61,25
GCCTCACATCCACGTACAATGGCAAAGT,TTAGTCTTTCCATCA,-0.025391802575192777,1.1161071739301178,170,85,34,10
AGAACACTAACACTGACAAAGGCACGAC,TCAAAACGGAGTGTT,-0.012603600551408594,0.0,139,100,36,12
GCATCAGGTCCAGAAACAGGTCCAGGCT,ACAAGTTTTACAGTT,0.0012845913585163339,0.0,168,104,19,22
TGGGCAACTCCAGCTACAGCCCCACAAA,TATATTGAACTTTAC,-0.01478373079311841,3.695351449752252,148,82,26,8
GGTTCAGCCCCACAACCAGTCACACACT,ACAGTTGACGGACAG,0.012500332579223441,0.0,120,109,53,22
TTCGCATCATCACAGCCACAAACAGCAA,GTTGGGCGCTTAAAG,-0.0037214799514172737,0.0,146,93,32,9
CATAACAGACACATCAGCGACAGCAT,GTTTAGCTTCCGTTG,0.014959204253877074,3.6981926051664686,152,110,39,30
ATTACAACACCATCCGCACTGACATCAA,CCAACACAGGCTTCG,0.03980730165993834,20.091847705673445,113,86,65,47
GCATCATAAGCACGCACAGCAACAGCCC,TCTTGGAGGTGAATG,0.026884192089493653,6.296785841474957,124,79,64,35
GCTTCAGTCACAGCGCCAATTACAGGAA,AGAAGACGACGATGA,-0.021219697810059227,0.49857112863776365,150,109,27,10
ACGCCAAGGCCACAAACATTAACATCCG,TTAATTGCACTTATG,0.0035949846881906263,0.0,114,118,31,16
TAGTCACCAGCATTACCAGGGGCATACG,ACAGTTGACGGACAG,0.028203175749772658,3.5035102888912206,126,81,36,37
TGTCCAGCACCACCAACAAAGACAGGTG,CTCGCTAATACTCCT,-0.022527054915168612,0.0,156,91,22,10
CCGGCAAATACAGGGCCAAAGGCACTAA,TCAAAACGGAGTGTT,0.010025106892340352,0.27095155040501595,141,110,24,24
GAATCAGATGCATGTCCACCTTCAAGCT,GAGAATGAAGGACAG,-0.06645738011797583,4.9349304718125495,160,85,10,6
TAGGCACCTTCAGGAGCACTACCAGTAA,ATTATCAAGTGCCAG,-0.024765026984821817,1.1681699814762396,139,102,20,6
AACCCAGCGCCAAAGCCAAGTAATCTC,CAATCTTGAATTGAT,0.008173787383373628,0.0,118,125,35,19
AAAACAGTCTCATTGGCAACCGCAGAGT,TTTTGCATTTAGGCG,0.015099050628213831,0.0,111,94,37,22
CCCACAATCCCACACTCAGGAACAGTGT,ACAGTTGACGGACAG,0.008798381353474645,0.0,128,112,18,21
GTATCACGGCCAGAGACAACACCATAGA,GTTTAGCTTCCGTTG,0.026478806588184495,0.0,104,131,37,29
GCGCCAAGAGCAGAAACACCGTCATCTA,TATATTGAACTTTAC,-0.015648949145124068,2.3705388673498646,139,104,24,7
GACTCAGTGACACTGACAGCTCCAGGGA,ATTATCAAGTGCCAG,-0.017595257805510373,0.0,148,85,24,11
AGGCCACCTCCACCACCATGGACATCAC,TTTATAAATCAATAG,0.03211227447259266,3.2197473293233543,106,97,41,35
GGGCCAAGGGCAGGGTCAATGTCACTGA,GTTGGGCGCTTAAAG,0.010453378308268653,2.5679910694827868,116,80,36,20
GAGGCAGCTTCATTGACATGAGCAGGCC,GTTGGGCGCTTAAAG,-0.003926571362886996,0.0,125,97,38,14
ACGCCAAGGACAAAGACACCAGCAGTGT,AAAAGAAAAATGTAT,-0.007187387988588231,0.11387022427015836,128,102,33,13
CAAGCATACTCATACCCATAAGCATTTG,TTTTGCATTTAGGCG,-0.022092220367930702,3.92593373670843,112,91,17,8
GGGACATCTCCATACTCAAAGTCATGCA,TCATAGGTATCTCGC,0.01718685335001463,7.41926742540295,109,67,47,23
CACACACCATCAGTAGCATTTGCAGAGA,TCTTGGAGGTGAATG,0.00853897667207281,0.0,129,92,36,21
TCGGCAGAAACAGGGCCAGGAACACGGT,TCGATAGAATTTACT,-0.009185919625481558,0.0,115,116,15,11
GTTTCAGCGTCAGTGGCAAGCCCACCTA,CGCGATCAATCCTCT,-0.030684733214263682,0.8009385076820763,133,80,17,4
TGCTCAGGTACAACGTCAATGGCAGATG,AGAAGACGACGATGA,-0.00698214431374778,0.0,137,80,30,14
CGTGCACATTCAGCTACATAACCATGCG,TTAGTCTTTCCATCA,0.012953129527050515,2.2128662624728577,113,74,29,21
TTGACATGAGCATGTGCAAATCCAGTGA,ATTATCAAGTGCCAG,-0.02044714855821126,0.023752822372898663,102,84,16,8
AATGCACTTACAGGACCACCTGCAAATA,ATTATCAAGTGCCAG,-0.010842760489366346,0.0,121,81,23,8
ACCCCATTGACAAAGACAACGTCATATC,TCTTGGAGGTGAATG,0.0004774494211631693,0.0,133,95,16,17
ATTCCATACCCAGTAACAAATCCAATGC,GTTGAACTGGTTGTT,-0.03143101572509748,0.0,135,85,17,8
CACGCAACCGCACTACCAGATACAATGC,TATATTGAACTTTAC,0.009270054714202657,0.0,95,70,27,6
GGCGCACCAACATCGCCAATTTCAACCA,TCAAAACGGAGTGTT,0.0228388301893514,6.539443087166205,92,72,39,23
ATATCAAAGCCAGTTACAGATACAAAAG,AAAACATTATCAAAG,-0.0023626451262108716,6.1897612409711655,118,80,6,7
CCACCAGCCGCACCGACATGTGCATCCA,ACAACCTACCTGCTA,0.012528121937509356,1.4130439417641583,109,70,23,20
AAGACACATCCAGAGACAAATGCAAGTT,ACAACCTACCTGCTA,0.003519599275519746,0.0,75,66,19,8
GTCGCATCGACAGGAGCATCATCACATT,GCTGCTTATGAGGAT,-0.008035871901559367,0.024348726441701274,101,92,23,10
CCACCAAGACCATCAGCAGGGACATAAC,TCATAGGTATCTCGC,-0.002417359867232457,0.0,128,44,22,15
TCGACATAAACACGAGCAATTTCAGAAC,GAGAATGAAGGACAG,-0.022101750647390436,6.352490114188981,115,64,8,0
CATGCAGTAGCAAATACAAGGACACGAT,GGTTGCCCAGAAGTA,-0.0008170525610204481,5.224780909273818,122,78,29,15
GCTGCACCATCATCGACAAACGCAATAA,TCATAGGTATCTCGC,0.006430286137125929,0.0,108,78,29,9
AGTACATTTACAGGCCCACGCACAGGGA,CGATGATGATGATGA,-0.0014357864896890917,0.0,116,57,15,14
GTAGCACATTCAAGTACATAAGCACGCA,ATGGCGATGGTCTTG,-0.03550541969766465,0.0,112,44,13,8
TAGGCATTAGCAGGCACACAGTCAACAT,TGATCATCACGGGAC,0.013922688113364102,0.0,109,63,34,6
GGTACATTGGCAAACACATATACACTAG,ACAGTTGACGGACAG,0.022838830189351428,5.24285864772196,84,51,44,21
GTTTCAAAAGCAACAACAAAAGCAACAA,ATTATCAAGTGCCAG,-0.05020689491537098,5.003947916019229,119,50,8,8
AAAGCACATACATCAACAGCAGCACTCT,GGTTGCCCAGAAGTA,-0.0010151710243820472,0.7185570953101887,90,79,40,11
TTCACATGTGCACAGGCACCTGCATATC,ACAACCTACCTGCTA,-0.006529743275145972,0.0,111,75,23,5
CGCACAGCGCCAGTTTCAGGACCAGTGA,TCATAGGTATCTCGC,-0.016425786102580543,0.036346306584277954,100,76,17,8
AGGCCATAGCCAGGTGCAAGCGCATTAC,TTAGTCTTTCCATCA,-0.028794824886493327,1.8057225295436865,113,88,15,3
CTAGCAGAAGCAAATTCACCGCCACCTG,ACAGTTGACGGACAG,5.598786774446985e-05,0.0,103,72,28,13
TCTGCAGATCCACGTGCAGCAGCATAAG,GCTGCTTATGAGGAT,0.0107419803997058,0.0,92,63,12,16
AACGCAGGAGCAACGGCAAAAACACCAA,ATGGCGATGGTCTTG,-0.03594986706852699,0.0,113,75,13,2
GGTGCAATTACACAATCACGAGCAAAGA,ATGGCGATGGTCTTG,-0.0520732764953868,0.5632339639741986,120,45,10,6
TCCACAACTGCATGTGCAGATACATGCA,GAACTCAGGTTCCAT,-0.03135158759084056,0.0,111,39,14,7
GAATCACCTACACTGACAGTTACAGCGT,TTTATAAATCAATAG,0.012904001539773816,0.0,97,69,37,18
GTCCCACGTCCATCGCCAATAGCAAAAT,AAAAGAAAAATGTAT,0.0031037947330655384,0.0,94,68,21,13
TCCCCATGTTCAGAGACATGAGCATGGC,ATTATCAAGTGCCAG,0.0006968669316092854,0.0,103,72,7,6
AAAGCACCACCAGTGCCACTAACAACGT,TCTTGGAGGTGAATG,0.019572816577344627,0.0,75,74,29,17
GTAGCACGTCCATTCGCATGCACATACG,TTATATTTATTTGCT,0.0331300129110052,3.754105428273988,94,60,24,32
GCGTCAATAGCATGGCCAACTCCAAGGG,GCTGCTTATGAGGAT,0.027040187552530248,3.7960732854144226,67,99,24,19
CAGGCATTCCCAATGTCATAGGCAAGAG,TGGAGTCTTTGTTGA,-0.005495366295139626,0.0,104,57,22,7
GCTTCATGCGCAAGAGCACCTGCAATAT,AGAACATCATCTACA,0.011228607047077553,2.7286019406208197,85,73,23,15
TCCCCAATGTCAACTACATAAACAACAA,ACAACCTACCTGCTA,-0.0016268089799885792,0.0,100,64,14,12
TAATCAGTGACAAAGTCAATGTCAGGAC,TTTATAAATCAATAG,0.0016837977267402024,1.2111997036802222,83,78,16,11
GTGACAGATCCACTGCCACGCGCAACCC,GAGAATGAAGGACAG,-0.009759198341843954,0.0,108,68,7,6
ACGCCACAAGCACAGACAATACCAGGCT,CGATGATGATGATGA,-0.01284842853797814,5.240611347020263,115,51,21,5
CGACCACGGTCAGCGGCATGGGCAGTCT,AATGATACCATTTTT,-0.018753369140908215,0.0,106,61,8,1
CCTTCAGGAGCAGGTTCACCTACAGTCG,TCAAAGCATGAAAAA,-0.018333374400799365,3.186033841150561,110,51,18,7
TAGTCACGTACAGTAGCACCGTCACCAA,AGTGTATGATAATAT,-0.007033949228477311,0.0,78,84,16,4
GGCTCATTAGCATCGTCAAAAACAAAGT,TTTTGCATTTAGGCG,0.006826616313308683,0.0,97,74,15,15
TAAACATGATCAATAACAAACTCAAAGG,TATATTGAACTTTAC,-0.012411744539540415,0.1308890589937164,76,90,14,5
CTCACAAATGCAGAGCCATCGCCAAAAG,ACCACCGGTCCTGCC,0.010645755023596326,4.146471920084082,79,61,7,6
GGCCCAAAGTCATGGGCAAACGCACGCC,CATTTATGGCTATCT,0.011088436922746369,0.0,95,40,28,6
ACCTCATGGGCAGCGGCAGCCGCATGTC,GTTTAGCTTCCGTTG,0.028183585191857378,0.0,92,61,31,27
GAGACATGCGCACGAACACTGCCAGAAG,TCATAGGTATCTCGC,-0.04250057447752544,4.771198547643394,109,36,11,6
AAAGCATCGCCAGTACCATCACCAAGGC,TTAGTCTTTCCATCA,0.011949355847516404,1.814846988952354,61,49,17,11
TTCTCAGCGACACGTCCAAAATCAGCAC,ATGAAGTTCATAATG,-0.020295249907626545,3.671187917109876,90,51,7,0
TCAGCACAATCATAGGCAGCCACAGCGG,CCAGGATGTACCGCC,0.003956283273957473,0.12212889183024345,90,63,23,4
CCTCCACAGGCAAGGTCACAGACAGTTC,ACAGTTGACGGACAG,0.013774373006563367,0.0,84,61,25,16
CGGGCACCGTCACCGACAGTCGCAACGA,TATATTGAACTTTAC,0.022838830189351428,3.2383894064552123,64,70,22,16
GAACCATAAGCATACTCAGGGTCATAAC,GCTGCTTATGAGGAT,0.012022295336868194,0.0,83,30,16,15
GCCGCAACAGCAGCTACAACCACATCTA,AGTGTATGATAATAT,-0.0077411745977855155,0.0,89,66,18,5
TGGACAAGAACAACGGCACGGGCAAGGA,TAGACGGACATCTTC,0.0024968461642121444,3.0687109404277635,81,81,16,11
TCTGCACACTCATGTCCAGTATCAACCC,TATATTGAACTTTAC,0.014001905175576689,0.46186190306150365,73,51,18,14
CACGCAAGAGCAGCAGCAGTCTCACATC,GTTTAGCTTCCGTTG,0.01094966539139368,3.080949456447115,80,64,18,14
CTCACAAGCGCAACTTCACCCTCAAACG,TTAGTCTTTCCATCA,-0.03768917287279776,3.0724275161260834,90,46,10,4
AGAGCAGATCCAACAACATTCACAGGAG,CTATGCATTTACTCA,-0.018007640349739694,0.0,85,65,14,7
GGGGCAGCCTCAGTCGCATCATCATTTA,CCAGGATGTACCGCC,-0.0060267209238539015,0.0,86,55,18,9
GACACACTCACACGAGCACCTCCACATG,TCAAAGCATGAAAAA,0.01770047419510946,4.296805733934207,70,39,41,15
GTCACAGGTGCAGGTACAGGTTCAACTG,TCATAGGTATCTCGC,0.016522004688002755,0.6000028213574637,70,44,23,7
TACCCAGTGTCAACTGCACGTGCACATC,TATGCCCTTCTTCTG,0.04042658825876381,1.2308374805812718,59,56,34,25
AGGCCATGAGCACGATCATCTGCATGAG,ACAGTTGACGGACAG,-0.0161171431472265,0.6206236994370329,76,64,13,8
TTGACAAGCCCAGTTCCAAAGGCAGCCA,ATGGCGATGGTCTTG,-0.06817556822738498,1.7454093774929333,94,33,6,3
GAGACAGACTCACAAGCACCCACAAAAT,CTCTTGAGAATACTT,-0.12585910088963834,0.0,71,14,3,1
AAGCCAATGTCACAGTCATAAGCAGGGT,CCAACACAGGCTTCG,0.0222878534576444,2.238625090953292,61,59,23,15
CAGGCATCGCCAGGGACACATCCATGTA,TGATCATCACGGGAC,0.010983284412907413,0.0,68,61,20,7
CATCCACAGACAAATTCAAAGTCAGCGG,CTCGCTAATACTCCT,-0.03364071974611438,0.31714742201944546,83,53,10,4
CACTCATCGACAGGAGCATTTGCATAAA,AAAACATTATCAAAG,0.01178147696235814,0.0,87,44,26,9
CATGCAAGTGCATCAGCAAACACAGCTT,ACAGTTGACGGACAG,0.010187511647612446,0.0,76,56,22,4
ACTGCAACGCCACGGGCAAGTCCATCCC,ATAATTTTCATCCAC,0.008772349854038911,0.0,61,55,22,10
GGTTCACAACCAATGACATCGGCACAGG,AGTGTATGATAATAT,-0.012493913826726911,0.0,87,37,16,6
TTTCCAGAAGCAAATGCAATCGCATTCC,TTTATAAATCAATAG,0.007289511572851293,0.0,75,56,9,5
GAACCACCCACAAAAGCAGGCTCATATA,TTATATTTATTTGCT,0.021745836095251717,7.199547806444002,62,57,10,15
GGAGCAATAGCACTGACAGCTGCACACC,TATATTGAACTTTAC,0.011228607047077552,0.0,68,39,27,12
TTGGCATCCCCAAGGTCAAAAGCAAGAT,ACAGTTGACGGACAG,-0.029235356370601064,4.996171998029695,76,51,10,2
TATCCAGCTGCAATCGCACCAACACAGC,GTTCAGCTTTGATCG,0.021790030470894093,0.0,63,31,23,7
CGAGCAATCACATACCCAGTGACAAGTT,ACAGTTGACGGACAG,0.05216005992212134,0.942910994531303,59,69,7,4
AATTCACACTCAAAGACAATTGCAAAAA,CTTGATCAATCAAAA,-0.04022236141839928,4.010813132348517,84,39,5,3
TATACAAGCGCAGGATCAATGGCACATA,CTTGCAAGTGTAATT,0.024571615270201484,0.29719080340180426,57,57,22,6
GGGGCATAGGCACAGCCAAGCCCAAACG,ATGAAGTTCATAATG,0.0021273979669610196,0.0,69,54,17,4
GGGGCAAGGGCAGAATCATTCACAATTG,TTTTGCATTTAGGCG,0.020818009462136914,0.3322160534444265,68,39,22,16
CTGTCAACCTCACGAACATTCTCACGCC,CAAGGATCCCCGTAG,-0.0455949013540156,1.0876088947619564,75,33,5,2
GGTGCAGCCCCATCGACACTATCAACTT,ATAGTCGATTAAGAT,-0.01621103988843653,0.0,82,42,14,6
ATTTCATTAGCAGTGGCACGGACAAGCA,GTTAAATCAACAGTT,,0.6656815936930229,76,9,5,0
TCCCCACACCCACGTGCAATGACAGATT,TTAGTCTTTCCATCA,-0.0006902488605955437,0.0,73,61,17,4
TTGTCAATACCACATCCACCCTCACGCA,AGTGTATGATAATAT,-0.031800021089978564,0.31156738923846206,80,41,10,7
TCACCACCGGCATATGCATCTGCAGTCA,TCAAAGCATGAAAAA,0.022352203541979643,2.0220212601362846,69,56,23,17
ACTACAGATCCACGCGCACTAACACGGT,TCATAGGTATCTCGC,0.001007964598026485,0.0,77,38,13,10
GGCACATCTGCAGTTTCACGAGCAGCGA,GCTGCTTATGAGGAT,0.005645058013450432,0.0,67,52,18,10
ACTGCACCGACAAGGCCATGTCCAGCAA,CCAGGATGTACCGCC,0.01601234976781763,6.190954378499214,54,55,19,11
TGTCCACAGTCAAGCGCACATGCAGCTT,TCATAGGTATCTCGC,-0.008299318399728682,0.0,72,46,9,5
AAACCAGCTTCAACATCATACGCAAGTA,TTTTGCATTTAGGCG,0.00777934157868132,0.0,58,41,16,9
AAGCCAGTGTCATACACACGGCCATATG,TTTATAAATCAATAG,0.03777298760691674,5.162601034356612,46,60,29,18
ATGGCAACCTCAATGCCACGCTCAGTTC,TCAAAGCATGAAAAA,0.005257798897336708,0.0,61,45,16,9
GGACCAAGTACAGATTCAACTCCACTGG,CATTTATGGCTATCT,0.01727036070057921,0.0,52,47,14,11
TAGACACACACAGTGGCACGCCCAAGGG,ACAGTTGACGGACAG,0.02313059334342693,0.08759947719136107,64,48,24,3
AACCCAGGGCCATACTCATGGCCATTAA,CAATCTTGAATTGAT,0.03242823260441076,3.1089639447480977,54,35,17,18
CCATCATAAACATAAGCACAATCACGAT,CATTTATGGCTATCT,-0.007580402755086847,0.29411685297225176,69,29,14,8
GCTCCAATAACAATGGCACTGACAGCGT,ATTATCAAGTGCCAG,0.003153993004659927,0.005605751894108835,67,48,8,8
GAAACAACCACAGAGCCAACAGCATATA,AGAAGACGACGATGA,-0.03415386623624119,1.0301386791948062,75,37,9,7
TTCACAGGTACACTGTCACGAGCAAGAC,ATGGCGATGGTCTTG,-0.016559671253249683,0.1611357057577152,85,50,9,1
TTTACAGCTCCACGACCACGAGCAGAGG,AAAAGAAAAATGTAT,-0.02667466956539792,2.2781147532020896,79,42,8,9
TGTTCAGATACAACATCACGACCAGAAT,TCGAAAGCACAGTAG,-0.10212628225902165,0.0,80,20,2,2
GTGTCATCCGCAACTTCAGCGCCATGAA,GAGAATGAAGGACAG,-0.01174948320203937,0.0,75,34,14,2
GTAACATCGGCACTACCACTTGCAAGGA,GTTAAATCAACAGTT,-0.09342514456005874,0.0,77,21,5,0
GATACATGACCATGGGCATGCTCAGTGG,AGTGTATGATAATAT,-0.0005923056363288824,0.0,60,45,14,8
TCACCAAGTTCACCAACAAGTCCAGTAA,AGAAGACGACGATGA,0.009883563862958633,1.1991443774651316,59,48,16,10
AGTACAGCGGCACGTACAGCATCAGTCC,ATATTGAGTAAGTAC,-0.00036958811885985307,0.0,64,34,15,7
AATTCAACGACAGAAGCATGGGCAAAGT,CTAAGCAGTCTTCTC,-0.059047990649776234,0.0,65,25,5,3
CATTCATAACCAAGCTCAAGAACAGGGA,ACAAGTTTTACAGTT,0.0153722444862467,0.14342185167419075,63,51,8,9
GGAGCAAGCTCAGGCCCATCGTCACGAC,TCAAAACGGAGTGTT,-0.0014187707338894299,0.0,61,50,14,3
CCCCCAAGAACCAAAGACACCGGCACTTA,TTATATTTATTTGCT,0.04515938629434315,0.0,43,50,20,21
CCCGCATCGCCATCACCAATGACATCCA,GCCCTCGAAACCTAT,-0.03053413069076409,0.0,78,48,10,5
CGTGCAGGACCAATGGCACTCCCATAAA,AGAAGACGACGATGA,0.023150014590515154,0.09128286285084641,56,49,9,4
TGGGCAACGACAGAGACATAGCCATAGC,TTTTGCATTTAGGCG,0.034668239986147674,0.8349789846861881,55,54,7,7
CCTCCAGTTTCAAACGCAGCTCCAACGC,TATATTGAACTTTAC,-0.0150899166856449,1.0964264484078399,63,49,11,3
TGGACATTCCCAGGGACAGCTGCACGAC,TATATTGAACTTTAC,-0.027655638099690228,2.3585072238124667,81,29,11,8
GCGTCATCGCCAGCATCATCTTCACGGC,GCTGCTTATGAGGAT,0.04060846715192032,0.8707887825445368,47,46,25,4
TCCGCACGGTCATAAACATACACAGAGA,CTTGCAAGTGTAATT,0.007127042000151018,0.0,55,41,4,8
CTCCCATGGGCATGTCCACACGCACATA,GAGAATGAAGGACAG,-0.0014932309114628027,0.0,48,56,11,1
AGTGCATTCCCAAACGCAAAGTCACCTC,ACAACCTACCTGCTA,0.028154119861608606,3.948100810041751,41,48,17,8
TTGACAGTTTCATGCGCACGGACAGAAT,TTAGTCTTTCCATCA,-0.0004715486976411224,0.0,55,38,7,4
GTGGCACGCACAGCAACAGGAGCACTAT,CTATCAAGGCTTAAT,-0.013476873574733837,0.0,61,44,11,1
GGCGCATGGGCACCAACACAACCAGTCA,TTATATTTATTTGCT,0.05945923981162177,3.1265440671556917,32,41,38,24
GCTCCATATGCAGGAACAGGCACAGACT,TTATATTTATTTGCT,0.047964556935230766,0.0,32,57,23,17
TGGTCATGTCCACGAACAGACACAACTC,TATATTGAACTTTAC,0.018068802067995653,0.12330767280144528,60,35,10,13
ATGCCAAACCCAATCCCAGTACCATCAA,GTTAAATCAACAGTT,-0.1260935675855638,1.7355263592786514,61,12,0,0
GGGCCAAGGCCAGTAACAAGGTCAGTAT,AAAAGAAAAATGTAT,-0.02287431682170675,4.0468117297902495,67,37,7,4
GTAGCATCACAAGGGCAAATACATAAC,TATATTGAACTTTAC,0.006859473321695519,0.0,48,31,13,4
AACCCAAGCACACCAGCACAATCACTCT,CATTGTCGGACGCTT,-0.07924212501613699,0.0,70,22,4,4
GTGGCAGTAACAACATCAGCCCCACGAT,ACAACCTACCTGCTA,0.011990908049668824,0.03613061031461484,46,36,5,7
GAGGCAGGTTCAAAGTCACTCTCAGCTT,TAGACGGACATCTTC,0.03635433379295692,0.4147307405777383,40,53,14,15
GGATCAAGGCCACCCTCATGTACAGGAT,GCTGCTTATGAGGAT,-0.008299839627691784,0.4379871833227753,50,31,10,4
ACTACAAATTCAAATTCAAGATCAACAT,ACAACCTACCTGCTA,0.000598454315294282,0.0,58,33,6,10
AAGCCAAAATCATTCACACAAGCAGAAG,TATATTGAACTTTAC,0.01924170829129266,0.01065550166703133,49,40,17,2
GAGACAGCAACATCCTCACTTCCATCTA,CCAGGATGTACCGCC,-0.021478695672326784,0.0,50,28,9,9
TCCTCAGGGTCAATCACAAGTTCACGGG,AGAAGACGACGATGA,0.011973415777716448,1.7338683121428176,40,48,12,7
ATGACACATTCAACCACAGAAACATGCG,TATGCCCTTCTTCTG,0.027289876610168823,0.0,35,40,20,10
ACGGCAAGGGCATCCCCAGATGCAGTAT,GAGTGCTTCAAAGTT,0.040466967831640395,0.0,33,38,23,14
GTGTCAGTACCAGGATCAGAACCAAGTA,AAAAGAAAAATGTAT,-0.005782531229035914,0.0,58,38,7,4
ATGCCAATCACAAAGACATAGTCATTCG,GTGTGATTACTAAAT,0.016074135389461727,1.2385862634762361,49,26,16,10
ACAGCACAACCAAAGTCACTAACACGAA,TCATAGGTATCTCGC,0.005964988897849199,0.0,57,42,5,7
CGTGCAAATCCATGTACACGGACAGCTC,TATATTGAACTTTAC,0.031433133832754735,4.360169983997196,34,38,16,11
GGGGCACTACCAACGACACCTACAAATT,CTAGTTGTATAGCCA,-0.0532910054676285,0.0,54,22,6,3
ACCGCAGATGCACCTGCATTGTCACAAT,AAAACATTATCAAAG,0.022089734994282795,0.0,45,36,14,11
ACATCAGGACCAACCCCATATACAGTAT,TATATTGAACTTTAC,0.01361899661008259,0.12357249240363899,44,35,9,4
CGTGCACCCTCACGCGCATCATCACGAC,AAAAGCGACATTTCT,-0.0019081710521975832,0.0,44,29,10,8
GTTACAGATTCATGGGCATTGCCAGGGA,CTTGATCAATCAAAA,0.01047484402660075,0.003155089441634118,48,37,5,5
CAATCAGCCTCAGTACCAGAAACAAAAC,CTTTCTTGTGTATTT,-0.01010581913949249,0.0,51,32,2,1
TATCCAGGTACAAGTACATCAGCAAAAA,TCAAAGCATGAAAAA,0.014869851613407103,0.0,48,40,4,10
TGGTCACACCCAAGCACATACACACCTC,CTCTTGAGAATACTT,,0.04787636282338781,50,9,1,1
TCCCCAGGTTCACATACAATCGCAGACA,GTTAAATCAACAGTT,,0.26491723229497666,37,9,1,0
AGCGCAACTTCATGGTCAAGCACACTAG,ATGAAGTTCATAATG,0.02573920942233907,2.437714350774712,44,21,11,12
TGGACATATTCAGTGCCAGTAACAATCT,TCAAAGCATGAAAAA,0.018126420415577812,0.009336895172395998,56,28,19,5
ATTACAGGCGCACCACCAAGTGCATGCA,TTTTGCATTTAGGCG,-0.0017960713726432164,0.0,44,30,8,9
TGTGCACCTCCAGAGACAGCATCAGGAG,TATATTGAACTTTAC,-0.009759198341843954,2.172841927158231,54,34,6,3
CTTGCAAAGGCAGCTCCAAACACAGCTG,GTTAAATCAACAGTT,,2.3462855915778107,47,7,0,0
AGAACAACACCATCGACATTTTCAGTAG,TCAAATGATGAGGAT,0.005673017887515641,0.0,49,36,9,5
GGATCACAGGCACAAACATAACCAATTG,CTACTTACAACGGAA,-0.09848951784193423,0.0,54,14,0,0
TCTACACGCTCAGCTTCATGCCCAAGGA,GTTTAGCTTCCGTTG,0.00498531865895848,2.285404507448675,46,39,12,6
CCAGCATAGGCATAGGCATAAACAAATT,CATTTATGGCTATCT,-0.001303459539037632,1.885385207232332,54,37,5,3
GTCTCACCGTCAGTAGCAACCGCAACGA,TTTAACTCACCGTAA,-0.07981192712760068,0.0,64,20,2,2
AAATCATTACCAAGAACAAGGGCAATCT,TTAGTCTTTCCATCA,-0.06465693731488065,2.69519522408757,55,20,4,4
AGTGCATTCGCACGACCAACAACAGAAG,CAAGGATCCCCGTAG,0.010086399378574074,0.5259482777394169,45,44,13,1
ATTCCACAGCCATGACCAGCGTCAAAAC,CTCGCTAATACTCCT,-0.010260875285355865,0.0,52,33,10,7
TGGGCAACCGCAAGAGCATGCACACGAA,AATGATACCATTTTT,-0.05823497804145123,0.01121829990728429,49,19,2,4
AGGTCACTAACATTAGCACCAACAAACC,CATTTATGGCTATCT,0.015871492851201995,0.0,37,32,12,5
TCTTCATACACAGGCGCATGAACATGCC,ATGAAGTTCATAATG,-0.09699695282026664,1.1451320134300431,57,15,5,5
TTCTCAGGGTCAGTAGCAGACACACAGA,TCATAGGTATCTCGC,0.0395803197196428,1.6283457077106505,32,33,8,7
ATGCCACGCGCATACACATGTACATCAA,CGATGATGATGATGA,0.020640231262958164,0.13941849706645826,47,33,10,11
GAGGCATCAACAGAATCAGAGTCATCAG,TATATTGAACTTTAC,0.02892218411968299,0.40709384260088655,38,31,16,4
TACCCACACTCAGATACAAGTCCACGTA,CCAACACAGGCTTCG,0.009533907569244836,0.0,42,29,12,3
CATTCACAATCAATGCCAAAATCACCCA,TCATAGGTATCTCGC,-0.0019081710521975832,0.0,44,18,10,2
CTTCCATACGCATTGGCAGGTCCAAATG,GTTCAGCTTTGATCG,0.04450742462032107,0.03383767933007675,36,39,9,3
CTGCCAGAAGCAATGTCAAAAGCAAAAA,CCAACACAGGCTTCG,-0.03487349292330073,3.5712882004616517,49,24,5,3
ATACCATCGCCAGGTACAATGGCATGAC,GCCCTCGAAACCTAT,-0.02458775437932994,0.0,35,19,8,5
GGCGCACTAACAGCCTCAGCAGCACACT,ACAAGTTTTACAGTT,0.030276948566491754,7.339181028728774,32,25,19,10
ACCACACGTTCAGTATCAGCCACACCTT,CTACTTACAACGGAA,-0.027932547786083894,0.0,40,21,1,1
GGTTCAAATCCAGGAACAATCTCACGAT,ATGAAGTTCATAATG,-0.017396496220301302,0.0,36,21,1,3
GAATCAGAACCAGCACCAGTTACAAACT,TCAAATGATGAGGAT,-0.08312192197023523,0.3879968446806714,43,13,5,5
TATACACTTCCAGGCCCATAGTCACCCT,ATGGCGATGGTCTTG,-0.05732381000632563,0.0074314415042238124,46,18,8,2
CGAGCAGGGTCATTGTCAACCACAACTA,TTTATAAATCAATAG,-0.0754200037341172,5.9214469536659635,49,16,5,4
TAGTCAGGCACAACGTCAAGATCACCGA,ATATTGAGTAAGTAC,0.023702028134608043,0.0,29,43,11,4
CAGACAATAGCACGTGCACGTGCATAAC,GAGAATGAAGGACAG,-0.0007586951409626064,0.0,43,20,10,3
GCCGCATCACCAAAACCACCAGCACTGA,AGTGTATGATAATAT,-0.02501541005605601,2.250039385627872,37,20,0,2
GAGGCACCTACAAGACCATCAGCATCAA,AGTGTATGATAATAT,-0.03040180904512111,0.057632285596611155,41,21,4,7
CTTACAACAGCACTGTCAACAACAAGGT,ACAAGTTTTACAGTT,-0.016559671253249683,0.7591621596919538,34,20,1,3
GCCACAATTCAAATACAGCGTCACAAT,CGCGATCAATCCTCT,-0.001226269261179436,0.0,35,24,8,2
CATGCAAGACCAACTGCAGTCCCATGTT,GAGAATGAAGGACAG,-0.06223551150282108,2.5589648259406204,51,19,4,2
GTACCATAGTCAATGTCAGGGACACGAA,TCAAATGATGAGGAT,-0.012966470330643355,0.0006480397506294366,41,25,7,5
ACGACACGCACAGAGTCAAACACAAGGG,TCATAGGTATCTCGC,0.019873628234878815,0.27645583375624483,37,23,13,3
GCGACAGGGGCAGCATCAAGGACAGCGT,TATATTGAACTTTAC,0.03751469696601597,0.7837104830873045,28,28,14,3
CTGTCACACGCATGCGCACTCCCAGCTG,CAAGTTCGGCGAAAT,-0.01870370437703652,0.0,33,19,4,0
GGAGCAGGTACACTCACAGCCTCAACGT,TTAGTCTTTCCATCA,0.03004930173921032,0.09415720956542373,32,30,7,3
TCTACAACTGCACGACCACTCGCAACAA,GCTAATTTCAAGAAT,-0.0027010549246350383,0.0,37,25,4,0
CATGCAACTTCATACCCACGAGCAGTGC,TCTTGGAGGTGAATG,0.011525648937664612,0.0,39,21,7,11
TACGCAGTCACATCCCCAGCTACAGCAC,TCATAGGTATCTCGC,0.0124759325703915,0.016922772948362308,33,27,10,1
AGAACATTACCATGTACACGGACAAACC,GTTAAATCAACAGTT,,0.6384842243827649,44,5,1,1
TTGGCACTAGCAACTCCAAAAGCATAAT,GTTGGGCGCTTAAAG,0.01708755240887161,0.8012602417966264,34,28,2,2
TTCACAACGCCAAGACCAGAGACAAAGG,TTAGTCTTTCCATCA,-0.004043356957849032,0.0,36,24,1,2
ATATCATGAACATTTACATGGGCAGAGA,ATATTGAGTAAGTAC,0.051898800588604965,0.0,18,36,12,6
AGCTCACACTCAGCACCATGGTCATGCG,CAAGGATCCCCGTAG,-0.0019081710521975832,0.0,44,17,10,2
GCGGCATCCTCATAGGCACGTGCAGTCA,CTTGCAAGTGTAATT,-0.005482230703059088,2.221569023128609,35,23,6,3
GCCCCATCGTCACTGTCAGCAACATTTC,CTTGATGGCTGAAAG,-0.0941220114916681,0.0,48,13,4,1
GGGTCACCGGCACTGGCAAAGCCAACGC,ATAGAGCGGCGTTGA,-0.012744494656812046,0.0,36,22,8,4
AGTACATGCTCATTGGCAGCGGCATCAA,TGGAGTCTTTGTTGA,0.04364905025118189,0.0,27,29,5,8
ACGTCAAAATCAAGCACAGATGCACTAG,GAGAATGAAGGACAG,0.022509467343499033,1.485808454338894,27,21,10,3
TAACCATCGGCAGGGTCACAACCATCGT,ATGAAGTTCATAATG,0.009932837279666805,0.7243552648947116,30,23,8,4
CGATCAACCTCAGACGCACTGGCATTAA,AGTGTTAATCAGACC,-0.08746593483983417,0.0,38,11,2,1
CTCACACACTCAACGTCAACCGCAGGTA,ATTATCATCGCCATC,-0.07835911707130983,0.0,41,13,4,1
CACTCAGAGTCAGATTCAAACGCACAAA,CAAGTTCGGCGAAAT,-0.03505884978823302,0.0,45,22,3,2
TGTCCAGTGACAATCACAGAGTCATCTA,AGAAGACGACGATGA,0.02471802825915592,1.3193706372012457,31,15,12,6
CCGGCAAGATCATGATCAATAGCAGAAC,ACAAGTTTTACAGTT,-0.06958404221555883,2.897843083776081,52,18,5,2
TTTACAGAACCAGGGCCAAGAGCACTTG,CATTTATGGCTATCT,0.02108808587024162,0.0,28,24,3,0
GGGACAGAGCCAGCTACACGTACAGGGA,CTTGCAAGTGTAATT,,0.0,9,13,6,5
CCGACAGCACCAACTTCATCTCCAGAAG,GTTCAGCTTTGATCG,-0.005618192654662924,0.0785353843071448,32,21,7,4
GAGTCAGTGCCATAATCATCCTCAGCGG,GTGTGATTACTAAAT,0.0584502137089252,0.6086548137559475,25,23,19,9
CTTCCACTCACAGGTTCAAAAACAGTGC,CGCGATCAATCCTCT,0.016023712588366035,0.1317798558591221,27,22,6,3
CGTGCAAATCCATAATCATGAGCATGCT,AGAAGACGACGATGA,0.003478985165909698,0.0,32,23,9,4
TGGTCAGCCTCACTTTCACGAACACAGA,ACAACCTACCTGCTA,-0.019458424940574925,0.27666898158571485,35,20,8,1
ACCTCATGCACAATTGCAGGAGCACACA,TTAGTCTTTCCATCA,0.00773494660778935,2.116324654910784,28,21,9,7
GGCGCAGTACCACGCCCATAATCAGTGA,CTTTCTTGTGTATTT,0.002328224480761687,0.312915420166874,38,27,2,2
GATGCACAAGCATGTACAATACCATGTG,CATTTATGGCTATCT,-0.04999658989569306,0.497057129557561,38,16,8,3
ACTGCAGGCACATCCCCACGCCCAGTCA,CCAAGACCGTGTAAA,-0.08389412657962625,0.0,40,12,5,0
TGTGCATTGGCAACATCAACCCCAGAAG,CCAACACAGGCTTCG,0.03650315385296743,0.0503086597269089,24,24,6,4
ATGTCATAGCCACTAGCACCCTCAACTC,GTCACCGGCACTAAC,0.037001603321526945,0.0,34,16,11,13
GAGGCATCTGCAACCCCACTGGTCATAAA,GTTGGGCGCTTAAAG,,0.7142225872013057,30,9,9,0
GGGCCACGATCATAAGCAATACCATCGG,TTAGTCTTTCCATCA,0.047350211678318654,3.548385054082331,23,14,14,5
GCAGCATAGTCAGTACCACAAACACATA,GGTTGCCCAGAAGTA,0.057860563882773344,0.05430138231270121,21,26,6,5
ATCGCAAATTCACAATCATTGCCACGGG,ATTATCAAGTGCCAG,-0.09259526427858918,0.04635476364938995,40,11,9,6
AGGGCATCCAGCATTACCACGGGCAAATA,TTTTGCATTTAGGCG,0.035875205824866405,0.0005395191475088268,31,13,15,3
GCTGCAGTCTCAAACACACGAACATGAG,ACCACCGGTCCTGCC,-0.020295249907626454,0.0,30,17,3,0
TGGTCAAGCACATGTGCATAACCATTTC,AGAAGACGACGATGA,-0.04951697266934376,0.1554900395697132,26,11,9,3
AGGCCAATCGCATACACATCACCACCTT,AATGATACCATTTTT,0.02108808587024162,1.7969577634860627,28,24,5,1
AGGCCACCTTCATGCTCAATGGCAAAGG,ATAGAGCGGCGTTGA,0.04450742462032107,0.03872628612543849,24,26,5,1
GTTTCAGCTCCACGGGCAAAGTCAAGTT,AATGATACCATTTTT,-0.017858390805930748,0.0,31,18,3,0
GGCTCATTGGCAGGGTCATTCGCAGGAG,CTTGATCAATCAAAA,0.06872241241966562,8.436463262540741,15,18,14,5
TACGCAGTCGCACTCGCACCCACACAAA,GCCCTCGAAACCTAT,0.030787312468972504,0.4133287914681034,18,17,1,4
GCGACACCTTCAAAACCACGTCCACACC,CTTGATGGCTGAAAG,-0.02635771208927,0.0,30,16,4,1
AAACCAGCGTCACAGGCACACTCATGCA,GTTAAATCAACAGTT,0.0857508023627468,0.0,11,18,3,0
TTCGCACAGTCACCTTCATTTTCAAAAT,CAATTTCAACGTTGT,0.009932837279666805,0.0,30,23,3,2
GGGGCAAGGCCAAGTACAATCCCAGCTT,GTTTAGCTTCCGTTG,0.04560033167354005,0.7038213435916418,21,23,8,2
GACGCATCATCACATTCAACTGCAACCT,AATGATACCATTTTT,-0.013395962758931292,0.0,28,17,3,0
TACCCAGGACCAAATTCACCTACAGCGC,TCAAAGCATGAAAAA,0.008877816190151577,0.0,29,22,2,2
TAGACACCAACAGTACCACCGGCAAGAC,TTAGTCTTTCCATCA,-0.03588873006970248,0.3675053832866979,33,16,6,2
AGCCCAACGTCAAGGACAGAAGCATCAG,TCATAGGTATCTCGC,-0.004043356957849209,0.0,18,12,3,1
TACTCAACTACAGAGGCATCGGCAAATC,TCAAAACGGAGTGTT,-0.0014458083175230563,0.0,19,13,3,0
ATCACAGCCACATGGTCAATTGCAGAGA,AAAACATTATCAAAG,0.03112302839052168,0.12588091279971536,25,18,11,0
CTGCCATTACCAGCGCCACTATCACTTG,ACAACCTACCTGCTA,0.006275066665674078,0.0,23,17,3,1
GGGGCATATACAAAGTCACGTACAACAA,ATATTGAGTAAGTAC,-0.05512591933444808,0.0,25,10,0,2
AGGGCAGGGTCAATTGCACGGACACAAG,TTTTGCATTTAGGCG,-0.012744494656812133,0.0,18,11,5,4
TCTTCATGAGCAAGGCCAGTCACATAGG,ATGGCGATGGTCTTG,-0.00026932415956428847,0.013459493695734182,26,18,3,0
GACGCAACCCCATCGTCACTAGCACATC,AAAACATTATCAAAG,0.0008356594590941844,0.05698245086215081,20,14,4,3
AATACAACTACAAGTTCAGGCACAATTG,ATGGCGATGGTCTTG,0.00773494660778935,0.5411700849361694,20,15,6,0
CCTCCACTCCCACCTGCAAACGCAATTA,AGTGTATGATAATAT,0.0020191052237945144,0.0,24,17,0,0
TGCACAGAGGCATAATCAGGCTCATCGG,CTACTTACAACGGAA,,0.0,30,3,0,2
AGTGCAGATGCATGTCCATAACCATTCA,CTACTTACAACGGAA,,0.0,28,6,4,1
CCTGCAGTCCCACCCGCATCAGCAAGTC,TATATTGAACTTTAC,-0.018501479838959778,1.077971945436019,26,15,4,1
GGTCCAGCGCCAGGAGCAGAGACATTCC,TATATTGAACTTTAC,0.0536881795456333,0.0,16,19,2,2
CAGTCACTACCATAGCCAGAAACACTCT,GAACTCAGGTTCCAT,,0.0,24,6,0,0
GCCACACAGCCAGGCTCAGTAACAGGCT,ATTATCATCGCCATC,,0.0,29,8,1,1
TCGTCACGATCAAAAACACTTGCATCCG,ATTATCATCGCCATC,-0.037690580619970236,0.0,21,10,2,0
TATTCACTCGCAGCGGCACAACCAATGC,GAACTCAGGTTCCAT,-0.058404901616747294,0.0,31,12,2,2
TGGCCACCGCCAATACCAACGGCATGCA,ACAGGGCAGCTCCCG,-0.02942140903545898,0.0,29,15,3,0
TTAACACTGGCAGGGTCAACACCACGAG,GAGAATGAAGGACAG,0.010720242922757438,0.050077003909393625,22,17,1,2
GGGACAGGCCCAGAAGCAGAAACACGAA,CATTTATGGCTATCT,,0.0,21,8,2,2
ATGACAATGCCAGACACACTTACACACG,CTTGATCAATCAAAA,,0.0,19,6,4,1
TGATCACCGGCACGGACAGCTGCACAAA,TAACCTCGCGCTGAG,-0.02227551263724452,0.0,18,10,3,5
ATACCAGGGCCATGCCCAGCACCATGTA,CGATGATGATGATGA,-0.01314053477842174,1.051753432068466,23,14,4,1
CTTTCAATCCCAATGGCAGGACCAAGAA,GTTGAACTGGTTGTT,,0.0,14,8,2,1
GAGTCAGGTTCAGCGCCATAGACACAAT,CGTCAAGACCTTCTA,,0.0,20,9,2,1
AAGACATTTCCAAAGGCAATCACATGCA,TCAAAACGGAGTGTT,0.0008356594590941844,0.0,20,14,3,1
GTAACAGTCCCATTGCCATTCGCACGTG,GCTGCTTATGAGGAT,,0.0,18,2,0,0
GGAGCAGTGTCAGCGGCAAACACATGTT,GAGAATGAAGGACAG,-0.007028653272817121,0.0,17,11,0,2
CGGACAACGTCAAGGCCACAAACATACA,TCAAATGATGAGGAT,0.01827099817357203,0.0,12,10,5,4
GAAACAGTCACAGCACCATCTTCACCCC,TATATTGAACTTTAC,-0.02328054622259463,0.0,20,11,2,0
AAGGCATAAGCATCTGCACGCACAGGCC,CTAAGCAGTCTTCTC,-0.0328115642030272,0.0,24,12,2,0
TTAGCACGGTCATTCGCATCCTCAACGA,AGTGTATGATAATAT,0.030049301739210235,0.0,16,15,2,2
GTCCCAGGGCCAGGAACAATATCATGTA,CTTGATGGCTGAAAG,,0.0,33,6,4,0
TCCACAAAAACAGCTACATCGCCACCAG,TCATAGGTATCTCGC,,0.0,23,9,0,0
ACGTCACGTGCATGATCATGTTCAATGG,AAAACATTATCAAAG,0.061634596681057995,0.2966117153866463,14,18,9,1
AAGGCATAATCATACGCAGGGGCAAGGG,CTTGCAAGTGTAATT,0.03650315385296734,0.0,14,14,3,2
GCTCCAGTGACATGGTCAACGTCATAAG,TATATTGAACTTTAC,,0.0,26,7,5,0
AAGCCAACATCATCAGCAGCCTCAAATG,GTTAAATCAACAGTT,,0.0,22,6,1,4
TCGTCAATAACAGTCGCATCTACAGAGG,CTTGATGGCTGAAAG,,0.0,20,8,2,2
ACACCAGGGACACAGGCAGGACCAGAAT,TCAAAGCATGAAAAA,,0.0,23,9,2,0
TGTACACTTGCAAGACCATAAGCATCTC,TCGAAAGCACAGTAG,,0.0,14,5,0,0
CACTCACGTCCACGAACAATGACAAGTT,CTCTTGAGAATACTT,,0.0,32,2,0,0
ATATCACGGCCACCTGCACCAGCAAACT,CTACTTACAACGGAA,,0.0,13,8,0,0
CAACCAGATTCAGGTGCAAAAACACGAT,AGTGTATGATAATAT,,0.0,22,9,2,1
TGCGCATTTTCAAAGACATCAACAGAAA,ACAACCTACCTGCTA,-0.02227551263724452,0.0,18,10,4,2
CACTCAGACTCACAGTCAACTCCACGTC,CAATTTCAACGTTGT,-0.0328115642030272,0.0,22,11,2,1
CCCACAGTCACACAATCATCGACAAAAC,CTTGATGGCTGAAAG,,0.0,21,8,2,0
AAACCAAACACAAAAGCACAGGCATAGA,CTACTTACAACGGAA,,0.0,26,3,1,0
ACCGCATTCGCACTCTCACCACCAACAT,CATTGTCGGACGCTT,,0.0,13,2,5,0
GCGGCACACACATAGCCACGGTCAGTTC,AAAAGAAAAATGTAT,0.01827099817357203,0.0,12,10,4,2
GAAGCAATTACAATCGCAATCGCAGAAC,CTTGATGGCTGAAAG,,0.0,19,6,4,2
CTATCATCCCCATGACCAACGGCAGGCG,TCAAATGATGAGGAT,0.0857508023627468,0.0,11,18,2,0
TCCCCAGCCTCACACTCATACGCAAATC,ACAGTTGACGGACAG,0.0857508023627468,0.0,11,18,5,1
TAGGCATGGACATAACCATCAACACCTT,CGCGATCAATCCTCT,,0.0,11,7,1,4
TCCCCAACGGCAGGTACATGGGCAATAT,TCATAGGTATCTCGC,,0.0,12,8,5,1
ACATCACGTGCAATCGCAAGTACATGTA,TCAAAACGGAGTGTT,,0.0,21,4,0,3
TTGCCACGCGCAAATCCACTTCCATAAA,AGTGTATGATAATAT,0.0016724844261458037,0.0,17,12,0,0
GGCACAGCTACATTACCAAAGTCAGCGC,TCATAGGTATCTCGC,,0.0,13,8,1,1
ATGTCAAAAGCACCTGCAGCGGCAACTG,CTTGATGGCTGAAAG,,0.0,18,9,4,0
AATCCAGAGACAAATGCACGATCATTTG,TTTATAAATCAATAG,,0.0,8,5,9,2
TACTCACTTGCAAGGGCAAAGACAGCTA,CTACTTACAACGGAA,,0.0,12,4,1,0
CAGTCATCCTCAACGGCACATCCACCCG,TAACCTCGCGCTGAG,,0.0,13,7,0,1
GGTACACTCTCAGATGCAAAGCCACATG,TCAAATGATGAGGAT,,0.0,2,10,2,0
GTGCCACGGGCAGGTGCAATTCCAGCGC,GCTAATTTCAAGAAT,,0.0,14,6,1,0
CTCACATTTCCAACAACATGGACAGACG,TTTATAAATCAATAG,,0.0,8,18,1,0
GGGCCAACCGCACGGTCAAAGGCACGAA,ATTATCATCGCCATC,,0.0,8,0,0,0
CGCACAGTCTCACAGACAGCAACATCAC,AATGATACCATTTTT,0.06751864668335132,0.0,11,15,1,0
AAAACACTGGCATATGCAATGCCAGCAA,CTACTTACAACGGAA,,0.0,11,2,0,0
AAAACATTAGCAGTGTCACGGTCAGAAG,TTTATAAATCAATAG,,0.0,5,7,4,1
TGTGCAATTACAAGATCAATTTCACGTA,CTCTTGAGAATACTT,,0.0,3,0,0,0
CCTACATGCTCAGTCTCAAGATCATCAA,TCAAAACGGAGTGTT,,0.0,10,8,0,2
CCCCCACTCGCAGGTCCAAAGGCACTTA,GCTAATTTCAAGAAT,,0.0,11,4,0,1
AAGTCATTGGCAGAGCCAAGACCATTCA,AAAACATTATCAAAG,,0.0,9,4,3,1
AGCCCAGCTACACAATCAAAAGCAATGA,CTAAGCAGTCTTCTC,0.01827099817357203,0.0,12,10,2,0
TCCGCAACGCCAAATACATTGTCATCTT,CGATGATGATGATGA,,0.0,13,2,0,0
TCACCACGAACACGCGCATTAGCACTGG,CATTTATGGCTATCT,0.026972135872534955,0.0,11,10,1,0
CTCCCACCAACAGCATCAATAACAGCAT,ACAGGGCAGCTCCCG,,0.0,16,3,0,0
GTTACATAGACAGGATCAACGACATAAA,ATGGCGATGGTCTTG,0.03650315385296734,0.0,11,11,3,1
TGGACATTTGCAAGAACAGGAGCAACAC,TTTTGCATTTAGGCG,,0.0,14,5,1,3
GCGCCAGGGGCAGATGCAGTACCAAACT,TAACCTCGCGCTGAG,,0.0,15,2,4,2
TGGGCAAATACAGCCTCAGGTCCATAAC,TCATAGGTATCTCGC,,0.0,10,6,0,1
GTTGCAACCACATGCGCACTGGCACAGC,CTTGATGGCTGAAAG,,0.0,10,2,0,1
GTACCAGCCTCATGACCATAACCAAGAT,CTTGATCAATCAAAA,,0.0,12,5,3,0
TACTCAAGACCAAAATCAGGTGCAGACA,CGATGATGATGATGA,,0.0,17,6,0,0
TGAACACGGCCAGTGACATAAACATACC,TAACCTCGCGCTGAG,,0.0,13,3,0,0
GAAGCACCAGCACTTGCAGGTACAATAA,CTCTTGAGAATACTT,,0.0,5,2,0,0
ATCTCAACGCCAAGCACAAGTTCATAGT,CTACTTACAACGGAA,,0.0,11,0,1,0
CACTCAACATCAGACTCAAATACAGGTG,TTTATAAATCAATAG,,0.0,13,7,0,0
ATGGCAGACACAACTCCATACACAGTCT,CTAAGCAGTCTTCTC,,0.0,14,5,0,0
CAGCCATGGTCAAAAGCAACACAGCCC,CTACTTACAACGGAA,,0.0,4,0,0,0
GAACCAAGCCCAACCGCATATCCATAGT,GTTTAGCTTCCGTTG,,0.0,15,5,0,0
TTATCAAATTCAAATACAGCTAACCT,AGTGTATGATAATAT,,0.0,17,4,0,0
GGTACAGCGGCAGTATCAGTAGCACAAC,CTAGTTGTATAGCCA,,0.0,4,0,0,0
TGAACACGGCCAGCACCACATCCAACAC,GTTCAGCTTTGATCG,,0.0,17,1,1,0
GAACCATCTTCAGAGGCACCGCCATTTC,AGATTCATCCCATGG,,0.0,19,3,0,0
GGTACAATACCATTGCCAGGCACAAATG,AGTGTATGATAATAT,,0.0,10,4,0,0
GTTTCAGCAGCAGACTCACAAGCAGCCA,CCGTTAGTATCGCTA,,0.0,12,1,0,0
ACCACAATGACACCCACACACCCACTAC,CTTGATCAATCAAAA,,0.0,9,2,3,0
GCTGCAGACTCAGGTGCAAGGCCACATA,TATATTGAACTTTAC,,0.0,9,6,2,1
AATTCACTCACAACAGCAGGGGCAGCGA,CTTGATGGCTGAAAG,,0.0,10,2,1,0
TGTCCAAATGCAGGCACAACGGCACTAC,ATTAATACTTTGCAG,,0.0,14,2,0,0
AAGTCATGGGCAGGGTCAAATACAAACT,TAACCTCGCGCTGAG,,0.0,6,8,0,2
GTTTCAGCGGCACCAACACCAGCAGTAG,CCAAGACCGTGTAAA,,0.0,6,2,3,0
CATGCAACAACAGGGACAAGAACATCGT,AGTGTATGATAATAT,,0.0,5,8,0,0
GACGCATCTTCATTCGCAAAGACAGGGC,CGATGATGATGATGA,,0.0,11,8,0,0
TCAACAGAGACATGGACAAAATCACGTG,GCTGCGGAGCCTCAG,,0.0,4,1,0,3
AGCACATAAGCATAAGCAGCCCCAGAAA,AAAACATTATCAAAG,,0.0,2,1,1,1
TGGTCATTGTCAACTCCAATGTCATAAC,GTGTGATTACTAAAT,,0.0,11,5,0,0
AGGTCATGAGCAGTACCATTGTCAGAGT,CTTGATGGCTGAAAG,,0.0,3,6,0,0
TGTACATCCTCAAAAACATCGCCATGTC,CAAGTTCGGCGAAAT,,0.0,5,4,0,1
ATTGCATGTACATGGACAACTGCACACA,TAATATTGTTTTGCG,,0.0,5,1,0,0
CCAGCACGACCATGCCCAGGCTCACTCA,ATGAAGTTCATAATG,,0.0,9,5,1,0
ACCGCAGCGCCAGAAACAAATACAGGGA,TCAAATGATGAGGAT,,0.0,9,5,2,0
TTGCCAGCCTCAACTGCATATGCACCCG,TCAAAGCATGAAAAA,,0.0,16,3,0,0
GGAGCAATATCATAGACACTCTCACCGG,ATTATCAAGTGCCAG,,0.0,5,1,0,0
ACCGCACAGACACACCCACCCGCAGTTT,CTTGATGGCTGAAAG,,0.0,15,2,0,0
AAAACATCGCCACAGACATCGTCAAAAC,CATTTATGGCTATCT,,0.0,7,6,0,0
GCCTCATAGGCAGTGTCAGTGGCAGTGA,CTCTTGAGAATACTT,,0.0,0,1,0,0
CAGTCAACAGCACATTCAGCGGCACAAT,CGAACAGAAACACAA,,0.0,7,2,1,0
ATGGCATTTGCACGACCAACTCCATCGT,CCAACACAGGCTTCG,,0.0,4,2,3,0
AATGCATGAGCAATGCCACTGGCACGTC,CATATGCATTCCTTG,,0.0,7,1,0,1
CTCCCACATACAAGTGCAACGCCATTAT,CTTGATGGCTGAAAG,,0.0,6,3,0,0
GCCTCAACTACAACGCCATGCGCAATGA,GTTAAATCAACAGTT,,0.0,9,0,0,0
ACAACAGTCTCACCCACATACGCATGCG,CCAACACAGGCTTCG,,0.0,3,6,1,1
CTAGCAGGACCATTAGCACGAACACAGC,CTAGTTGTATAGCCA,,0.0,0,2,0,0
CAGACAGGGTCAGTCGCACTCCCAGCCA,GCTGCTTATGAGGAT,,0.0,2,3,2,1
CAATCACGTTCATCGCCACGTCCAGTGG,TATATTGAACTTTAC,,0.0,4,4,0,0
ATTTCAAAGACATCTGCACAAGCAATCC,TCAAATGATGAGGAT,,0.0,4,0,0,0
TATCCAGCAACAGGGGCAGATTCACACC,CATTGTCGGACGCTT,,0.0,6,0,0,0
AAAAAAGATCAAAAACAGACGCATTGT,ACAAGTTTTACAGTT,,0.0,3,5,0,0
CCGCCAATAGCAGGCACATAAGCAAAGC,CGAACAGAAACACAA,,0.0,6,4,0,0
TAGACAACGTCAAGAGCAACTACATATC,GTTTGTTTTGGGAAA,,0.0,7,0,0,0
GGTTCAGCTTCAACCGCACCTTCATGCC,TTTATAAATCAATAG,,0.0,6,0,0,0
GTATCAGCGTCATTCGCACGCACAGAGT,TAACCTCGCGCTGAG,,0.0,2,2,0,0
GGAGCAGTAACACGTTCATGATCAACGA,GCTGCTTATGAGGAT,,0.0,6,2,0,0
CTGTCACAATCACGAGCAACCGCACTCT,CCAACACAGGCTTCG,,0.0,9,0,1,0
GCACCAGGATCATAGTCAGATACAGCAA,ATGGCGATGGTCTTG,,0.0,2,0,0,0
TTCACAGTGACACAGGCAGTCTCAGTGA,GCTGCGGAGCCTCAG,,0.0,5,0,0,0
CACGCAAGTGCATACACATGGTCAGGGA,TTAATTAGAGGTATG,,0.0,2,4,0,0
CGCTCACCTTCATCAGCAGCTACAGGGA,CGAACAGAAACACAA,,0.0,2,1,1,0
GGTGCATATCCAAAACCACGGCCATAT,ATTATCATCGCCATC,,0.0,2,1,0,0
GCGACAACTGCATTGTCATCTGCAATAA,GTTAAATCAACAGTT,,0.0,3,0,0,0
ATCACATACTCAACACCAGGCTCAGGGC,TACACCAATTACACT,,0.0,1,0,0,0
GGGCCAGCTCCAATCCCACGAACAGGAT,AGTGTATGATAATAT,,0.0,4,1,0,0
TCAACAGGTACATCCGCAACCACAAGTG,CTATGCATTTACTCA,,0.0,0,5,1,0
TGGGCAGGTACACTAGCACCTTCATAAG,TTAGTCTTTCCATCA,,0.0,2,1,1,0
GGCTCAACTTCAGTCACAGCAACATAAG,ATTAATACTTTGCAG,,0.0,5,0,0,0
GCACCACCGACAAAAACATTTGCACCAC,CTAGTTGTATAGCCA,,0.0,2,0,0,0
CTCGCAATGGCAACAGCAATGACATAGG,GCCCTCGAAACCTAT,,0.0,2,0,0,0
ATAGCAATGGCAAGGTCACATGCACGCG,GCTGCGGAGCCTCAG,,0.0,1,1,0,0
CTAGCAGGGTCACTGCCAGGTACAAATT,CTAGTTGTATAGCCA,,0.0,5,0,0,0
GCAACAACTAAGGCTCAAATGCAGTCG,CATCAATGAGGCAGT,,0.0,1,0,0,0
AATACAATATCAGTATCAAGTGCAACCA,CTTGATCAATCAAAA,,0.0,3,1,0,0
TGTCCACCATCACCCGCACAACCATATA,CTAGTTGTATAGCCA,,0.0,1,0,0,0
CAATCACTACCACATCCAGTAGCACAAA,TAACCTCGCGCTGAG,,0.0,5,0,0,0
CAGGCACGCACAATCGCATAATCATGTG,TTAATTAGAGGTATG,,0.0,6,0,0,0
GTTCCAGGCCCAACAGCAACATCACCTA,AGAAGACGACGATGA,,0.0,5,1,0,0
CAACCAATCGCACCGCCAGCAGCAACTA,TCAAAGCATGAAAAA,,0.0,1,2,0,0
CTATCAGTTACATGCTCATGCACACTCG,TTTATAAATCAATAG,,0.0,3,2,2,0
AGTACAAGGCCAGCCACATACGCATGAA,CATATGCATTCCTTG,,0.0,2,0,0,0
TCAACACGCACAGCATCAGCACCAAACC,ATCGTTGGCATTTGG,,0.0,3,1,0,0
GAGACATCCACATTCCCACAGGCATAAC,TAACCTCGCGCTGAG,,0.0,1,0,0,0
TCGTCATGATCAACTGCACTCGCAAAGA,GTTTGTTTTGGGAAA,,0.0,3,0,0,0
GATCCACCGTCACTCGCAATATCACTGG,GCAAGAAAGAAACCC,,0.0,3,1,0,0
TCATCATGAACACTGTCAGTTTCATCTC,GTTGAACTGGTTGTT,,0.0,2,2,0,0
GGGACAGTAGCATCTTCAGTGGCAGAGC,GTTGGGCGCTTAAAG,,0.0,2,1,1,0
AGTCCAGTGTCAAAGTCAGTTGCACTAC,CCAACACAGGCTTCG,,0.0,5,0,2,0
TAGTCACGTACAGGGACATGGTCAGTAT,ATTAATACTTTGCAG,,0.0,3,0,0,0
CTAACACGTTCAAAATCAAGTACAACAG,ATTATCATCGCCATC,,0.0,4,0,0,0
AGCCCAGGTGCACCTACATAAGCAGAGT,GCTGCGGAGCCTCAG,,0.0,4,0,0,0
GCGCCAGCTGCAATTACATGATCAGAGC,TCAAAGCATGAAAAA,,0.0,3,0,1,0
AAAACAATGACACCCCCACAGGCATGCG,CTAGTTGTATAGCCA,,0.0,1,0,0,0
GGACCAACGTCATTCCCAAGATCAGTCC,TAATATTGTTTTGCG,,0.0,6,0,0,0
ACCCCATGCTCAAAGGCAAACGCAGAGG,GAACTCAGGTTCCAT,,0.0,0,2,0,0
GGCTCAGATTCAGATCCATGCGCAGAGA,TACACCAATTACACT,,0.0,1,0,0,0
AATACAGGCACAGTTTCAGTGTCATAAC,TCATAGGTATCTCGC,,0.0,3,0,0,0
TCCTCAGCTCCACATCCACGAGCACGCA,CATCAATGAGGCAGT,,0.0,3,0,0,0
TAACCAGGTACAAGGACAAAATCAACGT,AGATTCATCCCATGG,,0.0,4,1,0,0
TAGACAGTTGCAGCCTCATGTGCAGTTG,GTGTGATTACTAAAT,,0.0,1,0,0,0
AATCCAAAGCCAGCGTCAAAAGCAATGC,CATCAATGAGGCAGT,,0.0,0,1,0,0
TCAGCACTGGCAGCGGCACAGGCAAATG,CATCAATGAGGCAGT,,0.0,1,0,0,0
TAGGCAACGGCACGCCCACTCTCAGCGA,CATCAATGAGGCAGT,,0.0,1,0,0,0
ATGTCATGGTCAGCATCAATTACAGATC,CTTGATGGCTGAAAG,,0.0,0,0,3,0
AGGCCAATGTCATTTACAGCCCCATGGC,TACACCAATTACACT,,0.0,1,0,0,0
GCGGCAAGCCCAGGGTCATTTGCATGCC,GAACTCAGGTTCCAT,,0.0,2,0,0,0
TTAACAATCACAACAACACGATCAACAC,GTTTGTTTTGGGAAA,,0.0,2,0,1,0
GCAGCAATCTCAGCTGCACGATCAAATT,CTAGTTGTATAGCCA,,0.0,1,0,0,0
GTCGCATTGCCAGTACCAACAACAGAAT,TTTATAAATCAATAG,,0.0,4,0,0,0
CTGGCAACGACAAGCTCACCGTCACTCA,TCAAAACGGAGTGTT,,0.0,2,0,0,0
GCACCACGCACAGGTGCACTTCCATACC,CTTGCAAGTGTAATT,,0.0,1,0,1,0
GATACATTTGCATTAGCAACAACAGCGC,GCAAGAAAGAAACCC,,0.0,1,0,0,0
ACGACATATACACCTGCAAAGTCAGCGA,CATATGCATTCCTTG,,0.0,1,0,0,0
AAACCACACTCAGGCACAGGCGCATCTC,GTTGGGCGCTTAAAG,,0.0,1,0,0,0
CAGGCACCGCCAAACACACGCCCAAGCA,GTTGAACTGGTTGTT,,0.0,1,1,0,0
CAACCACCCACACGTTCAGGAACATGCC,CTTGATGGCTGAAAG,,0.0,2,0,0,0
CTTGCAGAGCCACTAACAGAGGCACTAT,AATGATACCATTTTT,,0.0,1,1,0,0
GGAGCACTCGCATAGACATCATCATAGG,CGATGATGATGATGA,,0.0,1,0,0,0
TAATCAACACCATCCCCACTGCCAGCAC,CATTGTCGGACGCTT,,0.0,1,0,0,0
ACTTCAAGGCAGGGTCAGTTTCACTCC,GCTGCGGAGCCTCAG,,0.0,1,0,0,0
GACGCACGTACAGCCACAACTTCATAAA,CTTTCTTGTGTATTT,,0.0,1,0,0,0
CTCGCATTTGCAAGAGCATGGACAAGAC,AGAAGACGACGATGA,,0.0,0,1,0,0
