BC,Edge,s,LL.ratio,TP1-1-T1,TP1-1-T2,TP1-1-T3,TP1-1-T4
GCAGCACTCACACGAGCACGAGCACTTA,TTATATTTATTTGCT,0.05638784753254016,0.0,481,1531,1589,1992
GATTCAACACCATGATCACACTCATGAA,CGAATGCCATACAAA,0.05865866681656737,0.0,420,1167,1359,1862
TCGGCATACGCACTAACACGGTCAACTT,CAATCTTGAATTGAT,0.060317279305549566,201.05975013918032,326,904,1137,1519
ATGTCAGGCCCATTCGCACGCTCACAAA,TTATATTTATTTGCT,0.0358759036692674,35.49023521656272,487,921,913,1090
CTTTCATGTACAGGAACAAAGACAATAG,TTATATTTATTTGCT,0.0412448718396213,23.295347428456807,402,948,992,1057
TATGCAGTAACAAACCCACGAGCAGCGT,GAGTGCTTCAAAGTT,0.021880272878257553,0.0,582,1042,887,856
ACCGCACGACCAATTCCAACCCCATCGT,TTATATTTATTTGCT,0.055469896489711325,0.0,277,754,778,1116
TAGACAGTGCCAACATCAGTACCAAAAG,CAATCTTGAATTGAT,0.025394329342600098,0.0,443,944,747,724
TGTGCACGGGCATTAACAAGCTCATGAA,CAATCTTGAATTGAT,0.0199816134294237,0.0,357,592,555,496
GCCACAAGTACAGAGACAACTCCAGGCG,TTTATAAATCAATAG,0.017822057066525274,0.0,364,646,492,474
ATGACAGGTCCAAAACCAAGCGCACATC,TCAAAACGGAGTGTT,0.007921274623328442,0.0,370,729,418,358
AGCCCATGATCACCTGCAGGTGCACTGA,CCAACACAGGCTTCG,0.011155652199676633,0.0,393,602,459,419
AGGACACCCGCAAGTCCAGGTCCAGAAT,GAGTGCTTCAAAGTT,-0.0005411512081454477,49.329448188429524,397,662,395,298
GAGACAAGACCACCTACACCTACAAACG,TTTATAAATCAATAG,0.018720974388490616,0.0,299,597,462,400
ACTGCACATGCAGCCGCACAACCAAATG,GTAATCTGACTCTAG,0.02285629415816765,0.0,276,598,434,418
CGTCCATGTACAGGTCCAGCGACATCAA,CAATCTTGAATTGAT,0.0273551531618898,0.0,270,558,439,468
AAATCAATCTCATGGCCAAAGGCACAAG,CAATCTTGAATTGAT,0.020099193991150108,0.0,279,566,442,389
AAGACAGGGGCAAACTCATAGACATACT,TTTATAAATCAATAG,0.016252983885236518,0.0,293,529,396,364
CTCGCACCCTCAATTCCAAGGTCACAAT,TTAGTCTTTCCATCA,0.00733747841684768,0.0,325,555,321,309
GGGACATCCGCACTTGCACTACCAACGC,CTTGCAAGTGTAATT,0.010834782149748002,0.0,286,536,366,302
GATTCACAGACATACTCACAGCCATAGC,ACAACCTACCTGCTA,0.007664156043365959,0.0,301,544,321,289
GTCACAGGGTCATCTGCAAGTGCAATGA,AGAAGACGACGATGA,0.006909079425520393,0.0,277,514,392,260
AATGCAAGTCCACGATCAACGACACCGG,TTTATAAATCAATAG,0.022535778868186213,0.0,234,524,333,351
CGGACAATAGCAAGTGCATATACACGGA,CTTGCAAGTGTAATT,-0.0024018649643903875,7.6406546918583444,324,539,321,230
CGCACAATGTCACCCCCATGCACAGCTG,ACAAGTTTTACAGTT,-0.005593911200666776,0.0,293,514,336,189
CATGCAGGCACAAAGTCAGATTCAAAAC,TTATATTTATTTGCT,0.055162267678650866,0.0,123,335,373,491
TGCGCACCACCAATATCAGTTGCACTAA,TTATATTTATTTGCT,0.0478757561494473,0.0,149,318,378,478
AGTCCAGCGACAACAGCAGTTCCATGAA,TCAAAGCATGAAAAA,0.014732216997803605,0.0,214,474,352,254
GCCTCAGGTGCAACCCCAGGATCAGAGT,TTTATAAATCAATAG,0.022646705204608725,0.0,200,445,316,301
AAGTCAACCCCAAGACCACAGGCAAGTG,GTACAAGAAATTTTG,-0.010171002281617417,0.9801079281576222,297,456,307,167
GATTCAGAAACAAACACAAGGTCACATG,TTATATTTATTTGCT,0.046451037870204936,0.0,149,264,337,458
GACGCAAAGTCAATACCATAAACACACC,CCAACACAGGCTTCG,0.006769068364897843,0.0,245,392,324,229
AGTACACCAACAAAAGCACGTCCATCAT,TCAAATGATGAGGAT,-0.01055132111294004,0.0,313,411,225,174
ATAGCAATCCCAGGGCCAGGGGCACAGA,CAATCTTGAATTGAT,0.028128383709061566,0.0,177,319,284,314
GGCTCATGAGCACGGCCACACACATCGG,ACAACCTACCTGCTA,0.011610574742157959,0.0,198,374,287,214
CCTGCAGAACCACCCACAAGATCAGGTC,TTATATTTATTTGCT,0.06355714724845614,0.0,74,313,313,380
TGGTCAATCGCATGGACACACCCAAAAG,TTAGTCTTTCCATCA,-0.0063675707212598924,0.0,238,365,245,150
TAAGCAGTAGCATCGGCAGTCACAACGA,TCAAAACGGAGTGTT,0.003808739584890949,0.0,228,345,226,195
TACCCATAAACAGTTCCAAGCGCAAGAC,CAATCTTGAATTGAT,0.02137959360192324,0.0,176,310,260,255
TGACCAAGATCAACCACAGCGTCACTTT,GAGTGCTTCAAAGTT,0.028365331478400795,0.0,150,297,280,268
GACACAAAAGCATGTCCACCTTCAGCAA,GAGAATGAAGGACAG,0.015726609967858678,8.055446551917157,175,354,242,214
TACCCAGCCGCAAACTCAAATACAGAAG,AAAAGAAAAATGTAT,1.059760658369234e-05,0.0,228,325,218,174
CTGACACACGCAGGAACATCGCCACCAC,CTTGCAAGTGTAATT,0.008469298532873756,0.0,183,360,202,180
AAGACACCGTCAATCGCATTCCCATCAT,CAATCTTGAATTGAT,0.04308711417111116,15.184013115979724,113,262,216,314
AGGTCAGCTCCACAGTCATGGGCAAGTA,CGAATGCCATACAAA,0.04445585363953736,0.0,105,246,245,304
AACACAGGTTCAGGCGCATGGGCATAAA,CAATCTTGAATTGAT,0.018666706493094442,0.0,146,281,251,195
GTTGCACTTGCAGGACCAAGGCCAATCC,TCAAATGATGAGGAT,-0.02616481804234132,3.7442682221615087,250,326,187,87
AGCGCACGGGCATAGCCAACCTCATACT,AAAAGAAAAATGTAT,0.013387884011460885,3.114547405108169,150,266,217,171
GAGCCATCAGCATCGGCATTGGCAACTA,AGAAGACGACGATGA,0.004361543852075449,0.0,184,272,160,160
GCAGCACACACAGGGACAGCCCCAATGA,CAATCTTGAATTGAT,0.0378924867543003,2.9168586714081357,90,263,206,214
GGTCCAATAACAGGAACAGCCTCATTAA,TTATATTTATTTGCT,0.06075649579666856,0.0,61,213,202,288
TTTGCAGAATCAGAAACAATAGCAGGGA,TTATATTTATTTGCT,0.05721874851545495,0.0,61,178,226,259
ACTTCAAGTACATCTGCAGAATCATGCT,TTTATAAATCAATAG,0.028451743278791766,0.0,115,222,161,206
GTGACAGAGGCACTGACAGGGGCAAATA,TGATCATCACGGGAC,0.004158546030828644,0.0,140,278,153,121
TGACCAAAGGCACACGCAGGCTCAGTGA,CAATCTTGAATTGAT,0.029366105073783514,0.0,107,202,200,197
GTGCCAATAACAGCTGCAATGACAAGCC,GTACAAGAAATTTTG,-0.002474407611810244,0.0,168,235,170,119
CCATCAGGCGCACTTACACCCACACGGA,GAGTGCTTCAAAGTT,0.03021990082191396,0.0,90,204,202,170
GTCACACGCACACTTGCAATCCCAGGAG,TTTATAAATCAATAG,0.011214049216899813,0.0,147,195,162,157
CGCACATCATCAGACGCAGTCCCAGCTA,TATATTGAACTTTAC,-0.01102768320443411,4.335554253393639,177,237,138,97
TGACCATTAACACTTGCAGCTTCACAAC,ATTATCAAGTGCCAG,-0.007941173487485909,0.0,168,232,144,101
CATTCAGAACCATATGCATAGGCAAGAT,GAACTCAGGTTCCAT,0.00957125199628776,12.068390602646332,120,229,146,122
TAGACAAAATCAGGTACAGGCACACGGC,TATATTGAACTTTAC,0.0027339029376624254,0.0,128,247,137,106
GAACCAAAGGCAAGAGCACGTACAGTTG,TATATTGAACTTTAC,-0.0031429888393913843,0.0,157,183,167,109
CAAACATGGGCAAGGACATCTACAAAGG,TTTATAAATCAATAG,0.021129100385173682,0.0,121,183,135,174
CTTTGCAAGTCCAGAAGCAGTAACAGCG,TGATCATCACGGGAC,0.012979726464246314,0.0,111,216,165,125
GTTCCAAATGCACTAACAGTATCAGGCA,GTTTAGCTTCCGTTG,0.04785804096490314,2.7136950001631703,63,135,203,202
ACCCCACAGTCAAAGACAGAAGCAACTC,TCAAAACGGAGTGTT,-0.0052443235340933645,0.0,135,219,147,88
TGCGCAACAGCAGTGACAGTGGCATGAC,TAGACGGACATCTTC,0.042033565398843314,0.0,78,131,173,210
AGGCCACCCACATGGCCATGGGCAGCCG,TTTATAAATCAATAG,0.025146840310516467,0.0,90,210,137,146
CCGTCACGTTCAGTGACACCTCCAGTAA,TTATATTTATTTGCT,0.06426213482406719,0.0,49,106,156,257
GGCGCAGAGGCACGGACACATTCAATCA,CGATGATGATGATGA,0.0013581918791489428,0.0,112,218,137,89
ATCACATAGGCAATAACATTCTCAATGC,ACAGTTGACGGACAG,0.0020569021112918583,0.0,122,183,146,99
GAAGCAATGACAAAGCCAATAACACTTA,TCGATAGAATTTACT,0.019730956317934437,4.481625785562528,95,179,138,131
CCTGCAAAGGCATGGACACCTACAATAC,ATTATCAAGTGCCAG,0.000643127655217206,0.0,135,181,110,105
TGGCCAAGCCCAGTGGCAAAAGCACCGA,CCAACACAGGCTTCG,0.018948090061774062,0.0,98,175,136,132
CTTGCAAAGTCACGCGCAGTTACAAAGG,TGATCATCACGGGAC,0.006454907226709792,0.0,108,186,133,100
TCACCACTAACAATTCCAGAGGCACAAA,GTAATCTGACTCTAG,0.025480751195895896,0.0,83,167,139,136
TTGTCAATATCAAAGGCATCTCCAAGCT,TTTATAAATCAATAG,0.03332868143798278,2.160056475251622,68,178,125,141
CTAACACGTACAGGAGCAATGACACTTA,AGAAGACGACGATGA,0.004345963887625744,0.0,107,171,135,93
CCCCCATCCGCAGGCGCAGGGACATGCT,ACAGTTGACGGACAG,0.009977278793995127,0.0,103,175,122,106
ACGTCACTTACAAAATCAGGAACATGGG,TTTATAAATCAATAG,0.02306072410045754,0.0,84,144,147,128
GGACCACATACAGGCCCAGTAACACTCA,ACAGTTGACGGACAG,0.005774469797074862,0.0,97,209,109,88
TTGGCATCAGCATAGGCACGCACAGGAG,TGATCATCACGGGAC,-4.418191820730437e-05,0.0,105,180,115,80
GAGTCAAATACATGTCCACGATCAGTGG,CGATGATGATGATGA,-0.0032047445996683803,0.0,114,173,125,79
TAAGCAACCTCAACAGCATGAACACCAC,GAGTGCTTCAAAGTT,0.04795496843457651,8.767055318525308,51,146,126,164
TTGGCAGCGTCACATGCACAGTCACTCT,TTTATAAATCAATAG,0.019503386261328675,0.0,92,145,121,126
GAATCAAGGGCAGCGTCATGGGCAGCCA,TGATCATCACGGGAC,0.016371700918385825,2.974459017436857,77,174,127,96
GCGACAATCGCAACCCCAGGCTCAGTAC,TTTATAAATCAATAG,0.02462914224282058,0.0,72,153,138,115
ACAACATAAACAATAACATTGCCACGAG,TCAAATGATGAGGAT,-0.02165852664414561,1.8737492510210814,123,203,92,49
GTGACAGGTACATCGGCAGCACCATATT,AGTTTATAAAAAATT,0.019537504312754892,0.0,62,177,140,85
ATAACAGTGTCAGGTGCACAGACACAAC,TCAAAGCATGAAAAA,0.01591763245815816,0.0,87,136,127,107
ACTACAACAACAGATACATAAGCACATG,TCAAAGCATGAAAAA,0.0020989631053059433,2.96889889481281,96,158,118,78
CATACACGTACAACGACACAGTCAATCA,TTTAACTCACCGTAA,0.0061902938050312295,0.0,86,173,107,79
CTATCAGAGGCAGTGTCAGGTGCAAGGG,AGAAGACGACGATGA,-0.00010934974606741435,0.0,96,156,105,73
CCATCACGGACAAACTCAGGGGCACGAC,TCTTGGAGGTGAATG,0.03073027761872889,5.4586146101180475,61,143,123,117
ACGCCATCACCATCGCCAAAAACAGCAA,CTTGCAAGTGTAATT,0.01092555572591237,0.0,85,167,95,90
CGGACACGATCAGGAACAACCGCACGGG,TCAAAGCATGAAAAA,0.013365669193355542,0.0,79,138,124,90
GGGCCAGACTCAATTGCACTTCCACGTA,ATTATCAAGTGCCAG,0.005843269271103266,0.0,88,154,100,80
TTTGCACTCCCAAAGCCACACTCAATCC,CTATGCATTTACTCA,-0.004146185010114885,0.0,95,162,85,64
AAACCAGAGACAGAATCACGGCCAGTTG,GTTGGGCGCTTAAAG,-0.006991938611461988,1.1372092072497253,97,174,86,60
AAGCCACGCTCAAAGCCATTGTCAGCTT,ATATTGAGTAAGTAC,-0.0016766487380892887,0.0,102,143,93,74
GAGGCATAAGCAGCATCATAAACATCGT,TATATTGAACTTTAC,0.009020275264580756,0.0,94,143,69,94
TCTTCATAAACAAGGCCACTGACACTAC,TTAGTCTTTCCATCA,-0.0032005672284826166,0.0,101,145,89,70
CACTCAGGATCATTGCCAGAGTCACGCT,ACAAGTTTTACAGTT,-0.019136294024990796,0.0,128,141,89,55
GTTGCACAGCCAGCGGCACCCGCAAAAA,GTTGGGCGCTTAAAG,-0.00286888953337699,0.0,80,171,104,56
CTTACAGATACACAAGCACTCGCAGGCT,TCTTGGAGGTGAATG,0.02096068270650138,0.0,65,156,94,93
GAGTCACCCCCAATTCCAGTGTCATACG,GTGTGATTACTAAAT,0.04762708812692592,0.0,38,122,129,121
TGTTCACTTTCAGATTCACGATCAACCT,ACAAGTTTTACAGTT,-0.014391852590914904,0.0,109,156,84,54
ACGCCACAGTCAGGATCACAGCCAATAC,GTAATCTGACTCTAG,0.02111712505422636,0.0,64,146,104,92
ATTTCAGTAACAGTTGCAGATGCAAACA,TTTATAAATCAATAG,0.01838368811346083,0.0,74,127,100,98
TTAGCACGTCCACTCTCATTCCCAAATC,ATAATTTTCATCCAC,0.010131489273500452,0.0,59,160,115,61
ATAACAATATCATGAACAAGTGCAAGAC,CGATGATGATGATGA,-0.01408463075408409,0.0,112,140,70,56
GGATCACAGTCAGCGTCACACTCATTAT,CCAGGATGTACCGCC,-0.0053391552718343805,0.0,100,110,96,65
GACACAATGCCAAAGTCATTAGCAGCTG,GAGAATGAAGGACAG,-0.014685247604173371,2.2930244780555995,112,140,76,55
CGACCAGCTCCATACGCATCAGCAGCAG,AGTGTATGATAATAT,0.0008069281486315019,0.0,87,139,75,68
TTGCCAGGGTCAGCTACATTGGCAGAGC,GTTGAACTGGTTGTT,-0.011024379112313317,0.0,104,142,70,57
GAGGCAAGTACATCGACATCTACAGCCC,AGTGTTAATCAGACC,0.012429570235261374,6.897068216586263,65,119,108,72
ATCGCAAGTTCACGATCAGTACACGAC,ACAAGTTTTACAGTT,0.00023412456882339802,1.227786325469424,82,137,86,63
ATGACATGGGCAAGGCCATCAGCAGCTT,ACAAGTTTTACAGTT,0.016355671423807474,9.058719727770495,65,135,89,81
ATAACATGGGCAACGTCACCAACACACA,GTAATCTGACTCTAG,0.030890472227233946,0.0,55,112,99,106
AGAACAAGCACAGGCGCAGTATCAGGTT,GAGAATGAAGGACAG,0.0010155710084880528,0.0,89,129,72,70
AAGCCATCATCAGCCACATGGTCACTGA,CCAGGATGTACCGCC,-0.0048302395341414325,0.0,100,140,58,66
GTTACAATGCCAGCATCAGTGCCAGCTG,CTTGCAAGTGTAATT,0.01836367410305269,0.0,68,128,76,90
TCGGCAGATGCAAAGTCAAGTCCATACG,TGATCATCACGGGAC,0.0031091414218169084,0.0,80,138,82,67
TAACCACGGACAATAGCAACAGCAAGTC,ACAAGTTTTACAGTT,-0.006991938611461989,0.0,97,120,87,60
ATGGCAAATGCAGGAACATATGCAAAAT,TGATCATCACGGGAC,0.0019546002407112794,0.0,89,114,83,72
GCACCACAGGCAGTCTCACAGTCAGGTT,TTTATAAATCAATAG,0.01509766049104592,0.0,70,103,99,84
AGTGCAGAAGCAAAAGCAACCGCAAACC,ATTATCAAGTGCCAG,-0.0029263113104251843,0.0,83,132,74,58
CGGTCAGGAGCAAGTTCACTAACAGAGA,TGATCATCACGGGAC,-0.0002854374948816722,0.0,78,120,95,59
TGGGCACGCACAGATACACGGCCACCCG,TTTATAAATCAATAG,-0.0017597299038812676,6.278909997806522,76,126,95,55
GAGACAAATTCAGCTCCAGAAACAAGAC,TTAGTCTTTCCATCA,0.005804933058328685,0.0,87,124,60,79
TTGACACAAACAGAGCCACGGACAAGGG,TCTTGGAGGTGAATG,0.015006461163750076,0.0,61,130,84,73
TGTACATTGGCATTGCCATTGTCAGGAC,TTTATAAATCAATAG,0.02453238358755518,0.0,54,123,75,86
ATGGCAATCTCACAAACAGAACCAAGTG,TTTATAAATCAATAG,0.026416123929666597,0.0,54,97,87,91
GGTCCATCCTCATCGTCATCATCAGCCT,CAATCTTGAATTGAT,0.04941830773041784,2.484134075951488,25,119,99,84
AGTACAATGACAGCAACAACCACAGATC,TGATCATCACGGGAC,0.009897518875159862,0.0,75,105,62,77
CACTCAAAACCAGCCGCACTAGCAGTTG,TGATCATCACGGGAC,0.03244416298378396,14.53176372286066,52,94,70,105
AAGGCAGTGCCATGTCCAAAGGCAGAGT,TTTTGCATTTAGGCG,-0.009749526479144184,0.0,72,120,78,41
GCGCCACCCACACGGACACGATCAAAT,TGATCATCACGGGAC,0.00425024714322498,0.0,60,126,79,52
AAGGCAGTGACAATCTCAACACCAACTC,TTTATAAATCAATAG,0.025756673391155293,0.0,46,87,107,76
CTTGCAGCGGCACCGACACTCGCACTAT,TTATATTTATTTGCT,0.04968604678699332,0.0,31,89,93,105
GCGGCATTCCCACATGCATTCGCAGCTA,GTTAAATCAACAGTT,-0.06474982934812683,0.0,137,111,37,6
GGTGCACGCACATCGACACTCACACGTC,AGTGTTAATCAGACC,-0.0025529314015588617,0.0,75,125,49,53
TAAGCACTGTCATCTACAAACCCATTTG,ACAACCTACCTGCTA,0.012197281258058251,0.0,60,98,74,66
ATCTCAGCTGCAAACGCACCTGCAGGGA,GGTTGCCCAGAAGTA,0.017588445364243793,0.0,58,73,88,75
CTCGCAAGGGCATGCCCATCCGCATCTC,TCATAGGTATCTCGC,-0.06372302230607071,0.027870814350762885,133,97,35,15
GTCCCACACACATCCCCATCCTCAGCGG,ACAACCTACCTGCTA,0.008460037987368038,0.0,60,103,64,59
GGTTCAACCTCATAGACACAGTCAGGGC,CTTGCAAGTGTAATT,0.01396760876852321,0.0,50,110,73,58
CTAACAGACACATAGACATCTACAGCAG,AAAAGAAAAATGTAT,0.010327632369690143,0.0,50,100,78,52
TAGCCATCAGCAGGACCACAGACAGTCT,AGAAGACGACGATGA,-0.015611615288460565,3.0367833174721,67,105,78,32
CGATCACGTACAACGGCATCTCCATCAG,ACAGTTGACGGACAG,0.028613164094651408,10.457568255447995,40,74,99,72
CTGCCATGTTCAGTATCAGGGGCAGGGG,GTAATCTGACTCTAG,0.010502000683608544,2.2193721446187737,66,90,59,69
CTAACAAGGCCACAGTCAAAAGCATTTG,AAAAGAAAAATGTAT,0.0007382299546307841,0.0,50,113,72,39
AGGCCACAATCATGGACAACATCAATTC,TCTTGGAGGTGAATG,0.011281028475872765,0.0,57,102,55,61
GAGCCAATCGCACCATCAGATGCAACTT,GAACTCAGGTTCCAT,-0.027600134357689547,0.0,81,90,64,27
GTCTCAATATCACGCCCAGAGGCACGCG,GTTGGGCGCTTAAAG,0.004652666517700599,0.0,57,101,64,50
ACAACATATTCATGTCCACCCGCACTCC,CTTGATCAATCAAAA,-0.015214682476606796,0.0,60,98,80,29
CGAGCACTGCCAGCGACAGTATCAATAG,CTTGCAAGTGTAATT,0.0046526665177006,0.0,57,97,65,50
CCTGCAGCAACAGTTTCAATCCCAGCTT,TCGATAGAATTTACT,0.009600000021643053,0.0,57,92,58,58
TCGACATTGCCACCCGCAAGCTCATGGG,TCGATAGAATTTACT,0.0036755202620747766,0.0,54,108,51,46
CATACACTCCCAAATGCAAGTGCACGAC,TCAAATGATGAGGAT,-0.00036014005002543356,0.0,53,102,59,40
TACGCATTGCCAAGGACACGTCCACACT,TCAAAACGGAGTGTT,-0.020621793384960438,8.477271357654558,73,103,42,30
TCTCCAAGAGCAAAACCATGGGCAATAC,TCTTGGAGGTGAATG,0.007686764110790782,0.0,51,87,69,49
GACCCATCTTCAGGAGCACAACCATCCG,AAAAGAAAAATGTAT,0.0055689192998860555,0.0,61,67,68,55
CATCCATTAACAAGCGCACAAACATGGT,CTTGCAAGTGTAATT,0.001730635232419787,0.0,56,98,52,45
ATGTCAATCCCAGGGGCAATAGCAACGC,ATGGCGATGGTCTTG,-0.013195689184678698,0.0,74,94,38,38
CTCGCAAGAACAGCTGCAGCTTCAGGAG,CCAACACAGGCTTCG,0.014047704922400211,0.0,43,76,74,50
TCCACAGGTACAGTTACATGAACATTAG,GTTGGGCGCTTAAAG,0.017922368106215603,3.574817536470391,49,78,50,64
ATGACAAGAACAGCAGCATCGACATTAC,GTTGGGCGCTTAAAG,0.0019348938651249994,0.0,47,104,50,38
GGGGCACATCCACTGGCAAGATCATACT,TGATCATCACGGGAC,0.00034417198912519684,0.0,48,101,49,37
CCCGCATCGACAAATACAGCAACAAACA,AAAAGAAAAATGTAT,0.009020275264580756,0.0,49,73,60,49
GTGACATCCTCAGGAACAGAGTCATTTC,TTAGTCTTTCCATCA,0.0005458039851060798,0.0,49,98,53,38
ATTCCACTCGCAGTAACACAAGCAGGGC,CCAACACAGGCTTCG,-0.0195019284040099,6.070458014946553,40,114,64,17
TGATCAAAGACAGTTCCATCCTCACTCG,AGAAGACGACGATGA,0.012769541378803774,0.0,42,72,72,47
ACAGCATTGGCAACGACAAACACAGAAC,TTAGTCTTTCCATCA,-0.003469506383466272,0.0,64,77,44,44
CAAACACCAACATAGCCACGTTCATCGC,CATTTATGGCTATCT,0.0036029776146549175,0.0,40,94,57,34
GTTCCACCACCAGGCACATTGACATTCA,AAAAGCGACATTTCT,-0.01044465435525102,0.0,52,90,54,29
GGGACACGTCCAGTTGCACCTACACATC,GGTTGCCCAGAAGTA,0.032572615294316966,0.0,37,60,51,75
GGAGCACACCCACGTACATGGTCATCAC,ATTAATACTTTGCAG,0.005917261162380341,0.0,45,89,42,41
AGAACATTACCAGTGGCAGTCGCAACTA,GTTTAGCTTCCGTTG,0.02353087763984224,0.0,44,49,59,68
GTCACAGTTGCAAGGCCAATTCCACATA,ATTATCAAGTGCCAG,-0.0034695063834662733,0.0,48,79,59,33
ATGTCAATGACAGCCACAGTATCAATGT,CTTGCAAGTGTAATT,0.016994598233441908,0.0,37,90,46,47
ACAGCAGCATCAGAGGCATAGTCAGAAC,AGTGTATGATAATAT,-0.017524105295258427,0.6497722338681342,51,90,45,23
AGCACAGCTCCAAATCCACATTCAAGGT,GTTGGGCGCTTAAAG,0.018609677679640117,7.891075309704092,45,46,62,60
TAATCAGGACCAGAAGCATCAGCATGGC,TATATTGAACTTTAC,0.007659542113905596,0.0,50,73,38,48
GAAACAGCCCCAAACGCATGTGCAGTTG,TCTTGGAGGTGAATG,0.04153293020605278,7.358392657762124,23,64,66,61
CGGCCACAGTCAGGGGCACTCCCACAAA,TCTTGGAGGTGAATG,0.00980462517825389,0.0,42,76,50,43
TTTCCAGAGTCAGGAACATATGCATAAG,ACAAGTTTTACAGTT,-0.03666459154047764,8.12083702075995,63,100,28,16
TACCCATGGTCAGTTACAACATCAATCC,GTACAAGAAATTTTG,0.03156494400603289,8.710466445774841,30,63,54,59
GACACACATTCAGCAGCATGTACAGTCT,ACAACCTACCTGCTA,0.013041208190867902,0.0,39,75,52,44
GCGACAATACATCAACATGCGCAGAGG,AGTTTATAAAAAATT,0.028613164094651377,0.0,35,73,38,63
TCCCCATCGTCAGCTTCATCCACATATA,AGAAGACGACGATGA,-0.008946274759842153,4.077833645583496,48,94,36,28
GGGTCACACCCACACGCAACCTCACGGC,ACAAGTTTTACAGTT,-0.027113507710317817,3.317240453647287,68,74,39,23
GGCCCACATCATGCGCACTTGCAAAGG,GAGAATGAAGGACAG,-0.0041935671550274835,0.0,55,71,39,37
TAAGCAGGCCCAAGACCAAGTACACCAC,ACCACCGGTCCTGCC,-0.008007245527618922,0.0,40,78,61,24
AGATCAGGGTCATTTCCAGCGCCAATGC,TCAAAGCATGAAAAA,0.01899503842634266,0.0,43,68,34,58
ACGCCATAGGCACAAACACACGCAATCT,TCTTGGAGGTGAATG,0.01198519146513064,0.0,43,52,59,47
TTATCAGTTACATGGACAGTAACAAAGG,TATATTGAACTTTAC,-0.014084630754084117,0.9385248495677843,44,81,54,22
TCCACATCCACACAGCATAGTCATCAG,AATGATACCATTTTT,-0.002050852569506418,3.9879338890983718,46,54,66,33
ACCCCATCTCCATCAGCAATGGCAGCGG,TCAAATGATGAGGAT,-0.030936249642922315,3.8238276682473042,63,86,33,19
GGTCCACAAGCAGCCGCATAGCCAACCC,ACAACCTACCTGCTA,0.007218034555571569,0.0,38,63,63,36
CCGTCAACCGCATAGTCAATTGCAGCAC,TGATCATCACGGGAC,-0.004904231425418538,0.0,41,80,47,27
ATAGCATGATCACCTGCAGCAACATCCA,ATTATCAAGTGCCAG,0.0040729417606383085,0.0,29,83,64,25
TAATCACTAGCAGGGTCAAATACACGGA,CTTGCAAGTGTAATT,0.009020275264580727,0.0,44,60,37,44
TCAACACACCCAATGGCAACACCAGCTC,ACAAGTTTTACAGTT,-0.029226473163337315,3.906842711860236,63,74,35,20
CATCCAGGCTCATCTTCACACGCACCAG,CATTTATGGCTATCT,-0.005227858562983911,0.0,46,65,52,30
ATGACACGTCCATCAACAGTAACATGCG,ACAAGTTTTACAGTT,-0.03658891992265969,4.512500534047263,55,85,36,14
TTAACACTACCAAATTCAAAATCAAACG,TATGCCCTTCTTCTG,0.006279005323348338,0.0,38,70,51,35
GTAGCAACAACACCTACATTTACATCGC,CGATGATGATGATGA,-0.004495228339024728,0.0,48,67,40,32
GGCACAGTATCAAGGCCAGCTTCAGCAA,TGGAGTCTTTGTTGA,-0.0018271380832401846,0.0,36,76,39,26
CGGCCACGTTCATCGGCAAGCACAGCAA,CTATGCATTTACTCA,0.017907897373045708,3.694671953784848,36,61,45,47
TACGCAGGTACATATCCATCGGCAAAGG,ACAGTTGACGGACAG,0.0070589252638162845,0.0,35,57,55,33
CATCCAGTCCCAGTATCATGGCCAGCAC,TATATTGAACTTTAC,-0.006162242358180117,0.0,41,73,46,26
GTTGCATGCGCACATGCAGGGACACCCG,CTATGCATTTACTCA,-0.020773653936155812,0.2065936885214228,44,66,52,18
TCGGCACAGACATGACCAAATCCAATTC,CTTGATCAATCAAAA,-0.029751418395608614,0.5389896172370641,48,63,47,15
ACAGCAAGCCCAAACTCATAGGCAATCC,AAAAGAAAAATGTAT,0.009020275264580728,0.0,35,64,42,35
TTATCAATATCAAAGCCAGCAGCAGTCG,AAAAGAAAAATGTAT,-0.012533963566254337,2.250913453916496,42,72,39,22
GCCCCATATTCAGGACCATCGACATCCA,ACAAGTTTTACAGTT,-0.009633584333266665,0.0,49,61,26,28
AGGACACGAGCATACTCACGATCACGGA,TCAAATGATGAGGAT,-0.008739875751578108,0.0,46,45,47,27
GCACCACTGACATTCCCAGTTCCACGGC,TCATAGGTATCTCGC,-0.011741481059763002,3.1499304582007994,59,45,46,7
CTACCATGGACATATACAGACACAACCC,TTATATTTATTTGCT,0.07070694090628035,1.162536044286412,11,41,45,70
ATTACAACGTCATACCCACCCCCATTTA,TATGCCCTTCTTCTG,-0.0015948491060370589,0.0,33,66,43,24
GTAACACGGCCACTTACAGTTTCAAGAA,CTTGATCAATCAAAA,-0.028444061290499225,1.6919220780643514,40,80,30,13
TGTACAGTCTCAGCCGCAAGCTCACAAA,AGAAGACGACGATGA,0.01001537403623679,0.0,33,44,54,34
TAAACAAACACAACCACAAACTCACAAT,TATGCCCTTCTTCTG,0.01667275665273076,1.299557063542295,31,54,40,39
ACACCACCTGCACCTTCATTGCCAAAGG,ATTATCAAGTGCCAG,-0.01638439313698248,0.9311277068396748,30,71,36,14
TGGTCAGCTACAATCCCATGTTCACGCT,AGTGTATGATAATAT,-0.015721882037533552,4.878199219696569,50,63,36,8
TGAGCAGATTCACGAACAAGGTCATTGG,TTTTGCATTTAGGCG,0.008054024035472314,0.0,35,51,40,34
CCCGCAAAATCACAGCCAAGGACAGTTT,ACAGTTGACGGACAG,0.0161906545851456,0.0,25,66,35,31
TGCACAAAAGCAATGACAGCACCATGTA,GAGAATGAAGGACAG,-0.005408527478628529,0.0,37,53,42,24
AACGCAAAGGCATCTACAAAAGCATGAT,AGTGTTAATCAGACC,-0.004081144339072799,0.0,40,56,29,27
AAAACAATCGCAATGGCAAGGGCACGA,ACAGTTGACGGACAG,0.018609677679640117,0.0,30,51,30,40
ATGGCAAGCACATAGCCAAAGGCATAGA,GTTCAGCTTTGATCG,-0.04593501225499865,0.0,52,48,33,10
GGAGCAGGAGCAGGAGCACGGTCAATGT,TCAAAACGGAGTGTT,0.01082251597358995,0.0,36,53,22,38
TGTACAGTATCAGCAGCATCTACACATA,TATATTGAACTTTAC,-0.020773653936155812,5.024454682787905,44,60,22,18
CAAGCAGAACCATAAGCATAAGCAACAA,TATATTGAACTTTAC,0.005380298865747692,0.0,29,65,28,26
GTCACAGCAGCATAGACAGTGACAAAAG,CCAACACAGGCTTCG,0.03414600201046006,1.908704093362644,16,54,47,34
CAAACACTACCAGATACAACGTCAAATC,AGAACATCATCTACA,0.04000480721871996,0.0,15,62,37,38
CGCGCAAGTTCAAACGCACGCGCACAGG,AGTGTTAATCAGACC,-0.010572613565489893,0.0,36,60,31,20
TTCACATAAACAAAAACAGGGGCATACC,TTTAACTCACCGTAA,-0.004495228339024729,0.7202657144830482,36,46,38,24
CACGCACGTACATTGTCAACTTCAAGTC,ACAAGTTTTACAGTT,-0.0122823900450749,0.0,36,38,50,19
CACACACGCGCATCTGCAATGGCAAACT,TTTTGCATTTAGGCG,-0.04528774272642858,0.0,51,58,19,10
AGGTCACAATCAATCGCAACCGTCACGGA,AAAACATTATCAAAG,-0.03316860384646176,0.0,39,54,29,11
ATATCATTAACAGGCGCAATACCAAAAA,CTCGCTAATACTCCT,0.010381008415255917,0.0,24,60,30,25
CGGCCAAAAACAATACCAAATACACACT,GTAATCTGACTCTAG,0.00902027526458076,1.2837464246831587,27,48,35,27
CCCTCAAGGACACTCTCATGGTCATTCA,TGATCATCACGGGAC,-0.004008601691652971,0.0,34,58,26,23
AGCGCATACTCACCACCAACCACAATAC,CTTGCAAGTGTAATT,0.007927281170481049,0.0,31,41,40,30
AATCATCCGCACGTCCATCCACATACC,AGTGTATGATAATAT,0.02253577886818624,0.4649223141594234,12,82,27,18
ATATCATGGGCAGGTACAGGGTCACGAA,TTAGTCTTTCCATCA,0.015577285072782547,0.5034252748487233,23,59,28,28
CGCTCATATGCAATACCAAAATCAGCCA,CATCACCGTGCTCAT,-0.01105223814722652,0.0,42,46,23,23
GAACCAAGGACAGCTTCAAACCCACTAA,GAGTGCTTCAAAGTT,0.01674699573315823,0.0,23,39,48,29
TCGGCAGATCCAAGATCAGCTACAGTCG,GAGAATGAAGGACAG,-0.01956139913045997,2.160540564876783,33,66,23,14
GGTCCACTCCCAAGCTCAACCTCACGAG,TATATTGAACTTTAC,-0.003365176616502022,0.0,29,64,22,20
TCAGCACGAGCATTGGCAAAGACAGTTC,CTTGATCAATCAAAA,-0.00023411595536189898,0.5455241061175116,33,41,30,25
CTACCAGTAACATCCACAGCCGCAGTCT,GGTTGCCCAGAAGTA,-0.015886871463093283,0.0,38,44,28,18
CATCCAGCTCCACGCACAAAGGCATACG,ACAGGGCAGCTCCCG,-0.040089916005736574,0.0,48,50,14,11
CAATCAGTGACAAGTGCAGCAGCATTCG,TCAAATGATGAGGAT,-0.006877193805096216,0.0,29,47,31,18
TATGCACTGGCACAAACAATGCCAGAGA,CTCGCTAATACTCCT,0.009020275264580756,0.0,28,40,27,28
CCATCACCGCCAGGTTCACTTACAGAAA,CATTTATGGCTATCT,-4.4181918207306103e-05,0.0,21,47,40,16
TTATCAAACACAACCTCAGTTACAGGAT,TTTATAAATCAATAG,0.0015821568874404047,3.0161795711221657,25,53,27,20
AGGACATAGACAGCGGCAATTACAGAGA,TTAGTCTTTCCATCA,0.013907057737643254,1.1535380999373501,19,46,36,22
ACTGCAAATACAAAATCATAACCACTCC,TTTATAAATCAATAG,0.01415863125882269,0.0,18,48,38,21
CACCCAGTATCAAATTCAGTCTCATAAC,GTTGAACTGGTTGTT,0.010232530070276566,3.64764059835386,27,33,30,28
CATTCACCGGCATCTCCACTACCACAAC,CGCGATCAATCCTCT,0.013678881085322425,0.0,27,50,35,9
CTAACAAAACCACGTCCACTTGCAGCCC,TCGATAGAATTTACT,0.01963539963519854,0.8983659883035671,16,49,34,22
AGCCCAGTAACATTGGCACGCCCATACA,ACAAGTTTTACAGTT,-0.01302634081026476,0.0,31,44,28,16
TGACCACGAGCATCGGCAACCACACAGA,TCTTGGAGGTGAATG,-0.012374854274499086,4.977698547276532,38,39,19,20
CTCACAGACGCAGTAACAGGGTCATGTT,TCATAGGTATCTCGC,-0.057085213814334686,0.0743353294843132,54,34,17,8
TGGCCAACAACAGAGCCACTAACAGGAG,AAAAGAAAAATGTAT,-0.0017388378108542796,0.0,29,39,34,21
AGGACAGAGGCAACATCAAACTCAGCTG,GAGAATGAAGGACAG,-0.012954579031561378,0.0,29,41,30,15
AGGTCAAGCACATTGGCAGATGCATTCA,GAGAATGAAGGACAG,-0.006205004818609733,0.0,30,43,23,19
TATTCAGCAGCATAGACACTGGCAGCGG,TCATAGGTATCTCGC,-0.037233217325573074,0.0,47,53,7,4
GGTTCACAACCACAGTCATTGGCAGAAA,TCTTGGAGGTGAATG,0.020630498406854637,0.0,12,46,40,17
TGAGCAAAGTCACGTTCACGTGCAGGAT,TTTATAAATCAATAG,0.007393936458933023,0.010647709259956173,21,31,46,20
GTGGCACATGCATAGCCAAAGCCACACT,GTAATCTGACTCTAG,0.02306072410045754,0.0,21,33,30,32
CTGTCAAACTCACCACCAAGTTCAAAGG,TATATTGAACTTTAC,0.0011406493291064024,0.0,19,47,28,15
TTTGCAATGACATTTGCATGGACAACGA,CATTGTCGGACGCTT,0.0015821568874404047,0.0,20,44,30,16
CCGGCACTGGCAATATCAGTGCCACAAT,TATATTGAACTTTAC,0.002331252082509038,0.0,22,36,33,18
GAGGCAATCGCATAAACATGATCAAGAC,CTCTTGAGAATACTT,-0.03273849035193154,0.0,35,50,13,10
AAAGCAATGACAACACCAAGCCCAAGCC,CGATGATGATGATGA,-0.010803294993642342,0.0,29,46,21,16
TACTCATTAGCACCAACACTCACACTAG,TCAAAGCATGAAAAA,0.016746995733158226,0.0,23,35,22,29
CCGCCAAGGTCACTAGCATTGACACGTA,ACAGGGCAGCTCCCG,-0.011005520083050245,5.628951816145275,31,31,26,17
AACGCAACCGCATACCCATCAACATAAC,TCAAAGCATGAAAAA,7.81423780914318e-05,0.8350618351811363,17,44,33,13
ACCGCAGGTCCAGCAGCACGAACAAAGT,ACAGGGCAGCTCCCG,-0.02696594059817108,0.3479037530564142,40,35,23,7
AGTGCATGTGCATGAGCACTGTCAAGTC,AGAAGACGACGATGA,-0.010803294993642345,1.8219707586297318,29,39,21,16
ACCGCACAATCAAAGACAAGTGCACTAT,AAAAGAAAAATGTAT,-0.028392755961417836,7.4706540444659595,34,41,19,8
GCCCCATAACCATTCGCAAAACCACACG,TCAAATGATGAGGAT,-0.006284775807689737,0.0,23,50,20,9
GATCCAAGATCATGACCAGGGACAAACT,TTTATAAATCAATAG,0.0036755202620747753,1.238451669380197,27,31,23,23
GACTCAACTACACCTACAGTTGCAACTG,ACAGTTGACGGACAG,0.00283130203200801,0.0,23,42,24,9
GGTACACTGTCAGTGACACCCGCACGGT,AATGATACCATTTTT,-0.016752721009868635,0.0,26,47,14,12
AATGCAACGACAGCGCCATCTGCAATTG,ACAAGTTTTACAGTT,-0.007511831253495593,0.0,33,29,28,8
ACGGCACAGTCAGCCTCATCCACAAAAG,GTTGGGCGCTTAAAG,-0.00767223433250222,1.2541522627558948,33,37,12,20
GACACAGCCCCATTGTCAAAGCCAGTGT,GTTTAGCTTCCGTTG,0.010502000683608542,1.5150388522324647,22,27,28,23
GTGTCAAGCCCACGGTCAATACCACCGC,GAGAATGAAGGACAG,0.013907057737643254,1.8557880038223402,19,32,29,22
AGGTCCGACAATGACAAGATCAAGAC,ACCACCGGTCCTGCC,-0.005074953096087025,0.0,29,31,19,19
GGAACAAATCCACGAACACCAGCACAAG,GTTTAGCTTCCGTTG,0.04128025500082751,0.0,8,31,23,33
ACATCAAGTGCAACATCACTTCCATCGT,CCAACACAGGCTTCG,-0.024264019072456827,7.337249608480249,38,25,17,14
ACGACATCTCCACAGCCAAGGTCAGGGG,ACAACCTACCTGCTA,-0.016866573030826216,6.275048278114298,27,43,19,8
CAACCAACGCCACGACCACGTGCATCTA,TCAAAGCATGAAAAA,0.005987882657723188,0.0,23,33,16,21
TCGACAAAATCAAAAGCAAAGGCATCAT,GTTAAATCAACAGTT,-0.0062974690480339214,0.0,19,33,30,12
AGCGCAACTACATCAGCAGCATCACCCA,TTTATAAATCAATAG,0.04981278965198462,3.9830838120938097,10,27,25,34
CTAAACAAACATAAGCATATCCAACCT,CTTGATCAATCAAAA,0.007712918159471375,1.1657005074407039,26,26,17,25
TTTCCAGATACATAGCCATGTCCAGTGA,GTACAAGAAATTTTG,0.0021937948430469554,0.0,27,25,11,22
GACACACACACATACCCAGAATCATATC,AGTGTATGATAATAT,-0.011416540498299543,0.0,24,27,25,13
GGATCATGAACAAGTTCAAAACCAAGAA,ATAATTTTCATCCAC,-0.0011591130537919852,1.149941779177368,19,39,16,14
AAGACAACGCCAACAGCATCCACAGAGT,CTTGATGGCTGAAAG,-0.009997886684339687,0.0,23,36,15,13
GTATCACCATCACTAACAAGCGCAAGCA,AAAACATTATCAAAG,-0.02054083838719505,0.0,26,39,17,9
GGAGCACTGGCAGTCTCAGTTTCACACC,GTTGGGCGCTTAAAG,0.024086446056015967,4.612547483126832,14,24,31,22
ATCCCATGGGCAGGGGCAAAGTCAAGGA,CAAGGATCCCCGTAG,-0.006045895526854513,0.0,22,29,22,14
GTAGCATTCGCAGATTCAAGAGCAAACA,CTTGATCAATCAAAA,-0.014084630754084093,0.0,24,36,13,12
GGGTCACCGACACGGGCACTTACACGCA,AGTGTTAATCAGACC,0.027355153161889828,7.075431092587593,15,21,25,26
CGCCCAGCTCCAACGGCATAGGCAACGA,AAAACATTATCAAAG,-0.02624650372556614,0.0,24,36,14,9
ATATCATAGTCACCAGCAAAAGCATCCG,GAACTCAGGTTCCAT,-0.03199300205926501,0.0,25,37,13,6
TCGCCACGGTCAACTACAAGATCAGCTC,GTTGAACTGGTTGTT,-0.020392697408701702,0.0,29,22,19,12
GTGGCAGAAGCATATACATTTACAAAAG,ACCACCGGTCCTGCC,-0.0024744076118102093,0.0,24,32,12,17
GGGCCAAATACAGAGCCAGTTTCAAAGA,GTTGGGCGCTTAAAG,0.009295834157401164,0.0,16,38,19,9
AAGCCACCACCACAAACAATTACAGGAC,TATATTGAACTTTAC,0.029230564234448895,0.681907808916435,13,37,23,4
GTACCACTCCCAGTAGCACTAACAGCAC,ACAGGGCAGCTCCCG,-0.03971663052934691,0.0,30,33,8,5
GCTCCAATGTCATAGACATGGCCAGAGC,AATGATACCATTTTT,-0.014084630754084093,0.0,28,25,12,14
ATAACAGCCTCATGATCAAAGTCATCTC,TTTAACTCACCGTAA,0.02624460249936775,1.6906375054245473,18,25,30,3
GTTTCATAACCAGATGCAAGCGCACGAT,TTTATAAATCAATAG,-0.0028688895333770204,1.247552913907441,20,23,22,14
CCTCCAGCTCCATCTTCACAATCAGATC,TTTATAAATCAATAG,0.012946376453126856,0.0,16,27,22,18
GTGGCATCCCCATTCTCAGGACCAAAAA,TCAAATGATGAGGAT,-0.010043439732177096,0.0,25,37,9,8
TTAACAAGACCAGCCGCACACCCAAGTA,GTTGGGCGCTTAAAG,-0.008007245527618953,0.033083027486725314,20,26,21,12
TGTACATTAGCAAAAACAAGGGCAACCG,AAAACATTATCAAAG,-0.028686011934037747,0.0,27,25,15,0
GTAGCAAACCCAGTAGCACTTGCAACAC,GAGAATGAAGGACAG,-0.0011591130537919856,0.0,19,31,13,14
AGGTCATGCGCATACGCACGGGCAGGAA,AGTGTATGATAATAT,-0.007649382922090097,0.0,26,30,22,2
AACCCAGCAACACTTTCAGGTGCAAAAA,GAACTCAGGTTCCAT,-0.04110907989896271,1.8550730256000065,30,27,13,4
GTGTCATGGACATGCTCAAGGACAGTAA,TCAAATGATGAGGAT,-0.04341613769885546,3.024264471188303,29,29,12,7
GGCTCAGTACCAGTTTCACGAACAAACA,ACCACCGGTCCTGCC,0.02063049840685463,1.6578396588627982,12,35,14,17
GATGCAAAAACATCCACAGGCGCAGATA,TATATTGAACTTTAC,-0.03395403771692904,4.285188014667483,28,25,14,8
ACAGCATATGCAGACGCAATTCCACGAA,ACAGGGCAGCTCCCG,-0.09111868199559793,3.616773865321278,38,25,4,2
TATGCATAGCCACGAACAAGGCCATCAA,AGAAGACGACGATGA,-0.0023279097797535443,0.0,17,32,16,9
GGGCCACAGGCAAAGCCACTCACACGCT,GAGAATGAAGGACAG,-0.033954037716929036,3.873588575658516,26,29,13,6
AGAACCCGGCAGGGACAGTCACAACTA,TCAAAGCATGAAAAA,0.013192380029714311,0.0,15,22,22,17
GTCACAGCCGCAGTATCAATTGCAAATG,ACCACCGGTCCTGCC,-0.012533963566254308,0.0,21,30,10,11
GGCCCAGTGGCAGTAACATAGGCAGCTT,TCTTGGAGGTGAATG,0.010822515973589948,0.0,18,20,15,19
CTGCCACTCCCAGCCTCAGTCTCATCAA,TTAGTCTTTCCATCA,-0.009997886684339687,0.012145813519225612,23,15,21,13
GAGCCATATGCAAATTCATTTACATGCC,TTTATAAATCAATAG,-0.015219365244858538,11.059039248752583,22,32,16,3
TCAGCACAATCACTCCCATTGTCAGAGA,TTTAACTCACCGTAA,0.02166992932141089,0.0,13,16,22,19
AGTCCAACGTCACCCTCACTGTCAAAGA,GCTAATTTCAAGAAT,-0.09945684288950297,0.0,38,23,7,2
AGGGCACTCTCATGTACAGCATCAGGAA,GAGAATGAAGGACAG,0.002942890038115594,0.0,12,34,14,10
AAGCCACAAACAGTAACATGCTCATGCT,TTTAACTCACCGTAA,0.0198676886124017,0.0,13,18,18,18
TCGCCAAACGCACGCCCAAACGCAGGAG,AGTGTATGATAATAT,-0.0030020772966179027,0.0,14,34,13,9
GCTGCAGATGCATACGCAAGGGCAACAA,CCGTTAGTATCGCTA,-0.0010638398205054852,0.0,21,34,7,8
GGGCCACGAGCATAAGCACAGCCACCAG,GTTGGGCGCTTAAAG,0.006352185008796211,0.0,13,26,16,12
GTGACAGCACCACGTGCAATTACACACG,ACAGGGCAGCTCCCG,-0.012709878018665764,0.6851619023863407,17,28,13,3
TTGACATGCGCAACAGCATCGCCATTCA,GTTGGGCGCTTAAAG,-0.013253704797051125,0.01897450107099985,5,36,19,5
GGGGCAACAGCAATGGCAGGTCCACCGC,TCATAGGTATCTCGC,-0.09932517730102831,0.21060330566857033,33,20,8,3
AACGCATATACAATGACAGAAGCATGGA,ACAAGTTTTACAGTT,0.003930247367946783,0.009330512251608525,15,27,16,9
CCGACAGTGACAACCACAAGACCAAAGC,ACAGTTGACGGACAG,0.04657209167989036,0.27250296291515497,6,25,24,7
ATGCCATCGTCAAAGGCACAGGCAAGAG,TCAAATGATGAGGAT,-0.12130226398458532,15.538520569581294,37,18,8,1
ACCGCAGTAGCAGCAACATAGACACTCG,TCATAGGTATCTCGC,-0.03138937299755153,0.0,19,33,10,1
CTGTCACTCACAAGTACAACAGCACTGC,AGTGTATGATAATAT,-0.02773651054808486,5.591141710830783,25,31,2,7
TGCACACATGCAGGGGCACTACCACAAG,TAACCTCGCGCTGAG,0.015554980964607968,0.0,9,22,17,14
TAAGCACACACAACCTCAAACACATAAG,GTTGAACTGGTTGTT,-0.07925810775481325,3.0897455524165025,27,20,9,5
TAAACACGCCCATTGTCAGCTTCACTAG,ATGGCGATGGTCTTG,0.026244602499367754,1.1799378246570598,12,22,20,8
TAACCAGTTGCAATCACACTGTCAGCTC,TATATTGAACTTTAC,-0.025537608358157788,1.0102084988752154,23,19,9,13
GAGCCAATTGCAACCCCAAAACCAACCG,ACAAGTTTTACAGTT,0.032125181283245575,9.582309154340578,14,11,11,28
AGACCAGCGACAACCCCAGCCTCATTAA,CTTTCTTGTGTATTT,0.03342020880866734,0.0,14,32,8,6
CAGCCACCAACACGGCCACGACCAAAAT,ACAGGGCAGCTCCCG,0.013821534534442792,5.876480552129465,10,24,13,9
GCAACAATAGCATACTCACGACCAGGTT,TTTTGCATTTAGGCG,-0.03138937299755154,0.0,19,25,10,7
GACACAGAGCCAATCTCATCAACACTGG,CATTTATGGCTATCT,-0.023034534429344996,0.022121456549371032,6,34,10,10
TACGCAGGTACAAAGACAGGACCAAAAA,TTTATAAATCAATAG,0.07477049681360466,0.5412650437837669,8,22,28,3
GTACCACATACAGCCTCATCACCATGTG,TTAGTCTTTCCATCA,0.006961478458768556,0.0,15,26,17,3
TTGGCAAGAGCATTGTCACATCCAGGAG,AAAACATTATCAAAG,-0.032542240043462824,0.0,22,26,3,3
ACCTCACGGACACAACCAGGCTCAATAG,TATATTGAACTTTAC,0.01120441211512646,0.0,6,24,10,14
CAATCATGAACACCGGCACCGACAGTTT,GAGAATGAAGGACAG,-0.049247648509779474,3.310778941941578,22,22,2,9
TGGCCACGAGCATGCCCAAGAACATACA,ATGAAGTTCATAATG,-0.12207149854690094,0.0,29,14,6,5
AGTGCAGGACCAACGACAGTAGCAATAT,TCAGAGCATTGGCCT,-0.01867817787842556,0.0,8,30,3,10
GTACCAACAACACATGCAGAGGCACGCT,CTTGCAAGTGTAATT,-0.022796860151218602,1.271147662899466,16,19,10,9
GAGGCACGCCCAGTTTCAGGCACAGACA,AGTGTATGATAATAT,0.00070332131106823,0.0,10,28,10,9
GAAACAAAGACATCTCCAGAAGCAGGAA,TATATTGAACTTTAC,0.0036539282073422726,0.0,7,24,15,6
GGAACAGTGACAAGGCCAAGGCCATAGC,TCATAGGTATCTCGC,-0.02662386400733525,0.127081292977266,19,19,11,0
CGACCAAGAACAGGGTCAGCCGCATTGC,CTCTTGAGAATACTT,-0.008701137698963012,0.0,20,30,1,2
GACACACGCGCAGCGTCATCACCATCAT,ACCACCGGTCCTGCC,0.03649737467534271,2.6918172425612,14,33,6,2
TGATCAAAGACACGGCCATTAGCAAATA,ACAAGTTTTACAGTT,-0.0291885287267128,2.7769955769157377,20,16,11,3
CGCGCAGGGGCAAGATCACATTCAAAGT,ATGGCGATGGTCTTG,-0.03509073205320634,0.04398907124448215,5,33,14,1
AGTTCAGTGTCATCAGCACTTGCAGCAT,TCAAAGCATGAAAAA,0.010239115188880012,0.0,5,7,21,18
CGCCCAATTACACCATCAGCAGCACCAG,TCGATAGAATTTACT,0.0007033213110682265,0.0,11,26,11,6
TCGACAGGTGCAGATACACCTCCAATCC,GTTAAATCAACAGTT,,0.0,32,9,2,4
CGCGCAAGGGCAGTTCCATTCACACAAT,ATAGAGCGGCGTTGA,-0.011354781529776179,0.0,14,20,11,5
TCTGCAGGCGCAGGTCCACTAACAGAGT,TCAAAGCATGAAAAA,0.0318960800040605,0.42186520331102884,8,17,12,15
GTTCCACGAACAATAGCACGGGCACGTG,TCTTGGAGGTGAATG,-0.055310110691422935,2.5528268319105223,17,16,9,8
CAGACAACACCAATCGCACAGCCAGTAA,TGATCATCACGGGAC,0.04483080678298697,2.70771991913125,8,14,13,16
TTGGCAAATGCATAGTCAATGGCAACAC,GAACTCAGGTTCCAT,-0.0032988140726085908,0.00082277000905151,13,21,12,3
TGCACAAAGGCATTTGCAAGCCCAGCAG,CTCTTGAGAATACTT,-0.05815234892137329,0.0,30,9,10,0
TTATCAAGGACACCTTCACGCACAGTAG,TTTATAAATCAATAG,0.019437993783138728,0.0,11,19,16,5
CACACACGCTCATGTACAAAAACAGGGG,AGAAGACGACGATGA,0.009819399150765974,0.0,10,20,12,4
GCTCCAAAGACATGGCCATAGTCAAAAA,CTTTCTTGTGTATTT,,0.002193846189769033,21,8,9,8
ATAACACAACCACTCGCAAATCCACCCA,ACAGTTGACGGACAG,0.001010602500526668,0.0,3,23,14,6
CCATCAGTCACAGGAGCACGCGCACTCT,TTATATTTATTTGCT,0.03210803528536292,0.004360661484611228,6,8,15,16
ATAGCACGTTCATAGCCAAAGGCACAAA,ACAGTTGACGGACAG,0.02420350277335501,0.13351561558658886,10,10,16,8
AGGTCATAAGCACGGTCAGCGACAGTAT,TATGCCCTTCTTCTG,0.005455778757610118,0.0,6,22,14,3
ACCACAGCTACACCGTCAGCCTCACAGT,CTTGATGGCTGAAAG,-0.07801585575495755,1.1326890418054774,20,15,7,5
CAACCAGCATCAGTCGCAACATCAAGCG,CTATGCATTTACTCA,-0.0009533538277738483,0.0,14,9,9,11
AATCCAAGATCAGGTACAACCTCATATC,GCTAATTTCAAGAAT,-0.12233639936405857,1.1674757350443485,27,13,2,0
CTTTCACCCGCAATATCACCAGCAATCT,AGTGTATGATAATAT,0.015415067982725805,1.3344786244661577,11,21,6,3
TCTGCATAACCAATACCAGTGACATTTC,CAAGGATCCCCGTAG,0.05065429113191575,0.0,9,13,13,6
CATCCAGCCTCAAGAACATAATCAGGGG,ACAGGGCAGCTCCCG,-0.09520088144762333,0.0,19,12,5,1
GGGACAGAGTCAAATACAGTTACACGGG,TCAAAGCATGAAAAA,0.0012099280139631803,0.0939182212354126,12,14,4,14
ATGCAACACCATAAGCAACAACAGTCA,TTTATAAATCAATAG,0.026544635832932033,0.0,8,17,6,14
GGCGCAGACGCAGTTGCAATGGCATTTG,AGTGTATGATAATAT,-0.06102595207541777,4.782402962531421,18,16,6,2
AATGCACACCCATTGACATACACATGGC,ATTATCAAGTGCCAG,0.03625243655497994,2.090292251957152,7,15,5,15
GTCTCATCGGCAAGCACAGTGTCAAAAA,ATAATTTTCATCCAC,0.03123868968782002,0.8791674310181179,9,17,14,3
TGGACAAGAACAAGGACAGCTACACGGA,CTTGCAAGTGTAATT,0.00044318743755726933,0.0,10,11,8,12
GCGGCAAAATCAGAAACAGTTGCAAGTA,ACCACCGGTCCTGCC,-0.006503247027085379,0.0,15,23,5,0
AGCTCAGTCACAAGGACACGAACAGGAA,ACAAGTTTTACAGTT,-0.05725191927713293,0.08951587734171085,13,12,9,6
TCTCCAACACCATAAACATACCCATTCG,GAGAATGAAGGACAG,-0.0020494819347352637,0.0,10,5,17,10
CAATCATCTGCAGTTGCAAGTGCAGCAC,ATAGTCGATTAAGAT,-0.07548407495652842,0.0,13,10,8,6
ATGTCATGTTCAGTTCCACGAGCAATGG,TTTAACTCACCGTAA,0.009020275264580756,0.0,10,11,10,10
GACTCAGATCCAATCACAAGATCACCCA,ACAGGGCAGCTCCCG,-0.08719661068026968,0.0,19,13,5,1
CGCATCAACAGGGGCACCATCAGTAA,TAACCTCGCGCTGAG,-0.0358945092473272,0.0,14,16,2,8
GATCCACATCCATATACATATTCAAGTT,TTTAACTCACCGTAA,,0.0,15,6,8,5
TCACCACGTACAGTAACACTTGCAGCCA,TCATAGGTATCTCGC,,0.0,10,9,8,3
CCTACATACCCAAAAACACGGACACAAA,TCAAATGATGAGGAT,-0.002247285585205816,0.0,10,16,6,3
CCAGCATTATCAGAGACAGTTGCAGAAT,AGTGTATGATAATAT,0.019428824723919293,0.0,5,14,7,10
GGGCCCAGCTCAACTACACTGGCATTTC,GCTAATTTCAAGAAT,0.009531017980432566,0.0,10,18,7,1
CAACCACCAACACGTACACCGGCATAAC,CCAACACAGGCTTCG,,0.0,8,16,6,8
CTGGCAGGGTCACACGCAGCCACAAATG,TCATAGGTATCTCGC,-0.00329441557193535,0.0,12,19,5,0
CCTACAAAGCCATAAAAAACTCATACC,TATATTGAACTTTAC,0.04265002036456211,0.0,5,13,12,5
AAACCAACAACAGTTTCAGTAACATGTC,CTTGATGGCTGAAAG,0.00505389016054969,0.0,11,11,12,0
AGTGCAGTTTCACACGCAAGGTCAAGCA,TGATCATCACGGGAC,0.03394888266559919,0.0,7,13,11,3
GTAACACACTCAGGTCCACCGGCAATAC,CATCACCGTGCTCAT,-0.04054651081081637,0.0,11,12,6,3
GCAACAGGGGCAATTCCAGGGGCAAATG,CTCTTGAGAATACTT,-0.07548407495652842,0.0,13,10,6,2
AGGGCATGTCCAGCGACAACAGCATTCA,CTACTTACAACGGAA,,0.0,8,10,6,2
AGGACAAGGGCAGTAACACAATCAGGTG,TAATATTGTTTTGCG,-0.049247648509779474,0.0,11,11,8,2
ACGACACCAACAGGTACAAGACCAAGGT,GAGAATGAAGGACAG,0.01360187734309286,0.0,10,6,14,2
AACACAGGGTCAGGAACATGGTCAAATA,TTAGTCTTTCCATCA,,0.0,6,15,7,2
ATTGCAAGTTCACACCCACGTGCATACA,ACAGGGCAGCTCCCG,-0.05725191927713293,0.0,13,12,4,2
ACGGCACTGGCACCTACAAAGGCAATAA,CCAACACAGGCTTCG,,0.0,7,5,4,12
GGGCCAGACTCACATTCAAACACAGTTC,GAGAATGAAGGACAG,0.06735969959823249,0.0,4,11,13,1
GGCCCAGTATCACTAGCACAGACAATCC,AGAAGACGACGATGA,,0.0,6,11,7,8
GACGCAGAAGCATGCTCAGCAACATTCA,TCAAAACGGAGTGTT,,0.0,8,6,6,7
TACGCAAGCGCAAAGTCACTCGCAGATG,AGTGTATGATAATAT,,0.0,9,14,2,5
AGGGCATAGCCACAAACAATTGCAATTG,TTTATAAATCAATAG,,0.0,6,14,7,2
GAACCAATAACAATTGCAAACCCAAAAT,AGTGTTAATCAGACC,,0.0,8,8,7,7
GCATCAGAATCACAGGCAGCTACAGTCT,CTCTTGAGAATACTT,,0.0,15,4,4,1
ACGGCACCTTCAGGGACATATTCATAAT,TATATTGAACTTTAC,,0.0,10,8,5,6
GACACAAGATCAAGGACAGTGACAACAC,ACAAGTTTTACAGTT,,0.0,5,16,4,5
CCCCCACGATCAGCCTCATCACCAGAGG,GAACTCAGGTTCCAT,,0.0,8,12,4,6
GGCTCATCTGCATACGCACAAACAGGGA,GGTTGCCCAGAAGTA,-0.011815161772535186,0.0,1,2,16,11
TTGGCATTGCCAAGGTCAATTGCAAGAA,TGATCATCACGGGAC,,0.0,8,9,2,8
AGCTCATCGTCATGGACAACGACAGTTG,TCATAGGTATCTCGC,-0.05725191927713293,0.0,13,12,1,0
AGTGCACAGTCAGGTTCAGCTTCAGGTA,GTTGAACTGGTTGTT,,0.0,7,12,5,4
TGTTCAAAGACAAGTGCAATTACAATAA,ACAGTTGACGGACAG,,0.0,11,6,4,5
ATCGCAAAATCAAGTGCATCCACATTGC,TCATAGGTATCTCGC,,0.0,14,5,6,1
CCTCCAATGACACAGACAAAAACAAACA,TGATCATCACGGGAC,,0.0,3,12,8,5
TTACCAGAAACAGAGGCACCTGCACAAC,TTTATAAATCAATAG,,0.0,6,9,2,11
TAAGCAAGGGCACCGGCAAACTCAGTAT,AGAAGACGACGATGA,,0.0,4,12,2,6
ATGGCAATCCCAGGGCCAGTCACATTCA,CTAAGCAGTCTTCTC,,0.0,7,8,4,3
TGGGCAGGATCACAGTCACTCACAACAG,GCTAATTTCAAGAAT,,0.0,3,7,9,5
ATGGCACAGCCAGATGCACTCACATACA,AAAACATTATCAAAG,,0.0,8,12,5,1
GTGCCAAAATCATTAGCAACGGCACTCC,GTTGGGCGCTTAAAG,0.03242213545252026,0.0,4,12,10,1
ATGTCAGGTACACGCACAAACGCAAGAA,CTAAGCAGTCTTCTC,,0.0,8,12,6,1
AATGCAGTAGCAAAAGCAAGGACACGGT,CGAATGCCATACAAA,,0.0,10,7,6,1
GGGTCAGTGCCAACACCACACACAGGAG,TAACCTCGCGCTGAG,,0.0,1,15,9,0
CAGGCAAACACATCATCATCGACAACCT,TCAAAACGGAGTGTT,,0.0,10,6,5,4
CGGTCATAGGCATTCCCACTACCAGATG,TTTATAAATCAATAG,,0.0,9,5,6,3
GAAACAATAACATAGGCATGCGCAGGTC,TCATAGGTATCTCGC,,0.0,10,6,5,1
TTCTCAATAGCATTCAACACCAGCCG,CTCGCTAATACTCCT,,0.0,6,7,10,0
TACACATGGTCAGCCGCACGCTCATACT,CAATCTTGAATTGAT,,0.0,8,14,2,1
CTTGCACGAGCACACCCACGCTCAGAGA,ACCACCGGTCCTGCC,,0.0,8,7,2,8
TTTACATAGTCAAGGACATCGGCAGCGC,CTACTTACAACGGAA,,0.0,12,4,4,1
ATCGCATAATCAGGTACAAGTGCATAAT,GAGTGCTTCAAAGTT,,0.0,11,6,7,0
TGCACAGCATCAACCACATGGGCAGGAA,GAGAATGAAGGACAG,,0.0,3,11,4,6
GCATCAATTGCACAAGCATCGTCAATGG,ATTATCATCGCCATC,,0.0,7,10,2,0
TGAACAGCGTCAACGTCATCCGCAGGGT,TCATAGGTATCTCGC,,0.0,15,4,2,0
TCCGCATCCTCAAGAGCAGAATCATCAC,AAAAGCGACATTTCT,,0.0,3,12,6,1
CGCTCAATTGCAGGGCCATCCGCAAAAG,ATTATCATCGCCATC,,0.0,3,4,14,1
CCACCATTCCCACCATCAATGTCAAACA,CAAGGATCCCCGTAG,,0.0,5,13,2,3
ACTACAAGATCAGGGCCAATTCCATCAT,ACAGTTGACGGACAG,,0.0,7,5,7,2
CCATCATCATCAACCACACGGGCACTGA,AGTGTATGATAATAT,,0.0,10,9,2,0
AGAGCATCTGCAAAACCAGAAACACACA,TAACCTCGCGCTGAG,,0.0,6,11,4,1
GCCTCATCCTCATCCTCAAAAGCACTGC,TGATCATCACGGGAC,,0.0,8,6,4,0
TGTGCAGGCTCATCTCCACCGCCAGCTA,TCATAGGTATCTCGC,,0.0,9,8,2,1
AGACCAATAGCATGGACATGACCAGTCT,CTTGCAAGTGTAATT,,0.0,4,7,3,5
TGTTCAAGCGCAGGTGCATTGTCAGGTC,CTTTCTTGTGTATTT,,0.0,7,4,3,6
CATACAGCGACACAGGCAACGTCATGTG,ACAACCTACCTGCTA,,0.0,8,4,5,4
TTGACAGCTTCAAATCCACACACATCTG,CAAGGATCCCCGTAG,,0.0,9,3,3,6
GCGACAGGAACAGCAACAAGCACACGTT,CGAACAGAAACACAA,,0.0,14,4,0,0
AAATCAAAAACAAGTACACCGTCACGAA,AAAACATTATCAAAG,,0.0,8,4,2,1
CAGGCATGAGCAAGGACAAATTCATTTT,TCATAGGTATCTCGC,,0.0,10,4,3,1
CTATCAACTCCAGTCGCAAGCACAAGTA,TTTATAAATCAATAG,,0.0,3,10,2,2
GGCCCAGTGGCAGGGCCATGTCCATCAC,TTTTGCATTTAGGCG,,0.0,4,4,8,3
GAGACAGCGACACACACAGACACACCAC,ATTATCATCGCCATC,,0.0,9,5,1,0
TCATCAGTCTCAGGAGCATAGTCATGAC,ATTAATACTTTGCAG,,0.0,4,7,2,0
GTGGCAACCTCATGGACAGATACAGCGG,CTCTTGAGAATACTT,,0.0,7,7,3,0
GGCTCACGAGCAGCAGCACTTGCACATA,GCAAGAAAGAAACCC,,0.0,4,5,5,2
ATGTCACAATCACGAGCACTAACATCTC,AGAACATCATCTACA,,0.0,1,6,6,4
GCTGCAACAGCATGTACAAATCCAGTAA,ACAGGGCAGCTCCCG,,0.0,6,10,1,0
CGCGCAATGGCAAGTTCATTTCCACCGG,TTTATAAATCAATAG,,0.0,2,15,1,0
TAGTCACGCCCATTTGCAGATCCAGCTT,TAACCTCGCGCTGAG,,0.0,5,4,1,5
GCACCAAACTCAGTACCAGCCCCAACCC,TCAAAGCATGAAAAA,,0.0,9,4,4,0
TTAGCACACACATGAGCAGACTCATCGA,CTATGCATTTACTCA,,0.0,7,4,5,1
TATGCAGGGCCATGCTCAAAAACAACAA,TTTTGCATTTAGGCG,,0.0,1,6,6,4
GCTTCAAAGCCAGACTCATGATCAATCC,GCTAATTTCAAGAAT,,0.0,7,4,2,1
GTCGCAGGTACACCCGCAAGAGCAACTA,TAACCTCGCGCTGAG,,0.0,6,3,3,1
CGGGCAGTCGCATGGTCAAAGGCACCAC,TCAAAGCATGAAAAA,,0.0,6,6,3,0
GCTGCACCAACAGGCCCAGGCACATATC,GTTGAACTGGTTGTT,,0.0,2,3,5,5
TACGCAAGATCAATGACATAGTCACGGG,CTTGATCAATCAAAA,,0.0,7,6,2,0
ATACCACTGGCAGTCACAGGGCCACCGC,CTCTTGAGAATACTT,,0.0,5,6,0,2
AGCACACCGACCATCCATAGTCAGTCT,CGATGATGATGATGA,,0.0,4,9,2,1
CTTTCACTACCAGGGTCAAGGCCAAGAT,AAAACATTATCAAAG,,0.0,7,5,1,0
GCCTCAATCCCACGCCCATAGCCAGATA,TCGAAAGCACAGTAG,,0.0,6,2,1,3
CTCACATCTACAAACTCAAACTCAGAAG,CTCTTGAGAATACTT,,0.0,7,2,3,1
GCATCACAGTCAGCGACACCTGCAAGTC,ACAACCTACCTGCTA,,0.0,2,7,3,1
GGGCCATGGTCAAGGGCATGTTCACTCT,AGTGTTAATCAGACC,,0.0,6,8,1,0
GCCGCAAAAGCACTAACAAGAGCAATTC,TCATAGGTATCTCGC,,0.0,6,2,5,2
CAGTCATGAACACCTCCAGCAGCAAGTA,ACAGGGCAGCTCCCG,,0.0,6,4,5,0
TGCCCATGGGCAGCTTCAAATTCAGGAG,AGAACATCATCTACA,,0.0,2,8,1,3
GGGGCAGATCCAGCGACAAACGCAGATA,TCGATAGAATTTACT,,0.0,6,8,0,0
TGGCCAGCTCCAGGTCCAGTCACAGGTC,TATATTGAACTTTAC,,0.0,4,5,2,3
GAAACAAGGTCAAACATAGGCATCCT,AGTGTATGATAATAT,,0.0,3,10,1,0
CATGCAGCGGCAAGCGCAATAACACTTG,ATTATCATCGCCATC,,0.0,3,8,1,0
CTGCCATTGACACAAACAGGCGCATTTC,CTACTTACAACGGAA,,0.0,4,6,1,1
ATTGCAGCTTCAAGCCCATTCGCAGACG,ATTATCATCGCCATC,,0.0,2,5,3,0
ACTGCAAGAACACGCCCAGTCCCAGAAA,GTAATCTGACTCTAG,,0.0,4,2,4,2
GCTTCAAAACCACTCACACATGCACCAC,ATTATCATCGCCATC,,0.0,7,4,0,0
CATTCACTGGCAACGTCAACGACAAAGG,CTCTTGAGAATACTT,,0.0,8,4,0,0
GGCACATTCCCACACTCATTGTCACGGA,ACCACCGGTCCTGCC,,0.0,2,8,1,2
GTCCCAGGTCCATAATCAACTCCAAAGA,AAAACATTATCAAAG,,0.0,5,6,1,1
TGCCCACGAGCATATTCACCGTCACCTT,CTCGCTAATACTCCT,,0.0,2,4,3,4
GATCCAAAACCATTAGCAACGCCAAAGG,CTTGATGGCTGAAAG,,0.0,2,3,2,5
ACGCCACATTCAGCTCCAACTGCAGGCG,TCAAATGATGAGGAT,,0.0,2,3,1,3
AAAACAATTGCACTCGCAGGCACATCAA,TGATCATCACGGGAC,,0.0,2,7,1,0
TTCTCAAGGACAGAATCATAGTCATAGC,ACAACCTACCTGCTA,,0.0,5,0,1,4
CCCACAGAATCAATGGCACCCTCACAAT,AGTGTTAATCAGACC,,0.0,7,1,2,0
GAAACAGGGGCAAGAGCAAGTCCAAAGT,CGTCAAGACCTTCTA,,0.0,1,3,3,1
TAAGCAGGTGCAGATGCAGTGGCACTAG,GTAATCTGACTCTAG,,0.0,3,3,1,1
GGACCAAAGCCAAGACCAGGGTCACCGG,CTTGATCAATCAAAA,,0.0,2,5,2,1
TTTCCATGAACAATCGCATAACCAGACA,TAACCTCGCGCTGAG,,0.0,1,3,0,6
TTCCCAAATTCACAGACAACTACAAACG,GCTAATTTCAAGAAT,,0.0,4,6,0,0
TACGCAAGTGCATGCCCATTGCCAAAGT,AGTGTTAATCAGACC,,0.0,6,0,0,0
CCTTCAACCGCAGTTTCACGGCCACTGG,TCAAATGATGAGGAT,,0.0,3,4,1,0
TTGTCACCTTCAAGGTCACAGACAGAAC,ATCGTTGGCATTTGG,,0.0,5,1,1,2
GAATCACTGGCAAAGTCACAGACAAGGC,AGAAGACGACGATGA,,0.0,4,0,4,1
GAGTCATCCGCACAATCACTCCCAGTAG,AGAAGACGACGATGA,,0.0,0,6,0,0
TACTCAGGGACAACTCCACCGCCAATGA,TCAAAGCATGAAAAA,,0.0,3,3,0,0
GGCGCACTGCCAATGACATAGTCAAATA,TCATAGGTATCTCGC,,0.0,7,0,0,0
TTGGCACGCGCAGAGACAGCAGCATCGG,TTTTGCATTTAGGCG,,0.0,4,4,0,0
GAGGCACAGCCATTAGCAGCATCATGAT,ACAAGTTTTACAGTT,,0.0,3,2,3,0
TGCCCATTTGCACATTCATTCTCACACT,GAGAATGAAGGACAG,,0.0,0,3,4,1
GGAGCACAGTCATGTGCAAGTTCATCCT,ATTATCATCGCCATC,,0.0,4,2,0,0
GTAGCAGATACAGGACCACATTCACTCA,AAAACATTATCAAAG,,0.0,3,1,0,1
AGTGCAGGTGCAAGGCCAGTCCCATCCA,TAATATTGTTTTGCG,,0.0,5,1,0,0
TTACCAAGCGCAAGACCACTCACAAAGA,CGAACAGAAACACAA,,0.0,2,4,1,0
GGACCAAAACCAGAAGCACCGACATTGG,CTAAGCAGTCTTCTC,,0.0,2,0,1,4
CAAGCAGTGTCACCGTCACACACATAAG,ATTATCATCGCCATC,,0.0,1,1,1,0
CCTACAACTACAGTCACAATAGCAACCT,GAGAATGAAGGACAG,,0.0,3,1,0,0
CATGCATAAACATGGCCATTTCCACCTG,AGTGTTAATCAGACC,,0.0,2,1,0,0
GGGGCAAATCCATGGTCATGCTCATAAC,TTAGTCTTTCCATCA,,0.0,2,2,1,0
GTGTCAGAAACAAGGTCACCGCCACTCT,AAAACATTATCAAAG,,0.0,4,0,0,0
TTTGCATATGCAACTTCACGGGCAACAA,AATGATACCATTTTT,,0.0,3,0,2,0
TGTACACAAACACGCACAGGGGCAACAT,TCAAAGCATGAAAAA,,0.0,3,1,1,0
GGACCATGGCCATTAGCAGAGCAAACA,TCAAAGCATGAAAAA,,0.0,5,0,0,0
GGATCAATCGCACGGTCAAGTCCAAATC,GTTCAGCTTTGATCG,,0.0,0,4,1,0
AGAGCAAAACCATCTTCACAAGCATATG,TGGAGTCTTTGTTGA,,0.0,2,4,0,0
TATCCAGATACACCTCCAGTGACAGTCA,GCTAATTTCAAGAAT,,0.0,5,1,0,0
GCCACATAGACAAGTACACTATCATACC,TCATAGGTATCTCGC,,0.0,1,5,0,0
TTACCAGTCGCAGCAACACGCTCAAGAA,TCAAATGATGAGGAT,,0.0,2,2,1,1
TGGTCACCCGCACGATCACCGGCAGTGC,CATCAATGAGGCAGT,,0.0,0,2,1,3
TGACCATAAACACGATCACGGGCATAAT,AGTGTATGATAATAT,,0.0,0,0,4,2
CGGCCACGCGCAGTCTCATTCCCAGTGT,ACCACCGGTCCTGCC,,0.0,0,0,6,0
TTGACATATGCAAAGCCACAAACAGCGA,CAAGGATCCCCGTAG,,0.0,1,2,0,0
ATACCAAAGGCATTGGCACGGTCAAATC,TCAAAACGGAGTGTT,,0.0,1,2,1,0
GTCGCAACGCCAAAACCATCTGCAGGCT,CGAACAGAAACACAA,,0.0,1,2,0,0
TCCTCAACAACAGGACCATGGTCAGAAG,ACAAGTTTTACAGTT,,0.0,1,0,1,0
TCCGCAGATCCATCATCACGAGCATCGA,ACAACCTACCTGCTA,,0.0,3,1,0,0
TTGGCATCGCCACCCGCAGCGCCACGTC,CTTGCAAGTGTAATT,,0.0,3,1,0,0
GGACACGCCCATGGTCAACAGCAACTT,CTCGCTAATACTCCT,,0.0,2,1,1,1
GGGACACAAACAGGCTCATAGTCAGTTA,CTACTTACAACGGAA,,0.0,4,1,0,0
GGGGCATATACAGCCACATTTTCAACCG,CTTGATCAATCAAAA,,0.0,5,0,0,0
GAAACACGTGCAGCCCCACCAGCAGGCA,GAGAATGAAGGACAG,,0.0,2,1,1,1
GAGCCATGCCCATCGTCATTGACACGAG,ATAGAGCGGCGTTGA,,0.0,1,1,3,0
TACACAGACACATTTGCAACGTCAAGTC,ATTATCAAGTGCCAG,,0.0,1,1,3,0
GCACCATAGACACTCGCACATCCAGAGA,CAAGGATCCCCGTAG,,0.0,0,3,2,0
AATCCAGACACAGCGGCAGCGGCACATC,ACCACCGGTCCTGCC,,0.0,0,3,1,1
GCAGCAAAGGCATCGGCAAAGTCACGGC,CCAGGATGTACCGCC,,0.0,0,0,4,1
CCTACAGAGACAACGGCATAAGCAAACT,TAGACGGACATCTTC,,0.0,0,0,5,0
GATGCAATATCACGGTCAGATGCAGTCA,TCGAAAGCACAGTAG,,0.0,3,0,0,0
GCGGCATTGGCACGAACAGATTCATTAC,TTAATTAGAGGTATG,,0.0,3,0,0,0
TGAACAAGCCCAGTAGCATGTGCAGCCC,ATCGTTGGCATTTGG,,0.0,1,2,0,0
AACACAAAAGCACTCCCAGGGTCAGTAC,CTAGTTGTATAGCCA,,0.0,3,0,0,0
TAGTCAGGGGCAGGTACACGTTCAATCC,AAAACATTATCAAAG,,0.0,2,1,1,0
CACGCACTGTCACGTGCAGGTACATGAG,GGTTGCCCAGAAGTA,,0.0,4,0,0,0
GTTGCAGGGGCAACAGCAGTCGCAGTGG,GTTTGTTTTGGGAAA,,0.0,2,2,0,0
GATGCATATACAAAGGCAAGAGCACAAG,TCAAATGATGAGGAT,,0.0,1,3,0,0
ATACCATGTGCACACGCAACGTCAACAC,GAACTCAGGTTCCAT,,0.0,1,0,0,3
ATCGCACGGCCAACTACACTTACATCCA,ACAACCTACCTGCTA,,0.0,0,3,1,0
AATGCAATTCCACGGTCAACGCCAGAGT,CTTGCAAGTGTAATT,,0.0,0,1,2,1
TGGCCATCAACAATACCAACATCACTGA,GCTGCTTATGAGGAT,,0.0,0,0,4,0
GCTACAAGCACAATCTCAAGATCACCGC,ATTATCAAGTGCCAG,,0.0,0,0,1,3
AGTTCAATCACAACGACACGGCCACTAC,GAACTCAGGTTCCAT,,0.0,0,0,2,2
TCTCCACGTACAAATCCAACCTCAACAT,CTAGTTGTATAGCCA,,0.0,2,0,0,0
GGGGCATTAGCAGTCCCAATCTCAACGT,GTTTGTTTTGGGAAA,,0.0,2,0,0,0
AACCCACGTCCACACTCACGAACAAACC,ATTAATACTTTGCAG,,0.0,3,0,0,0
ATGGCACCGACACTACCAGTTCCAGCGT,CCAAGACCGTGTAAA,,0.0,1,0,1,1
CGCACACACACACGAACAGGGTCATTTC,CTAAGTGTGAAGGAG,,0.0,1,0,2,0
CGTACAGGAACATAAACACACTCATTCG,AGTGTATGATAATAT,,0.0,0,0,3,0
CGAAACAGGATCAGACGCAACAACACAC,CTCGCTAATACTCCT,,0.0,0,0,3,0
ACAACATTAACATCTACAGAGGCATAGC,TCGATAGAATTTACT,,0.0,0,0,3,0
AGGTCAGCCGCAAGGCCATCCCCAGAAC,TCAAAGCATGAAAAA,,0.0,0,0,3,0
CGACCATTAGCAATGACAACAGCATCTC,GTTAAATCAACAGTT,,0.0,1,0,0,0
CACCCATGCTCAATGGCAGGCCCATGCT,TCGATAGAATTTACT,,0.0,0,0,1,0
CAGCCACAGCCAATGACATTATCAGCTA,ATTATCAAGTGCCAG,,0.0,2,0,0,0
CTCGCAGATGCATCGTCAATATCACGAC,GCCCTCGAAACCTAT,,0.0,2,0,0,0
AGGCCACTGCCAATCGCAAAGCCAAGGT,TAACCTCGCGCTGAG,,0.0,2,0,0,0
AGGGCACAGTCAGTTGCACGTCCATAGA,GCTGCGGAGCCTCAG,,0.0,2,0,0,0
AATGCACTGGCAGTAACAGCAGCAGTTT,CTTGATGGCTGAAAG,,0.0,1,1,0,0
CCAGCATTACAGGTACATATCCAATTG,CATATGCATTCCTTG,,0.0,2,0,0,0
TGATCAGTCTCACCGACATTCCCAACAC,CATTGTCGGACGCTT,,0.0,1,1,0,0
GATGCATAAGCAGTAACAAGACCAAAAA,CTATGCATTTACTCA,,0.0,2,0,0,0
ATCCCAGATACAGTCGCATGGGCAGGAC,CTTTCTTGTGTATTT,,0.0,1,1,0,0
GAGCCAGTCGCATTCACAGGTGCATCAG,CTCTTGAGAATACTT,,0.0,2,0,0,0
GTCTCAGCTTCATGTTCAGGAGCAAAGA,CGAACAGAAACACAA,,0.0,1,1,0,0
ACACCAACGTCACCAACACATTCACTGA,AGATTCATCCCATGG,,0.0,1,1,0,0
ATTCCAAACGCAGGCGCAGCCTCAGTCT,ATCGTTGGCATTTGG,,0.0,0,2,0,0
TATTCAGAAACATGACCAGAGTCAACAT,CTACTTACAACGGAA,,0.0,0,2,0,0
GGTACATAGACACGCGCAGTACCATGAA,TCTTGGAGGTGAATG,,0.0,0,0,2,0
AATGCAGGCTCATCGGCATGGGCAAAAC,CTAAGCAGTCTTCTC,,0.0,0,0,2,0
GTACCATAGTCAGTAACAGAGGCAAAAC,TTTATAAATCAATAG,,0.0,0,0,1,1
TCGACATGCTCAAACCCAACCGCAAAAA,TTATATTTATTTGCT,,0.0,0,0,2,0
GGGTCACGCCCAGTCGCAATATCAAGGA,TCTTGGAGGTGAATG,,0.0,0,0,0,2
TCCCCACTAGCAATATCAGCCGCACTGA,AGTGTTAATCAGACC,,0.0,1,0,0,0
GGCACACGATCACGCACATACACAATAA,TGATCATCACGGGAC,,0.0,1,0,0,0
CAAACAAATACACGAGCAGATTCAGCAG,CAAGGATCCCCGTAG,,0.0,1,0,0,0
AAGTCATCAGCACTACCAGGGTCATGAT,AGTGTTAATCAGACC,,0.0,1,0,0,0
CAGGCAGTACCATGACCAGTTCCAGGAG,AGTGTTAATCAGACC,,0.0,1,0,0,0
GGAGCAGGCCCATGTGCAAATGCATACA,CATTTATGGCTATCT,,0.0,1,0,0,0
TTCGCAGGCGCACTCGCAAGTCCAACGG,TCGATAGAATTTACT,,0.0,1,0,0,0
GACCCATACTCAAGTTCATTACCAGTAG,ATAGTCGATTAAGAT,,0.0,1,0,0,0
GTAGCAGATGCATTGGCAGGAGCAATCC,TAACCTCGCGCTGAG,,0.0,1,0,0,0
CGGACAGCATCACTTGCAGGGTCACCAG,CTCTTGAGAATACTT,,0.0,1,0,0,0
ATTGCAAGTACACAGACAGCACCATTCA,ATCGTTGGCATTTGG,,0.0,0,1,0,0
AGAGCATGGCCAAGCCCAAAATCACTCT,TTTATAAATCAATAG,,0.0,0,1,0,0
CTATCATTATCAGAATCAAGTTCACATT,TATATTGAACTTTAC,,0.0,0,1,0,0
GTTACACCGTCATGAACAAAAGCATCGC,AGAAGACGACGATGA,,0.0,0,1,0,0
CCAACAATTGCAGGAACATCTACATGCC,ACAACCTACCTGCTA,,0.0,0,1,0,0
CATGCAGAGACAGCAACATCAACACAAC,CTCGCTAATACTCCT,,0.0,0,1,0,0
GACCCATCAACATCGTCACTAACAATGC,CCAACACAGGCTTCG,,0.0,0,0,1,0
CTCGCACGTACAATTTCAGTGCCACACC,GCTAATTTCAAGAAT,,0.0,0,0,1,0
AGTACAGTATCACTCCCAGGACCATGCG,ATAGAGCGGCGTTGA,,0.0,0,0,1,0
TGGACAGACGCACTTCCAGGGGCAGACT,CATCAATGAGGCAGT,,0.0,0,0,1,0
AGTACAAACTCATCAACAGCTTCACTGT,TTTTGCATTTAGGCG,,0.0,0,0,1,0
TGGACATCATCACCGCCATGTTCAAACA,TTTATAAATCAATAG,,0.0,0,0,1,0
GAGCCAACTCCAGTCTCAGACTCAGAGA,AAAACATTATCAAAG,,0.0,0,0,1,0
CAGGCAAGGCCATACTCATACGCACCAT,AGTGTATGATAATAT,,0.0,0,0,1,0
GTACCAACGCCAAACCCATGTCCAGTGC,TCAAAACGGAGTGTT,,0.0,0,0,1,0
