BC,Edge,s,LL.ratio,TP1-1-T1,TP1-1-T2,TP1-1-T3,TP1-1-T4
TTGCCAAATTCAGGATCAGAGGCACCTA,GGTTGCCCAGAAGTA,-0.006873186420672066,0.0,1652,3195,3069,2488
CTACCAAAGTCATGCACAGTAGCAGGTC,GTCACCGGCACTAAC,0.013189342939269632,0.0,782,2029,2187,2150
TATACACGGACACGTTCAATACCAGGAG,ACAACCTACCTGCTA,-0.004336786218647873,0.0,1003,2014,1949,1630
TAAGCAAACCCAAACACAAAAGCATGGT,GTTGGGCGCTTAAAG,-0.0018866530527644227,0.0,813,1739,1591,1422
TCAACACCCCCAGCTTCAGAATCAGCCT,CAATCTTGAATTGAT,0.013527073344811536,0.0,530,1473,1607,1472
AGAACAGTTACAAGGGCAGGAGCAGGCG,TCAGAGCATTGGCCT,0.026258085032152337,0.0,405,1290,1567,1648
ACAGCACGGGCACAGGCATGAACATCGT,CCAGGATGTACCGCC,0.014967421486470671,24.855314387970793,460,1405,1499,1334
CTTGCAAGTTCAGGAGCACGGACAGAGC,ACAGTTGACGGACAG,0.0038353650115105164,0.0,535,1253,1346,1111
ACACCATGCACAGATTCATCGGCAGCTA,CTCGCTAATACTCCT,0.0015572032936228405,0.0,545,1220,1219,1057
AACACAATGCATAGTCACGCACAGCGC,TTAGTCTTTCCATCA,-0.003113473414831865,0.0,538,1241,1107,907
CTTCCACAGTCATCCACAGCCACACTTC,CTCGCTAATACTCCT,0.00752808547555793,0.0,472,1084,1099,1095
GATACATGTGCACGTTCAGGGCCAGGGC,CAATCTTGAATTGAT,0.009411551812001233,0.0,398,1219,1115,977
AGAACACGATCACAGTCAAGTCCATCGA,CTCGCTAATACTCCT,5.663474267006592e-05,0.0,466,1118,1090,864
GTCGCAGAATCATGTTCAGGGGCACCAA,TCTTGGAGGTGAATG,-0.0028971423104365624,0.0,508,1105,1016,862
TACTCAGGTCCATGAGCAAACCCAATCA,TATATTGAACTTTAC,-0.004121724938423007,0.0,505,1083,986,826
TACACATCCCCAAGAGCAAACCCACTTC,TCAAAACGGAGTGTT,0.00012849506869604786,0.0,458,1043,982,851
TTAGCACTGGCAATCACATGGACAGGTG,TCAAAACGGAGTGTT,0.004836465190179284,0.0,393,1034,1076,841
CACACAATGTCAATCCCATCCCCAATCG,GTCACCGGCACTAAC,0.009614702481219059,0.0,364,928,1042,899
AAAACAAACGCAGCCCCATAAGCAAGGG,TATATTGAACTTTAC,0.0027846044746006418,0.0,410,1020,902,825
GTGGCAGGGGCAAGGGCATCATCATGGC,TTAGTCTTTCCATCA,-0.0018803361748790009,0.0,423,1018,954,740
CCGCCAAAAACACAGTCAGGATCAGTTT,TATATTGAACTTTAC,-0.012098840439344801,0.0,473,1065,796,609
ACTCCAACTTCAGAATCAAGCGCATCAC,ACAGTTGACGGACAG,0.007117941762165285,0.0,343,1025,926,786
AGTTCACCATCATGCCCAAAGGCAGGTG,TCAAAACGGAGTGTT,9.325197975390959e-05,0.0,417,872,918,774
AGACCATTCACATAGCCAATTCCAGCTT,TGATCATCACGGGAC,-0.012522781437267734,0.0,494,945,828,628
CGGGCATCACCAAGGTCAGCGGCAGTGC,ATTATCAAGTGCCAG,-0.0184266334616458,0.0,493,950,779,525
ATAGCAGCAACACTGGCAGTACCAAAAT,CGATGATGATGATGA,-0.00703772207421207,0.0,367,989,817,550
CAAGCAATGCCAGATACACTCGCAGTGC,TTAGTCTTTCCATCA,-0.011566965569071448,0.0,425,863,772,556
TATCCACAGCCAGAAACAGTAGCAGCGA,ACAGTTGACGGACAG,0.0016455784431540874,0.0,361,810,801,702
CAGTCATGTACACTCACACAATCAAGCT,CAATCTTGAATTGAT,0.005302653883879686,0.0,341,756,791,740
GGGGCATTCGCAAATTCATGATCAACGG,TTTATAAATCAATAG,0.004888969711327062,4.094367019214587,307,867,764,658
AGAGCATGGTCAGGTGCAGTCACAAATC,CTCGCTAATACTCCT,-0.004213477080235739,0.0,366,812,803,597
CCGTCAAGAACAACAACACAGGCACTGC,TCAAAGCATGAAAAA,-0.0077650411789233304,0.0,356,840,772,522
CGATCATGTGCAACGGCACACACAAGAG,ATGGCGATGGTCTTG,-0.006568252104385985,0.0,377,744,780,573
GGGGCATCTACATGGCCAAGGTCACGCA,AGTGTTAATCAGACC,-0.0029134051534601027,24.535146220996012,352,833,746,597
CAACCACCATCAAGAGCATGACCATTCC,CCAGGATGTACCGCC,0.003086265658597887,0.0,328,808,729,666
CTCACAGCACCAGGCGCAAACCCAACTT,CCAGGATGTACCGCC,-5.0323260165436916e-05,0.0,349,741,762,645
ACGTCAACTTCAGAAACACCCACACGCG,TTAGTCTTTCCATCA,-0.007202936791418073,0.0,399,700,773,595
GCGTCATCGACAGTGACACGCTCAGTAC,GTTGGGCGCTTAAAG,-0.00955940320534704,0.0,398,724,752,553
GAATCACACCCAGTGGCATAGCCACAGA,TTATATTTATTTGCT,0.010224239692465368,0.0,293,653,755,737
AGCGCAATATCATGCTCAGGCGCATTCC,TCAAAACGGAGTGTT,0.002964801267617808,0.0,303,771,749,613
ACTGCAAAAACAATCACAGCCTCATCAG,ACAACCTACCTGCTA,-0.0014440816830334341,0.0,334,760,708,592
TCTACACGGCCAATCACATGTTCACACT,TATATTGAACTTTAC,-0.002892859941071283,0.0,307,712,646,521
TTCGCAACAACAGGCCCATGGCCAGTGT,AGTGTATGATAATAT,-0.02274895245341063,0.0,387,804,646,362
ATACCAATCACACATTCAGAAACATTGC,ACAGTTGACGGACAG,-0.0009656791561698073,0.0,312,701,597,561
ATCTCATCCCCAAACACAGCTACAACGG,TATATTGAACTTTAC,-0.00982792916592404,0.0,341,726,646,470
GGTACATGGACAATAGCAGGAGCAGTAA,CTCGCTAATACTCCT,0.007902974458450703,0.0,234,644,649,549
ACAGCAGGAGCAGTGCCATCGACAGCTG,CCAGGATGTACCGCC,-0.004129576100063199,0.0,329,669,617,538
AACTCAAGATCAATATCAAATTCATAGA,GTTGGGCGCTTAAAG,-0.00046401568335817264,0.0,292,664,592,533
TCACCACTTGCAGGTCCACATACAATAA,CAATCTTGAATTGAT,0.013946189171074345,0.0,224,568,667,630
ACGTCATTGTCAACGACACTCCCAACGG,GAGTGCTTCAAAGTT,-0.0015047744643565065,0.0,286,671,581,506
AACGCATCATCACGAGCAGTCGCAGGAT,TATATTGAACTTTAC,-0.0028215225635647226,0.0,284,628,671,483
GCCGCAGTAGCAATTTCAGTCGCACGGC,ACAACCTACCTGCTA,-6.150405276851625e-05,0.0,282,620,600,521
TCAGCATGGTCAAAAACAGCCACAACAA,CAATCTTGAATTGAT,0.010832794625545138,0.0,235,544,648,602
ACTGCAGGAACAAAGCCAGCCTCATGAA,CTCGCTAATACTCCT,0.0004222349822205817,0.0,263,642,574,493
AGCACAATTCCAACTCCATCGGCATAAC,GTTGGGCGCTTAAAG,-0.0008681184742023758,0.0,239,603,564,431
TCTGCACTATCACATCCAAGCGCACCGG,GGTTGCCCAGAAGTA,0.007521320033413052,0.0,216,590,574,501
GTCACAATCGCATTCCCAGTCGCAAGGC,ACAGTTGACGGACAG,0.0025130278365859274,0.0,242,547,597,483
ATGACAAATACAAGGGCATGCGCATTGT,TATATTGAACTTTAC,0.002715036981039174,0.0,250,614,505,502
TTAACAGGGTCATTCGCAAGCACAGAGT,ATTATCAAGTGCCAG,-0.013863063502702994,0.0,312,588,474,381
CTCTCATCCGCACTCTCATCGCCATGGC,CCAGGATGTACCGCC,-0.0033674564108383976,0.0,260,589,476,435
CACGCACTAACACCACCAACCTCAACAA,TCAAAACGGAGTGTT,5.083957734834232e-05,0.0,253,563,530,469
CGGCCAATTTCAACGGCAATACCATACT,ATGGCGATGGTCTTG,-0.002697744726076001,0.0,256,559,524,437
GGATCAAAGACATCAGCACAGTCAATCA,CTCGCTAATACTCCT,0.0085439479075707,0.0,217,574,511,519
GGGTCAAGTGCATAATCATCTCCAACGC,CCAGGATGTACCGCC,0.00030752688442346743,0.0,235,552,564,439
GGGGCAGGGGCACCCCCAACTCCACAGG,CAATCTTGAATTGAT,0.015387539953028892,0.0,174,521,593,511
ACGGCATTCGCAGAGTCAAGTACAAAAC,TATATTGAACTTTAC,-0.009972349010221348,0.0,282,564,462,387
TCCTCAGAAACAGTGACAAGTGCATAAG,GGTTGCCCAGAAGTA,-0.002827699406597928,0.0,257,559,489,437
AGATCACACCCAATGACAGGGACAAACT,TATATTGAACTTTAC,0.0029519327076562058,0.0,224,519,536,453
AGCACAGAAGCACCATCAGGTTCAAGCA,ACAGTTGACGGACAG,0.016752373121786606,10.81982033105487,168,540,509,514
GCCACACAAGCATAGGCAGTGACACTCA,TTAATTGCACTTATG,0.013179773459464602,0.0,175,546,512,481
GGTACAGTAACAGGCGCATCTGCATGTA,TCGATAGAATTTACT,0.0014180941018469752,0.0,204,535,533,394
TGTTCAGGACCAGAAACAGGAACAACGA,TCTTGGAGGTGAATG,-0.005646699658996275,0.0,256,503,511,400
GCCCCACAATCACCCTCAGTTACAGAGT,AGTGTATGATAATAT,-0.017998070608011618,0.0,305,544,471,329
GCCGCATCGGCAGGGGCACTGACAGAGA,ATGGCGATGGTCTTG,0.0010516462285852974,0.0,234,494,518,447
GAGGCAGCGTCACGATCATTGACACGAC,CAATCTTGAATTGAT,0.010899646488301372,0.0,187,482,490,480
GGGCCACCAGCAAAACCAATTACATCGC,TATGCCCTTCTTCTG,0.0069214212338825154,7.651346373350407,187,521,508,426
ATAGCAGTTCCAGTGCCAATCGCAATAA,CGAATGCCATACAAA,0.005963523483277569,0.0,192,507,501,425
GTAACACCGGCAGATTCAGGACCAGAGG,GTTGGGCGCTTAAAG,-0.000721060482753133,0.0,212,520,482,384
AGTACACGAGCAAATGCATACACAAGTA,TCAAATGATGAGGAT,-0.022930721658589347,0.0,287,590,395,267
CATGCAAGGTCAAGTTCAATACCAAAGT,CTAAGTGTGAAGGAG,0.007129031455050461,0.0,195,447,495,447
TGAACACCGACAGAAGCAAGCAGAGA,CTTGATCAATCAAAA,-0.003625878931781791,0.0,256,458,424,425
ATTCCACCGTCAGTAACAAACGCATACG,GTTGGGCGCTTAAAG,-0.007270938793241906,0.0,254,486,465,378
CACCCATACGCACGTCCAAATGCATAAG,ATTATCAAGTGCCAG,-0.01813690962117748,0.0,283,534,444,304
GACTCAAGATCATGGGCATACACAAAAG,ACCACCGGTCCTGCC,-0.011777460931027243,0.0,280,483,450,364
CCAGCAGGGTCAACCACAGTGGCAGACT,GTTGGGCGCTTAAAG,0.0017380426725782444,0.0,200,468,475,390
TCTCCATTAGCATTGACTTAACAGGGA,TATATTGAACTTTAC,0.0028147994227862854,0.0,214,430,488,431
TTTACAAGCGCATAAGCAATTTCATAAA,GTTGGGCGCTTAAAG,0.0007343094407435451,0.0,204,477,478,386
AAGACACTAACAATCACAGATACAACAA,ACAAGTTTTACAGTT,-0.021316624703067538,0.0,255,543,452,249
AGTTCAACCACATAGGCATAGTCACGAG,ATGAAGTTCATAATG,-0.01379018304017321,0.0,277,492,385,339
ATGTCAGCCACACCAGCACATCCAGAGA,TCAAAGCATGAAAAA,0.00047258794047055935,0.0,212,449,472,398
GATCCAAGTCCAGCCTCACGTACAGGCT,AGAAGACGACGATGA,-0.0010580067934451729,0.0,203,492,450,364
CAAGCAAGTCCAAAGTCACAAGCATTTG,GTTCAGCTTTGATCG,-0.03314652504456409,2.817812910606335,295,565,332,202
GGTGCATGGACAGCATCATGGTCACCCG,TTATATTTATTTGCT,0.018783489430971374,0.0,143,435,461,465
AGGGCAACGCCAGGCGCAACCGCATTTT,ACAACCTACCTGCTA,-0.006343589152973416,0.0,232,491,430,355
AAAGCAGCTGCACCAGCAGCGGCATCAG,GAGTGCTTCAAAGTT,-0.005469394276409629,0.0,240,457,408,377
GCATCACAGTCATGCGCACTGCCATCCC,TATATTGAACTTTAC,-0.009823408549078911,0.0,251,484,403,346
AGTTCAGAATCAATAGCAGAATCACGAC,CGAATGCCATACAAA,0.0012142563827924815,0.0,199,468,444,382
CGGACATCGACAACGGCAATTACAAGTT,ACAGTTGACGGACAG,-0.007152046196291388,0.0,231,474,441,345
ATCCCACCACCATAGGCAAAAACACCAT,GAGTGCTTCAAAGTT,-0.004876283676220484,0.0,207,488,453,331
CTTCCATGATCAAAATCACCAACATAGG,AGAAGACGACGATGA,-0.008051515180639499,0.0,227,477,424,330
CCCTCAAGCGCATGATCACCAGCAACTC,TGATCATCACGGGAC,-0.018081254355290514,0.0,250,492,421,269
TGGGCATTCCCAACGTCAACGGCATTCC,TATATTGAACTTTAC,-0.002567914430931007,0.0,241,422,403,413
GCTTCAACCACATGAACATCGGCAAATA,AGTGTTAATCAGACC,0.001039744442000723,28.317500244287658,188,458,464,359
TGTGCAGTGCCAACAACACAAACAAGGT,ACAGTTGACGGACAG,-0.0028009460576492004,0.0,228,415,440,388
TCGCCAGCGACAAAGGCATAGCCACTTT,TCAAAGCATGAAAAA,-0.011680231887856473,7.442666708922843,237,504,402,309
ACCTCAAAAGCACTTTCACGCTCAAGCC,TGATCATCACGGGAC,-0.027028593055670416,0.0,282,500,419,232
GACACAAGCCCACGTACAGGCGCAGGTC,CTCGCTAATACTCCT,-0.0029335117188631354,0.0,200,495,408,339
ACTCCAGGGCCATTTCCACCAACACGTT,TGATCATCACGGGAC,-0.019280556586702555,0.0,237,510,381,246
AGATCAACCGCATTGCCAGTGACAAACA,ACAGTTGACGGACAG,0.0018533431449712539,0.0,185,466,425,362
CGCACATGGGCAATTCCATAGCCATGGC,CTCGCTAATACTCCT,0.0025819696053879237,0.0,177,431,429,354
AAGACATCATCATCCCCACGAGCAAGGG,CGAATGCCATACAAA,0.025472512613043063,24.98443374248609,117,356,443,465
GAGTCAGCCTCAGCCGCAGGACCATATA,CTCGCTAATACTCCT,-0.0036950170158980126,0.0,201,421,399,333
GTGACATCCTCACCCGCATTTACAGCAT,GCTGCTTATGAGGAT,-0.0011650159811200944,0.0,174,456,409,311
CAGGCATGTGCAATTCCATGTGCACTTC,GTTGGGCGCTTAAAG,-0.0035320657988578003,0.0,182,459,394,303
CTCTCAGAGGCAAGGTCATTGACATCCC,ACCACCGGTCCTGCC,-0.007701902373099534,0.0,194,409,388,285
GGCTCAACCACATATCCATAGGCAGCGT,GTACAAGAAATTTTG,0.00974498325730422,0.0,146,404,411,362
GCAACAGAGGCAGAATCAAGTTCACCGA,GTTGGGCGCTTAAAG,0.020225650886724383,25.15915470012078,134,385,354,455
GGAACACGTGCAGCTGCACAGTCAATAC,GCTGCTTATGAGGAT,-0.006658389480761621,0.0,190,438,387,288
TCAGCATGTGCAGGTGCAATGGCATACG,TCAAAACGGAGTGTT,0.003375657895178538,0.0,166,370,413,340
GGTACAGACGCATGTGCAGGAACACCTC,TGATCATCACGGGAC,-0.01108539454941293,0.0,220,401,386,292
CGAACATCCGCACTTACAGGACCATGTA,AGAAGACGACGATGA,-0.019660819393612985,0.0,229,474,360,235
AAGTCAGTAGCAACCACATGGGCATTGG,ACAGTTGACGGACAG,0.0005669677371099363,0.0,179,412,376,337
TAACCAGAAGCAGGTACAGCTTCACAGC,CGAACAGAAACACAA,-0.03217575807040055,0.0,261,420,302,184
AATTCACTGCCACTATCACTGACAGAAC,TATGCCCTTCTTCTG,-0.009572800847542402,0.0,198,403,399,275
AAAACACACGCATAAACACGTACAACCA,TCTTGGAGGTGAATG,-0.008317023378772647,0.0,199,431,347,287
TTGCCACCTGCAGTATCATAGGCAAAAT,GTTGGGCGCTTAAAG,-0.006838656077786575,0.0,197,345,397,297
GGTACAAACGCAGACTCACTGACACACA,GTTTAGCTTCCGTTG,-0.026631343822840537,0.0,215,501,250,179
TTTTCATCGCCATGCACAGTCTCAGGGA,TTTTGCATTTAGGCG,-0.03163088988174854,0.0,247,466,280,177
TGGTCAAGAACACGGTCAATGGCACGAC,GAGTGCTTCAAAGTT,-0.000907051146741737,0.0,161,418,359,290
TATACAGGCGCAGGCGCATAATCAAGAC,ACAGTTGACGGACAG,0.0038166786613995497,0.0,159,385,368,330
GGTCCACGTCCACATGCAATAGCAAATA,GTACAAGAAATTTTG,0.006407820091802193,0.0,148,363,387,332
CAAGCACATACATGTACAGAACCACTTT,GAGTGCTTCAAAGTT,-0.009990710203598185,0.0,183,419,369,251
CAGGCACAGACAGTGACAACAACAAAAA,TGATCATCACGGGAC,-0.01951275809676599,0.0,195,445,350,201
GTGACAAAAGCAATGGCAATGTCATCGT,ATGAAGTTCATAATG,-0.019474160764750777,0.0,219,432,322,226
GGAACAGTCGCAAGTACAGATGCACATA,TTTATAAATCAATAG,0.003380410972804334,0.9399470451867273,165,439,269,338
TTGTCAGGACATTACCACTCCCAACGT,TGATCATCACGGGAC,-0.018682412326528727,0.0,229,389,318,242
GAGTCATGCGCATAACCATCTGCAAGAC,ACAGTTGACGGACAG,0.00116331579142804,0.0,144,390,373,276
GCACCATGTCCATTAACAAAAACATAAG,AGTGTTAATCAGACC,0.000917730473504319,22.788492769273944,154,377,357,293
AGGACACAAGCAGACGCATACACAGGAG,GAGTGCTTCAAAGTT,-0.005368791611068676,0.0,172,378,342,271
ACCACAACGGCATATCCACTGACACAAC,ATGGCGATGGTCTTG,-0.008190989091568434,0.0,172,409,325,249
TATGCAGGCACAGTAACAAGAGCATAAA,TCAAATGATGAGGAT,-0.026535659479147874,0.0,206,420,309,172
GTATCATATACACCAGCACCGGCAAATA,CTCGCTAATACTCCT,0.005269627418724883,0.0,131,325,376,284
AAGCCACTCACAGGGACACGATCATTGG,ACAACCTACCTGCTA,0.0038314060472125866,0.0,144,344,338,299
TTAACAATTCCAGACGCAACGCCATACA,ACAGTTGACGGACAG,-0.0076835885153883066,0.0,166,368,328,244
TCCGCATCTGCACACCCAGGGTCAGTGA,TATATTGAACTTTAC,-0.0028353280445379144,0.0,160,330,343,272
GAAACAGGGCCAGGCGCATATCCAGGCG,GTTGGGCGCTTAAAG,0.006653567896757389,0.0,127,339,348,287
GTAGCATCTGCACGGGCAAGACCAATAA,TCAAAGCATGAAAAA,-0.0004051023509350343,0.0,140,381,292,256
TTGTCAAACACAGTGACAAACACAACCG,GAGTGCTTCAAAGTT,-0.009798462573353713,0.0,166,366,316,229
GGTCCAAAGACACACACACTGACAACGC,AGTGTATGATAATAT,-0.009456337872400543,1.7695007049742344,160,394,281,223
GAGACAGGCGCATAAACATCAACAGCGA,CCAACACAGGCTTCG,-0.010886219109743364,0.0,176,361,281,235
TGAACACCCGCAACTCCAGGAACAAAGT,AAAAGAAAAATGTAT,-0.04872365428086357,0.0,261,397,246,112
GCAACAACGGACTCGCAAGATCAGGTT,ACAGTTGACGGACAG,-0.001155273665302288,0.0,132,351,331,236
GAAACAATTTCAAATCCATAAACAAACC,CTCGCTAATACTCCT,0.013429382953208835,8.762298749466026,117,279,328,324
CTATCAATAGCAAGAACAGGTTCAATTC,TCAAAACGGAGTGTT,-0.005795178003975628,0.0,153,359,295,238
ACGGCAAACTCAGGATCAAAGGCAAGTG,TCTTGGAGGTGAATG,-0.021411877982682345,7.861137650565979,228,310,267,222
GCTCCAGCCCCACAAGCACTACCAGTAT,CAATCTTGAATTGAT,0.0017256534015441805,0.0,138,342,291,269
GTGCCAACAGCAGTTTCAATTTCAAACG,TCGATAGAATTTACT,-0.013455379373014583,5.307971835621629,199,294,295,246
CTAGCAGACACACACACATGCGCATGCG,TGATCATCACGGGAC,-0.01461961598618351,0.0,160,385,289,191
ACACCATATTCACTACCAGGGGCAGAGC,TCAAAGCATGAAAAA,-0.004537167071214075,0.0,156,314,310,252
AGATCAATAGCAAGGACACGATCAATGA,TATATTGAACTTTAC,-0.004339342553886919,0.0,152,355,285,247
AGGTCATTTGCAGCGCCATCTCCAAGAA,TCAAAGCATGAAAAA,0.00470282613472827,0.0,137,318,273,292
GAGCCATTCGCATGACCACGGACAGGCA,TGATCATCACGGGAC,-0.003449470288739868,6.963759220812335,145,338,283,242
CCTACATGGGCAAAGTCAGCGGCAAGAC,GCTGCTTATGAGGAT,-0.007007432809671466,0.0,142,337,320,213
AGTCCACCAACACTTCCATTAACAGCTT,TCTTGGAGGTGAATG,-0.004145389789458376,0.0,145,343,276,237
CATGCAAGGGCAAAGACAGATACATATA,TATGCCCTTCTTCTG,0.0031517840506979145,0.0,116,345,314,236
TAGACATATGCACCAGCAGGGACATCTG,GTTGGGCGCTTAAAG,0.010138923521344784,4.598709053472703,112,309,303,281
TACGCACCAGCAAGATCATGGTCAAGGT,AAAAGCGACATTTCT,-0.018140970947205466,0.0,189,332,250,203
TAGTCATCGGCATATACAAAGGCAAGTA,GAGTGCTTCAAAGTT,-0.011487005833285435,0.0,167,331,295,219
TAGTCACCCTCAGAGCCATGACCAGAAT,TCAAAGCATGAAAAA,-0.005716949070315118,0.0,152,302,307,237
GTCGCAACTTCAGAGGCAGCTTCAATCT,TCTTGGAGGTGAATG,-0.011761733951101952,0.0,163,362,258,212
TGCACAGAGTCAAGGTCACACTCAACAG,TCTTGGAGGTGAATG,-0.015693224599461535,0.0,186,297,279,215
CCACCAATCCCACAACCAAACGCAAACT,CTTGATGGCTGAAAG,0.006475278530262907,27.212485401836602,113,316,304,254
TTTGCATCAGCAGGCCCATGCGCATTTC,TCTTGGAGGTGAATG,-0.014039042083684524,0.0,163,349,269,198
ATGTCATGAACAGATACACTGCCAATCC,AAAAGAAAAATGTAT,-0.05187245176198399,2.5773635546572677,251,326,202,98
AGATCACGGTCAGCAACAGTCACAAGAA,CTCGCTAATACTCCT,0.003988648088400455,0.0,116,295,312,242
TGTGCAGACACAAGGGCACTGCCACCCC,ACAAGTTTTACAGTT,-0.02444903760182308,0.0,189,312,260,168
GGCTCATATTCAGGAACAAGTGCAAAAG,AGTGTTAATCAGACC,-0.022978033399102444,0.0,169,309,244,157
TCCGCATCGTCATCTGCAAGCTCACATA,AGAAGACGACGATGA,-0.019032930449346723,0.0,175,304,236,183
ATGACAGCAGCATCCTCAACTACAGGAA,CCAGGATGTACCGCC,0.004919697064523983,0.0,117,285,260,251
GGGACATTTCCAAGGGCAGGGCCACTGC,TCGATAGAATTTACT,0.0050630560981468785,0.0,110,304,263,237
AGGTCATGTCCAACACCACCAACACATG,TCTTGGAGGTGAATG,0.0005692859057576735,0.0,128,285,253,241
TGAGCAACAGCAAGATCAGGGCCATCGA,TCGATAGAATTTACT,-0.010032578251953592,6.508489163623381,146,300,222,200
CGATCACATGCACTAGCATGCGCAAAAC,AATGATACCATTTTT,-0.015455729503322753,0.0,134,316,257,156
GGGGCAGACGCAGGCTCAGTCTCATCCT,TATATTGAACTTTAC,0.0013806383892813448,0.0,113,268,251,218
TAAACAGGGGCAGCACCAACACCAGATA,TTTTGCATTTAGGCG,-0.025738008973794857,0.0,145,315,210,124
GAGTCAAAATCAAAGGCATCGGCACGGT,TATATTGAACTTTAC,0.0027278487587145237,0.0,114,221,258,229
GTTGCAAGCCCAGCACCAATAGCAGGAT,ATGGCGATGGTCTTG,0.003046014222674818,0.0,107,305,219,217
AAATCACTTACAAATGCACGAACACCAG,TGGAGTCTTTGTTGA,-0.051446917336536196,0.0,220,331,156,87
TACCCATCAGCAAGAGCAGCCTCACCAC,GTTGGGCGCTTAAAG,-0.0014810243149133335,0.0,122,275,231,216
ACCGCACAAACAGGTCCACAGACATAAA,TATATTGAACTTTAC,-0.005533896392854946,0.0,118,301,238,185
GCTACACCAACAGCTTCAATAACAGAAG,AGTGTTAATCAGACC,-0.01984494693870619,0.0,146,308,212,149
AACCCACTCGCACCGCAATTGCAAGAC,ACAACCTACCTGCTA,-0.009950519714527423,0.0,142,263,227,195
CAGACAACACCACGGCCATTTCCAAAGG,TAGACGGACATCTTC,0.013922789146713343,0.0,95,230,242,267
GGTGCAAATACAGAGCCAGCTCCAGTAG,ACAACCTACCTGCTA,0.010249183958786956,3.845546639414806,87,259,254,219
GCGACAGAAACAACTTCAGGCTCACTTA,ATGGCGATGGTCTTG,-0.004997691801134148,0.0,118,264,242,188
AGTCCACATTCATATGCAGCGCCATAGG,ATGGCGATGGTCTTG,-0.0032164739653933665,0.0,119,264,203,200
GTCCCAGGGGCATGATCACGAACAGAAG,GAACTCAGGTTCCAT,-0.03533795490731421,0.0,170,275,222,109
TTCACACGTGCAGACACAGATACAAAGA,TATGCCCTTCTTCTG,-0.008717209289256471,0.0,120,298,239,171
ACGTCAGCTTCATAAGCAGGTCCAGGCT,TATATTGAACTTTAC,0.004512724529811404,0.0,109,268,220,231
CCTTCAGGGACATGGGCACAAGCAGTCG,ACAGTTGACGGACAG,0.005304570639196819,0.0,94,280,237,204
CCTCCAGGACAGAGCCATAGGCATCCA,CGAATGCCATACAAA,0.0019347000768178636,0.0,104,250,240,204
ACGCCAAGGTCAACAACACTAACAACAC,TATATTGAACTTTAC,-0.012877133044448744,2.1134481878643783,128,258,252,161
TTCGCATCGACACTCACACCAGCATAAT,GTTGGGCGCTTAAAG,0.016635119273322833,9.511163084279815,82,242,235,250
TGGTCACGATCACTAGCATGTACATCCT,GAGTGCTTCAAAGTT,0.005072754478585795,7.41162403976341,116,220,209,250
AAATCAGCCTCAAGGTCAGTGACAATCG,ACAAGTTTTACAGTT,-0.020782341094678757,0.0,129,262,255,128
AGCACATACGCAGGACCAATGACAGGTT,AAAAGCGACATTTCT,-0.027752067689964077,3.748681603832665,159,280,194,128
GCCACATCAGCAGAACCATCACCAGTAA,ACAAGTTTTACAGTT,-0.009268186020963501,2.4988390463013275,122,271,181,171
ATAACAATATCATAGGCAGCACCAGCGA,TTTTGCATTTAGGCG,-0.026323694879252263,0.0,144,267,170,121
GTGACAAATACAAAGACAAAGCCATCGC,AGTGTTAATCAGACC,0.0032355853183337665,22.618458607918683,101,223,225,206
TTGCCAGAGTCAGTGTCAAAGGCAATAA,TTAGTCTTTCCATCA,-0.01024050834258179,0.0,119,249,214,162
TGACCATTGGCAAACACAATGTCACCAG,ATGAAGTTCATAATG,-0.028900084022640476,4.544883880720818,162,258,183,126
TGAACACCCACATGCACAGTTGCAAGTA,GTTGGGCGCTTAAAG,0.0016736481904753742,0.0,93,220,244,181
CTTACATGAACACCGGCACGACCATACT,AAAAGAAAAATGTAT,-0.04072746319895413,0.0,165,268,167,90
TGAGCATGGACACCTGCAGTGCCATAGG,ATGGCGATGGTCTTG,-0.011797656831877286,0.0,127,223,202,165
TGGTCAGTAACAAGGGCAGTACCAATCG,TCAAATGATGAGGAT,-0.025623775990127735,0.0,148,237,171,127
CTGACAATCTCAGTACCAGTCACAGCCG,ATTATCAAGTGCCAG,-0.02553234318158819,0.0,129,245,188,111
TTCTCAGCTGCACCGGCAAGTACAAACG,GTTGGGCGCTTAAAG,-0.001430153136274592,0.0,97,230,217,172
TAAGCACTAGCAAAGGCACACACAGGAC,AGTGTATGATAATAT,-0.01354099980564511,0.0,103,275,190,127
GTTACACTGACATGAGCATACACAGCAT,GTTCAGCTTTGATCG,-0.04180589534734633,0.0,178,245,156,94
GGGCCAGGGCCAAATCCATGCACAAGAT,TTAGTCTTTCCATCA,0.002167885605435993,0.0,81,205,234,160
GTTTCACGGGCAGAAGCAAGAGCAAATC,AGTGTATGATAATAT,-0.02052293641327695,0.0,130,226,202,130
GGGCCACACACAATCTCATAACCAGAGG,TATATTGAACTTTAC,-0.0015047744643565065,0.0,91,217,209,161
GTGTCAGCAGCAACCACATCCACAGCAC,ACAGTTGACGGACAG,0.0033227408315449278,0.0,89,217,204,182
GAGACAGCGACACAGACAGTAACATTAA,TATATTGAACTTTAC,-0.004266162868439045,0.0,105,223,176,171
TGCGCAAGCACACAACCACTCCCAGCGA,ATTATCAAGTGCCAG,-0.01950504561794089,0.0,129,238,180,133
GCGGCACATGCAAACACATGAACACGCG,TGATCATCACGGGAC,-0.021906260776835346,0.0,123,240,181,118
ATCACAGGCACATTCACAGCTACATGAT,TCAAATGATGAGGAT,-0.0017052763220152328,8.585943693020454,87,234,180,153
ACCGCATCGGCAAGAGCATAGACAGTTG,AGAAGACGACGATGA,-0.01912803274876027,0.0,117,210,213,122
AATGCACAATCATAAGCATGGACACAGA,GTGTGATTACTAAAT,-0.018663224425663084,0.0,122,243,158,129
GTTCCAATGACACTGGCAGGGCCAGATT,GTTCAGCTTTGATCG,-0.03438748334579229,0.0,144,249,150,95
ACGCCAGCAGCAATAACAGATACACTAC,CTCGCTAATACTCCT,0.007365712326127971,0.0,81,191,214,187
GCATCAGCCACACAGTCAGGTACAAGTT,ACAACCTACCTGCTA,-0.009494461602710643,0.0,102,217,187,142
TTGACACTAACACACCCATCTTCAAGTA,TCAAAGCATGAAAAA,0.0006362360646576665,0.0,97,162,200,183
TCACCACTTACAATTTCAACTACAGCAC,CTCGCTAATACTCCT,0.00043068556746888795,0.0,88,203,211,165
GACTCAACCCCACACCCAAATTCACGAT,TATGCCCTTCTTCTG,-0.012908295116979615,0.0,113,196,201,142
ACGTCACCGACACACCCAGTCACATGCT,GGTTGCCCAGAAGTA,-0.00247557826847049,0.0,103,212,166,177
CAGGCAAATGCAAAAGCAAAGGCACTAA,GAGTGCTTCAAAGTT,-0.0011486276014116257,0.0,85,207,203,152
CGCTCAACGCCAGGATCAACGTCATAAC,GTTGGGCGCTTAAAG,0.012858681593871794,4.852090022232005,72,200,189,196
TTCCCAGCCTCAGGCGCAGTCACAAAAA,TTTATAAATCAATAG,-0.011616151709668945,0.0,111,189,205,145
TCGACATCCTCACGCACAAGTGCAAATA,ACAACCTACCTGCTA,0.0017380426725782147,0.0,80,221,195,156
GACTCACTAGCAAGTGCAAGATCAGCGG,TATATTGAACTTTAC,-0.00325816669544845,0.0,84,219,194,141
AGAACATACGCAGAGACACTAACACTAA,AAAAGCGACATTTCT,-0.011085394549412958,0.0,110,196,170,146
GTTTCATTACCAAAGGCACCAGCAAAGA,TGATCATCACGGGAC,0.0006362360646576642,8.291478834355075,97,207,154,183
GGTGCATCAACAGGGACAACTTCAAAAA,TCGATAGAATTTACT,0.005855037144695041,0.0,63,209,226,139
TGATCAGATACACAGTCAACTAACAACTG,TCTTGGAGGTGAATG,-0.0259997047896528,8.230632689428603,132,202,178,112
CTCGCAGTTGCACCCTCACCGACATTTC,AGAAGACGACGATGA,-0.006074971074924607,0.0,94,202,187,145
ACGGCAAGAACATTTTCACGCTCATTTC,GCTGCTTATGAGGAT,-0.0060832812091763016,0.0,83,228,181,128
AAGGCAGCTCCAGTTCCATGGCCATGAA,GAGTGCTTCAAAGTT,-0.006012334038015435,0.0,77,200,232,119
CTGACATGTTCAAGACCATTGACAAAAA,AAAACATTATCAAAG,-0.04813922069426719,0.0,158,215,129,69
GTGACACCTGCAAGGGCAGCTGCAAATT,CCAAGACCGTGTAAA,-0.03493334835142202,0.0,151,231,131,98
CCGTCAGTAGCACCTGCAGATGCAGTTA,TCGATAGAATTTACT,0.0027846044746006413,0.0,82,201,171,165
GAGTCACTGGCATCACCATGAGCAGAGC,TAACCTCGCGCTGAG,-0.0033227036630106613,0.0,77,207,202,129
TGAACAACATCAAAGTCAGAGGCATAGA,TGATCATCACGGGAC,-0.016724794434969693,0.0,116,180,178,130
GGGGCAGATGCACTACCACGAACACATA,ACAACCTACCTGCTA,0.0017272219182766484,0.0,79,195,172,154
TGCCCAATGACAAACTCAAAGGCAGGAG,AGAAGACGACGATGA,-0.016661875895772883,0.0,114,167,187,128
CCTTCAATCTCATCGCCACTCTCAAGCT,CTCGCTAATACTCCT,0.008560000560581822,0.0,56,228,168,134
ATTCCAAGTGCAGATGCACCATCAGTGC,CCAGGATGTACCGCC,0.0025819696053878943,0.0,79,205,160,158
GAAACAATACCAGGAACATGTACAGTTC,TGGAGTCTTTGTTGA,-0.04047397655278014,0.0,131,210,120,72
CATCCAAGCACAAATCCAGGGTCAGAGA,TATATTGAACTTTAC,-0.0025911267081355194,0.0,80,211,156,137
CGCACACGAGCAAGATCAATCACACATC,TCGATAGAATTTACT,-0.029670831270002307,16.54975801313708,125,172,181,95
TCTGCACAAACACAGGCAATATCACCAC,TCTTGGAGGTGAATG,-0.0021080264647166096,0.0,80,190,162,139
GTCTCACCATCAACCTCAAGCTCAAGTC,CTCGCTAATACTCCT,0.006800727049002223,0.0,63,178,184,143
AGGGCAGGGGCAAACGCAAAGGCAGCCG,AGTGTTAATCAGACC,-0.00833211043132193,2.255180246342661,77,220,150,111
ATAACATTTGCATGGACACTGTCATCCG,ACCACCGGTCCTGCC,-0.003763154677652721,0.0,75,203,158,124
AGCGCATACGCACGTCCATAAGCAAAGT,TATGCCCTTCTTCTG,-0.0038637434939634264,0.0,91,181,151,150
CTAACATGTGCAAGTACACTGACAAAAG,TCAAATGATGAGGAT,-0.011600222888439893,0.0,101,174,128,132
GTCCCATTAGCAGATCCAATCTCACCTA,GTTTAGCTTCCGTTG,-0.03755045720547664,0.0,115,183,132,69
TGGTCATGACCAGTATCACCCGCAGTAT,GTTCAGCTTTGATCG,-0.05041447427331645,0.0,152,183,123,62
GGATCAAAGACATAATCAGGGCCATTCG,AATGATACCATTTTT,0.029436141738275756,27.38749498313109,42,157,162,188
CTGGCAAGAGCACCGGCATAGACAAACA,CGATGATGATGATGA,-0.008597948577660374,0.0,93,142,163,133
ACAGCAGGGTCAACAGCACCTACAATCT,TTTATAAATCAATAG,-0.008794802524308058,0.0,83,153,185,118
AGGGCATAGTCAACCACACAGACATTGA,AAAAGCGACATTTCT,0.002581969605387925,4.908916831315537,58,170,156,116
GCACCACTGGCACTGCCAAAATCAACAC,CGAATGCCATACAAA,0.0037854697601250975,0.0,68,154,161,141
ATTACAGGGGCACGTCCAGCATCACGCA,AGAAGACGACGATGA,-0.005227406918767619,0.0,79,182,150,125
GGAACATTGACAGAGCCATTGTCACGCC,TCTTGGAGGTGAATG,-0.006691474677853338,0.0,70,169,171,106
AACGCAACACCAAATCCAGGGTCAGAGG,ACAAGTTTTACAGTT,-0.02829273248552287,0.0,101,196,123,80
TCAGCATGACCAAGTGCAGTCGCACTGT,TCAAAACGGAGTGTT,-0.006163505876861815,0.0,78,173,134,120
GGCACAATGGCATCCGCAAGCCCACTAA,TATATTGAACTTTAC,0.008987303131862653,3.275800869084833,59,149,142,143
CTCACACCGACATGGGCAATCTCAATGC,TCAAAGCATGAAAAA,0.0018701987897022782,0.0,71,147,141,139
TTAGCAAAATCATGACCAAATCCAGAGC,TTTTGCATTTAGGCG,-0.03139679429507774,0.0,97,199,117,70
CCTGCAGACACAAGCTCAAAGGCACGAT,GTAATCTGACTCTAG,-0.03419456832729666,0.0,107,169,98,71
TTAGCATTGGCATCATCAACCTCAACGG,ACAACCTACCTGCTA,-0.00474667959837943,0.0,76,164,119,122
ACTTCAGCGGCAGTGACATTGCCACATC,CCAGGATGTACCGCC,0.0012100338556043134,0.0,62,136,179,119
AAGGCAATACCACCATCACGCGCACGAG,TGATCATCACGGGAC,-0.010933533998217565,0.0,66,162,155,88
GTTTCAAGGGCACTGGCAGTTACAGTTG,GTTTAGCTTCCGTTG,-0.02052293641327692,3.4643133951640266,84,180,127,84
AGGCCACAGGCAGTATCATATGCAGGGG,AGAAGACGACGATGA,0.003965293968946323,2.8066656609296388,59,161,130,123
CCAGCAGTGTCAAAAGCATGCCCAACTA,AGTGTATGATAATAT,-0.02284946181112833,0.0,89,140,150,83
TAGGCAAATGCAACACCAGCTTCAACAG,TGATCATCACGGGAC,-0.02052293641327692,0.0,91,164,99,91
GGGCCACACTCAGTCCCAGGGGCAATAA,GTTCAGCTTTGATCG,-0.022091853441876464,6.68823272356849,87,174,115,83
GATCCATGATCAAGTACAATGGCAGAGG,GCTAATTTCAAGAAT,-0.04101212191722528,0.0,98,184,93,53
CCGTCAAGAGCAGTCACACAGTCACGAG,CCAGGATGTACCGCC,-0.010548173251515016,2.38085997142025,86,149,123,116
TAGGCAGGGGCACACACAGTCGCAAGTC,TTAGTCTTTCCATCA,0.007628624487233522,4.665645315915754,52,131,165,121
TGGCCAGAAGCACATGCAATGCCAGCCT,GTACAAGAAATTTTG,-0.001504774464356506,0.0,65,143,144,115
CCGTCACATGCAATATCACGGTCAATCA,GTTTAGCTTCCGTTG,-0.03635272356460786,0.0,82,178,112,51
GCTACAAAAACATGGTCAGGTGCAGGAT,ACAAGTTTTACAGTT,-0.010556882156419803,0.04917494247047216,66,196,96,89
CCCTCACGTTCATGATCAGGCGCAGGTA,CTAAGCAGTCTTCTC,-0.08148755216227056,0.27492952117677305,137,144,67,22
TATTCAGCGCCATGCCCAGTGTCAACAT,CTTGATCAATCAAAA,-0.0013135083992558063,0.0,68,134,130,121
GTAGCACAAGCAGCGGCACTATCACCGG,TCTTGGAGGTGAATG,-0.015020278067961993,0.0,78,143,140,92
CTTACAATTGCAGTCTCACAGTCAAAGA,TATGCCCTTCTTCTG,-0.003814397321615622,0.0,63,137,132,104
TTGGCATGCACAAATACACAAGCACTGG,AAAAGCGACATTTCT,-0.017010919224682754,0.0,81,164,99,90
CTGGCACAAACAAGCACAGGTCCAGTAC,CTTGATCAATCAAAA,-0.00540712550345943,0.0,61,167,123,96
AATACAGGCTCATAGCCATTCACAGGTG,TTTTGCATTTAGGCG,-0.03832568594428554,0.9005379227130561,87,167,114,51
ACGTCATTAGCAAGGACAATACCAAGCA,CCAGGATGTACCGCC,0.011139297833648377,0.0,41,108,148,106
CTCACATCCCCAGATTCAGTGACAGAAA,ACAGTTGACGGACAG,0.001347260549376269,0.0,55,124,142,106
TGGGCAGACTCAGGGCCATTCGCAAGTC,ACAAGTTTTACAGTT,-0.005392353363473229,3.7707557950107002,47,152,144,74
GTTGCAAGAGCACCATCAAATCCAGGCT,GAGTGCTTCAAAGTT,-0.015721624072512357,0.0,71,150,118,82
TCCTCATAGGCAAGGGCATCTCCAACTT,TCAAAGCATGAAAAA,-0.001047833335916679,0.0,63,133,112,113
AGTCCAGGTTCATTGGCAAGTACATCAG,CCAACACAGGCTTCG,-0.020050115246878414,0.0,70,144,142,71
GTCACAGGCTCAAAGGCATCGCCAGGTA,TCAAATGATGAGGAT,-0.020043311831540296,0.0,69,160,121,70
GAGACATGAACACGAACAGAATCACACA,AGTGTATGATAATAT,-0.013084818036136599,0.0,64,136,137,80
GAAGCATGGTCAAATGCACTAGCAAACG,TATATTGAACTTTAC,-0.009643050258861243,0.0,57,147,131,79
ACGGCAAGCACATGGTCAATCGCAGCAA,AGAACATCATCTACA,-0.008968782810435935,0.0,70,94,131,99
ACGTCAAGCGCACCTGCAGCCACAGCAA,ATAATTTTCATCCAC,-0.005010828090302496,0.0,54,152,115,86
TAGTCATGTGCAAAGACAGCGGCATTCT,TCAAATGATGAGGAT,-0.01435885846347653,0.0,64,136,116,77
GGTCCATCGTCACGACCAATAGCATCTC,TCAAATGATGAGGAT,-0.022123243719488955,0.0,64,137,138,61
CGGTCATGACCAATGTCACGTACAATGT,TCAAAGCATGAAAAA,0.011501813401556003,3.46946395835198,44,115,129,115
TAAGCAAAAACACAGCCAACCACAGGTT,GTTTAGCTTCCGTTG,-0.018670608041449925,3.654547425507417,70,141,99,74
TCACCAGCAGCAGTCGCAGTGACATGAC,CCAACACAGGCTTCG,-0.02313865692799344,0.0,53,149,140,49
TCCGCAGGCTCATTGTCAACCGCATGCA,CTTGATCAATCAAAA,-0.003908217594401293,0.0,65,95,124,107
TTGGCACTGGCAGCTACAAGCTCAGTAT,TGATCATCACGGGAC,-0.023373675527882342,0.0,61,144,110,56
TGTACAAGCACAGCAACAAATTCATAGT,GTTAAATCAACAGTT,-0.09425396057080748,0.0,137,128,58,15
GTTCCACGATCACAATCAACCTCACACC,CAAGGATCCCCGTAG,-0.033624356016930534,0.0,80,146,96,54
TAAGCAAACTCAGAGTCACATGCAAGAG,TCTTGGAGGTGAATG,0.0003046614728053233,0.0,53,125,106,99
ATATCAAATCCAATACCATGGACAAAGG,ATTATCAAGTGCCAG,-0.020050115246878417,0.0,70,105,107,71
TTAGCAAGAGCAGGGTCAATAACAATAA,GCTAATTTCAAGAAT,-0.04235380200460187,1.8265945669608072,77,159,69,40
GGTGCACTCTCATCCGCATGACCAAACA,AATGATACCATTTTT,-0.009158716847590502,0.0,64,110,92,90
CGCTCATCCACATAGCCATTATCACACG,TCAAAACGGAGTGTT,0.002201013077933789,0.0,44,118,120,87
GGAACAGCGGCAAATTCAATTGCACATA,ATAATTTTCATCCAC,-0.015885842997853002,0.0,67,102,121,77
ACAGCAAGTCCAATGGCAGGGCCAAAAT,TCAAATGATGAGGAT,-0.017579849508420998,0.0,65,144,68,71
GCTCCACGAACAGTGTCAAATCCAACCA,GTTTAGCTTCCGTTG,-0.04399617030482792,0.0,91,117,79,45
TTCTCAAATGCAATGCCAAATGCACCTT,TCAAAACGGAGTGTT,-0.0046254673435999795,0.0,54,128,103,87
TTGGCAGTGCCAACGTCACCGACAAAAG,TATATTGAACTTTAC,0.0010313024175581398,0.0,44,119,122,84
TAGTCACCGTCAAGTACAAAATCATTGC,TGATCATCACGGGAC,-0.014536750514107603,0.0,61,114,115,73
ACAGCAGGTTCAAGTGCAATTGCAGTTC,CAAGGATCCCCGTAG,-0.02668701436307734,0.0,77,127,83,64
CGGGCAGGTCCATGGCAATCGCAAAGA,TCAAAGCATGAAAAA,0.011056440884862602,2.2488174377836003,38,109,119,98
CTATCAAGAACAGTGACAAGCCCACCAG,GTCACCGGCACTAAC,0.015253546276183702,0.0,40,95,115,117
TCCACATCGTCAACACCAGCACCAAGCT,ATGGCGATGGTCTTG,-0.0018690768154295007,0.0,52,115,109,91
TAAACAAACGCATATCCACACTCAGGCG,CAAGGATCCCCGTAG,-0.03947936994949494,0.0,83,130,86,47
GACCCATGACCAGGAGCAGTACCAGGTC,CATCACCGTGCTCAT,-0.08291634230999662,0.0,91,116,44,14
GGGGCATGAACAGATACAGGGGCAAAAG,TTAGTCTTTCCATCA,-0.010005707365102786,0.0,62,112,85,85
ACTCCAGTAACAAATGCAGCCGCAACGA,GCTAATTTCAAGAAT,-0.0277453043068967,0.0,77,114,75,62
GTGCCAGGTGCAACATCACGGCCAACAT,TTTTGCATTTAGGCG,-0.023148965675047414,0.0,66,109,96,61
GGGGCAGTCGCAGGAACATTAACAAGTT,TTTATAAATCAATAG,0.005614362212245465,3.749753724121092,42,90,112,92
CGGCCAGTATCACCAACACCCGCAATTA,ATTATCAAGTGCCAG,-0.015714616118458705,0.0,58,124,80,67
GGAACAGCATCACTGGCACCGACATGAT,TGATCATCACGGGAC,-0.027400817513204556,0.0,59,125,96,48
ACTTCATCATCAAAGCCAACGCCACGTA,TATGCCCTTCTTCTG,0.008659354831853058,5.40727153684702,45,91,99,108
AACGCATTTGCAAGGGCAATGACAGAGA,GTTTAGCTTCCGTTG,-0.030112338828336315,0.0,76,90,75,57
GATTCACCACCACGATCAAACGCATTCG,TTTTGCATTTAGGCG,-0.013084818036136599,4.4383116022081595,60,99,84,75
AGTACATCCCCATAATCACACGCATTCA,GTTGGGCGCTTAAAG,0.008734345489653543,0.0,37,100,101,89
GGCACACTACCAGTCCCACAAACAAGGA,TTTAACTCACCGTAA,-0.03654246103248604,0.041545886517553754,76,111,73,47
AAGGCAAGACCACATCCACACGCACTCA,GCTAATTTCAAGAAT,-0.058750082762809845,3.3167515982220266,85,109,79,27
CGTCCAGCGACACCAACACGAACACACA,TCTTGGAGGTGAATG,-0.026713507939780046,4.777397655877621,59,103,84,49
AACGCAAACGCAATTACATTGCCAAAGA,GTGTGATTACTAAAT,-0.042285379127343765,3.1224300300801815,73,109,76,38
TCGGCACGGCCAAATGCACTTTCACAGC,AGTGTTAATCAGACC,-0.021307286326950056,0.0,43,93,92,42
AGGCCAATGACAAGGTCAAGGACACATT,GAACTCAGGTTCCAT,-0.027309568254651598,0.0,76,99,69,62
ACCGCATTCCCATCCGCAGCCCCAACGT,AGTGTATGATAATAT,-0.025910981465157468,0.0,67,97,80,57
AAGGCACAGCCAGTGGCAAATGCATAAA,TTAGTCTTTCCATCA,0.0025819696053878956,1.3637863969179307,40,92,103,80
ATCGCAAAGCCAGATACACTGACACGGC,AGAAGACGACGATGA,-0.01199182394203692,0.0,48,92,95,62
TACTCAAAGGCAATACCATTTACAGAAA,GTTGGGCGCTTAAAG,-0.007007432809671466,0.0,46,79,111,69
GGGGCAAGGTCAATGTCACGTCCAGCAC,TTAGTCTTTCCATCA,0.02603230185857096,7.0474503021209784,24,101,84,97
AAATCACACGCACATACAGCCTCAATCA,GGTTGCCCAGAAGTA,0.008994366026969791,0.0,33,89,88,80
TATACAAATCCACGAGCATAGGCATCGC,GAACTCAGGTTCCAT,-0.01916220326260176,0.0,48,119,63,50
AGTGCATGCACAGAGACATGATCAACCA,TAGACGGACATCTTC,0.008746047555188286,0.0,32,84,105,77
TAGCCATGATCACAAACAGCACCATCGA,TTTTGCATTTAGGCG,-0.03989059916125159,0.5287358006789873,59,108,81,33
TAGTCATGGCCACATGCATCCCCATGAG,GTTAAATCAACAGTT,-0.028982287105813572,31.005687370752867,58,103,71,45
CGGGCAGGTGCAAGCACAGTCGCAGGAT,GTTAAATCAACAGTT,-0.09626046593025485,0.0,97,104,47,10
GGTACAATGGCATATCCACTAGCAATTC,GTAATCTGACTCTAG,-0.035748216496467415,0.0,60,93,74,38
GTGTCATGGGCAGCGGCACTAACAATTG,GTTGGGCGCTTAAAG,0.005942126242786783,0.0,33,88,86,73
AGGGCAATGTCACACGCAACACCACGAC,TATATTGAACTTTAC,-0.0026921639017752387,0.0,41,93,82,70
AGAAACAGAGGCAACCCCATACACAAGCA,AGTGTTAATCAGACC,-0.06631345571037796,19.063262022117897,79,115,51,20
AACTCAGTCCCAGAGCCAGCACCAATGT,CCAAGACCGTGTAAA,-0.02660032163974212,0.0,36,110,96,30
CCCACAAACTCATGAGCAGTACCAGTCT,ACAGTTGACGGACAG,0.0010313024175581428,0.0,33,106,81,63
GAGGCATATGCATTAACAATAACAGGGG,TTTTGCATTTAGGCG,-0.016596835224730825,0.0,48,98,65,54
TTACCATCCACAAACTCATACCCAACCT,TTAGTCTTTCCATCA,-0.015985197269124268,0.0,48,77,52,55
GGCACATCAGCAGGAACAGGTGCAGCCT,CATTTATGGCTATCT,-0.02299320215173434,0.0,42,110,69,39
CGGAGCAAAGGCAAGATCAGTATGCA,CTACTTACAACGGAA,0.006917073880327828,0.0,36,86,77,82
TACACATCATCAGTGCCACAGGCAAAGG,ATGGCGATGGTCTTG,0.01919019765735892,7.261380420379737,24,60,77,79
GCGCCAACGGCACTGACAGTAACACTGA,TCGATAGAATTTACT,0.0011218821834414695,0.0,35,82,80,67
ATCACATCCTCAAATCCACAGGCAAGCC,CAATTTCAACGTTGT,-0.06897072521186094,0.0,77,109,44,18
CAGCCAGCGGCAAGGACACAATCATGGA,CAATCTTGAATTGAT,-0.003857738028974067,2.9087555533060367,37,90,83,61
TAGTCACCGTCACCTTCATAGGCAGATG,AAAAGAAAAATGTAT,-0.03141241075511195,0.0,61,74,72,44
TGATCAGGCTCAGTCGCATATTCAGGAT,GTTGAACTGGTTGTT,-0.039920321261600965,0.0,68,78,69,38
GTTACAAGACCAATAGCAATCCCAGGAC,GCTAATTTCAAGAAT,-0.02299320215173431,0.0,56,82,63,52
GGTGCAAAACCAAATGCAAATTCATCCG,AGTGTTAATCAGACC,-0.024034953601871148,0.0,50,97,73,45
CGCTCATCTACAGAACCACGAGCATTCC,GTTAAATCAACAGTT,-0.11781633843699141,3.0080788506583644,106,81,22,9
GGTGCAGGGTCAAGTTCATTCACATAAG,ATAGAGCGGCGTTGA,-0.05714334603554725,0.0,69,95,45,23
CGGGCATCCGCACTCTCAAGAACAGGAA,GAACTCAGGTTCCAT,-0.019133846533258003,0.0,47,73,79,49
GGCGCAACCCCAGGCACATGCCCAGCGG,CTTGATCAATCAAAA,-0.005725223448744925,0.0,34,82,87,53
GACGCAGAAACAATCCCATGGTCATATG,GTTCAGCTTTGATCG,-0.0497052276584069,0.0,60,92,52,25
CTTCCAAAACCACTCGCATGTCCACGCC,CTAAGTGTGAAGGAG,0.012490353720985635,0.0,26,64,81,70
TCCACACGGGCAAAGACATCTACAACTC,AGTGTTAATCAGACC,-0.058138444807203295,17.034650307998504,68,101,32,22
AAAGCAAAAGCAGTAGCAGCGTCATTGC,TCGATAGAATTTACT,0.005569041561710795,0.0,32,85,65,70
ACTGCACAAACATCACCATCTACAAAGG,TATGCCCTTCTTCTG,-0.007007432809671465,0.0,38,86,61,57
GGGGCAAATCCATGTCCAGACACAGATG,AGAACATCATCTACA,-0.031219860415947,4.678321092774695,51,93,53,37
GGTTCAACGACATGAACAGGTGCATCCG,GAGTGCTTCAAAGTT,-0.022770979106461364,4.834217265378129,46,99,62,43
TAGACACAGACAATCGCATCATCAGGAC,CCAAGACCGTGTAAA,-0.03889550038959556,0.0,59,81,61,34
AATGCAGGCACACATCCAGTCGCACGTA,CAAGGATCCCCGTAG,-0.019835626839852415,1.906286634823232,48,73,58,49
AGCGCACTAGCAAGGGCACTGACAAAGC,AGTGTATGATAATAT,-0.03711755068791628,4.762150473022302,51,102,55,31
ACCCCATGACCAAGGTCAATGGCAAGGA,TTAGTCTTTCCATCA,-0.01506862228721686,0.0,45,78,67,53
CACTCAGATTCACAGCCATAGACAGGGC,CCAACACAGGCTTCG,0.0025819696053879237,4.124392346286982,26,67,88,52
TATACAGGTGCAAGCTCACAAACATCAC,AGTGTTAATCAGACC,-0.07834297159288049,17.095414049092938,68,87,51,12
TGGACATTGACACCCCCAGTCCCAACGG,TGGAGTCTTTGTTGA,-0.0549350331841739,1.0041990811400865,73,79,40,26
AGATCAGGCACAACAGCAATCGCACTGG,TGATCATCACGGGAC,0.008058737981763776,7.55269874139276,28,65,66,66
AAAGCAAAGTCAGTAACAGTCTCAACTC,GGTTGCCCAGAAGTA,0.007100152671928689,0.0,31,77,57,71
GAGGCAAACCCACAATATAGTCATTAA,TCAACAACCTATGCA,0.001642940373164696,0.0,36,74,52,70
GAAACAAACTCAAGCTCAGGTCCAATCT,AGAACATCATCTACA,-0.018855922394121566,0.0,39,93,49,41
CTCACACGAACACGTTCAACAGCACAAC,AGAAGACGACGATGA,-0.01693524760686477,0.0,44,64,65,49
TCGCCAGAAGCAGAGACAAAAACAAAGC,AAAAGAAAAATGTAT,-0.05261662799691188,0.8866663506440773,55,90,48,21
CACGCAATTGCAGAAGCACTGGCATAGG,ACAAGTTTTACAGTT,-0.03317259047010706,0.9694076150902902,38,88,62,26
GTTCCAAAGCCACACCCAAATGCAAAAT,GTTCAGCTTTGATCG,-0.047714586501686175,0.0,52,84,51,23
AACACAAGCGCAATGACATCTGCACAAG,ACAGGGCAGCTCCCG,-0.05225656356248474,0.0,57,64,32,22
GGCACACGCACAGAATCAGCGTCAATGT,ACAGTTGACGGACAG,0.01975410378420753,5.169896126800722,23,54,62,77
CCAACATATTCAAGCGCACTCGCAAAGG,AAAAGCGACATTTCT,0.010369131311438087,2.9605567626167613,19,77,66,48
TTCGCATGTACAGTTCCAAGTTCATTAA,TTTTGCATTTAGGCG,-0.041647061749581764,1.5210350028269204,49,79,48,26
TAGCCATCGCCAACCACACAACCACGCA,TCAAAACGGAGTGTT,0.03406402323341626,6.966427061772265,14,59,71,72
GAGCCAATATCAAACCCACGATCATCGG,TCAAAACGGAGTGTT,0.004321494711073563,0.0,28,55,66,59
AATACAGTGGCAAGGGCAACTGCACATC,GCTAATTTCAAGAAT,-0.017924218364286554,1.8459479698934729,37,67,47,40
CTCGCAAATGCATGGTCAATAGCAACCT,GTTGGGCGCTTAAAG,-0.0008107868716101726,0.0,31,65,55,56
CGGCCAAACACAGGGGCAGGCTCACCTA,GTAATCTGACTCTAG,-0.05661000132399923,2.572393602115085,62,58,42,21
CATACAATGTCAAGCACATAACCAGTCA,AAAAGAAAAATGTAT,-0.036338202399780764,0.0,45,88,39,28
GAGTCATTCTCATTACCATGCTCATCAA,GTTGGGCGCTTAAAG,0.011056440884862602,0.854122696432114,19,54,51,49
AGGGCACCAACACATTCAGGGCCAATCA,AGTGTATGATAATAT,-0.024609680483021323,0.0,26,70,51,23
GTACCAGGCACATATACACCTCCATTAT,TCAAAGCATGAAAAA,0.004208308411035662,0.0,20,74,65,42
TCATCACCGTCACTGTCAGCAACATAAC,TCAAAGCATGAAAAA,-0.0006993661550538516,0.0,32,58,56,58
TGTGCAAGAGCACAGTCACTATCAGTCT,ATGGCGATGGTCTTG,0.006843081989050727,0.0,22,67,54,50
TGGACACCATCACGCGCACCGCCAGCCT,GTCACCGGCACTAAC,0.01429523249998419,0.0,19,51,80,54
TTCGCAGGCGCATTCTCAAGTACAACTA,TCTTGGAGGTGAATG,0.02002357439753948,5.197559705229196,16,50,59,54
AGTACAATTACATAGTCAACGCCAGTAC,TTAGTCTTTCCATCA,-0.02734941683481069,5.244902528561056,27,71,40,22
TCATCAAACACACATGCAGGGGCAACGC,GCCCTCGAAACCTAT,-0.07003577853874764,0.0,53,72,44,12
TGTACAGATCCATGTACACCACCACCCG,TCAAATGATGAGGAT,-0.026994803561308834,0.0,34,64,27,28
TGTACATTGGCAGATACAAGTACACCTA,CTCGCTAATACTCCT,-0.0018690768154295291,0.0,28,57,38,49
CTCGCACGGGCAGCTCCAGCTACAAGAG,TCTTGGAGGTGAATG,-0.0055579290783468365,0.0,30,74,42,47
GAGCCAGGCCCAAATTCACAATCAACTC,AGAAGACGACGATGA,-0.015046168036901071,0.0,28,68,47,33
GTCACAAGACCACAAGCACAGTCATAGC,TTTAACTCACCGTAA,-0.05792769594922036,0.8701669147777693,43,77,43,14
GACACACAACCACAATCATTTGCATCCG,TTTATAAATCAATAG,-0.013736304571902275,0.0,31,61,55,38
AGAGCATAGGCAAATTCAAACCCAGACG,TGATCATCACGGGAC,-0.02878414187676302,0.06339107555015744,41,48,64,32
GGGGCACAAGCATTCTCAAAGACAACAA,TTTAACTCACCGTAA,-0.045826441358335,0.0,47,69,46,22
GGTTCACTAACAAAACCACATGCATCAA,ACAAGTTTTACAGTT,0.02314110966456696,16.884069455067333,17,53,56,63
TGGACACACGCAGAACCACGCTCAGAAA,CAATTTCAACGTTGT,-0.061962720329250875,0.0,52,65,48,15
TGTGCACCCCCACAAGCACTGGCAATGC,TCAAAGCATGAAAAA,-0.023699942406754448,3.796517200397716,33,68,56,30
ACTGCAACAGCATGGCCAATCGCAGAGA,AAAAGAAAAATGTAT,-0.026831003067894533,1.9694916568719236,29,66,50,24
GGTGCATGACCAAACACAAATGCATAAT,GCCCTCGAAACCTAT,-0.06835908725625435,0.0,42,70,41,10
TGGCCATCCTCAAGCTCAAGATCAAACT,TATATTGAACTTTAC,0.015395692902398941,2.663396093974143,16,51,69,47
GCAGCAGATGCATTTTCAGTAGCACAGC,CCAAGACCGTGTAAA,-0.03359100600581105,0.0,37,43,57,25
ACCGCACGGCCAGTTTCAGAGGCATGAG,GCTAATTTCAAGAAT,-0.031954428117504596,0.0,31,70,44,22
TCAACATGTACACCAGCATAATCAAGGC,TTAGTCTTTCCATCA,0.0019588985049828235,0.0,27,52,49,53
CAAACAGGGCCAGCAACAATAACACACC,TATATTGAACTTTAC,-0.005700075704562109,0.0,25,46,67,39
TGCCCAAATCCAGGTACATAGGCAACGC,CTTGATCAATCAAAA,-0.0003184096275997469,0.0,24,60,51,44
AAGCCAGCGGCATGCCCAGCATCACTAT,AGAAGACGACGATGA,-0.004588409715176947,0.0,31,58,37,50
CTATCATTGACATTCTCATTGACAGTCC,ATGAAGTTCATAATG,-0.036189724054801475,0.8956550240779961,24,52,47,15
CTCGCAGCGCCAACATCAGATACATAAA,TATATTGAACTTTAC,0.012171372020447283,0.9609038528440124,21,59,36,56
GTTCCATGGTCAGGATCAAAGACAAAGA,TGGAGTCTTTGTTGA,-0.046038531151262635,0.0,43,68,33,20
TTAGCAGTCCCAGCTGCAAAGGCATTAA,CGATGATGATGATGA,-0.00652780822793481,0.0,23,51,63,35
GAGCCATCAGCACAGGCATAATCAACTC,TCAAAACGGAGTGTT,0.0025819696053878943,0.0,23,53,48,46
GACTCATCCTCAGGCACAACTACAAGGG,CCAACACAGGCTTCG,0.026435970819121375,8.38790314803839,11,51,64,45
TCCTCAGAGCCAGGCGCATTCACATCCG,AGAAGACGACGATGA,-0.008849522098839777,0.0,31,54,34,44
AACCCAGTAGCATCTGCAGTCGCACGCT,CCGTTAGTATCGCTA,-0.12582398098820646,0.0,59,39,7,0
TTGCCAGTTCCAGACACACTCTCATACG,TCTTGGAGGTGAATG,-0.03255671459785459,3.8443992561080904,33,57,48,23
GAACCAGGAGCATTAGCACAAACAATAC,CATTTATGGCTATCT,-0.019353225752901305,0.0,28,55,29,29
AAGGCATCAGCAAACACATAATCACCGA,CTATCAAGGCTTAAT,-0.03896911101943649,0.0,40,62,24,23
GAAGCAGTGCCAAATGCAACATCAACCC,TATGCCCTTCTTCTG,-0.01331549946428908,0.0,29,50,41,36
ATAACAGTGGCACATTCATGGGCACATC,CTTGATGGCTGAAAG,-0.060175738642404795,1.9859582766671906,46,59,31,14
GAGGCACTAACAAGTTCATCGCCACGAT,AGATTCATCCCATGG,-0.05546762642103518,0.0,36,72,26,9
TCCTCCACCCAAGTCCAGGGGCAAGGC,ACAGGGCAGCTCCCG,-0.06116427896183443,0.0,44,62,31,13
AAGGCAGGATCACGGGCATAGACACGTG,AGAACATCATCTACA,-0.032780429084120856,0.9902124448474865,26,44,48,18
TGTCCATGAGCAGGTCCACGACCAATGC,CCAACACAGGCTTCG,-0.011872563230440792,0.0,27,36,42,35
GGTCCATTTTCACCAGCACGCTCAATGC,TGATCATCACGGGAC,0.026509962710398478,10.05380662408561,10,40,53,41
AAGCCAGTCACACACGCAGGTACAAATC,CAATCTTGAATTGAT,0.0025819696053879233,0.0,21,44,48,42
GTTGCAACGGCAGCCTCAAAGGCATTTG,CGCGATCAATCCTCT,-0.0749291756883492,0.0887949632993923,47,54,23,7
CACGCATTCGCAAACTCACGTGCATCGG,TATATTGAACTTTAC,-0.0007541456798448188,0.0,21,50,40,38
GAAGCATGTCCAAGTCCAAACTCATCTC,TTTAACTCACCGTAA,-0.0013441315831582625,6.20044213825264,18,54,46,32
CCGTCAAACCCAGGGGCATAACCACACT,TTTAACTCACCGTAA,-0.062281702029789186,1.284490700024719,42,49,34,12
GGGTCAGTAACAATACCAGAGACAACGG,GAACTCAGGTTCCAT,-0.0321331595555508,0.0,34,57,30,24
ATATCATATCCAATGACAACATCAATGC,CGAACAGAAACACAA,-0.05813844480720329,1.8024367829698917,34,50,36,11
ACCGCATGCTCAGGTGCAACACAGAAA,TTTTGCATTTAGGCG,-0.013833913231205234,1.9667077928764911,27,44,38,33
GGGGCACGGTCAAAGTCAGCTCCATACC,GTGTGATTACTAAAT,-0.02518166782578223,0.0,23,61,32,20
GGCGCAGTACCAAAACCAGGCTCAGAAG,ACAGTTGACGGACAG,-0.019392884690754238,5.305779923769592,29,59,29,30
AAAACAGTAACAATCACATGGACACTTC,CCAACACAGGCTTCG,-0.010446907350845776,0.0,17,60,39,23
ACGTCATAGCCAGCATCAATCGCATGGG,GTGTGATTACTAAAT,-0.043627842431941795,3.041590918325312,36,57,30,18
TACTCACGCTCAATGGCAGGGCCAACCT,TATATTGAACTTTAC,0.00033392691220348697,0.0,23,41,36,43
TAGGCACGCGCACTCACATCCTCAGACT,ATTATCAAGTGCCAG,-0.015636153940214396,0.0,19,59,28,22
GATTCATGTGCAAATGCAAGAGCACATA,TTTAACTCACCGTAA,-0.04256955248812247,0.0,31,41,37,16
GATACAGCATCATCAACAGCAGCACACT,GTTGAACTGGTTGTT,-0.04276945459841099,0.0,29,68,27,5
CCTTCACACACAACCTCACTGGCAATGG,TGATCATCACGGGAC,-0.02232517712228614,0.0,19,53,34,18
CCCCCACGTTCAACATCAATACCACAGA,CCAACACAGGCTTCG,-0.02052293641327692,0.0,25,28,25,25
GCAACAGGCTCATGGACAGAAGCATTAG,GTGTGATTACTAAAT,-0.013403799736674951,0.7873447652112304,21,39,38,26
AGTCCAGCTTCAAAATCAGGGTCAAGAC,GTTGGGCGCTTAAAG,0.010843175068873926,1.4264651389378287,16,35,38,41
CGAGCACGGTCAGGCTCATACACAGATA,TTAGTCTTTCCATCA,-0.03241210121123465,2.1174081867333143,20,43,43,14
GAAGCACCGCCACTGCCATATGCATAAA,ACAGTTGACGGACAG,-0.010933533998217592,0.47157935838731646,27,34,30,36
GAATCATAACCACCGACATATTCAAACC,CAATCTTGAATTGAT,0.011524102491877223,0.0,13,40,39,34
CACGCAATGCCACTATCAGCACCAGCAG,CTTGATCAATCAAAA,-0.0015047744643564773,0.0,13,41,42,23
AGAGCAAAACCAACGACACAGGCATCGG,GCTAATTTCAAGAAT,-0.05424296680255958,1.5233826678247624,33,44,27,12
CAAACAACTCCATCGACAGCGTCATAAA,GCTGCTTATGAGGAT,0.015326873058869726,5.742347795321848,7,37,36,40
GGCCCACCACCATATTCAGAATCAGGGA,TCAAATGATGAGGAT,-0.033378352440343116,0.9341608899985658,25,46,27,17
ATAGCAGGAACAGGCACAGATACATTCG,CTTGATGGCTGAAAG,-0.04919631192071396,0.0,26,31,36,11
CAGGCATCAGCAGCCACAATAACATTAA,CCAACACAGGCTTCG,-0.046528221664929405,4.947629566176431,24,52,28,11
GGATCAGGATCAACCTCACATACAGGTC,GTAATCTGACTCTAG,-0.02052293641327692,0.2894420091823804,21,43,19,21
AATACAGCTCCAATTACACGGCCACCTT,ACAGTTGACGGACAG,0.013068287126533695,1.8489314921594087,9,30,46,31
AAATCAAGCACATTCGCACTGGCAGGCC,AGTGTTAATCAGACC,-0.07755926403498717,13.063068901045938,28,42,13,3
GCGTCACCAACATGACCAAAAACAGTTC,TATGCCCTTCTTCTG,0.002026184410237119,0.0,8,35,28,29
TTCGCACGGCCATTGCCACAAACAGTGT,GTCACCGGCACTAAC,-0.024973982834094344,7.377461058179506,24,36,28,21
AGCCCACCTACAATGGCAATACCAGTGA,GTTGGGCGCTTAAAG,-0.000930047583206306,0.0,10,28,55,18
GGGACAGGTACACAACCAAGCCCACCAG,GAGAATGAAGGACAG,-0.028039328833593325,0.2834979871826988,20,33,25,4
CTAACAATGTCAGAGGCATCGCCAACGA,GAACTCAGGTTCCAT,-0.030112338828336315,0.0,20,27,36,15
CGTGCACGAGCACGACCACGGTCAAGAC,TCAAATGATGAGGAT,-0.02355532902013449,0.0,23,20,34,21
AAGCCATGTCCATCATCATCGGCAAAAA,TTTAACTCACCGTAA,-0.06893186178663846,1.9799061070270625,29,42,16,9
ATGACAAGGTCAACTTCACCCTCAGAGG,CGAACAGAAACACAA,-0.0028996562301570224,7.305026144877047e-06,15,41,31,9
AGATCACTCGCACAATCAGAGACAAGGA,GAGAATGAAGGACAG,-0.03693881924987008,3.94432951418122,18,33,35,11
GACTCAACGTCAAAGGCAATGACAGGAG,CTTGATGGCTGAAAG,-0.04152250718104844,0.0,22,47,21,7
AAATCAATGGCAAACGCATCGACAAGCG,GAACTCAGGTTCCAT,-0.008244545978992626,0.03169040390105238,21,31,39,9
CGTTCAGCTTCAAAGGCATAGTCAAGAG,CAATCTTGAATTGAT,-0.02052293641327692,6.61166955927672,20,40,21,20
AGGGCAGGTGCATTCTCACTACCATGCG,GAGAATGAAGGACAG,-0.037070832623739954,1.747323618184197,23,26,21,14
TTCACACGAGCATCAACACTAGCAAATT,ACAGTTGACGGACAG,0.01824875724691242,1.863701812776526,10,25,32,32
AACACAAGGACAGGTGCAGACTCACACA,TCAAAACGGAGTGTT,0.013797710826095051,0.03832693791844122,10,38,26,28
TTCGCAGCTTCATCGACAAACGCAGCCG,GTTAAATCAACAGTT,-0.09706914583385592,0.0,35,36,11,2
CGTCCAGGTACATTCTCACCGACAAAGA,CTAAGCAGTCTTCTC,-0.06044066609756709,0.0,26,25,17,3
GTCTCAACCACATCGCCACATGCAATAA,GAGAATGAAGGACAG,-0.0659006306958167,0.00024863736172164863,29,33,17,9
GGAACAGGCACAGGGACACGTCCAAGCA,CTAAGCAGTCTTCTC,-0.03755045720547661,2.2920303013091825,20,35,16,12
AAATCATCAACAGCTCCAACATCAGCGG,CTTGATGGCTGAAAG,-0.026251278310832266,1.2281108752780199,19,34,29,16
GAGGCAGCTACACTGGCAGTCTCACGTC,TCAAAACGGAGTGTT,-0.027642073089878896,3.283810536828355,26,25,24,21
GGTCCAGGGCCAGGCACAGGCACAATAT,GCCCTCGAAACCTAT,-0.08296994326699877,0.08024699589032025,24,32,10,9
ATGACATGGACAGCGGCAAGAGCATCCT,AAAAGAAAAATGTAT,-0.04191806595235676,0.0,19,31,32,10
AACACAGATACAACCCCAGATTCAACAA,TCAAAACGGAGTGTT,0.011113082076627928,0.0,12,28,26,31
GAGCCAGGGGCATCGTCACTCGCAGGAA,GAGTGCTTCAAAGTT,-0.012796215944699485,0.0,23,27,20,29
CTAACAATATCAAATGCAAAGTCACAGG,TCAAAACGGAGTGTT,-0.038925222489944906,9.33522000733899,33,24,16,19
GCTTCACCTTCACCCCCAGTCGCAGGAC,GTTGGGCGCTTAAAG,0.006663286995167852,0.0,9,33,25,30
CTGGCATTGGCAGCATCATAGTCACTGA,CTTGATGGCTGAAAG,-0.03761266666520213,0.0,9,32,36,12
CAGACATTTACATGAGCATTGTCATCCG,GAACTCAGGTTCCAT,-0.010933533998217594,0.4182466764527817,15,37,19,20
TAGGCAGGTTCAGAGGCAGCTACACTAG,GTTTAGCTTCCGTTG,-0.03935298504294349,0.0,23,40,8,12
GTATCAGATGCATGGGCACTAACAAATC,GCTAATTTCAAGAAT,-0.03185982024124754,0.0,21,45,9,12
CGATCAAATCCAATGTCAGTACCATAAC,AGAACATCATCTACA,-0.012352187812177446,0.0,18,32,17,23
AGTGCAATTACATGAGCATCCTCAGCTC,TCTTGGAGGTGAATG,-0.010446907350845774,0.0,17,23,27,23
TGCTCAGGCTCACCTGCACATACAACAG,GAGAATGAAGGACAG,-0.051666577659171375,0.0,28,28,20,11
TAGGCATGTGCAAGCCCAAAGACAGTGT,TTTATAAATCAATAG,-0.01785484615749238,0.0024305638245891714,12,22,35,13
AGTTCAAGTGCATGTGCAAACGCAGGGG,ACAGTTGACGGACAG,0.014878439559731716,3.2331104842398872,3,28,22,30
CCCCCAGTTCCAAGCCCACATGCAAGCA,CTAAGCAGTCTTCTC,-0.024812402776714773,1.0215118210334992,15,32,20,3
AAGACATCCTCACCTCCACGGGCACCTC,AAAACATTATCAAAG,-0.13338122374246963,0.0,31,19,3,0
CAGTCACGTGCAATTTCAACCTCACAGC,GAACTCAGGTTCCAT,-0.0005370119876296764,0.0002025795396320973,12,23,26,6
CGCACACATTCACCCCCACGGTCAAGAC,AGTGTATGATAATAT,-0.03148897240794091,0.0,12,26,14,4
TAGGCATTTGCAGTAGCAGTACCAGGCT,GTCACCGGCACTAAC,-0.03451312239882505,6.530057047127286,8,33,22,5
ATGTCACGTGCATGGGCAACCTCAACTC,GTTCAGCTTTGATCG,-0.016071889992459558,2.1464145867643083,14,29,19,16
GAGACAGGACCAAGCTCATATACAGCAA,AGTGTTAATCAGACC,-0.025292964534632728,0.0,15,43,12,13
TGTCCACAGTCAATTGCAGCTCCATAGT,CTAAGCAGTCTTCTC,-0.05125460924014827,0.0,28,26,22,3
CATACAAGAACAGCATCACTTACAGGCA,CCAACACAGGCTTCG,-0.020522936413276984,0.0,16,30,18,16
AAGACAAGCGCAACAGCAATTTCACATA,AGTGTTAATCAGACC,-0.07011631684653179,16.996116359934376,26,30,5,2
TTGTCATACGCAGGGCCACCCTCATCCT,TTAGTCTTTCCATCA,-0.008033154765229951,0.0,11,35,17,16
TAACCACTGCCAGATCCATCTCCAGCAA,AAAACATTATCAAAG,,0.0,21,3,2,0
CAGTCATGGCCATAGGCAAAGCCACTTA,GTTAAATCAACAGTT,-0.010933533998217592,17.425525468663636,12,23,17,16
CGAGCAAGACCATTTACAATTCCAACTG,ATGAAGTTCATAATG,0.0002716184196736916,1.6703873634178308,8,25,22,20
CAACCAGCGGCATCCACACAGGCAACAG,CTTGATGGCTGAAAG,-0.06317516041239807,1.99425841578676,21,30,13,5
ATTGCACCGACACGGGCACTCTCATAAC,TGGAGTCTTTGTTGA,-0.038059372943169585,0.0,22,28,14,13
TTCCCAACAGCACAGGCATCATCAAGAA,CTTTCTTGTGTATTT,-0.141224804971193,0.0,30,17,7,1
GCCTCATAAGCAGATGCATCGACATCAA,GAACTCAGGTTCCAT,-0.048312584239001595,5.216879179617251,18,39,15,2
ATAGCAGGAGCACGGGCATCTGCACGGA,CTAAGCAGTCTTCTC,-0.06317516041239808,0.0,21,27,13,4
GAAACAGTGTCATGCCCAGTACCAGTGA,GAGAATGAAGGACAG,-0.01607188999245956,5.6135931771950425,14,14,17,16
TGAACAGGTTCAAGGACAAGGACAGGCA,GTTGAACTGGTTGTT,-0.08156139941866399,4.598979756495055,28,24,12,3
GATTCAAGGTCAAAGGCAAGGTCAGGGC,TCATAGGTATCTCGC,-0.09496245277638171,0.0,20,18,1,0
TGATCAAATGCAAGTCCAAAGACAGCAT,AGATTCATCCCATGG,-0.0429019050069899,0.0,14,28,13,9
TAGTCACCAGCAATCGCAATTGCAACGC,ACCACCGGTCCTGCC,-0.009307195192569794,0.0,10,27,17,14
CTATCAAAGACACACTCAGGGGCATGCG,GTTTAGCTTCCGTTG,-0.03707083262373995,0.0,23,15,15,14
TCTCCATCAACAGGTGCACTATCAGAAT,ATTATCAAGTGCCAG,-0.0003184096275997185,3.1232680265056842,12,11,20,22
AGGTCAGAGTCAGCACCATAGGCAACGA,GAACTCAGGTTCCAT,-0.05176222781334918,3.667285051237286,18,32,14,4
GGACCACTTACAGCCTCATGGTCAGTCG,CGAATGCCATACAAA,0.020544873825081876,2.2319822276696186,4,20,23,24
CAGGCAGATACACACGCAACTTCAAGCG,TCAAATGATGAGGAT,0.00857906585206807,0.031846035322473654,10,24,26,8
AGAACACCCACACGAGCACGCACAGGAT,CGCGATCAATCCTCT,-0.035746862824956274,2.352757204607286,14,23,15,9
ACCTCAATACCAACACCACTTCCACTGA,GTTCAGCTTTGATCG,-0.04587307603052999,0.0,16,29,14,7
GGTGCAGCGGCACTCGCATAAGCACTAT,AGAAGACGACGATGA,-0.011580803526787621,0.0,13,24,14,17
AATCCATAAACAGCAGCAATTACAGCGG,TCATAGGTATCTCGC,-0.13832605128386785,0.0,24,14,6,0
GAACCACCTTCAGAAGCATAGCCAAGAA,AGAAGACGACGATGA,-0.004996407363217648,0.0,8,25,14,18
GGCCCATACGCAGTTGCAGTTGCACCAA,GAACTCAGGTTCCAT,-0.022822698796175312,0.0,15,26,12,14
GTCGCAGAATCAACGTCATATACATGAA,GTTCAGCTTTGATCG,-0.05793117887137431,1.4028633095971372,16,25,11,3
TCGTCACTCACACGTGCAACTTCAAGTC,ATGAAGTTCATAATG,-0.012484201186047319,0.0,11,13,26,14
TACCCAGTGGCATGGGCACATCCACGCG,ATTATCAAGTGCCAG,0.004922952610619882,0.023630861848687346,12,16,29,6
AAGACAAGTGCAGTAGCATGGCCAGAGA,AGTGTATGATAATAT,-0.02868852764086269,0.0,7,29,13,13
GCCTCAGTTTCAGGAGCATGCACACCTC,AGTGTTAATCAGACC,-0.020522936413276984,0.0,15,16,18,15
CGGGCATGGACAGAGGCACACACAGGAC,GAGAATGAAGGACAG,-0.05929495838250856,0.0,21,27,7,5
CCATCACATCCAGAAGCACCGTCAAGGA,CTTGATGGCTGAAAG,-0.050353683965014294,0.0,20,23,16,0
GTGGCAAGTACACAACCACAAACACAAA,TAGACGGACATCTTC,0.000863341302023769,0.0,8,21,17,17
AAATCAACAACACAGGCACGGCCACGGG,CTCTTGAGAATACTT,,0.0,23,8,0,0
ACCGCAGAGTCAACTCCATGTCCAGCAG,TGGAGTCTTTGTTGA,-0.023423315646264566,1.242489988948961,12,23,13,11
GACACAACACCACGATCAAGTCCAGGAG,CGTCAAGACCTTCTA,-0.04890430712135167,0.0,17,19,14,7
ACTGCACGTTCATCCGCACACACACGAT,GTTTAGCTTCCGTTG,-0.05587053242863096,0.005554031702104112,8,26,14,5
AAAGCACGAACATGTGCACTCCCAACTC,GAGAATGAAGGACAG,-0.06652369171770725,0.7700557736883127,19,22,11,1
CTTACAAGGGCATCCTCATGGCCACAAT,TCGATAGAATTTACT,0.00027161841967360224,0.0,5,20,18,16
CTCACAGGCCCAGTCACACGCGCAAATT,TCATAGGTATCTCGC,-0.137035710800277,0.0,22,13,0,0
ATTGCAAAAGCAAATGCACGCGCACTAG,ACAAGTTTTACAGTT,-0.060735652203926474,9.830027696788818,20,20,13,0
GCATCAAACTCAACAACACATCCAGGTG,CTTGATCAATCAAAA,0.004273753803350513,0.0,7,15,22,13
TGTCCACATGCAGCAGCATCAGCAAACG,GCTGCTTATGAGGAT,0.05249169795264992,16.721893118816183,2,7,21,30
TTTTCACCGCCAAGGACATAAGCAGCCT,AGTGTTAATCAGACC,-0.03101815261757328,0.0,17,29,4,2
CACTCATGGCCAGCCTCACCGTCATAGC,TTTATAAATCAATAG,-0.0055325259070900575,0.0,10,27,4,13
CGTTCAATTGCACAGTCATCACCAAAGT,GAACTCAGGTTCCAT,-0.03143595653214941,0.0,9,16,11,7
GAGCCAAGAACAGGCTCATTAACAGTAA,TCATAGGTATCTCGC,,0.0,22,8,1,2
CCGGCAACAGCAGGTCCAACCACAAACG,CATTTATGGCTATCT,0.022044672488643748,1.6888631625092216,10,29,8,5
ATAGCAATAGCATCCTCAGTCGCAAGGC,GAGAATGAAGGACAG,-0.03919650639930385,0.9250987402047599,14,15,14,7
GGCTCAAGTTCATAAGCAATGGCATAGA,CTTTCTTGTGTATTT,0.0037212619940212733,0.0,8,14,16,12
CACGCAAGGCCATAGACAAGCACAGGCG,TCAAAGCATGAAAAA,-0.035194371015626946,4.438217206742252,12,23,13,6
GTGGCAATGCCACGAACACTACACGCC,TCATAGGTATCTCGC,,0.0,20,5,0,0
TTCACAGTCACACGACCAGTCTCAGTTC,GCTAATTTCAAGAAT,-0.029268411895526633,0.0,13,14,12,10
GAACCAGTTCCACGCACAACGTCAATGC,CGCGATCAATCCTCT,-0.05470425281449576,0.0,15,19,11,2
GTATCAAGAGCATGAACATCGTCATCGC,TATATTGAACTTTAC,-0.03916512396231422,0.08917194987174071,4,22,14,9
GGGTCATGGTCAGCCACACTATCATGAG,TCATAGGTATCTCGC,,0.0,17,9,2,0
AAAACCAAACGCAGCATCAACTTCAGGGC,AAAACATTATCAAAG,,0.0,15,4,1,0
AGGTCAAGCCCAGGTGCATTCGCAAACA,TTTTGCATTTAGGCG,,1.3964421364835857,7,29,5,4
AGGACACACACATGCGCACCTACAGTGG,TATATTGAACTTTAC,0.011428795985384224,2.7103817016692346,1,11,27,11
AAGACATCGACATTCTCATAACCACGGG,AAAAGCGACATTTCT,0.006033388411991502,0.022924241067471485,7,14,14,8
GACTCAAGCACAACACCATTGACAGAAA,TTTAACTCACCGTAA,-0.04754921063246204,0.0,13,12,11,9
GTCACATTCTCAGAACCACTGACATGGG,CTTTCTTGTGTATTT,,0.0,9,15,6,1
TTTTCAGAGCCATTGGCAACGACATCCC,TCGATAGAATTTACT,-0.09873648557466645,5.774917119860106,15,13,6,8
GGATCATAAACAACTTCAGTCACAACTG,TATATTGAACTTTAC,0.006033388411991502,0.0,7,13,13,7
AACTCAATCTCATTGGCAGTCCCAATTG,GAGAATGAAGGACAG,-0.05565819396542104,0.0,12,16,3,9
GTGCCATACCCACGAACACCTTCACCGT,AGTGTTAATCAGACC,-0.04396201538952005,0.0,11,17,10,1
GGGGCATCCTCAAAGGCACTGGCAGGTA,GAACTCAGGTTCCAT,-0.04862098222481546,0.533013975134736,3,19,11,7
CAATCATAGTCAAGCCCAGATTCACGAG,GAGAATGAAGGACAG,-0.07701560399522696,0.0,13,14,7,0
GATGCATTGTCACAATCAAGGGCACAGG,AGTGTTAATCAGACC,-0.13748922631681604,0.0,17,10,0,0
TTTCCACGGGCATTATCATAGCCAGCGC,TCATAGGTATCTCGC,-0.11319460845577721,0.0,16,12,0,0
AAGCCAACTTCACAGACAAGCCCAGAAT,CTAGTTGTATAGCCA,,0.0,15,3,6,0
TGGACATATTCACAAACATGGCCAGAGG,AAAACATTATCAAAG,,0.0,14,7,0,0
CGAGCATCAACATGATCACAGCCAATGG,GAACTCAGGTTCCAT,-0.01473054806583285,0.038337352387401324,7,16,13,6
AGCACATTAGCAATTTCAGATCCAACCG,AGTGTTAATCAGACC,,0.0,18,3,2,0
AGCCCACATTCAGTAACATAACCAGTGT,TTTTGCATTTAGGCG,0.02144845639471722,0.0,7,12,14,6
GGGCCAGTGGCAAAACCAGCATCACATC,CGAACAGAAACACAA,-0.03704490319725391,0.0,3,20,13,4
TGCCCACGAGCAGGCGCAGGCACATGGG,TCAAAACGGAGTGTT,-0.0267076035670077,0.14760612904171921,7,7,17,11
CCCGCATTGGCATGCCCATGCGCAGAAT,GTAATCTGACTCTAG,-0.04096697451258198,0.0,9,16,10,2
GTCCCATGGTCACGGACAGCTACACAGG,CTAAGCAGTCTTCTC,,0.0,12,7,4,0
ACTTCATGATCACCGGCACTGACAGCTA,GTAATCTGACTCTAG,-0.05760000255113114,0.0,13,17,2,4
TACACAGCCACAGCGGCACACTCAACCG,CAATTTCAACGTTGT,-0.0267862991413303,0.0,10,15,3,10
ATCTCAACAACATATCCAGACACAAAGC,AAAACATTATCAAAG,,0.0,12,5,0,0
TCGACATAAACACCCCCAGGAACATACT,TCATAGGTATCTCGC,,0.0,17,5,0,0
TCACCAACACCATACCCACCGGCAGTCC,GAACTCAGGTTCCAT,-0.028797281014830034,0.0,5,17,12,0
TTTGCATGGTCATGAGCATGCCCAGAAT,ACAACCTACCTGCTA,-0.012128081858565575,0.0,10,9,17,1
CATTCAGCAGCAGATGCAGCGACACTGT,TCAAAACGGAGTGTT,,0.0,4,9,14,8
ACCACAAGGCCAGGGTCAAAAACAAGAG,AGTGTATGATAATAT,,0.0,6,20,6,3
ATGACACGAGCATTACCAAGCGCATCTA,CTTTCTTGTGTATTT,-0.10854260689228803,0.0,14,11,3,0
CTTCCACTTCCAGTAACAGGGCCAAGGG,GAGAATGAAGGACAG,-0.058189974763849905,0.0,10,13,3,1
GGAGCAAAGACAGACACACCATCAAATT,GTTTAGCTTCCGTTG,-0.0026677492869714215,0.0,4,12,11,7
GCATCAGAGACACCTACATGGTCAGCAT,GAGAATGAAGGACAG,,0.0,19,9,4,1
ACCACAAAGGCAAGGACACTCACATGCA,AGTGTTAATCAGACC,,0.0,9,3,0,0
GAAACATGAACACAGCCATCACCAATAG,TTTTGCATTTAGGCG,,0.0,2,8,3,6
TTCTCACACCCATAGGCAACGTCAGGGG,TCAAATGATGAGGAT,0.032239271541502655,0.0,0,7,12,14
TGACCAGAGGCACTGACATCGACAATCT,AAAACATTATCAAAG,,0.0,13,7,1,0
GTACCACCCGCAAAGCCATGAACAGGAA,CGCGATCAATCCTCT,-0.043879890399782656,0.0,10,15,6,1
GCGCCATGAGCACCCTCAATATCAGGGT,CCGTTAGTATCGCTA,,0.0,15,5,0,0
GCCGCAAAAGCAACGGCAGGGCCATGTTA,AAAACATTATCAAAG,,0.0,10,5,1,0
CGCACACGAACAGGGCCAAACTCATCTT,TGATCATCACGGGAC,,0.0,11,1,0,0
GCTCCATCGGCACTAACACGATCAACTG,CCAACACAGGCTTCG,,0.0,5,15,6,1
CCTACAGACTCACCAACACTACCACTGT,GAGAATGAAGGACAG,,0.0,7,11,4,4
ATAACACGTTCAGTTGCACGGCCATTCG,TCATAGGTATCTCGC,,0.0,8,5,0,0
GACGCATAACCACTGACAAAATCAGTTA,TCATAGGTATCTCGC,,0.0,6,2,0,0
CTATCACTAGCAAAAGCATCGACATCGC,CGAACAGAAACACAA,,0.0,6,8,4,1
ACACCACGAACAGTAGCAGAAACATCAC,AAAACATTATCAAAG,,0.0,14,4,3,0
CAATCATGTGCAAAAACATGGACAATCC,CGCGATCAATCCTCT,,0.0,5,14,5,2
AGTTCAAAAGCATACGCAGCACCAACAT,GTTTAGCTTCCGTTG,,0.0,2,7,10,9
AATTCAGAGACATCGACACTATCAGTAC,CTTTCTTGTGTATTT,,0.0,14,4,8,1
CCGGCAGTCCCATAGTCAATGTCAACGC,AGTGTTAATCAGACC,,0.0,9,2,2,0
CGGGCAATTCCACATGCAAGCGCAATGG,GCTAATTTCAAGAAT,,0.0,5,8,8,7
TAAGCAGGGACAAAACCAGTTTCATCGT,GTTAAATCAACAGTT,,0.0,8,6,1,0
AGAAAAATTCAGTAACAGGTGCACACC,GTAATCTGACTCTAG,,0.0,9,8,2,0
ATCGCACCCACATAAACACGGGCAACTT,GAGAATGAAGGACAG,,0.0,14,5,2,0
GATGCACTACCAATACCACAGGCACGAG,CTAAGCAGTCTTCTC,,0.0,6,4,1,2
TCAACAGTTGCATTAGCAACAACACATA,AGAAGACGACGATGA,,0.0,6,9,5,3
CGGACAATAGCAAAATCATAGGCATCCG,AATGATACCATTTTT,,0.0,3,11,7,4
GCCTCAGAAGCATTTACAGCGACATCGG,AGATTCATCCCATGG,,0.0,3,3,14,5
ATCAAAAACACAGGCAAAACCAAGCA,AGTGTTAATCAGACC,,0.0,4,8,5,1
GGGGCAGGGCCATAATCATGGTCAGTGG,CTTTCTTGTGTATTT,,0.0,11,8,0,0
AGGTCATGAGCACCGACATAAACATAGC,TCATAGGTATCTCGC,,0.0,5,2,0,0
GGCGCAACATCAGGCGCAGCGACAGCCT,TATGCCCTTCTTCTG,,0.0,3,10,5,3
AGACCAAGGACACTAGCACTTGCAACAG,ACAGGGCAGCTCCCG,,0.0,6,5,7,3
GTCGCAATACCAGAGCCACAATCAGCTG,ATAGTCGATTAAGAT,,0.0,9,5,0,0
CGGCCAGGAACACAATCACTACCACGGC,CTAGTTGTATAGCCA,,0.0,9,2,0,0
CAGCCATGCGCAGGAGCATCACCAAAAA,CCGTTAGTATCGCTA,,0.0,14,0,0,0
CGAACAACAGCACCTACAGTAGCAAATG,CGCGATCAATCCTCT,,0.0,6,5,5,1
CGGACATTTCCAGGGGCAGCCTCAGCAC,CTATGCATTTACTCA,,0.0,4,6,1,1
ATCACAGACACATATGCAAAGTCACCCT,AAAACATTATCAAAG,,0.0,10,2,0,0
GGGTCAAATACAGCCCCACGGGCAGTCT,GTTTAGCTTCCGTTG,,0.0,4,7,1,1
ATGTCAGGTACACATACAGAAGCAGCAG,CGCGATCAATCCTCT,,0.0,2,8,7,3
ATGTCAAGCACATCAGCATGGACAAATG,AGTGTATGATAATAT,,0.0,4,4,6,3
TGCTCAATGACATGGGCAGTGCCAATTT,TCATAGGTATCTCGC,,0.0,7,6,0,0
AAAACAAGGACAATTACACACCCACAGC,GAACTCAGGTTCCAT,,0.0,8,5,2,0
GTCTCAATCACACTGGCAGGGCCAACCG,CTTGATCAATCAAAA,,0.0,2,5,8,6
GCTGCATGTCCAACGCCAACTACACTTA,TCATAGGTATCTCGC,,0.0,9,2,0,0
TATCCAAGAGCATATCCAACATCACGAA,AAAACATTATCAAAG,,0.0,6,5,1,0
TAGGCAAACACAGCTGCATAAACAGGAG,AGTGTTAATCAGACC,,0.0,7,4,1,0
GAAGCAAATCCACGGTCAGACACACAAC,AGTTTATAAAAAATT,,0.0,8,5,1,0
GCTACATAGCCAAGAACATTCACAATCA,TTTTGCATTTAGGCG,,0.0,2,5,6,4
GGTGCACAAACACGTGCAGGATCACTGA,TTTAACTCACCGTAA,,0.0,5,3,4,8
AGGACAACGGCATTGTCACGTCCATGAG,CAAGTTCGGCGAAAT,,0.0,6,4,4,4
AATGCAAATTCAAGCTCACGATCACTCC,TTTTGCATTTAGGCG,,0.0,2,2,7,4
GCCACACACTCAATAACAGGGTCAAGCT,ATTATCATCGCCATC,,0.0,3,1,1,0
TGACCAGTAACAGGGTCAAGCCCAACCT,GCTGCTTATGAGGAT,,0.0,2,5,7,5
AGACCAGTCTCACAAGCAGACACAGGGC,AGAAGACGACGATGA,,0.0,1,4,6,8
TCCGCAATCGCAATAACATCAGCACCTC,AAAACATTATCAAAG,,0.0,3,3,1,0
ACCACAGACACACCTTCAGGACCACAGA,GTAATCTGACTCTAG,,0.0,2,8,4,0
GGTCCAGGTACACATGCAGCAGCACGGC,CTAAGCAGTCTTCTC,,0.0,2,8,1,1
TCTTCATGGACAGCGCCAGGTCCATCTA,CGAACAGAAACACAA,,0.0,4,4,3,3
TGTCCAGACGCAGGCTCACGTACAACTC,CTTGATCAATCAAAA,,0.0,9,4,1,2
GGCGCAATGACACGGACAACAGCAGACT,TCAAATGATGAGGAT,,0.0,5,7,2,0
CCAACACGCCCAACATCAGCGGCAAGGC,TTAATTAGAGGTATG,,0.0,1,8,6,0
ACGGCACGTACAAGGTCAGTCACATCTG,TTAGTCTTTCCATCA,,0.0,7,3,3,2
CTCCCAGTCTCACATTCATCGCCAAAAG,AGTGTTAATCAGACC,,0.0,6,2,0,0
AACACAGCGACATGTCCATCGACAGGAG,TCATAGGTATCTCGC,,0.0,9,1,0,0
TATGCACCTGCACTAACACCTGCAGACG,CTCTTGAGAATACTT,,0.0,7,0,0,0
AACACACATGCAGGGCCACACACAACAA,CTAAGCAGTCTTCTC,,0.0,6,1,2,0
GGTGCACAATCATGGGCAGGCGCACTCT,CTAGTTGTATAGCCA,,0.0,3,4,0,0
GCGACAGTTGCATGTTCATCCACACCTC,AGTTTATAAAAAATT,,0.0,4,3,0,0
ACGACACGGGCACAGACACGTCCAAGAG,CTTTCTTGTGTATTT,,0.0,6,6,0,0
CAAACAGAGCCAAAATCAGCAACAGTAC,CAATCTTGAATTGAT,,0.0,2,2,9,1
AGCACATCACCATGATCAGCTCCATAAG,GCAAGAAAGAAACCC,,0.0,0,9,4,1
CGCACAAAGCCACAGTCATGAGCATAGC,CTAAGCAGTCTTCTC,,0.0,3,2,7,0
AGGGCACCTGCACTGACAGTTGCAGGAC,CTAGTTGTATAGCCA,,0.0,5,1,0,0
GGCTCAGGGGCATGACCATGCCCACAAA,CTAAGCAGTCTTCTC,,0.0,2,5,1,0
GAACCATACTCAAGTGCAAATTCAGTCA,CGTCAAGACCTTCTA,,0.0,4,5,2,0
GAACCAACCCCAGCAACATTCCCACTGA,TATGCCCTTCTTCTG,,0.0,5,2,3,1
GGCCCAGTGACAAGGTCATTAGCAGGTC,GCAAGAAAGAAACCC,,0.0,3,0,0,0
GTAGCAGCAACACATCCAATGACAGTCT,GTGTGATTACTAAAT,,0.0,1,0,1,2
ATTGCAGGACCAATCACAGGGACATAAC,CTTGATGGCTGAAAG,,0.0,6,0,2,1
GGAACAGTCACAGGTCCATGTGCATCTT,TACACCAATTACACT,,0.0,1,1,0,0
TGGGCACAACCATATTCAGAGGCAGAGT,CTAGTTGTATAGCCA,,0.0,2,4,2,2
GGTGCATAGCCAGGCTCATAAACAGCCC,GTCACCGGCACTAAC,,0.0,3,4,2,2
AAGTCAAGTTCAAAAACAGGCCCACTAC,TCGATAGAATTTACT,,0.0,6,3,2,0
TGGACAATTACAGTGTCAGCTACAAGGC,AGTGTTAATCAGACC,,0.0,5,4,1,1
GCCCCATTTGCATTCACACTCCCATCCT,CTAGTTGTATAGCCA,,0.0,2,0,0,0
GTCATGAACAATCTCATCGTCATTCC,CTAGTTGTATAGCCA,,0.0,0,2,0,0
TAAACAATGGCACGCCATCGGCACTCG,CATTTATGGCTATCT,,0.0,2,4,1,0
TAACCACCTACATGATCATAATCAGAGA,TCATAGGTATCTCGC,,0.0,4,0,0,0
CAAGCATTCCCAATGACAGCTCCACCGC,TGGAGTCTTTGTTGA,,0.0,3,1,3,2
ACTACAATCGCAGAGCCAATTTCATAGG,TCGAAAGCACAGTAG,,0.0,0,5,3,1
GGCGCAATCTCATAAGCAGTAGCAATTC,TAGACGGACATCTTC,,0.0,3,2,2,3
TGCTCATACACAGCCACAAAGGCATCGC,TAGACGGACATCTTC,,0.0,2,2,3,3
TACGCAAGGCCACTAGCACGGTCACATG,GTTGAACTGGTTGTT,,0.0,0,0,9,1
ATCTCAAGGGCATTAACATCAACACAAG,TCATAGGTATCTCGC,,0.0,2,3,0,0
ATACCACAATCAACCTCACCACCATACA,CTATGCATTTACTCA,,0.0,1,1,5,1
CCGTCATCAGCATCCGCAACAACAAACG,GTTTAGCTTCCGTTG,,0.0,1,2,2,2
GCTACAGTATCAACCCCAAAGGCAGCGC,CATCAATGAGGCAGT,,0.0,1,0,0,0
TCATCAGTCCCAGAGCCATGTTCAATCC,CTAGTTGTATAGCCA,,0.0,3,2,0,0
TATACAACCACACAACCATAGTCAAACA,GTTAAATCAACAGTT,,0.0,4,5,0,0
TTAACAAGGCCATAGACACGCTCACACA,ACCACCGGTCCTGCC,,0.0,2,4,0,3
ACGGCACGCACACCGACAACGGCAAATT,CTAGTTGTATAGCCA,,0.0,0,4,0,0
GAGACATCTACACGAACACGAACAACAT,CCAAGACCGTGTAAA,,0.0,3,1,1,1
GAAGCATAGACACCCGCAAATCCAGAGG,CTAGTTGTATAGCCA,,0.0,3,0,0,0
GAATCAAGATCACACCCATTGGCACCAG,CAATTTCAACGTTGT,,0.0,0,4,1,1
CTCTCAGTACCAGTTTCAGCCTCACTGA,CTTGATGGCTGAAAG,,0.0,0,8,0,0
GGGGCAAAAGCAGTCACACGGGCAACAT,TACACCAATTACACT,,0.0,2,0,0,0
GGACAGTGGCACTCTCAGAGTCATCAG,CTAGTTGTATAGCCA,,0.0,1,1,0,2
GCAACAAATCCATGCTCATTAACAGCTA,CATCAATGAGGCAGT,,0.0,1,0,0,0
GGGGCAACTTCACGGTAAATGCAAACT,CTATGCATTTACTCA,,0.0,2,1,1,0
ATGGCAGGTACAGGCACACTGTCACGAG,CTTTCTTGTGTATTT,,0.0,3,0,2,1
TGGGCACAGCCACACGCACTTACAAATA,TAATATTGTTTTGCG,,0.0,2,0,0,0
TAAACAGCCGCAGATACAAGGTCATCCA,CTAGTTGTATAGCCA,,0.0,4,0,0,0
TTCGCACCTGCAACGTCAGTAACAACAC,CTAAGCAGTCTTCTC,,0.0,1,2,2,0
GGCCCATGATCAGGCTCAGTGACAAGTG,GTAATCTGACTCTAG,,0.0,1,5,1,0
CGATCACCTACATGCTCACCGACATTGC,CTTTCTTGTGTATTT,,0.0,5,1,1,0
GATACAATGACACCAGCATCTGCAGGAG,ATGGCGATGGTCTTG,,0.0,0,3,2,2
CCGTCAAGAACAATCACAATGGCAAGAC,AAAACATTATCAAAG,,0.0,1,1,1,0
TACTCAATAACATGAACACAGGCAAATG,CTTGCAAGTGTAATT,,0.0,2,0,0,0
TTAGCACCCGCAAGTCCACAAACAAGGG,CCGTTAGTATCGCTA,,0.0,1,1,1,0
GGGTCATGCGCAGGCACACAACCATCCA,CTTGCAAGTGTAATT,,0.0,1,0,0,0
TCTGCACCTCCAGGAACATCAACATACA,AAAACATTATCAAAG,,0.0,2,3,0,0
AACACAAAGGCAGTGCCAAGTGCACTAT,CATCAATGAGGCAGT,,0.0,3,0,0,0
GCGGCAATCTCATTCTCATCCACAGTCT,TCAAAACGGAGTGTT,,0.0,3,0,2,0
TTGGCAGGTACAACACCACGAACAGATG,GTTCAGCTTTGATCG,,0.0,4,1,0,0
GTTACAAAATCAGATTCACCTACAAAGC,CTTTCTTGTGTATTT,,0.0,2,2,1,1
GGCGCACAAGCAATCACACGTACAGGAT,GAGAATGAAGGACAG,,0.0,1,0,5,0
TGCGCACAGCCAGCAACAATGTCATCGG,GCTGCTTATGAGGAT,,0.0,1,3,0,2
TTCGCAATCCCAAGTGCATGGTCAAGAA,CTAAGCAGTCTTCTC,,0.0,0,6,0,0
CAATCAACTGCAGCGTCAAGTACACCAG,TTTAACTCACCGTAA,,0.0,0,6,0,0
GGACCACTGTCAGTAGCAAACCCAATAT,TGGAGTCTTTGTTGA,,0.0,1,2,0,0
ACCACATTCGCAGTGCCATTGCCAGCGG,GCAAGAAAGAAACCC,,0.0,2,1,0,0
CTGGCAGAGGCAGTAACACGTTCAAGGA,TGATCATCACGGGAC,,0.0,2,1,0,0
CGGTCACTGACAGCCACAGAATCACCAA,CTAGTTGTATAGCCA,,0.0,1,2,0,0
TGCACATCGACAGGTGCAGGCTCAAGCG,ACAGTTGACGGACAG,,0.0,1,0,2,2
ATCTCATAAACACGCACATGTCCAGTCA,AGATTCATCCCATGG,,0.0,0,0,2,3
TCGCCAAAAACATCTACACACGCAGTCG,TACACCAATTACACT,,0.0,1,0,0,0
GCCCCATGTACAAGTGCATTATCAAAAG,CTTGCAAGTGTAATT,,0.0,1,0,0,0
GTTACATCCGCACTGCCAGGCGCATTGT,AGATTCATCCCATGG,,0.0,0,1,1,0
GGGTCAAGCGCAGTTCCATGGACAAGTA,CTCGCTAATACTCCT,,0.0,1,1,0,0
GAAGCAGTAGCAGTGTCAACCGCAGGCA,CCGTTAGTATCGCTA,,0.0,0,4,0,0
AGTGCACATTCATCGGCATGTCCAGGGC,CTTGCAAGTGTAATT,,0.0,1,0,0,0
CTTATCAACAGCACAGACATACACAGCCC,TACACCAATTACACT,,0.0,2,0,0,0
CGCACAATTACACGACCAGGGCAAGGC,CTTGCAAGTGTAATT,,0.0,1,0,0,0
GTTACAAACGCACGGCCACCTGCACGGC,GTGTGATTACTAAAT,,0.0,1,1,0,0
TTTACAGCTCCATCAGCAAGTGCAACAA,ACAACCTACCTGCTA,,0.0,0,0,2,0
AGGACAACCACAGGGGCATTGGCATAGA,AAAACATTATCAAAG,,0.0,1,1,0,0
GGTTCACGGTCACTAGCAGAGTCACGGC,CGTCAAGACCTTCTA,,0.0,2,0,0,0
GCTCCAACCTCATCCACAGGCACAGGTG,ATCGTTGGCATTTGG,,0.0,2,1,0,0
GTCTCACACTCAATGACATTTGCAAACG,GCAAGAAAGAAACCC,,0.0,1,2,0,0
AATTCAGACTCACGCACAAGCTCAGTTCG,TAATATTGTTTTGCG,,0.0,1,0,0,0
GCTTCAGGGGCAAGATCATCAACACGGC,TAATATTGTTTTGCG,,0.0,1,0,0,0
CCTCCACGTACAGTAACAAAATCATTGC,CTCTTGAGAATACTT,,0.0,1,0,0,0
GTTTCATGCCCATGTGCACTCCCAAAGG,ATCGTTGGCATTTGG,,0.0,0,1,0,0
CTATCAGAGGCAACGTCACTATCAAGTT,ACAAGTTTTACAGTT,,0.0,0,1,0,0
AACACACGAGCAGGAGCAAGTTCAGATG,AGATTCATCCCATGG,,0.0,1,0,0,0
TTTACACGCTCAAGACCAAGCTCAGTAA,TCATAGGTATCTCGC,,0.0,0,1,0,0
TGCTCAGAGACAAGCGCATTTTCAAAAA,ATCGTTGGCATTTGG,,0.0,1,1,0,0
TCCGCAAGATCAAGGACAAAGCCAATCA,AGATTCATCCCATGG,,0.0,1,1,0,0
ACCACATAGTCACGAACACTAGCAGAAA,CTTGATCAATCAAAA,,0.0,0,1,1,0
GTGTCACAAACACAACCACCAGCAGTAG,ATCGTTGGCATTTGG,,0.0,0,2,0,0
ACACCACGAGCATGAACAATTCCAGTCT,ATAGTCGATTAAGAT,,0.0,0,1,1,0
CTTACAGTCGCATGGACACGCACAAGAA,GCTGCGGAGCCTCAG,,0.0,1,0,0,0
AGCCCAGCCACACGGCCAACATCATCCA,CTTTCTTGTGTATTT,,0.0,1,0,0,0
CGGACATGAGCAGTCTCATGACCAACAC,CATCAATGAGGCAGT,,0.0,1,0,0,0
TGCAACTACACACCCATGCCCAAAAA,TCATAGGTATCTCGC,,0.0,1,0,0,0
ATTTCACGAGCAGGTGCAGCCGCACAAA,CATCAATGAGGCAGT,,0.0,1,0,0,0
GGATCAGGGCCATGGCCACTGACAGGTT,ATCGTTGGCATTTGG,,0.0,1,0,0,0
GGCACACTAACACAATCAGATCCATATT,CAAGTTCGGCGAAAT,,0.0,1,0,0,0
TAAACATGTACAATAACAGCAACAACCT,CTATGCATTTACTCA,,0.0,1,0,0,0
ACAGCACTGCCAACTCCATGGACAGCGC,GTTTGTTTTGGGAAA,,0.0,1,0,0,0
GCTGCACAAACAGCGTCAATAGCAAGAT,TCGAAAGCACAGTAG,,0.0,0,1,0,0
TCTACAGTCGCAAGGGCAACATCATCTG,CATTTATGGCTATCT,,0.0,0,1,0,0
ACAACAGAGCCATACACATATGCAGCCG,CTTGCAAGTGTAATT,,0.0,0,1,0,0
AATACAAGACCAGGAGCAGAGCCAAGAT,GTTGGGCGCTTAAAG,,0.0,0,0,1,0
ACTGCAACATCACGTACAGATTCAAACG,TCAAATGATGAGGAT,,0.0,0,0,1,0
TCAACAGTATCACGGTCAGAGACATAAC,TTAGTCTTTCCATCA,,0.0,0,0,0,1
TATCCAAGGACACGTCCAAAGCCAAGTT,CGTCAAGACCTTCTA,,0.0,0,0,0,1
