BC,Edge,s,LL.ratio,TP1-2-T1,TP1-2-T2,TP1-2-T3,TP1-2-T4
GGTTCATACACAGGGCCAGCTCCAGATC,ATTATCAAGTGCCAG,-0.002922710910168625,0.0,17893,18706,7586,5943
ACCCCATACCCAACGACAGTCCCACTGG,TTTATAAATCAATAG,0.015882938535452425,0.0,13242,14441,9940,7732
ATTACAACGTCAGATGCACGCGCAATCA,TTATATTTATTTGCT,0.018926841221849806,0.0,11855,13875,9291,7584
CTCACAATAACACACGCACAACCAGTAG,CTACTTACAACGGAA,0.017097674661593697,0.0,10268,12156,7578,6218
TGCTCAGGGTCAGTCGCAGGAGCAGTTT,TCAAAACGGAGTGTT,-0.005332181123700759,0.0,9321,10744,3457,2880
TGGCAGTACCATTTACAGAGCCATCTG,ACAGTTGACGGACAG,0.004247866907168162,0.0,6983,7861,3688,2876
AGGGCACGTGCAAGGGCACAGGCAAATA,CTTGATGGCTGAAAG,-0.018724757425612002,0.0,7173,5673,2732,1483
GGGGCAGCGTCAAGACCATTGACAAAAT,TTTATAAATCAATAG,-0.0024704502566776777,0.0,5780,6561,2601,1946
CCACCAGACGCAGAAGCACATTCACAGG,AAAAGAAAAATGTAT,-0.011411922903044195,0.0,5057,5145,1834,1302
TCCCCAGAAGCAGGGCCAAATGCAACGT,GGTTGCCCAGAAGTA,-0.019434447451248563,0.0,5267,5558,1513,1066
ATCCCATGACCAGTCCCAGCCTCACCAA,GTTCAGCTTTGATCG,-0.016942837421127035,0.0,3801,3022,1346,829
ACGGCAAGCCCATGAACATCCACAAAAT,TATATTGAACTTTAC,-0.0022382846378064575,0.0,3159,3573,1401,1071
CACACAGTACCAGAATCAGTCACAGCAG,CTCGCTAATACTCCT,0.02548991098912105,0.0,2669,3351,2366,2079
GTATCATGTTCACTTCCAGGGTCATTGG,TCAAAACGGAGTGTT,0.01385361930809969,195.22827594867704,2894,3244,1982,1590
CTGCCAGAGGCAGAAACATACGCACTGG,AAAAGAAAAATGTAT,-0.03468650832667207,0.0,3654,4028,772,468
GACACATAGTCAGGAACAGGAGCACGGA,TCTTGGAGGTGAATG,0.007941020522384865,0.0,2482,2945,1561,1142
AATTCAGTGGCAGCGTCAATGGCAACTA,ACAGTTGACGGACAG,0.01098583303593421,0.0,1456,1818,927,734
AGGACAAAAGCAAACCCATAAACATCCG,AGTGTATGATAATAT,-0.012943649061698611,0.0,1464,1403,510,360
TAGACAGAATCATCGTCATCAACAGCCA,ACAGTTGACGGACAG,0.021481340268405372,53.4018641694056,805,955,700,556
GTTCCATCCCCATCACCAGGTTCAAGGG,TCAAATGATGAGGAT,-0.028989224082229384,0.0,1665,1317,454,253
TAAGCATCGGCACCATCAATCGCAGACA,ACAACCTACCTGCTA,0.0036350365999350334,0.0,1929,2560,924,780
GTCACATCGCCATACGCAAGCGCAAGGT,ATAATTTTCATCCAC,-0.06059567696752243,0.0,2412,1431,282,142
TAGTCAAAGGCATGTCCAAACACAACCT,GTGTGATTACTAAAT,-0.10093173700777643,0.0,1709,622,94,30
GCGACATAGGCAGTAGCATGGCCATTCT,GTTCAGCTTTGATCG,-0.029980721773421908,0.0,1939,1389,485,286
CCAGCATAAACATCCCCACAGACAACAG,TCAAATGATGAGGAT,-0.025217651184541102,0.0,1481,1251,414,252
ACTGCAACCACAGAAGCATGGTCAATTT,TAACCTCGCGCTGAG,-0.005237441082095259,0.0,710,751,236,220
CGAGCAGACGCATTGACAGCCACAGCAT,CTAGTTGTATAGCCA,-0.11572371902251032,0.0,1243,393,52,14
ACAGCAACATCAACGGCAAAAACAAGTA,TCAAAACGGAGTGTT,0.0007168173217181849,0.0,413,500,232,153
GCGTCACCCTCAGTGTCAGCTTCAACTG,GAGAATGAAGGACAG,-0.04686179791434288,0.0,765,398,115,68
GGGTCACTACCAGATTCATCATCAAGAC,AGAAGACGACGATGA,-0.04207728018904961,0.0,575,484,162,59
TCCACAGTGTCAATAACACAAGCAGATG,AGTGTTAATCAGACC,-0.08870732435912826,0.0,300,155,23,9
GGGTCACCCGCAATTTCACGTACAGCAC,TGGAGTCTTTGTTGA,-0.04112831158690882,0.0,341,212,77,36
AAAGCATATACAGGAACATTTGCATTGC,GAGAATGAAGGACAG,-0.045216935444237744,0.0,257,149,44,24
TGTTCAACACCATGGCCAGCAACACTGC,CTTTCTTGTGTATTT,,0.0,53,7,5,1
ACTTCAGAGCCATGTTCACCAGCAAAGC,CATCAATGAGGCAGT,,0.0,40,1,0,0
AGATCACACGCAGAGGCACAAGCACATG,CATCAATGAGGCAGT,,0.0,15,1,0,0
TAAGCACTCACACCAGCAGGGACATCCT,GCTGCGGAGCCTCAG,,0.0,17,1,1,0
TAGCCAATCGCATAGGCAATCCCAGTAA,CATTTATGGCTATCT,,0.0,64,4,0,0
GAGACACGCCCAACCCCAACTGCATACG,CATTTATGGCTATCT,,0.0,15,2,0,0
CTTACAACCACAGCATCAAGCATATC,CGTCAAGACCTTCTA,,0.0,2,2,0,0
TGAGCACTGGCAGGGTCACAGGCACTTA,AAAACATTATCAAAG,,0.0,1,1,3,0
CCCGGCATCAACAAGACCATCTACACAG,TAGACGGACATCTTC,,0.0,2,0,0,0
TCACCACGGACATTGGCAAATGCACTAA,CATTTATGGCTATCT,,0.0,2,0,0,0
TAATCACACTCAGAGGCATCTACAAGTC,GTTGGGCGCTTAAAG,,0.0,1,0,0,0
AGGTCAAGACCACGTACATGATCACGGT,CATTTATGGCTATCT,,0.0,1,0,0,0
ACGCCACTCCCAGGAACAAGAGCAGATA,TCATAGGTATCTCGC,,0.0,0,1,0,0
