BC,Edge,s,LL.ratio,TP1-1-T1,TP1-1-T2,TP1-1-T3,TP1-1-T4
TCCCCAGCTACAGACACACAACCAGGAT,TCAGAGCATTGGCCT,0.024742131152243597,0.0,26378,61496,65757,132870
CGCTCATCATCAAGATCAAGGACATAAC,GTCACCGGCACTAAC,0.02747432388260305,0.0,2747,6686,7188,15019
TCACCATTGGCAGGGACATCATCAGACA,TTATATTTATTTGCT,0.034131649849418834,1.6991012624089308,2096,5852,6497,13993
ATATCAAGATCAGTGACAATGGCACAAC,TTTATAAATCAATAG,0.020782997254730547,0.0,2670,6201,6295,11943
CTAGCAGTGACAATGGCATGAACATGAC,TCAACAACCTATGCA,0.012520121359188873,0.0,2548,5453,5097,8895
CGTTCACAATCATATACAACGTCAGCGT,CGAATGCCATACAAA,0.03156344970217719,0.0,1337,3532,3616,8264
TGAGCAAGACCATTGCCAAAGTCAGCCT,TAACCTCGCGCTGAG,-0.010863054355135482,0.0,2234,3471,2603,3867
TCCACACTGACAAAGCCAGTGACAGCCC,ACCACCGGTCCTGCC,-0.012161543646482233,0.0,2193,3387,2526,3651
GCTACACCTTCAGAAACATTGCCATACG,TTTTGCATTTAGGCG,-0.0017948703209911272,0.0,1602,2922,2271,3640
ATGGCATTTCCAGTAGCAGTAGCAGCGC,TTATATTTATTTGCT,-0.016515020460601094,48.11317556364065,1449,2350,1557,2117
GACGCAGTGCCATATGCAGGATCAACAT,TTTATAAATCAATAG,0.01735279492311054,0.0,786,1755,1817,3172
GAATCAAAAACATGCGCAGCGCCATCTA,ACAAGTTTTACAGTT,-0.011847309086212046,0.0,1243,2082,1510,2089
TGCTCAGTAGCACTTCCAACCCCAAGTC,TTAGTCTTTCCATCA,-0.0042513057479060075,0.0,1192,1752,1642,2516
AGGGCACCATCAAGACCAAATACAGAAG,GGTTGCCCAGAAGTA,0.008927371401137528,0.0,849,1839,1727,2661
TCTGCAAGCCCAGAGTCATCAACAGGTA,TCAAATGATGAGGAT,-0.008184739813143768,0.0,1095,1853,1389,2054
GCTGCATGGACAGTCGCAGTTACATCCG,ACAGTTGACGGACAG,0.0072561079187686214,0.0,737,1510,1332,2197
GATTCACTTCCATCAGCATAGTCACCGA,TGATCATCACGGGAC,-8.058800598941707e-05,0.0,681,1309,1004,1629
AATGCATGTGCAAAGCCACAGCCATATA,CGATGATGATGATGA,-0.00036753353807834666,0.0,619,1240,910,1468
AGGGCATGCCCAGTTACATACGCACGGG,ACAACCTACCTGCTA,-0.0034235993079351143,0.0,641,1244,915,1387
TTAGCAGAAACATCATCATGGCCAAGCC,TAACCTCGCGCTGAG,-0.0021684728727922186,0.0,632,1165,882,1420
GTTACACGGACATTTGCAGGCGCAGTCA,GAGTGCTTCAAAGTT,0.004076644532567627,0.0,510,1078,915,1382
TGTTCAAGTACAAGGCCACGACCAACAG,TTATATTTATTTGCT,0.033072830033932334,1.9377628462652865,306,771,928,1979
ATTGCAACCGCAGGTCCAACAACAGCTG,CCAGGATGTACCGCC,0.007583145340256155,0.0,481,1039,860,1448
GCTGCAAGCCCACCGGCAAGCTCAAGTC,TATATTGAACTTTAC,0.00030326935378088116,0.0,536,1066,846,1297
TTGCCACGGCCACTTTCAAGGCCATACA,TGATCATCACGGGAC,-0.0011672645287323484,0.0,593,945,849,1373
ACGTCAAATACACTCCCATAATCAGCCT,CAATCTTGAATTGAT,0.016118218050699278,0.0,405,930,838,1575
GGTACACGCGCAACGGCAATGTCACTAT,TTTATAAATCAATAG,0.010315692597348672,0.0,441,879,797,1441
GGTCCACTGCCAATTACAGCGACACGCC,TATATTGAACTTTAC,0.0003224142117903405,0.0,463,940,769,1121
AGACCAGGCACACACGCACCCTCAGACA,TATATTGAACTTTAC,0.0001927260005292047,0.0,476,898,721,1148
TGCACAAACCCACGTGCACGCTCAGGGC,TATATTGAACTTTAC,0.003955827679268918,0.0,470,807,712,1269
TGTCCAGCTCCATAGACACGATCAAGTC,CGATGATGATGATGA,-0.0045570974430158015,0.0,492,930,724,1029
TTTACATGCTCAGTGACAGTCACAAAAA,CCAGGATGTACCGCC,-0.0019622962154057944,0.0,464,871,709,1049
CGGGCAGGATCACTGACATGTGCACAAG,GTTGGGCGCTTAAAG,0.009345055152097345,0.0,374,786,703,1187
CCTACAGAGACACAGGCACCCTCATAAC,ACAACCTACCTGCTA,0.0009940228575995886,0.0,406,807,710,1003
AGTTCACATACACCGGCAGTTGCAATAA,TCAAATGATGAGGAT,-0.008905555790320123,0.0,499,854,621,916
AAGGCAAATACACCGCCACTAAGCACTGT,TCAAAACGGAGTGTT,0.01095111403110205,21.555678171931504,348,688,604,1159
CCGTCATCCGCAATCCCAGTCGCAATAT,TTAGTCTTTCCATCA,0.00421789938503386,0.0,366,764,588,996
TAAGCACTCACAAATGCAGTCGCACGAG,TCAAATGATGAGGAT,-0.015547213836745975,0.0,494,726,608,743
CTCTCACGACCAGGGCCAAGGGCACTCT,ATAATTTTCATCCAC,-0.00490655301433427,0.0,402,722,607,832
AGTGCATGCGCAGGGGCACCCGCAACAA,AGTGTATGATAATAT,-0.02521898217578739,0.0,495,723,522,557
CATCCACGCGCAATTGCATCAACAGCAC,GTACAAGAAATTTTG,0.01798754022015839,0.0,265,615,570,1090
GTGTCACAACCACACCCACGTACACTTG,GGTTGCCCAGAAGTA,0.009087311529721273,0.0,308,678,564,970
GTGCCAACGTCATACACAAAGCCAGGTA,TCAAAACGGAGTGTT,-0.005511864574706982,0.0,432,703,493,878
TAGCCACCGCCAATCGCACTGCCAAAAC,TGATCATCACGGGAC,-0.007087460240964516,0.0,407,661,535,789
GTTACAGGGCCAAACTCATGCTCAATGG,ATTATCAAGTGCCAG,-0.011179354057900293,0.0,417,758,527,715
TGACCACAATCATGCGCATAGGCATTCA,TCAAATGATGAGGAT,-0.01842961673984133,0.0,477,742,496,658
CATTCACCGACAGCACCAAAGCCATACA,GGTTGCCCAGAAGTA,0.009640898798794994,0.0,287,584,560,919
GAAAACCCGCATAATCACGAACAATAC,ATGGCGATGGTCTTG,-0.007177710458265052,13.57104277208964,315,654,467,609
TTTCCAGACTCAGAGGCACTGTCATCCC,ATAGAGCGGCGTTGA,-0.008775326010663406,0.0,350,630,439,645
CCAACATTAGCAACAACAACACCAATCG,TATATTGAACTTTAC,0.001621141069550432,0.0,288,545,435,725
CCTCCAGAGACAGGAACACACTCAAGAC,CTAAGCAGTCTTCTC,-0.04405303512177506,0.0,430,564,253,275
GGAACAGCATCAACAGCAACTTCATTAA,AGTGTATGATAATAT,-0.023044157344843608,0.0,358,571,309,430
TGAGCATTGTCAAGTCCATCAGCAGGCC,ACAACCTACCTGCTA,0.0005830383888697707,0.0,234,464,435,571
GTCTCAGCCGCATCTGCATGATCAAGAT,GTTAAATCAACAGTT,-0.025178398188631042,0.0,308,532,341,347
CTCGCATACTCATAGCCAAAATCAATGT,CGAACAGAAACACAA,-0.03670348639768884,0.0,370,549,291,295
CTTCCATAAGCAGGTGCACGGACAGGAG,TTAGTCTTTCCATCA,0.00515640910598596,0.0,204,522,376,571
GACTCAACAGCAACACCATAGCCAGGTT,TCTTGGAGGTGAATG,0.0008454883746803402,0.0,222,490,363,546
ACATCATCCGCATGATCACCAACAGGGA,TTAGTCTTTCCATCA,0.0036012144057670907,0.0,210,447,351,561
AGTACATAAACAAAACCACTACCAAGTC,TCGATAGAATTTACT,0.0026978167465073386,0.0,220,422,321,572
GACGCACTGACAGGGTCAAAACCAACAT,GAGAATGAAGGACAG,-0.02281546389981626,0.0,277,423,286,335
GACTCAGCCACAACATCAGTCGCAACTG,ACAGTTGACGGACAG,-0.0016863387037819866,0.0,186,341,262,424
GATGCAATCGCACACTCAACAGCATGAC,TCAAAACGGAGTGTT,0.0012732949044831643,0.0,171,323,257,426
CATCCAGGTGCACGACCAGCAACAGCAC,CGATGATGATGATGA,0.015952173705692477,10.55377969078927,115,332,269,445
ATAGCACGATCATGCTCATGGCCAGTCC,GAGAATGAAGGACAG,-0.02575980827740912,0.0,252,333,206,279
ATGTCAGATACACACGCAGAGGCAATCT,ACAGTTGACGGACAG,0.006470455539028163,0.0,147,255,243,428
AAGTCAGTTGCATCGACAACAGCATCGC,AAAAGCGACATTTCT,-0.014567450665751693,0.0,184,370,227,285
TCACCAGACTCACGTACAGTGACACGGT,ACAAGTTTTACAGTT,-0.026682299015949772,0.0,208,352,249,224
GGCGCAGACTCATCCCCAGCCACATCTG,GAGAATGAAGGACAG,-0.020031753655688864,0.0,197,362,182,259
TTCTCATGTCCAGCGACAAGCGCACAAC,GTGTGATTACTAAAT,-0.028332851316496432,0.0,241,290,179,247
GGCACATCCCCACACACACTGTCACCGC,GTGTGATTACTAAAT,-0.02719121475364272,0.0,231,315,180,245
GGCACATCACCATATACACCTCCAATTG,CCAAGACCGTGTAAA,-0.038367431393902376,0.0,236,305,198,179
GGGCCATAAGCACCTGCATAGTCAGTGT,CTTGCAAGTGTAATT,-0.007510798520983184,0.0,163,319,180,312
ATGACACTGGCACAATCATATGCACAAG,CTTGATCAATCAAAA,-0.012914460116992805,0.0,188,262,185,306
TGTGCAGGACCAAACGCAAGAACATGCA,CTATCAAGGCTTAAT,-0.02038093522347689,0.0,196,284,200,255
GGGACAAACACATAGCCAACGGCAAAAA,ATGGCGATGGTCTTG,0.010887140624394798,0.0,108,250,226,359
AGAGCATCGTCATTGCCAGCTGCAAGAC,CCAAGACCGTGTAAA,-0.04053794162536331,0.0,197,265,159,140
GACCCAAATTCAAACACACCGACAACCA,GTTTAGCTTCCGTTG,-0.04096179346289784,0.0,238,300,170,167
TGGTCACACTCAAGTACACTCGCAAGGG,ACAGTTGACGGACAG,0.029645774929913715,21.52417391279232,79,217,163,461
CACTCACGTGCAAAGTCAATGACAAGCG,TATATTGAACTTTAC,-0.013594887957714958,10.29151123270367,153,273,203,244
TAGGCACGACCATCTACACGTCCAAAGG,ATTATCAAGTGCCAG,-0.021796852682113167,2.966319831196188,162,261,192,202
GCCGCATGAACAGAAACATATACATAAG,AGTGTATGATAATAT,-0.03719129998163677,0.0,224,231,141,176
TGCCCAAGGGCACACTCAGAAACAGTGG,GTTGGGCGCTTAAAG,0.011237761473195773,0.0,103,169,174,346
AAGACAATGACACTATCAATGCCACATC,CTTGCAAGTGTAATT,-0.011491827272518988,0.0,146,190,171,248
AGCCCAACTACAACTCCAAAGGCAATAC,TATATTGAACTTTAC,-0.009476238250399272,0.0,133,212,157,240
TCTTCAGGGGCAGCTTCAAGCCCATCGT,AGAACATCATCTACA,-0.005615687247658826,0.0,115,192,156,233
CGTTCAGTCACAACTACATAGACAGATT,CTCTTGAGAATACTT,-0.0719443888145307,0.0,213,198,87,59
GCCCCAGGATCATCCGCAAAATCATTCC,AGTGTATGATAATAT,-0.02575980827740912,0.0,112,228,135,124
ACTTCACCGTCAGTGGCATATACAGGGA,AGTGTATGATAATAT,-0.045172089373616275,9.779845262863546,152,206,101,94
GGTTCAATAACATCTGCATCGTCACCCA,AGTGTATGATAATAT,-0.031492706710182145,0.0,118,233,114,110
GTTACAACATCACGATCACGAGCAAAAG,GTAATCTGACTCTAG,-0.033732560401155305,0.0,148,177,112,129
AAAGCAGTGGCAATGCCAGGATCAACCT,CGCGATCAATCCTCT,-0.023584095265635003,0.0,110,206,102,130
AAAACATATCCAGATGCAGAATCAGTCT,ATGGCGATGGTCTTG,0.02232068159778279,1.9191552352381223,57,157,118,267
CAGTCAACCCCAGTACCACCGTCATCTG,GGTTGCCCAGAAGTA,0.013063873955835156,0.0,62,164,129,220
GTCCCATGTTCAGAAGCATGCACATCTG,AGAAGACGACGATGA,-0.012604668543944134,0.0,126,130,105,207
CAAGCAACCACAGAGGCAGACACACCAC,GTTCAGCTTTGATCG,-0.060175213731949014,0.0,175,168,97,69
CGCACACGAGCAAAACCATTTCCACCAG,GTTTAGCTTCCGTTG,-0.042102123806865406,0.0,146,155,83,99
TTGACACACACAACAACAGGATCAAACA,CTACTTACAACGGAA,-0.0023302829213287667,0.0,89,147,114,199
CTTGCACGCCCAGTCGCAATCTCACTGT,GTGTGATTACTAAAT,-0.026441043439275433,0.0,118,153,113,128
CACCCAGTTGCACTGGCAGAGCCATAAG,CTATCAAGGCTTAAT,-0.021517012433829474,0.0,101,187,91,127
GCTTCATACGCAGGTCCACCGACATTAC,TCAACAACCTATGCA,0.003938911498579397,0.0,73,137,134,197
ACAGCACCAACAATCGCATAATCATCCG,AGAAGACGACGATGA,-0.01990645407936698,0.0,122,133,116,161
GATCCACACGCAAAAACAACCACAGGCT,TTATATTTATTTGCT,0.01986001785660722,0.0,57,103,123,248
CTCACAGGCTCATAGGCAACAACACATC,TCATAGGTATCTCGC,-0.0558974471719051,0.0,145,162,88,65
AGGGCACCTACACACCCATAAGCATGAC,TTTATAAATCAATAG,0.005625755578694831,0.0,62,132,123,176
AAGACAATTTCACCGACAGGGTCACATC,CTATCAAGGCTTAAT,-0.022299256698963838,0.0,92,170,102,113
CTACCAGTTGCAGGTACAAGTGCAGCG,AAAACATTATCAAAG,-0.027587331984814792,0.0,104,131,73,109
CATGCAATCGCAGAGCCATCCACAGAAA,ACAAGTTTTACAGTT,-0.019862118005439838,0.0,84,115,108,111
CCACCAAATCCACGGCCACACGCATATC,GTGTGATTACTAAAT,-0.018156483856335268,0.0,87,124,79,121
TATCCACCTGCAAGATCACCCACAGATC,CGCGATCAATCCTCT,-0.06308334400167274,0.0,119,147,69,43
CCTTCAATAGCAGGCTCATGCACACGAA,CTTTCTTGTGTATTT,-0.09675750633081671,0.0,114,71,26,15
ACTGCACTTGCACCTACAGCATCAAAGC,ACAAGTTTTACAGTT,-0.01887585276592329,0.0,72,138,89,98
GCAGCAGGTTCATGGGCAAGATCACCAG,ACAGTTGACGGACAG,-0.011435703787622887,7.211551602713826,67,123,97,114
GTAGCACGAGCACCCGCAACACCAACTG,TATATTGAACTTTAC,-0.006047658735742342,0.0,55,143,75,110
GGACCACACGCATTGCCAGCCTCACAAC,GAGTGCTTCAAAGTT,0.014619838455290407,1.1358109002226229,39,106,100,145
GAACCAGGATCACGATCAATCGCACCTT,TCAAAGCATGAAAAA,-0.04036830597511428,0.0,91,144,69,65
GCAGCAGGCCCAGATGCATGTACAGATC,ATTATCAAGTGCCAG,-0.009932119277607383,0.0,50,149,78,89
TGTTCATCCGCAGCCACAATAACACATA,GAGTGCTTCAAAGTT,-0.006936600305147735,3.3030001427928255,57,118,75,111
CATCCAAGGTCAGGTGCAAAGCCACAAC,GTAATCTGACTCTAG,-0.02572096577932578,0.0,83,111,59,92
ATAACAGCGTCATGGCCAGCCGCAAGTG,CTTGATCAATCAAAA,-0.02234254930398284,0.0,75,104,69,92
GGCTCATCGACAGTTGCACGACCATATT,CTAAGCAGTCTTCTC,-0.054754181045509255,0.0,97,105,80,45
AGGGCAAACACATTGGCAACGTCAACAG,ACAGTTGACGGACAG,0.009270085576872337,0.0,42,86,78,133
CTGGCAGGGTCAGCTGCAGGCCCACCAC,AGATTCATCCCATGG,-0.04668900128429982,0.0,88,106,50,52
TAATCAACAGCATGTTCATAAGCATGCG,CGAACAGAAACACAA,-0.04189283961920378,0.0,85,95,54,58
ATAACAGAGTCACGTACAGCAGCATACG,TATGCCCTTCTTCTG,-0.023584095265635003,0.0,66,113,59,78
GGCTCAGCGTCAAGAACACTTTCAGAAT,AAAACATTATCAAAG,-0.04969210273520106,3.542558913335597,100,78,63,54
GCGTCACTCGCATGTTCAAGATCACAGA,GTTTAGCTTCCGTTG,-0.018778812425674665,7.973018820167226,63,81,58,86
ATCACATTGGCAGATACATGGACAGAGA,CGCGATCAATCCTCT,-0.053582148394722494,0.0,77,92,64,37
CTGTCAAGACCAGCAACATGTCCAGTCA,ATTATCAAGTGCCAG,-0.010292306148295722,0.0,46,60,60,81
GCTCCAAGTGCAGCTACAATTACATGGA,GTAATCTGACTCTAG,-0.031698330713893,0.0,68,94,39,63
GGCGCAACGGCACAAACACCCACAACTC,TCAAAACGGAGTGTT,-0.007952939197073983,0.0,45,86,57,85
ATAACAGGTCCAACCACAAGAACAGGCT,GCTGCTTATGAGGAT,0.019403273841649134,0.0,24,64,55,103
TATGCAGACACAACGGCACCTCCACATT,ATTATCAAGTGCCAG,-0.031173385481621674,6.413785143820405,51,82,32,48
GACACAGATGCACACACACGAGCATAAC,AGATTCATCCCATGG,-0.06713370752735265,3.415800779994072,75,54,20,24
ACTCCATGATCAAAAACAGGGCCAGTCT,AAAACATTATCAAAG,-0.02695396582801396,0.0,44,64,38,47
CTCTCACCGGCACTGTCAGAAACACACC,CATTGTCGGACGCTT,-0.0540597114820812,0.0,57,52,25,27
TATCCAGGGTCAGAAGCAAAATCATGAT,GTTTAGCTTCCGTTG,-0.028403469559338552,0.0,44,78,21,45
TAATCACATTCACGTTCACAGTCATGGC,CTAAGCAGTCTTCTC,-0.03659068313154751,0.0,45,64,34,36
CGCTCACGCGCAGAAACAAAGCCACAAA,CTAAGCAGTCTTCTC,-0.04618008554660683,0.0,45,52,22,27
GGTGCAGTAGCACTGTCATACACAGGAT,ACAAGTTTTACAGTT,0.005168082484964728,1.055015966677047,20,65,42,56
TATACATGCTCAGCGCCACACCCAAACT,TTTAACTCACCGTAA,-0.0027663229753005954,0.0,29,52,38,64
AAGCCACAGTCAAGCACACCCTCAGGAA,ATCGTTGGCATTTGG,-0.08836896465764936,0.0,65,63,20,11
TAGTCATTGCCATGCACATTGTCAACTG,TATGCCCTTCTTCTG,0.025894172296697274,0.0,14,37,52,73
CAAACATTGTCAGCAGCACGGTCATGGG,ATTATCAAGTGCCAG,-0.0007266538826795626,1.3419985577883153,26,47,34,61
ATCGCAATGGCACGGACAGTTTCAGGCA,GAACTCAGGTTCCAT,-0.035229949980872324,0.0,30,55,35,25
TACTCAAGGCCAAAGACAAACACAAGGC,GCTGCGGAGCCTCAG,-0.09073288357998573,0.0,52,44,13,7
AAGACAGTGTCACAATCATCAACAACGT,CTACTTACAACGGAA,-0.04191897316294407,0.0,44,46,33,30
AGAGCATGTCCAGTAGCACCAACAGCAG,GCTGCGGAGCCTCAG,-0.10972040637098611,0.0,42,27,7,3
GTGTCAACTCCAGGAACACTTCCACAGG,TTAGTCTTTCCATCA,-0.005224571649396632,0.0,20,45,26,41
GCAGCATTCTCAAATTCAACGCCAACCG,TTTAACTCACCGTAA,-0.04908046477959451,0.0,20,39,16,11
TACACAGATCCATCCGCAGCTCCATGCT,CAAGGATCCCCGTAG,-0.030571218568367045,0.0,24,34,15,23
GGGACAGCATCAAGGCCAAATGCACGGG,TTATATTTATTTGCT,0.0005465327085883315,2.7665486414294946,16,29,19,39
GAATCATTGGCACAGCCATGACCAAGGG,CAAGTTCGGCGAAAT,-0.08902109025082226,0.0,43,34,6,8
TCTCCAGGTACAGGTACAGCCGGCACAGT,CGTCAAGACCTTCTA,-0.05218399188062994,0.0,28,32,8,8
AAGACAACTTCAGCGTCATGTGCAGTTC,TCATAGGTATCTCGC,0.002894474150746959,0.0,13,28,18,34
GAAGCAATGCCATTTACAGGGGCATGAT,TTTTGCATTTAGGCG,-0.029125699515354084,0.0,14,61,12,4
GGATCAAAATCATGGGCAGTTGCAGAGC,ATAGAGCGGCGTTGA,-0.008347421118640728,0.0,15,20,23,28
AAGGCAAACTCATTCCCAAACGCACAGC,GTAATCTGACTCTAG,-0.09554759038811592,4.958147199595942,27,20,9,8
ATCGCAATCGCAGGGGCACAGTCACAAC,GTACAAGAAATTTTG,-0.05394754383104872,0.0,23,28,12,6
TCAGCAGCTACACTATCACAGGCAGGGG,CGCGATCAATCCTCT,-0.011983028061091281,0.0,13,20,8,24
AGGACAGATTCATGCGCACCAGCAGACA,GCTGCGGAGCCTCAG,,0.0,20,4,2,1
TTCACAGGTTCACACTCAAGTCCAGATC,AGATTCATCCCATGG,-0.017845710715716702,0.0,4,15,10,6
TACGCAAGATCAGTGTCATATACAGCGG,GTTTAGCTTCCGTTG,-0.03257534308970167,0.0,15,19,12,7
TGAACAATGGCAGTAGCATAGCCATGCC,GTAATCTGACTCTAG,-0.05500107957729945,7.58760302225258,18,20,4,2
AGTACACCCGCACATACAGCCACACGGC,CTAGTTGTATAGCCA,,0.0,20,3,0,0
CCGTCAAGAACACTTGCAGTCACACTGG,ATTATCATCGCCATC,-0.04794957807709974,0.0,17,13,10,5
TGTGCAAAACCATAATCAAGCACACAGG,GCTGCGGAGCCTCAG,,0.0,15,5,9,1
GTTACAAAAGCAGAAGCATGGACAGACA,TTAATTAGAGGTATG,-0.021384478471171482,0.0,10,13,3,15
GGATCAGGTTCACACACAATACCAACGA,GTGTGATTACTAAAT,-0.017845710715716702,0.0,3,15,10,7
CTTCCAGTGTCAGATTCAGGGGCACATA,CTTGCAAGTGTAATT,,0.0,7,9,4,7
AGGTCAAGTACACCAGCACTTACATAGC,GTTTAGCTTCCGTTG,,0.0,5,9,5,8
ACCTCAGCAGCATGAGCATGTCCAATTA,ATCGTTGGCATTTGG,-0.07354140191043594,0.0,13,12,0,0
AGCCCAGTACCAGCTCCATTGGCATCCG,CTTGATCAATCAAAA,,0.0,4,10,6,8
GACACAATTACAAAATCAACTGCACGGC,AGATTCATCCCATGG,,0.0,3,5,1,5
TACTCAGCAGCAGAGGCAAAGACACTAT,TCATAGGTATCTCGC,,0.0,8,7,3,3
AAGACAGGGCCATCACCAATTGCAATTG,GCTGCGGAGCCTCAG,,0.0,6,7,0,2
GAAACATAGTCACTGGCACAACCAAGTC,CTAGTTGTATAGCCA,,0.0,10,1,0,0
TGCACACTGACATTTACAACGACAGGCA,CTAGTTGTATAGCCA,,0.0,11,0,0,0
TCGGCACGGACAAGCACATCAGCATTTC,GTTCAGCTTTGATCG,,0.0,10,4,4,0
AGTGCAGGGGCATCTCCAATGACATAAA,ACAGTTGACGGACAG,,0.0,1,0,15,4
AGGCCATCTACAGCAGCATTCTCAAGGA,CATTTATGGCTATCT,,0.0,2,0,9,6
CATCCATGGGCACCAGCATAAACACCGA,CTTTCTTGTGTATTT,,0.0,1,5,1,0
GCTCCAGTCCCAAAAGCAGTGGCATACT,ATCGTTGGCATTTGG,,0.0,3,6,3,3
GCCGCATTGCCACCTCCACTAACAACGA,CTTGATCAATCAAAA,,0.0,4,2,6,1
GGGCCATCGCCAGGGACACAATCAAACA,GAGAATGAAGGACAG,,0.0,3,2,5,4
GGGTCACGGTCAATTGCAGGATCATCCG,GTAATCTGACTCTAG,,0.0,1,1,3,8
AAACCATTCGCATGGCCAGTTACAGGAT,ATAGTCGATTAAGAT,,0.0,3,1,1,0
CATGCATGTGCAACGGCAGCCCCAATCT,GTGTGATTACTAAAT,,0.0,1,0,0,0
CAACCATGGACAGTGGCAAAACCACATC,GCTGCGGAGCCTCAG,,0.0,4,4,1,0
TTCGCAAGAGCAATGTCATGCACACAGT,CTAGTTGTATAGCCA,,0.0,2,1,0,0
AGCTCAAACACATTCACAGCTACAGAAA,GTTTGTTTTGGGAAA,,0.0,2,5,1,0
GGTCCAGGAACAATCGCAGCTCCAGTTT,GTTAAATCAACAGTT,,0.0,3,2,0,2
TAGACATCTGCATCATCAGCTGCAAGGG,GTTTAGCTTCCGTTG,,0.0,1,2,4,0
CGGGCAGTTGCATCTCCAGTGTCACTAA,CTCTTGAGAATACTT,,0.0,1,3,0,0
TGTTCAGCGACAATAGCATCGACACCCG,GTTTGTTTTGGGAAA,,0.0,4,0,0,0
GTTGCATCGACAGTGACAGGTCCACAAG,CATTTATGGCTATCT,,0.0,3,0,0,0
AGTACAGGCGCACTGGCAGCAACACCAC,CTCGCTAATACTCCT,,0.0,0,0,2,1
GACTCAATAACAAGCGCAGATGCAAGCA,AAAAGAAAAATGTAT,,0.0,0,0,2,1
TAACCAACAACAGATTCACATGCAAGCG,GTTAAATCAACAGTT,,0.0,0,3,0,0
GACCCACGGCCACAGCCACGAGCAAGTG,TAATATTGTTTTGCG,,0.0,2,1,1,0
GGGTCAGGCACAAGAACAACAACAGGTA,ACAACCTACCTGCTA,,0.0,1,0,3,0
CACGCAAATGCACGAACACGCTCACTGG,ACAGTTGACGGACAG,,0.0,0,1,3,0
CTGGCATAGACAACACCAGCTTCAAAAA,TCAAATGATGAGGAT,,0.0,0,0,2,0
TAATCAAGCTCAATCACACCACCAATAA,CTTGATGGCTGAAAG,,0.0,1,0,0,0
GGTCCAGAGTCAGTACCAGTTGCAACCC,CGCGATCAATCCTCT,,0.0,0,3,0,0
TCGACAGGTTCAGTTCCAGTGCCACATG,TCAAATGATGAGGAT,,0.0,0,0,3,0
GCGGCACTAGCATTTGCAGCCGCAATTA,AAAAGAAAAATGTAT,,0.0,0,0,2,1
TGGTCAAACGCACATTCAACATCAGGGA,TATATTGAACTTTAC,,0.0,0,0,3,0
AAGGCACAGTCAGAAGCAGTAACAGTAA,ATGGCGATGGTCTTG,,0.0,0,0,2,1
AATACAACGACAAAACCATAAGCACTCA,CTCGCTAATACTCCT,,0.0,0,0,3,0
TGGCCAGTCACAGTAACATCTCCAATTG,TCAGAGCATTGGCCT,,0.0,0,0,2,1
GATACATCATCAGTATCATGGTCAAAGC,AAAAGCGACATTTCT,,0.0,0,0,1,2
TATCCAACCCCAGCATCACACTCAGCGG,AGTGTATGATAATAT,,0.0,0,0,1,0
GAGTCAGTATCAAGGCCATAGGCATTCG,TTAGTCTTTCCATCA,,0.0,0,0,1,0
GAGTCATGGTCACGATCAATGGCATAAA,CATATGCATTCCTTG,,0.0,1,0,0,0
TCGACAATCGCACACACAAAGTCACAAG,AAAAGAAAAATGTAT,,0.0,1,0,0,0
CGGCCACGTCCAAGGACAGTTACATGCT,CTTGCAAGTGTAATT,,0.0,0,0,1,0
AGGACAACGTCACTACCACTCCCAAAAT,CCGTTAGTATCGCTA,,0.0,1,0,0,0
CCTGCATATTCACACCCACGACCATCGT,GAACTCAGGTTCCAT,,0.0,2,0,0,0
TGGACAACACCACTGTCATCAACAGCCT,AGAAGACGACGATGA,,0.0,1,0,1,0
GCCACAGTCTCATGGGCATACGCATGGC,AGTGTTAATCAGACC,,0.0,0,1,1,0
TCCGCAACTTCACAACCACGGGCAATGG,TTATATTTATTTGCT,,0.0,0,1,1,0
GGGTCAGTTTCACATGCACGCACATACA,TTTTGCATTTAGGCG,,0.0,0,1,0,1
GGCGCACAGGCAAAACCACACGCATACT,AGTGTATGATAATAT,,0.0,0,1,0,1
ACGACAGTACCATCTGCAGAAACATCAA,CCAGGATGTACCGCC,,0.0,0,0,2,0
TGAGCAAAGACAATACCAATACCAGCGG,TCTTGGAGGTGAATG,,0.0,0,0,2,0
CAAACACTGCCACGTGCACAAACAGTTA,ACAACCTACCTGCTA,,0.0,0,0,2,0
GTGACAAATACAAGATCAGTACCACATA,GAGTGCTTCAAAGTT,,0.0,0,0,2,0
GGTTCAGAAACAGCTGCAACCTCAAAGA,AGTGTTAATCAGACC,,0.0,0,0,2,0
GTGACAGACGCAATAACATTGTCAAACC,TCAAAGCATGAAAAA,,0.0,0,0,2,0
CTGGCATTCGCACGCCCACTAGCATGGT,TATATTGAACTTTAC,,0.0,0,0,2,0
AGTACAGAACCACGTCCATTCTCAGTAC,TATATTGAACTTTAC,,0.0,0,0,2,0
GTACCACAGGCATGTACACATGCAGCAG,TCAAATGATGAGGAT,,0.0,0,0,2,0
GTGCCACCATCACAGTCAAAATCATCTG,AGTGTATGATAATAT,,0.0,0,0,1,1
GAATCAGGTCCAGACGCACTTGCATTTG,AAAAGAAAAATGTAT,,0.0,0,0,2,0
TCTCCATCCACACAGTCATTAGCACATT,AAAAGCGACATTTCT,,0.0,0,0,2,0
CATGCACGATCACCAACAAGGGCAGCAA,CTTGCAAGTGTAATT,,0.0,0,0,1,1
TCGGCACCTGCAAGGCCAATATCACAGG,CTCGCTAATACTCCT,,0.0,0,0,2,0
GATCCAGGTACATGGTCAGAAACATGTC,TATATTGAACTTTAC,,0.0,0,0,1,1
ACATCAAGGACAAATTCAGATACAAGAG,TTTATAAATCAATAG,,0.0,0,0,1,1
AGGGCAATACCAAACGCACTGCCACACA,CTAAGCAGTCTTCTC,,0.0,1,0,0,0
CACCCAGCGCCAACAACAGGTGCAGTTG,ATTATCAAGTGCCAG,,0.0,1,0,0,0
TGTTCAGGTACATTTGCAGAACCACAAA,AAAAGAAAAATGTAT,,0.0,1,0,0,0
AGTTCAGTCACAGGTACAAGGGCAGACT,TTAGTCTTTCCATCA,,0.0,1,0,0,0
CCATCACAGGCACTGTCACGAACAGTCC,GCTAATTTCAAGAAT,,0.0,1,0,0,0
CTATCAGTACCACGTCCAGGGACAGGGT,AGATTCATCCCATGG,,0.0,1,0,0,0
ACCACACCCGCACATGCAGCAGCAACTC,TCAAAACGGAGTGTT,,0.0,1,0,0,0
ATACCAACGGCAGGTTCACCCGCACGAA,TTATATTTATTTGCT,,0.0,0,1,0,0
AAGGCAGTGACATCGGCAGAAGCATAAC,TCTTGGAGGTGAATG,,0.0,0,1,0,0
TAGACATGTGCAGCCCCACGGACACGCA,CAAGGATCCCCGTAG,,0.0,0,1,0,0
GGAACAGCATCATTGGCATGCCCACCGG,TGGAGTCTTTGTTGA,,0.0,0,1,0,0
GGCCCATGCACACACTCATGGACAAAAT,TCAAAGCATGAAAAA,,0.0,0,1,0,0
GTTACACGCACATACGCATTAGCAAAAC,CCGTTAGTATCGCTA,,0.0,0,1,0,0
GTAACACAATCAACCCCATCGCCAACTG,CCAAGACCGTGTAAA,,0.0,0,1,0,0
GGTCCAGCCACAAGGCCATAGTCATAAA,CTAGTTGTATAGCCA,,0.0,0,1,0,0
GTTCCAGTGTCAAGCTCACCTACACACG,TCGATAGAATTTACT,,0.0,0,0,1,0
ATACCAGAAACAATCGCATACGCACAAC,CTCGCTAATACTCCT,,0.0,0,0,1,0
AGATCAAGGTCATAACCATGCACATAAC,TCAAATGATGAGGAT,,0.0,0,0,1,0
AAGGCAGCTTCAAGGGCAAGATCACTTG,GTTGAACTGGTTGTT,,0.0,0,0,1,0
GACTCAAAAACATAGGCAAGATCATAAG,TCTTGGAGGTGAATG,,0.0,0,0,1,0
AGGGCAAGGCCAACACCAGTTACACCAA,AGTTTATAAAAAATT,,0.0,0,0,1,0
GGCGCATAACCACTAACACCCGCACGCC,GAACTCAGGTTCCAT,,0.0,0,0,1,0
AGCTCAACGACATCGTCATGGGCAAAGT,ACAAGTTTTACAGTT,,0.0,0,0,1,0
CTTTCAGCGCCAGCCACATGCGCAGCGC,TCGAAAGCACAGTAG,,0.0,0,0,1,0
GTAACATTTACAGGACCACTCACAGTTC,CTTGCAAGTGTAATT,,0.0,0,0,1,0
ACAGCACCACCAAACACACGAACACATA,TATATTGAACTTTAC,,0.0,0,0,1,0
GCAGCACGAACATCAACATAATCAAGTG,TCAAATGATGAGGAT,,0.0,0,0,1,0
GAGCCATGCTCAGGTCCAGTTTCAATCA,GCTAATTTCAAGAAT,,0.0,0,0,1,0
CACACAGAGACATGGGCAAAATCAACCC,TTATATTTATTTGCT,,0.0,0,0,1,0
CTCGCAGCTGCACGAGCAAGATCAAACG,TCAAATGATGAGGAT,,0.0,0,0,1,0
TAACCATACGCAACGCCACAATCAATCG,CTTGCAAGTGTAATT,,0.0,0,0,1,0
GATGCAACTACACAGCCATCAGCAACAT,AAAAGCGACATTTCT,,0.0,0,0,1,0
TCGCCATTCTCAGGACCACCACCAGCAA,ACAGTTGACGGACAG,,0.0,0,0,1,0
CTCCCATCACCAATCTCAAGTACAGCAG,TATATTGAACTTTAC,,0.0,0,0,1,0
GGCCCACATACATAGTCATATCCACCGA,AGTGTTAATCAGACC,,0.0,0,0,1,0
AGCGCAAGCGCACCTACAACATCACAGC,TCAAAGCATGAAAAA,,0.0,0,0,1,0
AGCCCATCCACATTGACACTGGCAGAGT,AGAACATCATCTACA,,0.0,0,0,1,0
AACTCACAAACACGCTCATAAACACTAG,GTTTAGCTTCCGTTG,,0.0,0,0,1,0
CAGGCATGTGCAGGTGCAGAAGCATGGC,TCTTGGAGGTGAATG,,0.0,0,0,1,0
GCAGCACCCGCACGAACAGGTCCATCTA,ACAGGGCAGCTCCCG,,0.0,0,0,1,0
AACGCAAGTGCATCTACAACGTCACAGG,TATATTGAACTTTAC,,0.0,0,0,1,0
CATTCATAATCAAAGTCAAAGGCACCGA,CTATCAAGGCTTAAT,,0.0,0,0,1,0
GAACCAAAAACAAGGGCAGCAGCATGAT,AGAAGACGACGATGA,,0.0,0,0,1,0
ATGGCATTAGCAGGAACATATGCACACA,CTCGCTAATACTCCT,,0.0,0,0,1,0
TTTCCAGTCCCAATGGCAAACTCAAGTG,AGTGTTAATCAGACC,,0.0,0,0,1,0
TTGACAAGCTCAACCGCACGAGCATCGA,TTAGTCTTTCCATCA,,0.0,0,0,1,0
GTAACATACGCAAGGGCACTGACAGGCC,CTTGATGGCTGAAAG,,0.0,0,0,1,0
CAAACACGGGCAGCCCCAAGTTCACTAT,TTATATTTATTTGCT,,0.0,0,0,1,0
TAACCAACCGCAAAAACAGGGCCAGATT,TCAAAACGGAGTGTT,,0.0,0,0,0,1
CCGCCAGGCCCAGCATCACAAGCATTCA,TCAAATGATGAGGAT,,0.0,0,0,0,1
CCTTCAATTCCAAGTGCAGCATCATCGG,TTATATTTATTTGCT,,0.0,0,0,0,1
AACCCAGAGACAGGAACAGTAACACTCC,ATGGCGATGGTCTTG,,0.0,0,0,0,1
ACATCATAGGCATCGCCACACACAGAGA,GTTTGTTTTGGGAAA,,0.0,0,0,0,1
ATCTCACAGGCAAAACCATAACCAAGCA,ATAGAGCGGCGTTGA,,0.0,0,0,0,1
TACTCAGATACAGTTGCATTCACAAAGC,CTAAGCAGTCTTCTC,,0.0,0,0,0,1
CACTCAGGTGCAATAACATCCGCATCAT,ATGGCGATGGTCTTG,,0.0,0,0,0,1
GTGACACACTCAGCATCAATGTCATGTG,GCTAATTTCAAGAAT,,0.0,0,0,0,1
TGGACAAGCACATATTCACAGTCAGGTA,TTTATAAATCAATAG,,0.0,0,0,0,1
AGAACATTGTCAACCACAAGGTCAACGA,AGAAGACGACGATGA,,0.0,0,0,0,1
GGCGCAGGCTCAGCGCACAAACATGTC,GTAATCTGACTCTAG,,0.0,0,0,0,1
CCCGCAAGAACATCATCAGGTTCACCAG,TCAAATGATGAGGAT,,0.0,0,0,0,1
CTAGCAGGCGCACGAACACGGCCAGTCA,CTCGCTAATACTCCT,,0.0,0,0,0,1
