BC,Edge,s,LL.ratio,TP2-2-T0,TP2-2-T1,TP2-2-T2,TP2-2-T3,TP2-2-T4
GAGGCAGGGGCAGACTCATTCGCACAAA,TCTTGGAGGTGAATG,0.021523373080136323,0.0,4264,4129,2382,3448,3806
AGTCCATACGCATCACCAACTGCATGGG,TTATATTTATTTGCT,0.04589682939709078,0.0,2359,2618,1872,4035,5582
GTGCCAGAGCCATACCCAAATACAGTCT,TTATATTTATTTGCT,0.03823255389355327,0.0,1791,2154,1472,2378,3119
GGAACATCGGCAGCCCCATGCACAAATT,TTATATTTATTTGCT,0.04071007580164861,0.0,1375,1647,1057,1923,2644
GAACCACATCCAGAAACACAAGCAGAGA,TTATATTTATTTGCT,0.026362955728778514,220.77163725590435,1742,2173,1320,1433,1887
AGAGCATTTACAGAGGCAAAAACACCAA,TTATATTTATTTGCT,0.0325615913682515,0.0,1523,1699,1116,1585,2114
GTTGCAAACTCAAACCCAAATGCATCCC,CGAATGCCATACAAA,0.04026260381083749,0.0,1214,1415,919,1710,2293
TAACCAATCTCATTTGCAAGTCCACGAG,TTATATTTATTTGCT,0.03505101180849814,0.0,1333,1456,1023,1512,2044
GCTCCATACCCAGTGTCAGCCTCAATAA,CAATCTTGAATTGAT,0.02441209604462158,0.0,1561,1673,1012,1361,1564
GAAGCATCGCCAAATACACCCTCATAAT,TTTATAAATCAATAG,0.004936116870541697,46.389195541052686,2210,1839,944,1110,1016
TCCTCAGGGACAGCGGCAGCAGCAACTC,GTCACCGGCACTAAC,0.03206844104234561,0.0,1280,1560,1014,1314,1742
TGAACAGTTACAGGAGCAACTGCATGCC,TCTTGGAGGTGAATG,0.016689840723967977,0.0,1710,1676,970,1153,1258
TTGCCATATCCAAGGTCATCGTCACCAT,CTATCAAGGCTTAAT,-0.001735115201304449,0.0,2190,1821,913,795,771
GTTACACGGTCAAAAACAAGCTCAAACA,CAATCTTGAATTGAT,0.02132252024235808,0.0,1388,1557,835,1005,1229
ATCGCAGTTTCAAGGCCAGCAACAATCA,TGATCATCACGGGAC,0.003378467240493688,0.0,1940,1559,720,910,838
GAGCCAGCTCCACGCGCATTCACAACTT,AGAAGACGACGATGA,0.005294968507396303,0.0,1829,1537,743,830,853
ATGTCAACGCCAAATTCACCGTCAATCG,TATATTGAACTTTAC,0.002089772932629353,0.0,1872,1501,794,849,768
ATATCATTGGCAGCAACATTGCCATGCT,AGAAGACGACGATGA,0.008991881162878213,0.0,1683,1445,692,956,910
ATTACAGACACAGACTCAGAATCAGACT,TGATCATCACGGGAC,0.0008035558708894058,0.0,1609,1376,633,617,627
GGCTCAGTGCCAGCCTCAAAAACAATCC,GTTTAGCTTCCGTTG,-0.013559386730591094,0.0,1878,1419,544,519,412
GGGACACAGTCAATCACAACTTCAGGCG,TATATTGAACTTTAC,0.004328639663963219,0.0,1491,1211,619,755,669
GTCTCAACCTCAAATACAAGTCCAGGCG,CCAACACAGGCTTCG,0.004095121079918652,0.0,1460,1297,661,630,649
GTAACAGCAGCAGTTCCAATAACAGCAA,CCAACACAGGCTTCG,0.010902224041821618,0.0,1369,1101,628,722,799
GATTCAAGAACACGCCCATGGACAAATG,TCTTGGAGGTGAATG,0.01759940505256394,0.0,1160,1060,585,770,885
GTCGCAACTCCACCAACAGGTACATTAC,TTTATAAATCAATAG,0.015080362158176163,0.0,1167,1099,554,788,805
AGTACACTTCCAGACGCACCGGCATTAG,TATATTGAACTTTAC,0.007404154764028893,0.0,1346,1114,508,729,683
CCTTCAGGAACACGCCCATGGACAGTAC,CGATGATGATGATGA,-0.001154703142519953,0.0,1482,1228,587,546,534
TCATCACACCCAAGATCACGGTCAGACA,GTCACCGGCACTAAC,0.03850840051049435,0.0,694,868,625,967,1222
TCGCCAGATCCATGCACAATCCCAAGGG,CTATCAAGGCTTAAT,-0.007229440093166329,0.0,1557,1175,601,431,440
TAGCCAGTTCCAGGCTCAAATCCAGAGC,CGATGATGATGATGA,-0.016527729497335185,106.33085295278397,1622,1286,592,335,316
AAGTCATGGACAGTGGCAGCGTCAAGTA,GTTAAATCAACAGTT,-0.03293025839236978,0.0,1840,1374,447,286,186
TCGACAAGATCACAAGCAAGCTCAAGGT,TTTATAAATCAATAG,-0.0023841809056588162,116.12572110367,1306,1261,673,425,448
GAAACAGTGACAATAGCACCAGCACGTC,CCAACACAGGCTTCG,0.021268462277067312,0.0,996,961,440,823,880
ACAACACCAACAGGCGCAATGACACAAT,TTATATTTATTTGCT,0.03907096074976779,0.0,683,715,516,909,1230
TAACCACAGCCAATACCACATGCAACAT,ATAGAGCGGCGTTGA,0.007445934771185514,6.655437425789273,1208,1053,525,637,614
GTCTCATGAGCAGACACAAAAGCAGTCA,AAAAGAAAAATGTAT,0.00612401546685264,0.0,1257,972,523,544,606
GTACCAACACCAAACACACCGACATTCA,TCAAAACGGAGTGTT,0.008455100423921747,0.0,1198,976,463,627,634
ATGACAGTCGCAGTATCAACGACAGCAA,TCTTGGAGGTGAATG,0.019843622857140475,0.0,931,880,497,698,777
AATACAATGTCAGCTTCAGATTCAGGCG,TCTTGGAGGTGAATG,0.013708777522315651,0.0,974,1020,525,594,636
AAATCATGAGCATTCACAAGTCCACACT,TCTTGGAGGTGAATG,0.019026097838630584,0.0,879,884,540,727,710
AGACCAAAGTCACGCTCATACACATCGA,GTCACCGGCACTAAC,0.03646637229216576,0.0,652,783,485,757,1058
ACAGCAATCCCAATTCCAAACACAAATC,CTCGCTAATACTCCT,0.006837439238403653,0.0,1141,957,458,593,566
AGGGCACGAACACTGCCATGGACATATT,TCAAATGATGAGGAT,0.005621612278254284,0.0,1164,981,464,553,550
TGGCCACTAGCAACTTCACGCCCAGTCT,CCAACACAGGCTTCG,0.010934438693449478,0.0,1025,941,494,620,599
AGAACAGAGACATGTCCATATACAGAGG,TATATTGAACTTTAC,-0.007130966394596428,0.0,1283,1054,503,440,364
AGCCCATGTGCATTTACATAGGCATTGG,TTTATAAATCAATAG,0.02192840656616102,0.0,851,824,417,697,772
GGCACATATACATTGTCAGCACCACTCA,TGATCATCACGGGAC,0.013422011811570279,0.0,962,779,428,726,621
TTGCCAAATTCATAACCAGAACCAAGGG,TGATCATCACGGGAC,-0.0149816648585396,125.35058820175436,1269,1115,559,283,263
CCTGCAGAGACAGATACACAACCATGAG,AGAAGACGACGATGA,0.0019505601176475376,0.0,1103,969,492,462,450
ACTGCACATTCCAAACATAGGCAAAAG,GTTGAACTGGTTGTT,-0.029877123004644887,0.0,1681,956,329,302,192
GAGCCACGACCAGCTTCATGGGCACTTC,CGATGATGATGATGA,0.003218725012679902,0.0,1123,943,396,505,482
ACACCACTTACAGTAACATAATCACCAA,ATTATCAAGTGCCAG,0.0019317702254270765,0.0,1121,856,383,577,457
CATGCAGCGCCAGGTGCACTCGCACATC,TCTTGGAGGTGAATG,0.018550692613608845,0.0,829,849,470,541,657
CAACCAACAACATTACCACAAACACTCC,TCAACAACCTATGCA,0.014660209265549139,0.0,945,776,402,546,641
GAGGCACAGGCAACGCCAGAGACAAATG,CCAGGATGTACCGCC,-0.0036595193381890653,0.0,1132,934,426,378,369
CCATCAATAGCAATGGCACCAACATTGT,GGTTGCCCAGAAGTA,0.013941750931581278,0.0,836,767,471,613,551
CCACCAGTATCATTCGCACCCTCACACG,GTACAAGAAATTTTG,0.010263203914036633,0.0,907,827,411,557,516
TCACCATCTGCACGCCCAGGGACATGAA,CCAACACAGGCTTCG,0.0016417854200582174,31.07877064499371,1010,931,421,437,407
AGGCCATGGACACTCACAATCGCACAAC,TCTTGGAGGTGAATG,0.02323075749733794,0.0,722,712,439,598,690
GAGCCAGGGACAATTTCACGGGCAGCGG,ACCACCGGTCCTGCC,-0.012341191059818457,0.0,1246,808,377,428,287
TGCTCAACTTCAAACTCACCAACAAGAA,ATGGCGATGGTCTTG,-0.020209624958771544,0.0,1356,919,341,299,228
TCCTCATGGACAATCGCAGGTCCAGGTC,CTCGCTAATACTCCT,-0.005120024058636542,0.0,1057,880,457,392,325
GACTCACGGGCACCATCACAGTCAGGTA,GTTTAGCTTCCGTTG,-0.010271849720580884,0.0,1167,869,368,415,292
AAAGCAAAGACAAATCCACTAGCAACTG,TCAAAACGGAGTGTT,-0.0026738503528442653,0.0,1044,855,427,420,354
AAGTCATGCCCATAATCACTCCCAATAG,ACAAGTTTTACAGTT,0.007905069418012722,0.0,904,833,359,504,468
GTTTCAACGGCAAAATCAAACACATCGC,GTTGGGCGCTTAAAG,0.005137123891701978,0.0,971,823,353,442,450
TTCGCAGGTGCAGGTACACAACCAGAGA,TCAAATGATGAGGAT,-0.009316394537954964,36.21726624075927,1054,944,432,302,274
TGACCACTGTCAAACTCAGGAACATCCG,TATATTGAACTTTAC,-0.0075608524536446625,0.0,1065,886,387,361,297
CCAGCAATCGCATAGTCAATACCACGAG,GAGTGCTTCAAAGTT,-0.002959165350141002,0.0,1053,826,375,386,353
TTAGCAGTAACAGGTGCAGGGACACTAG,GTACAAGAAATTTTG,0.006213746313868529,0.0,866,834,422,434,419
CCTTCAGCTCCAGCAACAGTATCAATTG,TATATTGAACTTTAC,-0.002518094372666546,0.0,1017,818,350,440,347
TTCACATCAACAACCACAGGCACAAAGG,TATATTGAACTTTAC,-0.007886458477108404,0.0,1039,915,396,330,286
CAGCCACAATCATTCGCACTACCAGCAT,CTCGCTAATACTCCT,0.010040160908051043,0.0,830,768,351,511,468
TTGCCATACACAAAGCCATTCACAGGCC,TCTTGGAGGTGAATG,0.012465316025607676,0.0,742,802,458,454,461
CAATCACACTCATCAACAAGTCCACAAC,CTATGCATTTACTCA,-0.006202527403576231,0.0,1080,804,310,377,318
AATCCAGGGTCAAAACCAACATCAAGCC,GTTTAGCTTCCGTTG,-0.018658698442554522,0.0,1185,854,332,299,212
GTGACAAATACACGCACAAGAGCAAGAG,TCAAAACGGAGTGTT,0.0001016572871114247,0.0,995,797,386,295,377
CCTGCAGAGGCACAACCACAGACAGGAA,GTTGGGCGCTTAAAG,-0.002095039174111934,0.0,974,799,379,347,338
GAGGCACAGTCACCAGCATGATCAAGAC,TATATTGAACTTTAC,-0.0012297614133430334,0.0,952,803,366,372,342
GTAGCAGCCACAGTGTCATCGACAACAT,AAAAGAAAAATGTAT,0.013581613238302759,0.0,745,705,340,558,484
CCGCCATCCGCACACTCATCGGCATCAA,AAAAGAAAAATGTAT,0.010751270536134318,0.0,805,688,340,495,467
AGTACATAGCCAAGAGCATAGGCAATTA,CATTTATGGCTATCT,-0.0053540433427550875,0.0,998,797,310,378,304
GATGCACAATCAGTGTCAGTAGCAAAAC,TCAAATGATGAGGAT,0.002460306922780697,0.0,879,720,370,436,366
GCTGCATGCGCACGCACATGGGCAGTAA,TCTTGGAGGTGAATG,0.01774349767048271,0.0,692,669,404,469,531
TGAACACGTACACACTCAAGCGCAAGCA,TGATCATCACGGGAC,0.003218495510653408,0.0,904,751,319,393,388
GTGTCATTTCCAGGGACAGCTGCAAAGG,TCAAAACGGAGTGTT,-0.0024967861422346086,0.0,899,751,370,415,307
GTTGCACTACCAAGTTCACCCCCATTAA,TATATTGAACTTTAC,0.001983462635126565,0.0,869,717,343,424,355
GGGTCACTAGCAGGAGCAAGGGCATGCA,ACAGTTGACGGACAG,0.009458965145683097,0.0,835,719,293,397,460
GACGCAGCTACACATTCAATTACAATTG,CATTTATGGCTATCT,0.00010215694948243707,0.0,929,721,272,388,352
CAGCGCAACGACATTTGCATCAAGCC,TATATTGAACTTTAC,0.0009204543579905966,0.0,848,702,341,405,332
CTCTCAGTCACACTTGCAATCCCAGATA,GTTTAGCTTCCGTTG,-0.02294570006237242,0.0,1055,751,363,283,159
GAATCAAGGGCAGTAACAAACTCAGGTA,ACAGTTGACGGACAG,-0.000320570309071155,0.0,867,699,325,359,323
ACCTCACAGCCATATTCATTGGCATAGC,CCAGGATGTACCGCC,-0.0013416912677817862,0.0,864,713,287,389,309
CCGGCATAATCATGCGCATCATCACGAA,TATGCCCTTCTTCTG,0.010649947236155023,0.0,720,634,368,422,416
ACACCAAGAGCACGCTCAACACCAATCC,TATATTGAACTTTAC,0.0008939807167331897,0.0,831,651,312,386,325
CGCGCACGTGCACATTCAGGGGCATGTC,CTATGCATTTACTCA,-0.0028718517799257485,0.0,868,711,281,341,292
TAAGCACAGGCAATTGCAGACACAAAAA,TATATTGAACTTTAC,-0.014938410020035419,44.94870374347556,920,781,353,242,191
TGTACAAGAGCAAGATCACGAGCAGGCC,CTCGCTAATACTCCT,0.0023119966180604745,0.0,819,666,319,324,339
GACGCAACGGCAGAGACATTGTCACAGA,GAGTGCTTCAAAGTT,0.0021598354666504172,0.0,824,633,307,343,339
TGACCAATGCCAGTGACAAAGACATTCC,ACAGTTGACGGACAG,-0.0038369911911822156,0.0,862,650,286,366,279
ACGGCATCACCACGGTCATGACCATTGA,TCAAAGCATGAAAAA,0.01467360233517212,260.4586496718184,722,517,288,422,490
ATGTCAGGTACATTGGCAAATTCAAGCG,TCAAAACGGAGTGTT,0.0007484831526593187,0.0,877,627,279,292,341
GACGCATGGCCAAAAGCATGGACAGAAA,GTTGGGCGCTTAAAG,-0.0015786270002558162,0.0,844,663,330,277,299
AACACAGGCACAATACCAGGAGCACAAT,CTATGCATTTACTCA,-0.008080384581333911,0.0,886,611,313,270,242
TGACCACCGTCAAGTACAGTCGCAGAAC,TTTATAAATCAATAG,0.006420000824993433,0.0,658,643,324,352,321
GTCTCAGGATCATAGGCACCGGCATCGA,CCAACACAGGCTTCG,0.0047237858240749995,0.0,702,607,305,339,320
CATTCAAAACCACGCGCACGAACATCCC,AGAAGACGACGATGA,0.004618763710490814,0.0,738,580,307,292,335
ACTACACCGGCATAAGCAACGGCAGGAC,ACAGTTGACGGACAG,0.0063878983050734035,0.0,704,562,243,393,343
TCGGCACCTCCAATGGCAGTGCCATGCA,TATATTGAACTTTAC,-0.0020568332851959464,0.0,797,627,276,265,277
GCCACAACTTCAAGCACATACTCACGAA,TGATCATCACGGGAC,0.005830832315019619,0.0,659,620,290,356,314
TTAGCAACGTCACTCACATGCACAAATC,GTCACCGGCACTAAC,0.028410794990950915,0.0,461,505,303,408,542
GTTCCAAAACCAACTGCATGTACAACGG,CGATGATGATGATGA,0.0002413717462214529,0.0,727,601,300,302,277
CGGGCAGGTTCAGGCTCAGTATCAAGTC,CTCGCTAATACTCCT,-0.0014629945670947106,0.0,694,588,316,309,247
AAGTCAAGGACAAGATCAAGCCCAAACG,GGTTGCCCAGAAGTA,-0.0003067858969224785,0.0,668,628,352,250,249
TTGTCACATACAAGAACAGGCCCAAGCT,TCAAAACGGAGTGTT,-0.015634037859284078,52.96771860737044,837,627,317,166,169
TTAGCAGACACAACCACAACATCAAATC,AAAACATTATCAAAG,-0.013347453847476487,0.0,800,622,276,219,177
CAGTCAGTTCCAAACGCACGCGCAATGG,TCTTGGAGGTGAATG,0.01626941910252855,0.0,517,561,268,369,374
CTGACACAGCCATGAACAAAATCAGCTT,GTTGGGCGCTTAAAG,-0.003979727440624425,0.0,724,617,268,236,233
CCTACAAGAACAACCTCACGTCCATCAA,TCTTGGAGGTGAATG,0.01131313382065622,0.0,568,547,288,314,337
TGTGCATGCCCAGAAGCAACGACATCCT,TCAACAACCTATGCA,0.009261907981198548,0.0,569,544,277,305,311
GCTGCAAGTACATCAACAACAGCACTCA,AGAAGACGACGATGA,0.014343801715312887,0.0,536,425,259,400,359
ACCCCACACCCAAGTGCATGACCATGAA,TCAAAGCATGAAAAA,-0.018723039442758924,0.0,835,524,226,236,149
GCAACAGGATCATGCTCACCGACATATC,ACAGTTGACGGACAG,0.0075337718883977675,0.0,596,475,228,347,304
ACCACAAGCGCAGCCACAGGTACAATAG,GTTGGGCGCTTAAAG,0.002040511832946868,0.0,635,521,236,285,260
GGAACATGCGCAGACTCACTGACATGTT,GTGTGATTACTAAAT,-0.006027625072352216,0.0,688,496,229,285,204
CCGTCAGCAGCAGGGGCACATGCACACC,GTTTAGCTTCCGTTG,-0.011817280492863479,0.0,744,506,217,257,175
CACACAGCGCCACGTTCACGATCATCGT,TCGATAGAATTTACT,0.009797964394833446,0.0,582,479,268,241,325
ACACCACGCACACGCGCAGACGCAACCA,TATATTGAACTTTAC,0.00043162713983766507,0.0,672,493,203,264,258
CCCGCACTCGCAGATGCAGCAACAAAAG,CTTGCAAGTGTAATT,-0.028624303942166886,0.0,916,541,165,158,110
ACAGCATGCACATCACCATCAACAAGCA,TGATCATCACGGGAC,0.015579148858928749,0.0,486,419,231,394,342
GCGGCAAATGCAGTTGCATCCGCACAAG,TCAAAACGGAGTGTT,0.0023504737702319425,0.0,632,480,213,285,262
CATCCAAACGCAGCCCCAAATTCATTAC,CGATGATGATGATGA,0.004519328371385134,0.0,564,523,256,238,255
TTGCCAGAGACAAAGTCACCACCAAACC,CGATGATGATGATGA,-0.008052959030879124,0.0,640,544,262,181,175
ATGTCAATTGCAGCTCCAGGTTCAAAAG,TATATTGAACTTTAC,-0.012234536353872949,29.29944333612275,696,517,230,179,161
AATGCAACTGCAATTTCAAGCTCACCCC,GGTTGCCCAGAAGTA,0.004487584385025878,0.0,547,456,219,302,247
CAAGCACGTTCACGCCCAGGAACACACA,ACAAGTTTTACAGTT,-0.0040786617191700845,0.0,652,436,208,255,209
GCAACAAGCCCAACTACACTACCAACAG,TCAACAACCTATGCA,0.015592571678043156,0.0,490,399,188,336,345
TCAACAGCGACACAGTCAATTGCACATA,GTTTAGCTTCCGTTG,-0.02450588138193803,0.0,791,486,175,186,112
TCATCAGAACCAGGAACACGACCATCAT,TAGACGGACATCTTC,-0.010217848159635667,0.0,662,478,251,184,166
GTAGCATTTCCACCCTCAGCCTCACGCC,TCATAGGTATCTCGC,-0.010730591934309208,0.0,692,461,222,190,170
GTAGCATCGGCAAACCCAGCGACACGCT,ACAGTTGACGGACAG,-0.0012869438659558917,0.0,558,477,235,264,200
AGAGCATCAGCAAACGCAATGACATTTC,TCAAATGATGAGGAT,-0.0036140496826543517,0.0,591,470,209,269,193
TACTCACAACCATCGCCAAGCGCACACG,AGTGTATGATAATAT,-0.005626881546844475,0.0,614,485,213,232,185
AGCCCAGAATCACTGGCACTAACAAGAG,CAATCTTGAATTGAT,0.017976811400382743,0.0,377,446,261,340,292
TACGCAACATCAAGCACAACTCCAGTCG,CAATCTTGAATTGAT,0.02430198419668443,0.0,403,373,240,280,402
CTTGCAGACACATAAGCACGGGCACGGA,CTATGCATTTACTCA,-0.013144450659903682,0.0,668,482,196,169,149
GAGTCAGAATCATGCCCAGTGCCATTGT,CGATGATGATGATGA,0.00024311738561495462,0.0,517,473,228,242,197
CGCGCACAGCCATGGCCACTACCAATAA,CCAGGATGTACCGCC,-0.002026239055918921,0.0,569,435,200,254,198
CAGGCATACGCAAGCTCACGGACAAGTG,GTAATCTGACTCTAG,-0.03198390199544317,0.0,762,474,189,137,80
CAGCCAACGTCAATGCCAAGCTCATCAT,AGTGTATGATAATAT,-0.015833360626336734,0.0,649,463,232,152,130
AAGTCATAGGCATAGGCAAGGGCAGGAT,AGTGTATGATAATAT,-0.018486171878965972,0.0,705,453,178,157,127
GCCACACAGCCATTGCCATCGACAGCAC,GGTTGCCCAGAAGTA,0.02900702467475329,74.6231917176865,343,327,206,330,413
AGGTCACAGCCAGTCGCAGGGACAGCTG,CGATGATGATGATGA,0.004335700564274925,0.0,508,378,221,284,228
GGGCCAGAAACAATCCCAGCGTCACGTG,CGATGATGATGATGA,0.007087772555955207,0.0,477,461,203,238,239
TAGTCAGGGACACCGTCAATCCCATAAT,CCAAGACCGTGTAAA,-0.02514334125424378,15.313568117039267,710,499,168,133,98
CATCCAAGGCATCTGCACACACAATAC,CCAACACAGGCTTCG,0.032436444881907715,79.77428849132593,286,331,208,381,395
GTCGCAGGTACAGTACCATGTTCAGGGA,TTAATTGCACTTATG,0.006281590561610151,0.0,505,409,189,247,245
GGCCCACAGTCAAGGGCAGACACATTGA,CGATGATGATGATGA,0.00501687241647646,0.0,477,391,211,283,220
TCAACATACCCACGAGCACACCCAATTA,CTTGATCAATCAAAA,-0.017795877809379745,0.0,648,443,176,190,120
GGCTCATTGTCAAGGTCATAAGCACGTC,GTTTAGCTTCCGTTG,-0.01794358872653392,0.0,679,435,173,153,125
GGCTCAGACGCAACGTCATCTCCAAGGC,CATTGTCGGACGCTT,-0.02983702367581009,0.0,743,495,148,93,85
CAGTCACCAACAAAACCATTCCCAGCGG,CTCGCTAATACTCCT,0.0017556360711181275,0.0,499,471,165,206,202
GGCACACTTCCAGGGACAAACCCATTCT,AAAAGCGACATTTCT,-0.018371885615481663,0.0,641,445,168,170,116
CGGCCACGAGCACGCCCATCAACACAAT,TTATATTTATTTGCT,0.03933050445835154,0.0,244,293,216,341,444
ACATCAAGCACAGGCTCACAGACATCAT,TCTTGGAGGTGAATG,0.03194780075978048,25.495205694828655,285,350,181,310,386
GATACATCCTCAAATCCACATTCAGGAG,TATATTGAACTTTAC,-0.002354887108084736,0.0,495,415,199,231,170
GGGACATTATCACATCCAGAGACAGTTC,CCAACACAGGCTTCG,0.017384811460279148,0.0,390,354,194,273,295
GTGGCACGCCCAGTATCATAACCAGCCC,ATTATCAAGTGCCAG,0.0005596587496840008,0.0,539,392,172,193,208
AGTTCACCCACAAACGCACTCACACATG,ACCACCGGTCCTGCC,-0.012716569002526134,0.0,617,386,162,192,140
GTAACATCGTCACATGCACGTACACGGA,TATATTGAACTTTAC,0.004486915557302452,0.0,454,396,175,253,205
GGTCCAACGACACGCTCAATCGCATGTC,GTTGAACTGGTTGTT,-0.028365097018749938,0.0,717,406,136,129,87
GTCGCAGAGGCACACCCAGCCCCAGTCG,GTTAAATCAACAGTT,-0.05228734372699207,13.535115372103064,751,444,143,96,35
AGCTCACATTCAGCAACAGGCTCAGGCG,CAATCTTGAATTGAT,0.020894683215434195,0.0,355,337,186,281,309
GAGGCAACAACAAGTTCAAATCCACAGC,TTAGTCTTTCCATCA,-0.004527259646502224,0.0,505,411,195,198,159
GTACCATAGCCACCGGCACGGCCAGTTA,TCGATAGAATTTACT,0.014440494570470207,0.0,409,358,177,245,275
AATTCAATGGCAACCGCATATGCAGCAA,GGTTGCCCAGAAGTA,0.009704615901520008,0.0,426,351,162,285,237
CTCACAGTACCATGATCACCTGCAACGC,TATGCCCTTCTTCTG,0.005854094394613707,0.0,455,366,196,225,217
ATGGCATGGTCAAAGGCAAGTGCAACAT,GTTGGGCGCTTAAAG,0.0015346689998540833,0.0,481,371,193,216,193
TCGACAACAACAGAGACACCAACAAAAA,TATATTGAACTTTAC,-0.022658854227864067,61.66646264593146,551,510,218,87,84
TCTCCAGTGGCAGGCTCACATGCACTTA,TATATTGAACTTTAC,0.0006370821624473114,0.0,434,419,167,253,168
CTAGCATATCCAGGCCCATTTACAACCA,CATTTATGGCTATCT,-0.008826427955991955,0.0,513,444,180,165,136
CAATCAAAAGCATCTGCACGGTCACGGT,CTCGCTAATACTCCT,-0.0023969392626593585,0.0,455,456,207,162,156
TGTACACGGGCAAAGACAGCTTCAACTC,CTCGCTAATACTCCT,-0.0018073341490293612,0.0,433,450,204,197,152
CGCACAGGTACAAAGGCATGACCACCTA,TCAACAACCTATGCA,0.004616227717502475,0.0,412,392,212,215,187
CGGCCACAATCATCGCCAAATGCAACCA,TTAGTCTTTCCATCA,0.00411782389745965,0.0,463,362,155,227,206
GTACCATAGTCAGGATCAAATGCACCTG,TTATATTTATTTGCT,0.04893600444571224,11.780018816214579,183,235,179,327,489
CTAGCATGAACAGCGTCACATTCACAAG,GTGTGATTACTAAAT,-0.007481313412454037,0.0,504,429,180,147,141
GATCCAAGGGCATATACACTTACATTGT,GTTTAGCTTCCGTTG,-0.009710276939492689,0.0,551,391,153,160,141
CATGCAGTAACACGTCCACACCCAAGGT,CTCGCTAATACTCCT,0.0023854657277957436,0.0,436,386,169,209,181
GGTTCATACTCACCAACAAAGACAGTGA,GTTAAATCAACAGTT,-0.01331147664527481,31.965825329669315,510,400,176,168,113
TTTACAAGTCCATCGACAGTCACACTCG,CCAGGATGTACCGCC,-0.004022225417353531,0.0,470,372,165,192,151
GAGGCAAATGCAAGTTCACGCTCATCAC,TTTTGCATTTAGGCG,0.004229345133858131,0.0,405,352,200,210,181
GCCGCATGCACACTGACATCAACACGGT,TGATCATCACGGGAC,0.00789460760348253,0.0,429,286,180,227,222
TGGCCAATCTCATCCGCATCAACACACG,ACAAGTTTTACAGTT,0.012934933967749586,16.505328378970717,387,311,144,251,245
ATGACACTCCCAACCTCAATGACAAATT,ACCACCGGTCCTGCC,-0.015915673001661898,0.0,571,380,140,129,114
CGCCCACGTCCATAGACACACGCATTCT,AAAAGAAAAATGTAT,0.014227468327171856,0.0,345,359,181,217,230
GTCACACTTTCAGTACCAAGATCATCTA,ACAAGTTTTACAGTT,0.0006033016341921113,0.0,432,368,151,201,167
AACCCACCCGCAGGGACAATGGCATAGA,GTTGGGCGCTTAAAG,0.004907766275125258,0.0,429,323,145,220,197
CGGCCACCCCCAGATTCAGTGACAAAAT,TTTATAAATCAATAG,0.015860095787366024,0.0,326,365,187,203,232
AACCCATAGTCAAGCACAAAAACAAGAG,GTTAAATCAACAGTT,-0.04136763705135144,7.019828896764466,610,436,135,61,44
TTGTCAAGAACAGAACCAGAGTCAAATC,GTTTAGCTTCCGTTG,-0.029780144599332356,9.237291075778558,532,412,173,107,61
GGTGCATCGCCACGGGCAAGTCCACAAA,GTGTGATTACTAAAT,-0.007719563766810243,0.0,498,331,141,173,138
GGGTCATTCTCAAGCCCAGGGGCAGCGT,ACAAGTTTTACAGTT,0.00029089496281382594,0.0,406,370,162,186,155
TGCGCATTAGCAATTGCAGGAGCATGGC,CAATCTTGAATTGAT,0.016234601771799962,0.0,317,345,186,195,229
GGCACAATTTCAAAGCCAAGGGCAGGCC,TTAGTCTTTCCATCA,-0.0061048189828783565,0.0,477,333,177,130,141
GCGCCACCAACAGCAGCACGGTCAAGAG,AAAAGCGACATTTCT,-0.009853368950861818,0.0,507,354,130,135,129
CTAACACAGCCAACGACACCTCCATTGT,GGTTGCCCAGAAGTA,-0.001059260411470086,0.0,423,317,193,161,153
TAGGCACTCGCACCTCCAATGGCAGGAG,ATATTGAGTAAGTAC,-0.01825460627608466,0.0,517,365,144,119,94
AGGGCAAGGACAGCGTCACATTCAAACG,CTCGCTAATACTCCT,0.0051464063850264145,0.0,371,310,185,188,172
TAGACAGCCACATGCCCAGTGTCATAGG,TCAAAGCATGAAAAA,-0.02132926826228236,0.0,566,331,103,124,91
ACCACAAAAACAGCGGCACACGCACGAG,TATATTGAACTTTAC,0.0014254009532708167,0.0,398,284,152,207,159
AGTGCATACACATAAACACATGCAAGGG,GTTTAGCTTCCGTTG,-0.010126780695871897,0.0,449,363,142,130,113
GGGGCAATTTCAGGGTCATAACCATGGG,TTATATTTATTTGCT,0.03760066477399433,0.0,202,217,157,277,343
ACAACACGCACAGCATCAGTTACACGTA,GTACAAGAAATTTTG,0.015425302219569281,0.0,326,227,151,259,228
GCAACACAGACACAGACAGTAACAGAAC,ACAACCTACCTGCTA,0.003809660022284068,0.0,380,310,171,161,167
CTACCAGGAACAGATTCAGAATCATCCG,ACAAGTTTTACAGTT,-0.009962132329370776,17.514768547691347,450,335,174,115,114
AAACCATCCGCAATTCCAACATCAAAAC,GTTGAACTGGTTGTT,-0.04446516987969102,8.657909124553953,612,349,113,70,39
ATCTCATGCTCAAGGACAGTGTCAATGG,GTTTAGCTTCCGTTG,-0.00889625153825988,0.0,435,303,145,172,115
GTTTCAGGCACATCGCCAGTAACATGGG,GTAATCTGACTCTAG,-0.017913802556333215,6.782218937551988,510,337,116,112,94
ACAAATGTCAAAAACATATCCACCTC,AAAAGAAAAATGTAT,0.0020261758492359,0.0,369,326,143,173,151
GATACAAAGACAGATTCAACCGCACCCA,ACAGTTGACGGACAG,0.0010799361728859092,0.0,401,289,147,161,158
GGCACAGGCCCACCTTCAAATACAAGCT,TTATATTTATTTGCT,0.030868716604739933,0.0,212,273,183,210,275
ACAACAAGGCCAGGCACAACGCCATAGG,GTTTAGCTTCCGTTG,-0.023549030892513277,0.0,503,326,141,104,74
CATACATGTTCACGGCCAGAGGCATAAG,GTTTAGCTTCCGTTG,-0.017217932581497133,0.0,496,316,131,93,94
AATGCAGATTCATCACCAGGTACACAGT,CATTTATGGCTATCT,-0.004255262230905843,0.0,399,296,139,164,127
AGCACAGTACCATCTCCAATCACAAGAT,TGATCATCACGGGAC,0.00908748728558937,0.0,339,325,131,143,184
CTGTCATTAGCAGCTCCATAGCCATTAC,ATTATCAAGTGCCAG,-0.012484012935263689,0.0,441,327,130,120,101
AGTTCAGGGTCATTAGCACCGTCATCAG,TCTTGGAGGTGAATG,0.007857613186998225,0.0,329,295,146,168,170
TCGTCACCAACACTTACATGAGCAGGAG,GTAATCTGACTCTAG,-0.05226736237518905,4.720844058658258,536,354,108,81,25
GCGACAGTGACAAAACCATACGCAAGTT,GAGTGCTTCAAAGTT,-0.006804465987968644,0.0,414,304,128,136,119
TGGTCAACAGCATCGACAGCTACACACC,CTTGCAAGTGTAATT,-0.024682867775975125,0.0,505,294,98,122,71
TAGGCAAAGTCACGTTCAAGGGCACATG,CTTTCTTGTGTATTT,-0.10451411218352885,0.0009063827683348791,773,239,49,14,7
AGCGCAGTCCCATGCACATGGCCATGCA,ACAACCTACCTGCTA,0.008760238303051128,0.0,336,258,106,200,180
CTAACAAACCCACGCACACCGTCAACAC,TCATAGGTATCTCGC,-0.01738364732485196,0.0,409,332,118,136,77
CGGGCACGATCAGATGCAGGTCCACCGT,CTTGCAAGTGTAATT,-0.029020571414481822,0.0,533,313,106,57,63
GACACAGCGTCATAAGCACATGCAGATA,TCAAAACGGAGTGTT,0.00047630990419005384,0.0,377,274,111,163,145
GACACACCCTCAGGTGCATCGGCAAGCC,GTTTAGCTTCCGTTG,-0.014240838734266514,0.0,445,291,89,138,95
GGGTCAGGTTCACTTACAAAGGCATCCT,ATTATCAAGTGCCAG,-0.005451005888103433,0.0,379,283,138,140,115
GAGTCAAGTCCATTAACAGAACCACTAA,AAAACATTATCAAAG,-0.022974458058573944,0.0,465,294,117,105,70
TTTCCAGTTGCATCCTCAAACGCAAAGA,AGTGTATGATAATAT,-0.020315474025140112,0.0,436,325,117,99,73
TGCACAAGAACATGAGCAAGTTCACTCA,ATTATCAAGTGCCAG,-0.0001134946462304498,0.0,386,241,133,143,145
GCCTCACCTCCAAGAACAAGCTCAAATC,ACAGTTGACGGACAG,-0.00695497818250823,0.0,378,278,163,118,108
CTAGCAATAGCACATCCAATGACAAATT,ACAAGTTTTACAGTT,0.0012776154960567844,0.0,350,306,116,119,139
GTCTCACATTCAATTCCAAGAGCAATCG,CTTGCAAGTGTAATT,-0.020698999865504362,0.0,467,269,109,101,77
GACCCAGTCACACCCACATTCACACCCA,TGATCATCACGGGAC,0.011538570671640302,0.0,304,262,104,168,182
TTGCCAGCCCCACAGGCAAAAGCACGAT,CTCGCTAATACTCCT,-0.0048806181485241415,0.0,393,269,123,112,122
AGGCCAGTGACAGAGACAAAAACAGTGA,AGTGTATGATAATAT,-0.011902570096038168,0.0,401,269,122,128,94
ATCTCACAAACAATGACAATCGCATTTA,TATGCCCTTCTTCTG,0.007276964288670752,0.0,309,236,150,160,156
TTGGCAAATACAGCCACACACTCAAGAC,CTTGATCAATCAAAA,-0.02012162538938842,0.0,403,331,135,71,68
TAAGCAGGTGCACGGACAACGTCATGAA,TTTTGCATTTAGGCG,-0.003245720259714258,0.0,347,285,133,128,115
TGAACAGTTACAGGCTCAGGTGCAGGAG,CAATTTCAACGTTGT,-0.02133908180509727,0.0,448,256,134,92,72
AAGTCAGGTTCAAACCCACTACCAATAG,ATTATCAAGTGCCAG,-0.004105362229960142,0.0,381,277,105,113,122
CCCGCACAACCAGGGACAGAGACAAACC,TCAAAACGGAGTGTT,-0.0028195180656682027,0.0,353,265,127,121,119
ACATCAGCACCACGTGCAACGCCACTAA,AGAAGACGACGATGA,0.005931671900554103,0.0,301,246,133,161,144
GGGCCATACGCAGGATCATATACATAAG,CATTTATGGCTATCT,-0.0044173045239623175,0.0,351,227,121,164,111
TTCACATGGGCACGCCCAGTTGCAAGGG,TGATCATCACGGGAC,-0.009191763253270533,14.386764383662012,333,282,134,129,87
CCGACAGCCACACCAACATTGGCAACAG,TCATAGGTATCTCGC,-0.014620100464856376,0.0,409,244,110,113,86
CCGCCAAAAGCAGTAACACATACAGCTG,GTAATCTGACTCTAG,-0.08276131379256874,107.55807754697571,690,194,45,24,9
CTGTCATTCTCAATAACATGGACAGAAA,TCTTGGAGGTGAATG,-0.002565202905880049,51.884020307830724,323,288,135,97,110
AAAGCAGTGGCATCTCCAATGACAAGCC,CATTTATGGCTATCT,-0.01184472084357837,0.0,349,284,121,105,82
GTCCCATTCGCACGCACAAACACAGGTA,TCATAGGTATCTCGC,-0.015441336837184762,0.0,403,247,86,118,82
CGCGCAAAAGCAATACCACGGTCACGGA,GTTGGGCGCTTAAAG,0.002982445278966451,0.0,294,222,136,158,125
TGGACAGAAGCAAACACACCAACATGTG,GTAATCTGACTCTAG,-0.03414403949454634,0.0,405,309,103,78,39
TCGTCACGGCCATACGCATGAACACCAA,CTACTTACAACGGAA,-0.009997401556946218,0.0,336,263,125,118,85
GCACCATTACCATGGACATGCTCAGGAA,TGATCATCACGGGAC,0.001373632980705232,0.0,301,235,109,155,120
TAAGCATATGCATGAACACGAACAGAAA,AAAACATTATCAAAG,-0.022739223704100774,0.0,408,262,84,98,62
CGGGCAAGGGCAGCTCCAAGATCAAAAT,GTACAAGAAATTTTG,-0.010063552346761132,39.70461238475082,325,290,141,75,82
ATGCCATCAGCACTAACAAAATCACTAG,CTTGATCAATCAAAA,-0.009394134280783418,0.0,355,251,100,108,92
CAGTCACCGGCAGGGTCAATCACATGAC,CATCACCGTGCTCAT,-0.013270497287382256,0.0,383,213,123,102,85
AATACAGCGTCACATCCACACCCAGAGC,ATGGCGATGGTCTTG,-0.026890182954617113,0.8351654582415904,404,249,112,85,52
CCTCCAACAACAGGTACAAGCCCACTGC,GAGAATGAAGGACAG,-0.04779922850984899,0.0,520,230,72,49,29
CGTTCAGAGGCAGTAACAGCATCAATTG,GTTTAGCTTCCGTTG,-0.01246854742286203,0.0,336,273,100,104,77
CCGGCATACTCACCGTCACGTACAGCCC,TATGCCCTTCTTCTG,0.009948761922276117,0.0,267,223,98,137,150
GGGACACATGCAACGCCAGTAACATAAG,ATTATCAAGTGCCAG,-0.011313812861127669,0.0,325,247,110,111,78
TGTCCAAATACATACCCAAACGCAGCAG,CTTGCAAGTGTAATT,-0.02653481471362646,0.0,360,262,102,98,47
CAGTCAAGTGCAGGAACAGGTACATTTG,GAGAATGAAGGACAG,-0.03852064563295094,0.0,433,240,84,49,35
TCGCCATCTACACTTACAGGTCCAGTAA,AGTGTATGATAATAT,-0.012437433542056932,0.0,292,261,120,100,67
GATACAGTTACAGCGCCATTCGCACTAG,AGAAGACGACGATGA,0.01536773110847316,8.483121856851085,225,189,117,151,157
CCGTCAGCAGCATTAACAAGCACATGTG,CTTGATCAATCAAAA,-0.004275923922724757,0.0,305,239,90,108,97
TAATCAGGTGCAACAACAGTGACACCCA,AGAAGACGACGATGA,0.010194489094525073,0.0,245,210,106,138,139
AAGACAGCATCACAATCAGGTACATACA,CTTGATCAATCAAAA,-0.008514418991714037,0.0,339,226,64,101,91
CTAGCAGGTTCACACTCAAGAGCAACAA,TCAAAGCATGAAAAA,-0.020573157568550028,0.0,350,229,95,81,58
GTGCCATTACCACTAAAAGGGCATAAA,TCAAAACGGAGTGTT,0.008218432920629137,0.0,227,250,103,112,119
CCGGCACGATCATCGCCAGTTACAGGCA,TCAAAACGGAGTGTT,0.0026810070076384923,0.0,269,184,108,132,113
CAAGCAAATCCAGAGTCAACATCACATA,ACAGTTGACGGACAG,-0.0045886386584429,0.0,277,210,126,100,87
GCATCAATATCATTCGCAGTCACAAGAA,CCAACACAGGCTTCG,0.012885255699334231,0.0,220,213,102,117,139
TGATCAGGTACAGCAGCACCGGCAGCAC,CCAAGACCGTGTAAA,-0.004595504769324711,0.0,293,230,78,92,92
GGATCACGCACACTGTCACAAGCAAGTG,CTATCAAGGCTTAAT,0.007477905943362374,0.0,224,194,80,164,114
CAGGCACGCCCACGGGCACGATCATTAT,AGTGTATGATAATAT,-0.00785435574396518,0.0,283,220,97,96,78
TCTGCATCAACAGGTCCAACCGCAATCT,AGTGTATGATAATAT,-0.012491514810788851,0.0,297,223,92,92,68
AGATCACTGACACTCTCAGAGACAGGGT,ATATTGAGTAAGTAC,-0.006565865268980441,0.0,255,222,121,94,74
CTTACATGGGCACCCACACGCGCATTGA,TTAATTAGAGGTATG,-0.02762194251211991,0.0,400,190,70,56,50
CATCCACGTCCACAGGCACATACATAAA,TGATCATCACGGGAC,0.0006631102751575751,0.0,240,220,100,108,93
TGGGCACAGTCAAAGTCAAGAACAAGTA,GTCACCGGCACTAAC,0.03852952061473611,0.0,122,159,122,138,215
AGGACAGTCGCAAGTTCAGACTCAACCA,GTTAAATCAACAGTT,-0.024127893952740953,0.0,320,227,80,76,46
TGCACATAGTCAATCCCAAGTCCACCAA,ACAACCTACCTGCTA,0.0006845655575386193,0.0,263,190,68,119,102
GATGCACAGCCACTCTCATGAGCAGAAG,TTTTGCATTTAGGCG,-0.0003511888064685609,0.0,258,178,93,116,96
TCCCCACATGCAGGCGCATTGGCAATCA,AGTGTATGATAATAT,-0.016226467655775467,0.0,284,216,97,81,56
CTGCCAGAGGCAACGGCACCTCCACCTA,CTCGCTAATACTCCT,-0.004174337304752628,0.0,238,216,120,79,76
TCTACACGCTCAACTTCAGGCGCACAGG,GTAATCTGACTCTAG,-0.028171415180089317,0.0,368,206,67,37,45
TCACCAGTTCAAATGCAGGCCCAACTG,TCAAAACGGAGTGTT,0.00201864912932357,0.0,220,188,110,111,90
CACCCAGGTTCATGGGCATTAACATGGC,ATTATCAAGTGCCAG,-0.023117038575078894,26.04302673512484,314,219,84,54,47
AAGGCAGGGTCAGTAGCATTTGCACACG,TATATTGAACTTTAC,-0.006399399762890478,0.0,267,182,77,104,78
ACAGCACATCCACCTGCACAAGCATACT,AATGATACCATTTTT,-0.02197677579377759,0.0,300,185,84,89,47
TGTACAAAAACAGTGCCAGTTGCAAATT,ACAACCTACCTGCTA,-0.011213612326189205,12.78407835990356,249,221,92,77,60
CTCACACTGCCAAGAACAGTACCAGCTT,CGATGATGATGATGA,-0.011513017102357102,10.37877239750469,252,220,85,75,60
GCTGCAATAGCAAAAACAACCACATGAG,TCAAAACGGAGTGTT,-0.0011168714982889624,0.0,230,199,99,81,83
GGGTCACGTTCATGACCAACTACAGCAT,ACAGTTGACGGACAG,0.0063376968129504226,0.0,218,177,81,109,106
GTGACATGTTCAATGTCACGGCCACAAC,CTTGATCAATCAAAA,-0.015575990339801482,0.0,252,197,89,101,51
CGTGCAGGATCAAGCCCAGGCTCATAAT,GGTTGCCCAGAAGTA,-0.006089839953071352,9.541249512979448,213,215,114,84,63
CCCGCATAGCCAAATACACAATCACCCC,TGATCATCACGGGAC,0.0056426513405271935,0.0,203,194,83,109,96
TCCTCAAGGGCAAATACATTCGCAACAC,TTTTGCATTTAGGCG,0.005519800970466472,0.0,221,160,104,95,104
TGGACAACGGCATTGACAAAGTCAATAA,CTTGATCAATCAAAA,-0.01990355547087961,0.0,282,208,73,70,48
CTGGCATAATCAAAGGCACACGCATTGG,GTTTAGCTTCCGTTG,-0.013148072186262662,0.0,278,188,103,49,62
ACATCAGGAGCAAAGTCACCGGCAAACA,GTTGAACTGGTTGTT,-0.028534149843698352,0.0,307,235,57,40,37
GCGCCAATTACAGCACCAATCGCACATG,ACAGTTGACGGACAG,0.009104723672973903,0.0,197,161,78,128,107
TCCTCAGTAACAGGTTCATGGGCACAAG,TATATTGAACTTTAC,-0.0024761786316913606,0.0,237,179,92,82,81
GGCACAGATGCATTAGCATTAACACGTT,TCTTGGAGGTGAATG,0.01717204421858145,0.0,168,128,107,133,126
AAACCAGCATCAGTCACAAATACACAGC,CTCGCTAATACTCCT,0.00892310532858096,0.0,204,145,87,113,110
GGCTCAAGCTCAGGACCAGAGTCATTCC,AGAAGACGACGATGA,-0.008117978573380546,7.907289219856921,231,173,102,88,63
TACGCAGGCACATGGCCACAATCAGCAA,GTCACCGGCACTAAC,0.03730804754341686,0.0,115,109,102,134,193
ATGGCATTGACACGCCCACAGTCACAGT,GTTCAGCTTTGATCG,-0.04708867636207261,0.0,366,162,62,39,21
TGAGCAGTGTCAAAGTCAACCACACGAA,ACAAGTTTTACAGTT,0.0035413679564983546,0.0,184,182,105,99,80
TAAGCAATCCCATATACATCGCCAGAAG,GAACTCAGGTTCCAT,-0.021900903201398744,0.0,280,189,80,57,44
CCGGCATAGACATGTACAAGCGCATAAC,AGTGTATGATAATAT,-0.018605665204160626,0.0,251,190,107,56,45
TCACCAGAGTCATTATCACTGGCAGTAG,GTGTGATTACTAAAT,-0.014373275881800682,0.0,259,163,89,80,55
GAGGCAACGACAGGCTCATTGACACGGA,AGAAGACGACGATGA,0.003267856502168787,0.0,193,182,85,100,83
CGGACAGAGACAGGTCCATCTTCACAAT,AAAAGAAAAATGTAT,-0.0020219068901965453,8.235496847259583,204,192,86,89,71
GGCGCACGTCCATGAGCAAAAGCAACTC,GGTTGCCCAGAAGTA,0.013722400644233867,0.0,150,199,95,98,98
CAGACAGCACCACCCTCATGGGCACCCT,GAGAATGAAGGACAG,-0.052409796339913495,0.0,345,180,50,39,16
ACCGCAACAACATTCCCAACCGCAGGGC,CTCGCTAATACTCCT,0.014310113030534357,8.166408667626456,151,179,74,112,101
GTAGCAGTTACAGCTGCAACCTCAGTAC,TTAGTCTTTCCATCA,-0.0014496674198744668,0.0,205,151,75,106,73
AGGGCACGCTCAGATTCACTGACATTAG,ACCACCGGTCCTGCC,-0.01344275806963535,0.0,245,142,88,78,54
GAAACATTGGCACCGGCATAGGCACGCT,AAAAGAAAAATGTAT,0.013042412354807277,0.0,162,162,75,104,103
GGTACATAAACACGCCCACATACAGAGT,GTTCAGCTTTGATCG,-0.041291150267493616,0.0,348,162,46,42,6
GCGTCAGTTTCAGTGACATATACATAGG,TATGCCCTTCTTCTG,0.014084201459447245,0.0,175,151,58,100,116
GATTCATTGTCAAGGGCAAGCACAGTAC,TCAAAGCATGAAAAA,-0.022167335563248458,0.0,283,142,63,59,44
CGGGCACCAACAATAACAAAATCACGCC,GTTGGGCGCTTAAAG,-0.0008525052702532902,0.0,170,178,86,88,62
AACGCACGATCAAGCACATGATCAAAGC,TCAAAGCATGAAAAA,-0.030745090591339033,0.0,281,173,55,36,31
TGAGCAGTAACAATACCATTGACATAGC,CATTGTCGGACGCTT,-0.012736820117444748,0.0,247,165,57,51,56
TAGGCACTATCAGTAACAAAAACAAAAG,TATATTGAACTTTAC,-0.009499545540256803,6.3158573373862055,186,203,84,53,48
CCGACAGGAGCAGGTACAACCACACAGT,TCAAAGCATGAAAAA,-0.016948339017487712,0.0,261,159,56,40,50
AGGGCAGGGTCAGGAGCAAATGCAAATA,AATGATACCATTTTT,-0.009159047872375026,0.0,237,156,52,58,62
CATACATTGACACAATCAGCGGCATCCC,CTCGCTAATACTCCT,0.009579983873625885,0.0,168,134,79,90,93
AGCGCACGAACATAGGCACACTCACAAA,TAACCTCGCGCTGAG,-0.0046867568477641855,0.0,179,172,75,77,56
CGTTCACAGTCACGGTCAATGACAAGCA,CTTTCTTGTGTATTT,-0.0773440161426429,0.9724732003752479,391,120,21,16,9
TCATCAAGGCCAAGGACATCGACAACAT,GAACTCAGGTTCCAT,-0.02181617331423076,0.0,241,165,72,39,38
ACGCCAAGTGCACCCGCAGAATCAAACT,AGAACATCATCTACA,-0.010625862138780385,0.0,227,154,68,48,56
GGTCCATGCGCATCTGCAAGTTCATGGG,GTTTGTTTTGGGAAA,-0.06721112490552372,0.0,354,149,36,7,3
ATGGCATTATCAAAACCATGCTCAGGGT,CCAGGATGTACCGCC,-0.013237838889530871,0.0,207,171,77,46,46
CTAGCATTACCATGAGCACGATCAACCC,TCATAGGTATCTCGC,-0.02528379106184935,0.0,255,156,58,38,35
AAGACAACGCCATGTCCATACACATGCC,TCTTGGAGGTGAATG,0.026908663387624543,0.0,112,126,66,113,124
GACACACAGGCAAACTCACATCCAAAAG,CGAACAGAAACACAA,-0.04989626560936655,0.0,312,147,38,27,16
GTGGCATGCACAACGGCACTAACACTCT,AAAAGAAAAATGTAT,0.020687760580963555,0.0,117,132,71,114,101
ATATCAGCGACAACCGCAGTGCCACATG,GTTTAGCTTCCGTTG,-0.025799273241917726,2.383925879704748,238,149,43,66,32
TCTACAGATGCATCAGCACTGTCATATG,CCAACACAGGCTTCG,0.018697941483240686,0.0,143,117,61,85,114
CACACACAACCACCAGCATCGACATCTT,TTAGTCTTTCCATCA,2.004388516012659e-05,0.0,188,138,61,56,71
GCCCCACCATCATGCACAAATGCAGAGG,GTTCAGCTTTGATCG,-0.034938682861190416,0.0,268,145,47,26,25
AGCGCAAGTGCACGAACAAGGACAACGG,CTTGATCAATCAAAA,-0.017091605885212365,0.0,189,164,67,49,36
TGAACAGCCTCAGATACAGAATCATCGA,ACAACCTACCTGCTA,-0.010013930483168166,4.682714396429446,178,129,78,67,45
ATTGCAGGTCCACCTACAAACACAAAGC,TAGACGGACATCTTC,0.02218881160513524,0.0,132,93,78,73,121
CGCACACAGACACGGACACTCACATGAT,ATAGAGCGGCGTTGA,-0.020666859299689012,1.3221148641126206,212,134,67,47,35
GTGGCAAGATCATTACCATCCGCAGTTT,GTTGGGCGCTTAAAG,0.004746236677740079,0.0,160,130,57,69,73
TGATCATGCACAGTGGCACGGCCACTCT,TCAAAGCATGAAAAA,-0.02362572498857254,0.0,225,146,37,45,33
GTTTCACGCCCAGAGCCACATACATATG,TCAAAGCATGAAAAA,-0.023818528000731035,0.0,213,139,69,31,31
GGGACAGAACCAATGACAATATCATCAG,AAAAGCGACATTTCT,-0.015003278069879708,0.0,198,138,53,53,41
TGATCACAGGCATGATCATGGACAGGAC,CCAACACAGGCTTCG,0.013773735364529928,0.0,139,113,71,68,91
ACGACACTGACATCCGCAGGGACAAAGC,AGTGTATGATAATAT,-0.011906726026560576,0.0,192,132,68,41,45
TGTGCAGGTTCACCTGCACGATCAGCAC,GTTTAGCTTCCGTTG,-0.026192982166121204,4.876118699055496,204,147,70,27,27
GAGACAAGGACAAAGTCAGTGGCACCTC,AGAAGACGACGATGA,0.001624052436792001,0.0,149,151,63,52,60
TCGGCAGTCGCACAAGCAAATACAGTCG,TATATTGAACTTTAC,0.023393100196969385,43.80570908305572,105,90,41,138,101
CCGACAGAGTCATCAACACAGCCATCTC,CTCTTGAGAATACTT,-0.05393950719622074,0.0,298,126,21,14,13
CAACCAACTGCAAGGACATGTGCAGTTC,CTTGATCAATCAAAA,-0.002172722513090351,4.634386084373546,185,105,59,59,64
GTGTCAGTGGCAACCACACATTCACGGG,TATATTGAACTTTAC,0.004652662020769216,0.0,143,113,58,82,65
AGGTCAGAGTCACCCTCAGGGCCAAAAG,CGATGATGATGATGA,-0.014880220371165764,14.411731347976911,173,159,56,35,36
GATGCAAGCACAATGTCACTCACAACCG,CTTGCAAGTGTAATT,-0.007097428710374155,16.55097147993115,176,117,41,71,50
GTCACAGTACCATTAACAGGGACAAGAG,TTTATAAATCAATAG,0.0160801676310149,0.0,117,123,62,68,84
GAACCAGCGGCACAATCATTATCAGAAC,GTGTGATTACTAAAT,-0.007626159433412937,0.0,151,131,59,66,42
TAGGCATCGACATAATCATACGCAAATA,AAAAGAAAAATGTAT,-0.014482605502106272,20.78763728062745,175,120,64,49,37
GAAGCAGTGCCATAATCAAAAACAGTGA,TATGCCCTTCTTCTG,0.006628903494082827,0.0,124,135,64,53,61
GGGCCACCGCACACACACCGGCAATTA,GTACAAGAAATTTTG,0.017845939468294648,0.0,122,93,40,81,94
TGCGCATTAGCAAACTCATTCCCAACAG,TCAAAGCATGAAAAA,-0.028784942902992255,0.0,176,141,36,50,21
TTCGCACGTGCAATAGCAGGCTCACAAC,AATGATACCATTTTT,-0.022890892521156697,0.0,192,123,50,30,29
CGGGCATCTGCAATTACACAGACAGTTC,GAGTGCTTCAAAGTT,-0.0029269944539244363,0.0,143,124,54,52,48
ATGCCAAAACCATAGGCAGCCGCATAGT,CTTGATCAATCAAAA,-0.013237838889530895,0.0,198,110,42,25,44
GTGACAGCAACAACGACATGAGCAATGG,TCAAAGCATGAAAAA,-0.023898045938366065,0.0,193,122,41,31,28
GGAACAAATACAGCCGCAAGCGCACATT,CTCGCTAATACTCCT,-0.009499545540256803,3.9948225568159614,155,107,59,50,40
GTAACACAAACAGCTCCAAAATCAGAGG,CCAGGATGTACCGCC,-0.015125527702234522,6.9134747537025305,165,120,57,31,34
ACACCAAGGTCAGTTACATAGTCACGGA,ACCACCGGTCCTGCC,-0.03280264491232769,5.506936775117538,187,110,43,47,19
ACCACAATTGCAAGCACAGCAGCAACCA,TATGCCCTTCTTCTG,0.017886378529682848,0.0,92,107,63,73,71
GCCTCATTATCAGTAGCAGGTTCAAAAC,AAAACATTATCAAAG,-0.040774269909539404,5.453289511885032,176,132,51,29,13
CGGTCACGTGCAGTGGCAAATTCAAGAG,CCAAGACCGTGTAAA,-0.011479926429094412,0.0,151,108,63,33,36
CAAGCAATACCAATTACAGGGGCACCTC,CCGTTAGTATCGCTA,-0.08701133988572057,0.0,263,97,18,6,0
GCATCACAATCAAATACAAAGCCAAGGC,TCAAAACGGAGTGTT,-0.016552165869098644,13.42620758954854,149,129,46,28,29
CGGACACTGTCAGCGGCACTGCCAACTC,TCAAAGCATGAAAAA,-0.01867715154614973,0.0,179,107,36,26,32
TCACCACAATCAACGGCAGCTGCACATT,CTTGATCAATCAAAA,-0.011764275498694632,0.0,140,95,50,52,33
GTGCCATTGCCAACACCAACCTCATTCG,ACCACCGGTCCTGCC,-0.005859912616048414,0.0,134,92,47,55,40
CACGCAAACGCATTTGCAACTTCAGCTC,TCAAAACGGAGTGTT,-0.006045787078236375,0.0,135,98,57,38,40
CCCCCAAGTTCAGAGGCAGTTTCACGCC,TTTAACTCACCGTAA,-0.018525856676686294,0.0,139,130,44,28,25
CACCCATACGCAGCCCCAAGTACATAGA,CTTGCAAGTGTAATT,-0.032668596333793064,0.0,186,101,41,18,19
CTACCACATGCAATATCAAGGGCAGTTA,TTTTGCATTTAGGCG,-0.003963365588606015,0.0,118,91,56,57,38
AGGCCAATACCACCCACACTAGCATAGT,TGATCATCACGGGAC,0.011593455435726208,0.0,90,95,45,60,54
TTGTCAGCTCCATGGTCACATACACACT,TTAATTAGAGGTATG,-0.04423011106273127,0.2538975773946959,171,92,40,30,11
TTGACACGACCAAAACCAATACCAACCC,GTTGAACTGGTTGTT,-0.036849379110552145,0.0,162,96,43,27,14
ACAACAATATCAAGGGCATTAGCAGGAT,AGATTCATCCCATGG,-0.0874278511924177,0.0,221,87,15,9,6
TAGGCATTTGCAGTGTCACACTCAGGAG,ATGGCGATGGTCTTG,-0.015871851780976543,0.0,135,95,31,48,27
GTGGCATGATCAGGCCCATGAGCAGAGC,ACAGTTGACGGACAG,-0.009766927768175514,5.225772701801134,141,78,38,42,36
GGGGCAAGAACATAACCAGTGACAGTCC,ACCACCGGTCCTGCC,-0.015172505479916373,0.0,141,80,46,35,29
GCGACAACGGCAACATCATCCTCAGAGG,TCGAAAGCACAGTAG,-0.06964915708676621,0.0,194,88,30,10,4
GGGGCAATGTCATATCCACTCTCACACA,TTAATTAGAGGTATG,-0.0209675458313495,0.0,141,89,33,38,23
CTCCCATAACCAGGATCAGTGACAAAAG,GAGAATGAAGGACAG,-0.04705347408337551,0.0,188,90,26,6,12
ACACCATTTGCAAGTGCAAGTTCATGCG,TTTAACTCACCGTAA,-0.01396781775683742,0.0,139,81,33,36,30
ACTCCATGGCCACGAGCACCTTCACCTA,TATGCCCTTCTTCTG,0.008812814557970583,0.0,95,83,49,41,51
TTGACATCTTCACCCATAGGCAAGCC,CTAAGCAGTCTTCTC,-0.028876686125216322,0.0,143,85,41,28,17
AAGCCAAGCACAGGGTCATGCACAGAAG,CTTTCTTGTGTATTT,-0.09744081406644879,0.0,234,52,13,6,5
TAACCAAATGCAGCGGCAATCTCAATAT,CTACTTACAACGGAA,0.0004763099041900521,0.0,104,94,42,30,40
CAAGCACCGACACCTGCACTTCCAAAAC,CTTGATCAATCAAAA,-0.01958235190893338,0.0,116,105,48,20,20
GACACAGTAGCAATGTCATATACAATCG,AATGATACCATTTTT,-0.0054634822723498505,1.9392827978231253,122,84,30,36,37
GACTCACACCCACGGACAACGCCATACA,TCTTGGAGGTGAATG,-0.10632487292832137,193.62039641610704,215,76,10,5,1
CCGTCAAACTCAGGTCCATTATCAATCG,TTTTGCATTTAGGCG,-0.09226876515987215,129.16729360344902,221,72,7,7,0
GGCCCAAGTCCATGCTCAGTAGCAATGT,TCAAAGCATGAAAAA,-0.03152817542422444,0.0,159,87,16,28,17
ATCGCAACTACACTCCCATAAACAGGCG,TGATCATCACGGGAC,0.007573071646401419,0.0,92,70,40,46,47
CTTCCATGCACACAGCCATGCGCACCCG,CTTGCAAGTGTAATT,-0.0036012278544935265,22.728199158779944,101,68,32,60,33
GGGCCAGTGTCACGTGCAGCTCCAGTCA,TATATTGAACTTTAC,0.005872416125004998,0.0,88,69,43,52,42
AAAGCAGTATCAGTCGCACTGTCACTTG,CTAAGCAGTCTTCTC,-0.024906096487050066,0.0,122,80,39,33,17
TAAGCAAAATCAATAGCACCCACAGGAG,TCAAAGCATGAAAAA,-0.025743926750417236,0.0,141,85,24,22,19
GTTACAGTCACAAACGCATCCGCAAAAA,CTAAGCAGTCTTCTC,-0.03099025736137386,0.0,119,98,30,23,13
TGACCAGTTGCACGGGCACTACCACAAA,GCTGCGGAGCCTCAG,-0.06089643863930914,0.0,182,66,21,6,6
GGCCCACCTACACGACCACGGTCACTAT,GAGAATGAAGGACAG,-0.03183032538260029,0.8078716766200387,142,81,24,13,15
CTCACAACAACATAACCACATTCAGAAC,GTTGGGCGCTTAAAG,-0.026245448082544233,7.919693393684611,106,85,40,30,14
GACTCATCTTCAGCAACAGTTACACGGT,ACAACCTACCTGCTA,0.00023707362878628777,0.0,105,66,26,37,40
AAATCACCCTCAGCGACAGTTCCACATT,AAAAGCGACATTTCT,-0.015871851780976564,0.0,100,82,38,34,20
CCATCATGTACAGAGCCACACGCATTGC,CGCGATCAATCCTCT,-0.07789749863209819,0.0,207,46,17,3,0
GTACCAGAGACATTGACACTTTCACCAA,GTTTAGCTTCCGTTG,-0.015211020354272643,0.0,112,84,28,24,23
CCAACATGGTCATCTTCAAAGTCAAATG,ACAGTTGACGGACAG,0.007366547184627837,0.0,75,77,37,41,38
GTGGCAGAGACAGTTCCAGTCACAAGTA,TATATTGAACTTTAC,0.01791836829732345,7.886256644942023,66,69,34,48,51
AACACACGAACACAATCATCAACACCAT,TCATAGGTATCTCGC,-0.01976318452377137,0.0,111,68,25,42,19
ACTCCAAACACAGTAGCATGACCAGTGT,ATAGAGCGGCGTTGA,-0.010293262998121278,0.0,112,57,27,36,28
TGTTCAGAGTCAACAGCAGTAGCAGGTA,GAGAATGAAGGACAG,-0.05971432843718862,0.48901312257817153,144,72,26,10,5
TGCACAAGGTCACCGGCATCCTCATGTG,ATCGTTGGCATTTGG,-0.03140693367350415,7.316895587549311,121,78,21,24,13
GTCGCACCGGCATACCCATCGACAGGGT,CTCGCTAATACTCCT,0.015364027679090796,5.9914662398177825,86,41,19,45,60
CTACCAATATCAGTGCCATGTACAAGTC,AAAAGAAAAATGTAT,0.0016088038849316312,0.0,82,60,43,33,33
CTATCAGATTCATCTGCAGGGGCACCAC,CTTTCTTGTGTATTT,-0.0899642273679006,0.0,186,41,12,8,1
GCAGCAGCTCCAATCTCAATGGCATTCA,ATTATCATCGCCATC,-0.08083110173404684,0.0,167,61,7,7,4
CCCCCATTGTCAAAGTCAGTTTCAAAGT,GTACAAGAAATTTTG,-0.016806540082767055,20.57568139566638,109,71,22,23,21
GGAACACCATCAGTAGCACTAGCATCCT,TCAAAGCATGAAAAA,-0.013597557325833363,2.847571408604381,105,57,22,37,23
ACCGCAGGGCCAGATGCAGTGACACATA,GCTAATTTCAAGAAT,-0.03201376261108637,0.0,138,55,13,22,8
GGTCCACGTACAGTCTCATTGCCACCAG,TATATTGAACTTTAC,0.018290441564616233,4.818686501023194,51,78,23,42,40
TGCTCACAAACAGAAGCAACACCAACTC,ACCACCGGTCCTGCC,-0.023768175516438457,1.781414190948908,96,72,31,20,14
GAATCATGCACAGCGGCAGCCTCAGGTA,GAACTCAGGTTCCAT,-0.016764803846028516,0.0,114,55,19,18,22
TGACCACCCGCATCAACATCGACAGCGG,GGTTGCCCAGAAGTA,0.027251918207922096,10.461745131262205,49,44,34,45,55
CCCGCATGAACATACACAGCGACAATTG,GCTGCGGAGCCTCAG,-0.04214226033433246,5.381689926879915,119,67,22,14,5
GGACCCAGGGACACGTCCAGCTTCAACTC,TCAAATGATGAGGAT,-0.0007739506101764665,0.0,82,50,26,36,30
CCTGCATGGCCACATCCAAACACAGATA,ATTATCATCGCCATC,-0.06051033633461367,0.0,129,63,15,7,8
ATCGCAGGTACACTAACAGCCGCAGGAT,GAGAATGAAGGACAG,-0.03079693478115262,3.6520075546544604,109,61,18,22,12
TGATCAGGTGCATCGTCACTAGCACGAG,AGTGTATGATAATAT,-0.00679921443874234,0.0,80,76,17,24,23
TATCCATAATCATACGCACTGCCAAAAA,GTTTAGCTTCCGTTG,-0.02730747295694844,0.25598165122232786,79,76,34,21,10
ACGCCAGGTCCAAAGCCATAAACACTAG,TGATCATCACGGGAC,0.01336531392539262,0.0,59,64,28,30,38
GGGTCAACCACAGGATCAGGATCAACAT,CTACTTACAACGGAA,-0.03169793319323255,0.0,113,54,17,16,12
GCTACATGGACAAGATCAGGAACACATC,TCGATAGAATTTACT,0.0021815161548534006,0.0,68,52,18,43,28
AAGACAATTCCAAAAGCAGTTGCAGACA,GTTCAGCTTTGATCG,-0.03473949443934174,0.0,113,60,22,9,3
TATCCAAACGCATCGTCAGCTGCAGATT,ATTATCAAGTGCCAG,-0.010942650158202815,0.0,78,62,14,34,19
CCACCAGGCGCAAGCTCAGGGTCACTAA,AGAAGACGACGATGA,-0.006784329055748262,6.128442001249368,73,66,33,13,21
CGGACATCCACATGTACATGTGCAAATA,CTATGCATTTACTCA,-0.016453273335083243,0.0,87,49,22,25,17
AGTTCAAGTACATGCTCACCTTCACGTC,TCATAGGTATCTCGC,-0.01857719139698235,0.0,78,55,20,29,14
ACCTCATAGACAAACACAGAACCATCAC,TATATTGAACTTTAC,0.008821890615430995,0.0,54,47,30,32,29
TTATCAGAGTCAACCTCATGCACACAGT,TCAAAGCATGAAAAA,-0.0254466580873792,0.0,88,62,16,13,12
GAGGCATATACATCATCACTCCCAAGAG,ATAATTTTCATCCAC,-0.014851301917970149,0.0,72,42,26,35,15
GATTCACCCACAGTTTCAGCACCACTGA,ATCGTTGGCATTTGG,-0.08521753087758785,0.03231894823466064,123,43,7,9,6
TCGGCAAACACAAGTACAAAATCAGCTT,CTACTTACAACGGAA,-0.05689430325563232,0.0,104,65,13,3,2
GGAACATGTGCAGGACCAATCACAGCAG,CTTGATGGCTGAAAG,-0.037453349351333425,0.0827650423548505,96,43,28,13,7
TCGTCACGTACATACCCATGGGCACGAT,ATCGTTGGCATTTGG,-0.06676603823754712,0.0,128,34,8,12,4
AGGTCAAGGTCAGGGTCAATTCCACGGT,ATTATCAAGTGCCAG,-0.0027362412012979626,0.0,68,46,23,25,23
CATCCAGTGCCAAGAGCAACCTCACAGC,CTAAGCAGTCTTCTC,-0.058786430766779314,14.248245290261934,112,51,8,8,4
TGCGCACGCACAATTGCATGGACAAACT,GTTTAGCTTCCGTTG,-0.011062554464790143,0.0,66,48,22,31,16
GCTCCAGATACACGATCAAGGTCAAGCT,GTTTAGCTTCCGTTG,-0.021680151215191953,0.0,82,49,16,18,13
GGTACACAAACAGATCCAACTGCAGGCT,CTTGATCAATCAAAA,-0.014945819988967799,0.0,53,63,22,28,11
GGATCAATCCCACCTCCAGGGTCATCGG,CTCGCTAATACTCCT,0.032173463155929796,12.356251507862453,30,44,34,28,41
TAACCAGTTGCATGCTCATATACATAGC,GCTAATTTCAAGAAT,-0.044048782566380916,0.4186665065248576,99,45,16,9,6
TTGCCACTTTCAAACGCACGAGCAGCGT,GTAATCTGACTCTAG,-0.10928694538420655,38.012446182868416,131,36,6,1,0
GAAGCACTAGCATCACCAAGGACAAACA,GTTTAGCTTCCGTTG,-0.012294330689959734,0.0,78,32,32,11,18
GACCCACAAACATGCTCATCTCCAGCAC,ATTATCAAGTGCCAG,-0.01159790682738555,0.0,59,55,17,25,14
CACGCAGTTCCAGAGGCATCGACACGTG,ATAATTTTCATCCAC,-0.041963528896286274,12.76883413117838,93,46,14,11,5
AACGCACCAGCACCTACATTTGCATCGG,TTAATTAGAGGTATG,-0.001538202262293422,11.744616008401408,62,42,12,30,22
CCGTCAATCTCACCGTCACCCCCAATCG,AAAAGAAAAATGTAT,0.014912442681874728,0.0,54,23,28,25,37
GTCACATCATCACCCGCAGTGCCACGCT,TCAAATGATGAGGAT,0.0022381413206246977,0.0,63,38,15,24,26
CCGGCACTGTCATGTCCAAAGACAAGTA,TCATAGGTATCTCGC,-0.021188638353586642,0.0,68,48,25,15,7
GAGCCACGGGCATCACCAATACCATAGA,CTCGCTAATACTCCT,2.7867387023339588e-05,0.0,45,49,24,26,17
GCAGCAAAGTCACGGGCACCCTCAACTA,CATTTATGGCTATCT,0.013960086099253142,6.4741653080239985,47,30,26,26,31
TTGTCAAGTACACCGGCATAAGCAATGG,TCATAGGTATCTCGC,-0.008568441210947486,0.0,56,49,15,23,15
AAAGCATGCACAATGTCATGGTCAACCA,GCTGCGGAGCCTCAG,-0.059116891384174,0.0,92,48,11,1,4
TTCCCAATTACATCATCAATGGCAACGC,CGATGATGATGATGA,-0.011785650830085486,4.796020405418517,59,56,15,7,17
AGGGCAGTCACACTGTCAAGAGCAGGGC,CAAGTTCGGCGAAAT,-0.12139186872850712,0.0,115,28,9,1,0
ATGGCAATTGCATAACCACCAACAACTG,TCATAGGTATCTCGC,-0.01602143481679706,0.0,66,44,21,17,5
GGGTCAAGCACATTAACATGCGCACACT,ATCGTTGGCATTTGG,-0.05292744682866738,0.03454831008443193,98,32,8,13,0
TACACAGTAACACTAGCAACCGCAAGCA,ACAGTTGACGGACAG,-0.013309012418112316,8.918363171508531,68,41,15,19,7
GAAACAACTCCAGAACCATACTCACTTG,ACAGTTGACGGACAG,0.010529465075256294,0.0,40,29,18,38,23
AAGGCAAGTACATACCCACTTGCAAACA,TAACCTCGCGCTGAG,-0.005881852064582405,0.0,57,48,12,14,17
GTGACAGCCGCAAAGTCAGCTACAACAT,TAATATTGTTTTGCG,-0.1436381477633539,0.0,118,23,4,0,0
TTAACAAGTTCATCTCCACACCCAGGCT,CAAGGATCCCCGTAG,-0.022236944227635093,0.0,68,51,17,6,3
TTGTCACACACAGAAACATAAGCAAAAT,CTCGCTAATACTCCT,-0.004616826732237622,0.0,51,41,20,17,16
CATTCAGGAACAAATGCAGACGCATCCA,TATATTGAACTTTAC,-0.029971799914845915,8.012147845840673,59,46,23,10,6
GTCACAGGACCATCTGCAGGACCAAACC,GTTGGGCGCTTAAAG,0.0036971317002642452,0.0,48,33,21,19,21
GTAACACATTCACGTACATCGCCAGCAC,ATAGTCGATTAAGAT,-0.07923831091442972,0.0,97,36,4,1,4
TCCCCAGAGGCAGAGCCATCACCATCAT,AGATTCATCCCATGG,-0.05745928101832895,0.16208155028465399,89,31,11,7,1
TGGACAGCCGCATCTCCACGTGCAAGAA,CTCGCTAATACTCCT,-0.010293262998121323,1.0696663462323386,48,40,21,18,12
CCGACAGTTGCACGTCCAAATACAAACA,CTTGATGGCTGAAAG,-0.020694802160748597,0.28313418449181427,67,34,19,15,3
ACGCCAAAAACAGCGCCAGGGGCAGAAT,TATGCCCTTCTTCTG,0.017457761614172028,0.0,29,45,16,25,22
GACACAATGACATAAGCATAAGCACGAT,AGATTCATCCCATGG,-0.07820203221087504,0.0,88,33,6,6,3
TACTCAAAACCAGGCGCAGACACATTAA,TTAATTAGAGGTATG,-0.005944868116547967,2.2899730436547543,50,41,26,9,10
AATGCAATTACAGACACAGGTTCAGAGA,ACAAGTTTTACAGTT,0.004921481815175733,0.0,37,39,21,21,17
CGACCAGCGGCATGGCCAGGCCCAAGAA,AGAACATCATCTACA,-0.011964870317546413,0.0,55,39,16,16,8
GAATCAGAGGCATTTGCAGAACCAAAAC,GTTTAGCTTCCGTTG,-0.023843014009986858,0.0,54,39,21,11,9
TGGCCACCCCCATAGCCATTAGCATCTG,GTTCAGCTTTGATCG,-0.0444327829082308,0.0,78,41,9,3,2
TCGTCACCTCCAGGTTCAGTTCCAAGAG,TTAATTAGAGGTATG,-0.014419640708100333,0.0,65,38,19,8,3
GTGACAGTCTCAAAAGCAAGCCCAGCAA,CAAGTTCGGCGAAAT,-0.0974704665938252,0.0,97,30,3,2,0
TTATCAGAGGCAGAATCAGGAGCATGGG,GCTAATTTCAAGAAT,-0.007012484689226972,0.0014546703588962373,59,43,20,4,3
CGGACACCAACACGTACAAAAACAACGC,GCTGCGGAGCCTCAG,-0.1059231094693235,4.772738257682363,95,27,4,1,0
TTCTCAGCACCATCCACAGGGGCAGCGC,CTTGATGGCTGAAAG,-0.008887314154880421,0.0,60,45,5,6,6
TGCACAACAGCAGATCCACCACCAACCA,ACAACCTACCTGCTA,-0.003463525943866296,0.0,42,20,7,25,23
GAACCAATATCAAAATCAAGTACAGTGA,GTGTGATTACTAAAT,-0.005102278878665189,0.0,39,34,15,17,12
AGTTCAGGAGCAGTTACACTGACACGTA,GCTGCGGAGCCTCAG,-0.06979372048982081,0.0,76,31,7,2,0
TTGGCAGCCGCATGACCACTAGCATAAA,GTTTAGCTTCCGTTG,-0.021554272732605805,0.0,55,26,13,12,9
GCCACACGTGCACGTACACTAGCAATGC,TTAATTAGAGGTATG,-0.023843014009986858,0.0,54,27,20,11,2
CACACAGGAGCAGGTGCACAGGCAAGGG,GCTAATTTCAAGAAT,-0.010710761297043426,0.023741755350442872,54,33,17,7,2
AGTACAGGTACAGCGACACAGGCAACCG,GTAATCTGACTCTAG,-0.011176397287616748,1.4927742902136174,47,32,11,14,8
GGGGCAGACTCATGGACACATGCAAAAG,ATTATCAAGTGCCAG,-0.009660317798514062,0.0,39,36,16,11,10
TGTACAGAGTCACACACATGGTCAGCGG,GCTAATTTCAAGAAT,-0.01994231355496519,0.0,57,29,6,10,10
ATTACAGTCTCAAAATCAAGCGCACTGG,CTTGATCAATCAAAA,-0.017765628783521753,0.0,45,28,16,11,8
AGGTCAGCTACAACGACATCTACAGGGG,ATTATCATCGCCATC,-0.1009502275021557,0.0,77,23,5,1,1
GGCCCACGAACACCACCACAGACAAGTG,CGAATGCCATACAAA,0.05838850985826598,0.0,10,11,13,34,39
AAAACAATGACAACCACAATTGCAGCAC,TTAATTAGAGGTATG,-0.004956865434936341,0.8011044841161379,39,36,12,14,3
TGATCATAGCCACAGCCACTCTCAGTTT,CTGATTTGTGCTGTC,0.008154789077632748,0.0,28,38,19,9,10
ACGACAGATACATGCTCACGGACAACAC,GAACTCAGGTTCCAT,-0.02228582930023366,0.0,52,22,6,3,20
GCTGCAGGAGCACCGACATTCGCAAAGC,TATATTGAACTTTAC,0.04864910033547574,6.387358750991211,36,48,8,6,5
AAATCACGCTCAGCTTCAAGACCATCTG,CGCGATCAATCCTCT,-0.19412572325932953,0.0,85,10,5,0,1
GTCGCAAATCCAGTGTCACGTGCAGTCA,GCTAATTTCAAGAAT,-0.04371798358170195,0.12491807687160872,51,27,7,9,5
GCCGCATGACCAGAAGCAAGTTCACCGG,TTTTGCATTTAGGCG,0.0026958673976315243,0.0,38,32,9,8,9
AGATCATAAGCAGGACCACAACCAGTAA,CTTGATCAATCAAAA,-0.0030873316148297258,0.18806347558455627,30,33,11,9,9
TTGTCAACGCCACTTGCAACTTCAGAGG,CTTGATCAATCAAAA,-0.010014783672368422,0.0,37,30,6,11,8
AGGTCAATGGCACAAACAGATACAACAC,CTTGCAAGTGTAATT,-0.0014527831516681806,3.105259407405242,36,22,4,20,7
TGTGCAGATACATGGGCATCTACAACTC,GCTAATTTCAAGAAT,-0.027564904869214146,0.0,45,28,8,3,4
TAGTCATCTACAGATCCACACTCATGGT,ATTATCATCGCCATC,-0.14906716892046604,0.0,65,12,4,2,2
ACGGCACTTTCAAAGGCATAAACAATGC,CTAAGCAGTCTTCTC,-0.014355497017455908,0.18454409453636345,41,20,12,9,3
GAAACACAGGCAATTTCAGTTACACGGG,CTAAGCAGTCTTCTC,-0.0010235047539989199,0.05906158962829977,35,31,5,3,11
CAAACAATACGCAATAGCAAAAACATAAA,GCTGCTTATGAGGAT,0.00405849256880817,0.0,41,35,5,2,1
GCTTCATGAGCAGCGGCAGCGGCACACC,ATAGTCGATTAAGAT,-0.11557367319023353,0.0,62,16,1,4,1
CATGCAAATGCAACGGCAGAGTCAATTC,GCTGCTTATGAGGAT,0.017702091097209563,0.0,22,25,16,7,13
TTAGCAGCTTCATTGCCAGACTCACCGT,CAAGGATCCCCGTAG,0.005265372618328556,2.2284522943678553,30,28,13,7,4
GCCACACTAACACAAACAGATACAAACA,ATGGCGATGGTCTTG,0.010780923659212613,0.8071673084605777,31,21,15,6,9
ATAGCATTAGCAAATGCACAGGCAGATG,ATAATTTTCATCCAC,-0.011440774660879997,0.0,31,20,6,14,10
GTCGCAGAACCAACCGCACGCCCATTCT,GCTGCTTATGAGGAT,0.005608493547999823,0.0,29,17,9,11,15
GGCTCAAGGCCAAGGTCAAGGACACTTG,CAAGGATCCCCGTAG,-0.018338867154149497,0.0,37,24,10,4,3
CTAGCACTCCCATACTCAGCGGCATGAT,CAATCTTGAATTGAT,0.0226392742427022,0.0,15,15,19,13,14
GCGCCAAGGGCACTTTCATTAGCAAGAT,GTTAAATCAACAGTT,0.010197826671820587,3.4069993592171386,23,28,11,6,8
ACGCCATCAACAAGTCCATACACACTCT,ATCGTTGGCATTTGG,-0.10443845865762426,0.2837811497776386,52,15,5,3,0
GTGTCAAAGGCAGTTTCAGTGCCAGAGC,CTCGCTAATACTCCT,-0.05178687470671636,17.41314035088925,43,21,6,3,1
TTCCAACTTCAGGGGCACCGTCACCGG,ATAGTCGATTAAGAT,-0.0697279093653659,0.0,49,20,4,0,0
CATTCAGCTGCAGGAACAGGGACACAGT,TCATAGGTATCTCGC,0.001648737410902079,0.5068342439637945,30,25,5,6,5
ATAACAGGGACAATACCAGGGGCAGTAG,TCAAAACGGAGTGTT,0.02571577656163286,5.070804274694012,18,11,10,11,19
AGTGCAGTAGCAGATTCAGCGGCACCCG,CTTGATGGCTGAAAG,0.015958821774969323,1.916634281018304,26,25,3,4,9
AAATCAGTGTCAACTCCAACTTCAGACT,CTATGCATTTACTCA,-0.006127895769126546,0.0,25,16,9,11,6
AACCCACAACCACACTCATTCACAAGTA,ATCGTTGGCATTTGG,,0.12009707165722716,47,8,1,9,1
ATGCCAAACACAGCAACATCGTCAACAT,CCAACACAGGCTTCG,0.02410115735943743,1.2494406738392172,19,19,12,7,6
TGGCCACGCACAGCAACATTATCATGGT,TTAATTGCACTTATG,-0.0020145121664834733,0.0,31,7,5,9,11
CCTCCAGAGGCATCGTCAACGCCAATTG,GCTGCTTATGAGGAT,0.08097180132259485,1.5487955701894691,19,35,3,2,3
GTTCCAACCGCAACTCCATCGGCATGGG,ACAACCTACCTGCTA,0.019096984431588315,0.38850094108471467,21,16,12,6,7
ATGACACCACCACGTACAGGACCAACAA,TTAATTAGAGGTATG,-0.0551496663496918,4.390532534850507,36,17,7,0,0
TAAGCAACCCCACTTACAGTCACAAACC,CTTGATGGCTGAAAG,-0.0030873316148297275,0.0,30,13,11,3,3
TTCCCAACACCATGTTCAAGCACACCTC,ACAACCTACCTGCTA,0.02358973753575212,0.2424758197608412,15,16,9,13,7
GCAGCATCGACAAGCACAAGTTCAGGGT,TTAATTAGAGGTATG,-0.017588451853843525,0.0,32,22,4,1,0
GTCGCAATTACAAGCTCAGCCGCAACAG,TCGAAAGCACAGTAG,-0.07820203221087514,0.0,40,15,2,1,0
TCAACAGTACCACCAGCAAAAGCATCTC,ATCGTTGGCATTTGG,,0.010564952344850553,43,6,1,6,1
ACATCAAGATCAGGGACATGAGCAGATT,TATGCCCTTCTTCTG,0.01846300091985059,0.0,17,12,10,4,13
CTGACACGATCATGGTCACGTGCAACGC,CATCAATGAGGCAGT,,0.0,50,6,0,0,0
AGCTCAGAAACAGGGGCACGTGCATGAC,CATCAATGAGGCAGT,,0.0,51,4,0,0,0
ATGACAGCATCAGTTTCAAGGACATAGG,ATCGTTGGCATTTGG,-0.0819760650091597,0.14236825467114045,36,13,5,1,0
TCAGCAGTATCACAACCATATCCAAGAG,CTTGCAAGTGTAATT,-0.008887314154880421,2.3397893441455153,28,21,4,1,1
ATCACAGGCGCAAATGCATGTCCACAAA,TAATATTGTTTTGCG,-0.12362755943863472,0.0,42,10,1,2,0
AGCACAACGGCAGGCACAGGGACAAACG,CTAAGCAGTCTTCTC,-0.020665617720518982,0.0,21,14,6,7,7
TACGCAAAACCAGTAGCACAAACAGTCA,ATAGTCGATTAAGAT,-0.10298564860133315,0.0,41,12,1,0,0
GAGCCAGGGCCATCTCCAGCGTCACCAC,TCAAAGCATGAAAAA,-0.02866988848787262,0.0,26,16,4,2,4
ATGCCATTCTCATGGGCACCTACATAAA,GTTGGGCGCTTAAAG,0.034541240509484976,1.8618874200303708,19,22,2,5,4
ACGACATATGCACCTTCAAACCCACGGG,ACAACCTACCTGCTA,-0.03608068570324469,1.5522549134784072,21,12,8,7,3
GTACCAATAACATCGGCAACTGCAAATC,TTTTGCATTTAGGCG,0.043519770896720725,1.0883440478035595,15,19,8,7,1
GGATCACTCTCATCTTCACGGTCAGGGT,ATCGTTGGCATTTGG,0.014985079519739687,3.910375335319216,19,16,10,5,0
GGGCCATTCCCATGGGCAGTCACAGGGC,TCAAATGATGAGGAT,,4.8344129687897635,29,9,2,7,3
GTGACATATACAAATGCAGTCGCAGTTG,AGTTTATAAAAAATT,0.02501022252905258,0.0,19,20,3,6,1
TAATCATTAGCACACTCAAATCCAAGAC,CAAGGATCCCCGTAG,-0.03120166928630148,0.1701425948130577,25,15,2,2,5
CTGGCAGTTACAGGGGCACTGTCACAAG,CGTCAAGACCTTCTA,0.03994796263651264,0.0,18,22,3,5,1
GGCTCAAATGCATCGGCACCTGCACATG,CCAGGATGTACCGCC,0.036702947432342065,13.171556848540718,8,9,2,13,17
CCAGCACCGCCATTTCCAGTCGCAGTAT,CTCGCTAATACTCCT,0.04314582277974013,0.8159104084348883,13,9,12,7,8
GCGACACTGTCAACAGCAAATACATAGT,ATGGCGATGGTCTTG,0.019880893090297568,0.09035309711640593,19,19,3,4,3
GTGACACTTGCATGTGCAAGCCCAGTAA,CTAGTTGTATAGCCA,,0.0,42,4,2,0,0
AAACCAGACACAGATTCACGGGCACATA,CTTGATCAATCAAAA,0.03658630155661431,3.7616768737444772,11,13,7,9,7
GGGCCACACACACTAACATAGGCAAACG,ATTAATACTTTGCAG,,0.0,39,7,0,1,0
TCTGCATAGGCAAAATCAGCGACAGCTA,GTTTGTTTTGGGAAA,-0.08998033577651333,0.0,30,10,1,3,2
GCATCAAAGCCAACGCCATAGGCATACT,TCAACAACCTATGCA,-0.0008830433875267829,2.122867413528809,16,13,6,6,3
TCCTCGGACCAAGACCAGAATCAAGAG,CGTCAAGACCTTCTA,0.08454360958280294,0.3734730707503857,11,21,6,4,1
CGATCAGGAACAAGAACAGGGGCAAGCC,AGATTCATCCCATGG,,2.7527772639161867,37,2,4,0,0
TCGGCAGTAGCAATGCCAACGACACAAA,GTTTAGCTTCCGTTG,-0.005250549737793086,0.0,18,14,5,2,3
TAAGCAGTTCCATCTCCACACAAAAA,AGTGTTAATCAGACC,-0.08044931779608096,0.0,30,11,0,0,0
ATGGCACGACCACGGGCAAAAACAGATG,GGTTGCCCAGAAGTA,0.004465825107571853,0.0,14,12,6,5,4
GTCACATGTGCAGGGACACGCGCAGGGT,ACCACCGGTCCTGCC,0.005570808726230325,0.0004214645752540491,15,13,5,4,4
AAACCACTGACATTCCCATCGGCAGATC,GAACTCAGGTTCCAT,,0.04974207518611706,22,8,4,3,4
TTGGCACTACCAAAGTCAACAACAGGGA,GTAATCTGACTCTAG,-0.07355003064738579,7.953636922449391,28,11,1,0,0
CAAACAGCTACATAGACAATTACAAGTG,CTTTCTTGTGTATTT,,0.5690451938083356,32,6,2,0,0
TCGACAATAGCACTCCATACCCATCAA,GAACTCAGGTTCCAT,-0.04478182340220779,0.0,21,11,4,1,2
TCCACAGTGGCATAGGCATTCCCACCCG,TCAAAGCATGAAAAA,-0.03318193201591946,0.0,17,10,4,8,0
CGGCCATAGCCACCAACACGAGCATAAA,AGTGTTAATCAGACC,-0.054312841382640184,0.0,21,10,7,0,0
GTTCCAAACGCACATACATCGGCACAAC,ACAGTTGACGGACAG,,0.0,9,10,3,9,7
TTTACAATCCCAATCTCAGTCCCAAGGC,CATTTATGGCTATCT,,0.0,33,2,1,1,0
TCCACAGGCCCAGCGACATCGTCAACAT,CGTCAAGACCTTCTA,0.012981605941602402,0.0,15,14,4,1,1
GAGACACTAACAAACACAAAAGCACACA,CCAACACAGGCTTCG,0.011179755391334466,0.0,12,11,3,7,2
CATGCAAGGCCAACAGCATACCCACATC,CTTGATGGCTGAAAG,,0.0,21,8,5,0,0
GGGACACTGACAAGCCCATAGACAGTTT,CATCAATGAGGCAGT,,0.0,31,2,0,0,0
GGAACATGCGCACAAGCATTGTCAAACG,CTTGATCAATCAAAA,,0.0,12,8,5,5,2
CTAGCACGCGCAGGAGCAATTTCAAGAA,CTTTCTTGTGTATTT,,0.0,26,6,0,0,0
TGCGCACAATCATGGTCACTGGCACGGT,GTTTGTTTTGGGAAA,,0.0,24,6,0,2,0
TAAGCAATTCCATCATCAGGGCCATATT,GAACTCAGGTTCCAT,,0.0,23,4,4,0,1
CTTTCAGTAGCAGTACCATGGGCACCGG,TCAAATGATGAGGAT,0.03811304876969306,0.0,10,12,6,2,2
GATGCATTAGCAAAAGCAGTTCCAGGAT,TATATTGAACTTTAC,,0.0,19,8,2,2,0
GGCTCAATGGCACGAACATAACCATCAA,CTCTTGAGAATACTT,,0.0,25,5,0,0,0
TACTCAAGAACAAGAACAACTCCACTGG,TCAAAACGGAGTGTT,,0.0,8,9,5,3,5
GCAGCAGCAACAAAAACACCGACAACTA,CGTCAAGACCTTCTA,,0.0,17,7,2,4,0
GATGCAGAATCATCTGCAAGCGCATCGG,ACAGTTGACGGACAG,,0.0,14,8,5,2,1
TGAGCAGTTGCAAAGTCAACACCAATCG,GTTAAATCAACAGTT,,0.0,9,13,3,2,1
GTGACACTGTCATCATCAGGCACAACGC,GTTTAGCTTCCGTTG,0.001648737410902079,0.0,12,10,2,2,1
ACCTCAGGGACATAGTCAGAAACAAAAT,ATTATCATCGCCATC,,0.0,18,5,4,0,0
TTGGCACGAGCAATCTCAATGGCATACA,ACAAGTTTTACAGTT,,0.0,7,13,3,2,2
TCGACATCGACACCGTCATGGTCAAAAG,CTAAGCAGTCTTCTC,,0.0,12,6,3,5,1
GCGCCACGAGCAAGAACATTTACAATAA,CTTGATGGCTGAAAG,,0.0,8,7,3,2,6
GTCACATGATCAAGATCAGTCACAATGA,ACAACCTACCTGCTA,,0.0,13,9,2,2,0
TGCACAGTTCCAGGCCCAAGTTCAGACG,TGATCATCACGGGAC,,0.0,14,8,2,1,1
AAATCAGAAGCAATAACAGAAACACGTT,TTTATAAATCAATAG,,0.0,5,5,7,5,4
AACGCAATGGCAAGAGCATCTACAGCCA,CTATGCATTTACTCA,,0.0,19,3,2,1,0
GATACATAGGCAAATGCACATGCAAGAG,CTTGATCAATCAAAA,,0.0,7,5,5,6,2
ATATCAGTCCCACGCTCATGCTCATTCC,ATTAATACTTTGCAG,,0.0,22,3,0,0,0
CGAACAGTGGCAATTGCAATCTCAGTCC,TAATATTGTTTTGCG,,0.0,15,9,0,0,0
GGACCAGTCGCACCGTCAATGGCATGAG,AGATTCATCCCATGG,,0.0,11,8,3,2,0
AACGCAAGCACACTACCATCAACAGGTT,GTAATCTGACTCTAG,,0.0,7,5,5,4,2
CATACAAGGTCAATCTCAGAGACAAGAT,ACAACCTACCTGCTA,,0.0,7,4,7,2,3
ACGCCAATGCCAATATCAAGTCCACGGT,TCGAAAGCACAGTAG,,0.0,16,6,1,0,0
AACCCACCGCCAATAACATAATCATTAG,TCATAGGTATCTCGC,,0.0,12,7,1,1,2
GGACCACCCTCAGCGACAACTTCAGAAC,ACAGTTGACGGACAG,,0.0,6,11,2,3,1
AGTGCATTGTCAATAACACCCTCAGCCT,CTAGTTGTATAGCCA,,0.0,20,2,0,0,0
CTAGCACGTCCATGTGCATATACAAGCG,CGTCAAGACCTTCTA,,0.0,16,4,2,0,0
TCTCCACACCCACTGCCAATGACATCCT,CATCAATGAGGCAGT,,0.0,21,1,0,0,0
TGCGCAAAAACAACCACAAGTACAACAG,TAATATTGTTTTGCG,,0.0,15,3,2,1,0
CCAACAGCCCCACCAACAGCAGCAAGAT,GCTAATTTCAAGAAT,,0.0,14,6,0,0,0
ACGGCAACACCACTTACATAAACAAGAT,GGTTGCCCAGAAGTA,,0.0,18,0,2,0,0
AAGCCATTCGCAACGACAAAGGCAATTC,CTAAGCAGTCTTCTC,,0.0,7,6,4,1,1
ATCGCAAAACCAGGTACAGAATCAGGCT,CTATCAAGGCTTAAT,,0.0,13,5,1,0,0
GTAGCATATTCACAATCAAGACCAGTAG,ATCGTTGGCATTTGG,,0.0,11,7,1,0,0
GGGCCACTTACAGGTGCACTGCCAGGTC,TCAAATGATGAGGAT,,0.0,2,2,4,4,7
AATCCAAGGGCAGGACCATCAGCAATCC,ATGAAGTTCATAATG,,0.0,6,9,3,0,1
TACCCACGGACAACCACACTCACATCAA,GTTTGTTTTGGGAAA,,0.0,18,0,1,0,0
TCAACATCGCCAACACCAGGGTCAGCAA,GAGAATGAAGGACAG,,0.0,9,8,2,0,0
ATGGCAATACCATTTCCAACGGCAATGC,CTTTCTTGTGTATTT,,0.0,12,7,0,0,0
TACGCAGGTACACGGCCATGGCCAGATC,CTATCAAGGCTTAAT,,0.0,9,5,3,0,1
GAACCAATTACATCGACATCGGCAGATT,CTTGATGGCTGAAAG,,0.0,7,7,2,1,1
GACCCAATGGCATACCCAGTAGCATGGC,ACAACCTACCTGCTA,,0.0,5,8,2,3,0
GGGGCAATGCCAAACACAGAGACAGAAT,CGTCAAGACCTTCTA,,0.0,12,3,1,2,0
TAACCACGTACATAAGCACTACCAGGGG,AGTGTTAATCAGACC,,0.0,13,3,1,0,0
TATCCATAGGCAGTGTCATCTACAGTAC,CTAGTTGTATAGCCA,,0.0,16,0,1,0,0
GCACCACTCCCATGGTCACTCCCACAAG,ATTATCATCGCCATC,,0.0,7,4,0,5,1
TTTCCATCAACAAACCCAGTGTCATAAG,GTTCAGCTTTGATCG,,0.0,12,5,0,0,0
TGGTCAGGGGCACTAACAATGGCATCCC,TTATATTTATTTGCT,,0.0,3,8,2,1,3
CCCTCATTCCCAGCTACAGAGTCAGCAG,GTCACCGGCACTAAC,,0.0,2,3,1,5,6
TAAACACCGGCAAGCGCAATCGCAAAAA,CATCAATGAGGCAGT,,0.0,14,2,0,0,0
GAAGCACTGTCAGGGTCACTATCATCGG,GCAAGAAAGAAACCC,,0.0,13,3,0,0,0
GTGCCAGCAACATGCTCAATTTCAGCGC,GTTTGTTTTGGGAAA,,0.0,11,4,0,0,0
GGGCCATCATCATAATCACAGTCAATAA,TCTTGGAGGTGAATG,,0.0,5,3,1,4,2
GGATCATCGGCAGGTACATAGGCATGAA,CGATGATGATGATGA,,0.0,11,2,2,0,0
ACGGCAGACACATTGCCATCGCACAAA,CATCAATGAGGCAGT,,0.0,15,0,0,0,0
AATGCAAGACCACCTGCACAAACATCCA,ACAAGTTTTACAGTT,,0.0,4,3,0,4,4
AGTGCACACTCAATTACAGGAACAGCGA,GCTGCTTATGAGGAT,,0.0,9,1,1,0,4
TTCCACGAGCAGACGCACACGCATCCCT,CTAGTTGTATAGCCA,,0.0,11,3,0,0,0
GAGACAGGCGCAAGTTCATCTACACATC,TACACCAATTACACT,,0.0,14,0,0,0,0
ACAGCAGAGCCAGCAACACATACAAATT,CATCAATGAGGCAGT,,0.0,13,1,0,0,0
GGCACAGATACAACGGCAAAGCCAACAC,GTACAAGAAATTTTG,,0.0,8,2,4,0,0
GAATCAGTGCCAGCCGCATAACCACTAG,TCAAAGCATGAAAAA,,0.0,4,4,0,4,2
CCACCATCGCCAACCGCATTAACATTGC,AGATTCATCCCATGG,,0.0,7,6,1,0,0
ACGACACGAGCATAAGCATGTGCAATCA,TATATTGAACTTTAC,,0.0,7,2,2,1,2
CTTTCACGTGCAAAGCCAAGTGCAGCCC,TTTATAAATCAATAG,,0.0,9,0,4,0,0
TAAGCAGCGTCAGTGGCATCCGCAGTAA,CTAGTTGTATAGCCA,,0.0,11,1,0,0,0
CATCCAATTTCACCGACAAAGACACACA,GTTTAGCTTCCGTTG,,0.0,7,0,0,1,4
CTGACAATAGCATGAACAGCAACAAAGC,AGAAGACGACGATGA,,0.0,6,1,0,1,4
CTGGCAGCTACAATAGCACACACAAAAT,GTTTGTTTTGGGAAA,,0.0,10,1,1,0,0
ACAGCATAATCACACGCACGACCAGCGA,CATTGTCGGACGCTT,,0.0,10,2,0,0,0
GAGGCAAAGGCATCAGCAAAGTCAAAGT,TTTTGCATTTAGGCG,,0.0,0,1,5,2,4
CGGTCAAAGACACCAACACGGTCAACCG,TACACCAATTACACT,,0.0,11,0,0,0,0
GACACAAGATCATAAACATTTACACAAG,AGAAGACGACGATGA,,0.0,3,4,1,1,2
TGAGCATTGCCAGAGTCAACACCACTTC,ATCGTTGGCATTTGG,,0.0,4,6,1,0,0
GACACACATACAGGCGCACAAGCACAGA,GTTTAGCTTCCGTTG,,0.0,3,6,1,0,0
CTGACATGTGCAAAATCACGTCCAAAAT,CTTGATGGCTGAAAG,,0.0,8,1,1,0,0
ATCTCAAACACAGTGACAGCAGCATGCA,CGATGATGATGATGA,,0.0,10,0,0,0,0
ATCCCAAGAACATGTGCAGTCGCAGTCC,GTCACCGGCACTAAC,,0.0,2,3,5,0,0
AGCGCATATCCATCACCAAGTCCAGGCC,TCAAAACGGAGTGTT,,0.0,7,0,2,0,0
TCTACAAAGCCAAAAACAGTCACAGTCA,CATCAATGAGGCAGT,,0.0,9,0,0,0,0
CATTCCACCGACATCGACATCTGCATTA,CTTGATCAATCAAAA,,0.0,8,0,1,0,0
GCGCCAACGTCAAGCCCACCGTCATGTA,CTAGTTGTATAGCCA,,0.0,6,3,0,0,0
AGCCCATAGGCATATCCAGCGGCACAAT,GTTCAGCTTTGATCG,,0.0,4,4,0,0,1
TGCACAAGTACACTAGCAAGTCCAACCC,CGTCAAGACCTTCTA,,0.0,1,4,0,0,3
CTGACACGGCCATATTCAGTGCCATACG,AAAACATTATCAAAG,,0.0,8,0,0,0,0
GTACCATGTCCAGGGACAGGAACATGTG,TACACCAATTACACT,,0.0,7,1,0,0,0
TATGCAACGTCATCACCACTCACAACTA,CTAGTTGTATAGCCA,,0.0,7,1,0,0,0
GATACAGATCCATGTCCAGGTCCACAGC,GAACTCAGGTTCCAT,,0.0,5,2,1,0,0
GAATCAAATTCAGCGCCAACAACAAGTG,GAGAATGAAGGACAG,,0.0,3,2,1,1,1
CTTGCATAGTCATGAGCAATCACACCGA,CATATGCATTCCTTG,,0.0,8,0,0,0,0
TTTTCAGGGACAGCCACAGGGTCAAGAT,AAAACATTATCAAAG,,0.0,5,2,0,1,0
GGAGCACAGCCATATACACGTACACTAG,CTTTCTTGTGTATTT,,0.0,4,3,0,0,0
ACTGCACATGCACACACAGCCTCACGTC,TAATATTGTTTTGCG,,0.0,7,0,0,0,0
TAGGCACCGCCAAGAACACAAACATTAG,TTTAACTCACCGTAA,,0.0,3,2,2,0,0
GCCTCAACTCCAGCGGCATTTCCACCAA,CTAGTTGTATAGCCA,,0.0,6,1,0,0,0
ACTGCATTCTCAGGCACAAGAGCAAGGA,TCAAATGATGAGGAT,,0.0,3,1,3,0,0
ATCTCAAGGCCAGGCCCATACCCAAAGA,TATGCCCTTCTTCTG,,0.0,3,2,2,0,0
GGGTCATGGACACAGACAGCTACACACA,TATATTGAACTTTAC,,0.0,3,4,0,0,0
GTGCCATAGTCACGTACACAAACACCTC,GTTTAGCTTCCGTTG,,0.0,2,0,2,0,3
ACCTCATAAGCAGGGCCACCACCACACC,TCAAATGATGAGGAT,,0.0,1,0,6,0,0
AAATCAAGTTCAGGAACAGCTACAAACA,GTTGGGCGCTTAAAG,,0.0,0,2,5,0,0
GTCACAGTGCCACCGACATCCTCACTAG,TTTTGCATTTAGGCG,,0.0,0,2,3,2,0
CTGACAAAAACAGCGACAAACTCAAACA,AGATTCATCCCATGG,,0.0,3,2,0,1,0
TGGCCAGTTGCATTCTCAATAGCAGGTT,GCTGCGGAGCCTCAG,,0.0,4,2,0,0,0
ACGACAGATTCAATATCATCTGCATACA,GAGAATGAAGGACAG,,0.0,3,2,0,0,1
GTGGCAATGACAGGAGCAATGTCAATAA,CTAGTTGTATAGCCA,,0.0,5,1,0,0,0
TTATCAGCTCCATTTTCACTAGCACAGC,TATATTGAACTTTAC,,0.0,4,0,2,0,0
GTGACACAAACAACAGCAGCCCCAGCTT,CATCAATGAGGCAGT,,0.0,4,2,0,0,0
CCTGCAGATTCATAGTCAAGTACAACAA,TCAAAACGGAGTGTT,,0.0,6,0,0,0,0
CCAGCACGCACATTCTCACGGTCACCAC,TCAAATGATGAGGAT,,0.0,3,2,0,0,1
AGAGCAAATACAACTGCAAATGCAGATA,GCTAATTTCAAGAAT,,0.0,1,1,4,0,0
GTCTCAGTCGCATAATCACCGCCAACAA,ACCACCGGTCCTGCC,,0.0,2,2,1,1,0
AGCCCAATGGCAGAGTCACTAGCACAGG,GCTGCGGAGCCTCAG,,0.0,4,2,0,0,0
GGAGCACAGTCACTGTCAGGAACATGTA,ACAAGTTTTACAGTT,,0.0,0,1,3,2,0
CCCGGCACAGTCAGCAGCATGACCAGAG,TATATTGAACTTTAC,,0.0,0,1,5,0,0
AGGGCATAGACATGAGCAGTGCCAGTAG,GCTAATTTCAAGAAT,,0.0,0,0,6,0,0
AAACCATGAACAAGCCCAACATCATGTT,AGTGTATGATAATAT,,0.0,0,0,6,0,0
GTTCCAGTGACAGGTTCATGGGCAAAGT,TTAGTCTTTCCATCA,,0.0,5,0,0,0,0
ATGCCACGACCAGAGTCAAAAGCACACG,TTTAACTCACCGTAA,,0.0,5,0,0,0,0
GCGTCAATGCCAGCATCAGTTACAAGAC,TCAAAACGGAGTGTT,,0.0,3,0,2,0,0
GGCCCATACGCAGTTCCAATCTCAGCTA,TCAGAGCATTGGCCT,,0.0,4,0,1,0,0
ACCCCATCGGCACCAGCATAGGCAACAC,GTTTGTTTTGGGAAA,,0.0,5,0,0,0,0
AATACAGGGACATAGTCACGTTCAAAAC,CGAATGCCATACAAA,,0.0,2,2,1,0,0
GGACCAAGGACAGGGCCACGAACAACCT,AAAAGCGACATTTCT,,0.0,2,3,0,0,0
AGTCCATGGCCAATTCCAAATACATGTC,GAACTCAGGTTCCAT,,0.0,2,3,0,0,0
GAGACAAGGGCACTCGCAATTACAGACG,TATATTGAACTTTAC,,0.0,3,0,2,0,0
GTCTCAATATCAGCTACAATCCCAGACA,TATATTGAACTTTAC,,0.0,2,2,1,0,0
AAATCAGAGACAAGCCCAGGCCCAAGAT,TATATTGAACTTTAC,,0.0,0,1,4,0,0
ATCACATGCTCATATTCAGCCGCAAACT,GTTGGGCGCTTAAAG,,0.0,0,0,5,0,0
TTACCAGAACCAACGACAACCACATACG,CCGTTAGTATCGCTA,,0.0,4,0,0,0,0
AGTTCAGGAGCATCGCCAGATGCAGCCG,CAAGGATCCCCGTAG,,0.0,1,1,2,0,0
GGGGCAGGCACACTTTCAACTCCACTTG,TATATTGAACTTTAC,,0.0,3,0,1,0,0
ATGGCATGTGCAACTCCACGTGCAAGCG,ATGAAGTTCATAATG,,0.0,2,0,2,0,0
TAGACAACCACAGTAGCAAGGGCATTCC,GCTAATTTCAAGAAT,,0.0,3,0,0,0,1
GTGACAGAATCAGTTCCATGCGCATCGG,ACAGTTGACGGACAG,,0.0,4,0,0,0,0
GTTACAAACCCATAACCACCAACAGGGC,TCAAAACGGAGTGTT,,0.0,2,0,2,0,0
TCTCCAATGACATTGACATCTTCAACGA,CTAAGCAGTCTTCTC,,0.0,1,2,0,1,0
GAGTCAGGCTCAACGGCACAAACAACTA,ACAACCTACCTGCTA,,0.0,2,1,1,0,0
GAAGCACGTCCAGCGCCAGCATCAACTG,ATCGTTGGCATTTGG,,0.0,2,2,0,0,0
CTTGCACCTACACGCTCATGGACAAAGT,ATTATCAAGTGCCAG,,0.0,4,0,0,0,0
GATACACACGCAGACTCACAGCCACGGT,ACAGTTGACGGACAG,,0.0,3,1,0,0,0
CTAGCAATCGCATATTCAAGGTCACTAG,ACAGTTGACGGACAG,,0.0,3,0,1,0,0
GCGACACCAGCACATTCATGGCCAGATA,CTCGCTAATACTCCT,,0.0,2,2,0,0,0
GCTGCAGAAACATGAGCAGAGTCACCCA,TCAAATGATGAGGAT,,0.0,2,2,0,0,0
AATACAGTCTCAAAGACAGGGGCATTGG,AAAAGAAAAATGTAT,,0.0,4,0,0,0,0
ATTGCAAATGCAGTACCAAATCCATAAC,TATATTGAACTTTAC,,0.0,2,0,2,0,0
CTCACACCAGCATACTCAGCGGCAATGC,CATATGCATTCCTTG,,0.0,4,0,0,0,0
TCAGCAGTTCCAGGTTCAAGGACATGCC,GTAATCTGACTCTAG,,0.0,2,0,2,0,0
TTGGCATGTTCAGTCTCATGAAAGAGG,GCAAGAAAGAAACCC,,0.0,2,2,0,0,0
TCGGCAGTTCCATTATCAACCTCAGCTT,CGTCAAGACCTTCTA,,0.0,3,1,0,0,0
GTTGCATCTGCACCGGCAAAGTCAGTGG,CATATGCATTCCTTG,,0.0,2,2,0,0,0
GGGTCACTACCAATCACATTACCATCAA,TTTTGCATTTAGGCG,,0.0,0,0,4,0,0
ATACCAGACACAGTCGCACCAACATCCA,TCAAAACGGAGTGTT,,0.0,3,0,0,0,0
GCATCAAATGCAAAGACAATGGCAACCA,CTCGCTAATACTCCT,,0.0,3,0,0,0,0
ACGACAGTAACATGTCCATGCACAGGGG,GTTTAGCTTCCGTTG,,0.0,3,0,0,0,0
TAACCAACGGCATGTCCACAGTCAGGGA,CCAGGATGTACCGCC,,0.0,3,0,0,0,0
CTGGCAAAGGCATATGCAGAGACACGCG,TTAGTCTTTCCATCA,,0.0,2,1,0,0,0
CAAACAAATGCAGGAGCATCACCAATTC,ACAAGTTTTACAGTT,,0.0,2,1,0,0,0
TTGGCAGGTACAGCCTCAACGTCAAGGC,GCAAGAAAGAAACCC,,0.0,3,0,0,0,0
AAGTCATAACCACAGACACAGCCAAGTG,GAGAATGAAGGACAG,,0.0,3,0,0,0,0
CTAACACCGACAGGGCCAATGTCAACTA,ACCACCGGTCCTGCC,,0.0,3,0,0,0,0
TCGCCAGAAGCACTGTCACAATCACCAA,ACAGTTGACGGACAG,,0.0,3,0,0,0,0
TTTCCATTCTCAAGAGCAGAGGCAGAGG,CTATCAAGGCTTAAT,,0.0,3,0,0,0,0
GGGCCAAGCGCATTCTCAGATTCAATGT,ACAAGTTTTACAGTT,,0.0,3,0,0,0,0
TGCTCATAACCATATGCATCCCCAAAGG,AGATTCATCCCATGG,,0.0,3,0,0,0,0
CAGCCAAGTGCACTTGCACTTACAAGCG,GTTTAGCTTCCGTTG,,0.0,3,0,0,0,0
AGGGCAGCACCACGACCACTAACACTGA,GCTGCTTATGAGGAT,,0.0,3,0,0,0,0
TCAACACGGCCAAGTACAATCGCAGGCC,ACCACCGGTCCTGCC,,0.0,2,0,1,0,0
GGAACAGCATCAGATACACGTGCAGTAA,ACAAGTTTTACAGTT,,0.0,3,0,0,0,0
GGTGCACTCCCAGGAGCACTGACAGGCA,ACAGTTGACGGACAG,,0.0,1,0,2,0,0
AGCGCATAATCAGCTTCAGAAGCATAGG,TATGCCCTTCTTCTG,,0.0,3,0,0,0,0
GCCTCAACAGCATGCTCAACATCACTCG,CATCAATGAGGCAGT,,0.0,3,0,0,0,0
ACGGCAACGACAATACCAGGTTCAGCTA,TATATTGAACTTTAC,,0.0,3,0,0,0,0
GATACACAGACAGGAACAAACGCAGCGG,ATGGCGATGGTCTTG,,0.0,3,0,0,0,0
TGGACAGGGTCACGTACAGCACCAGGTA,TATATTGAACTTTAC,,0.0,2,0,1,0,0
GGATCACACGCAGTCTCAGCTTCAGCCA,CCAGGATGTACCGCC,,0.0,1,2,0,0,0
TTCGCATGTCCAGTCCCAACGGCAATGG,TTTATAAATCAATAG,,0.0,2,1,0,0,0
TTACCAACACCAGTTCCATCGCCAAGCT,AAAAGAAAAATGTAT,,0.0,0,2,1,0,0
TCAACATCTACAGCCACACTATCACCGC,CTTGATCAATCAAAA,,0.0,0,3,0,0,0
GCTGCAAAGGCATAGGCAGTAGCAAGTG,TCAGAGCATTGGCCT,,0.0,0,0,3,0,0
ACCACAAATACAGCTACAGGCACAAGTG,ACAACCTACCTGCTA,,0.0,0,0,3,0,0
GACACATATGCACCACCAGATACAATTC,TCAAATGATGAGGAT,,0.0,0,0,1,1,1
CGGGCAGGCACATATGCACTCGCACTTA,TTAGTCTTTCCATCA,,0.0,0,0,3,0,0
TTGCCAGTCTCATCCTCACCACCAAACT,AGAACATCATCTACA,,0.0,0,0,3,0,0
ATTTCAGATTCAAAGTCACAAGCAGAAG,TCAAATGATGAGGAT,,0.0,2,0,0,0,0
ACCCCATGCACAGATGCAGTATCACTAT,ACAACCTACCTGCTA,,0.0,1,0,1,0,0
ACAGCATAGACAAAATCACGGACATGGT,AGTGTATGATAATAT,,0.0,2,0,0,0,0
GACCCAGATGCAAACGCATAATCATGCT,GTACAAGAAATTTTG,,0.0,2,0,0,0,0
CCCGCAATAGCAGTTACACGCGCATAAC,TCAAATGATGAGGAT,,0.0,2,0,0,0,0
CAGTCACCGGCATGCACACTCCCAGGAT,CGAATGCCATACAAA,,0.0,2,0,0,0,0
AGGACAAGCTCATCGCCATACGCAGTAA,TTTATAAATCAATAG,,0.0,2,0,0,0,0
TTCGCAGTGCCACAGGCAGAAACAAGTT,ACAGTTGACGGACAG,,0.0,2,0,0,0,0
ACCACAATGTCAACCCCATCGCCATACT,CATCACCGTGCTCAT,,0.0,2,0,0,0,0
TGCCCAGGACCACCAGCACAATCAATCA,GTTCAGCTTTGATCG,,0.0,2,0,0,0,0
ACTACACGTGCAGGTGCAGCAGCAGGCT,GCCCTCGAAACCTAT,,0.0,2,0,0,0,0
CAGGCATGATCACTTTCAATAACATCGG,TTAGTCTTTCCATCA,,0.0,2,0,0,0,0
GCCGCATGACCATTTGCAGGAACAGCAC,GCTGCTTATGAGGAT,,0.0,2,0,0,0,0
AACTCAGAGTCACGAACATAATCAATAT,CGAACAGAAACACAA,,0.0,2,0,0,0,0
CGAGCACAAGCAAGACCATATTCACGCG,GTTAAATCAACAGTT,,0.0,1,0,1,0,0
GCCACATGCCCACCTTCAACCGCAGATG,GAACTCAGGTTCCAT,,0.0,2,0,0,0,0
TTATCAGGAACACATCCATGGCCATCAG,CATTTATGGCTATCT,,0.0,2,0,0,0,0
TGCACAAGGGCAACACCACTTTCAAGGA,GCTGCTTATGAGGAT,,0.0,2,0,0,0,0
AGCACATTCACAAAAACAGCCGCATACC,TCGATAGAATTTACT,,0.0,2,0,0,0,0
ATCGCACCGACAACTCCACGGTCAACGT,AAAAGAAAAATGTAT,,0.0,2,0,0,0,0
GGCTCATCGACAGGGGCAGTATCAACCG,GTAATCTGACTCTAG,,0.0,2,0,0,0,0
GTCCCAAGGCCAGAGCCATCTACAACTG,TCAAAGCATGAAAAA,,0.0,2,0,0,0,0
GCTCCATACTCATGTACAAATACAAGAA,ATAGAGCGGCGTTGA,,0.0,2,0,0,0,0
TAGACAAGGACAGAAACAAGCACAAGTG,GCTGCTTATGAGGAT,,0.0,2,0,0,0,0
GACTCAGGCTCAATAGCAGATACATGCC,ATAGAGCGGCGTTGA,,0.0,2,0,0,0,0
TGATCATTAGCAGGGCCACGAACAACAT,GTTGGGCGCTTAAAG,,0.0,2,0,0,0,0
ACCGCACGGCCACAAGCATACGCATGAA,TAACCTCGCGCTGAG,,0.0,2,0,0,0,0
ATGGCATGCGCAAGGCCAGGGACAACGC,CTAAGTGTGAAGGAG,,0.0,2,0,0,0,0
CATACACGGACAATCTCATTGGCAACTG,TATATTGAACTTTAC,,0.0,1,1,0,0,0
CACGCAGACACACCTTCAAAACCAGCTA,GTACAAGAAATTTTG,,0.0,2,0,0,0,0
GAGGCAAAGGCATTCACACGATCAGCGG,TATGCCCTTCTTCTG,,0.0,2,0,0,0,0
CGTGCAAACACAAACGCAACGTCAGAGT,AGTGTTAATCAGACC,,0.0,1,0,1,0,0
CACCCATTACCAGGGGCATCTCCATCGA,GTTGGGCGCTTAAAG,,0.0,2,0,0,0,0
GGAACATGATCAGGCGCAAAGGCAGCTT,CATATGCATTCCTTG,,0.0,2,0,0,0,0
TTGGCAACACCAACGACATGTACATGGC,GCAAGAAAGAAACCC,,0.0,2,0,0,0,0
TAACCAGAAACACAGCCAATGCCAGC,TATATTGAACTTTAC,,0.0,1,1,0,0,0
GTTCCAGTCTCATCAACACCCCCAAGCA,CGATGATGATGATGA,,0.0,2,0,0,0,0
TAGACATTCTCAGTGTCACGTGCAAGAG,GTACAAGAAATTTTG,,0.0,2,0,0,0,0
TGTACATCGACAAATCCATTATCAAGCG,CCAAGACCGTGTAAA,,0.0,2,0,0,0,0
GAACCATCTACAGGTGCACCGACATCGT,TTAGTCTTTCCATCA,,0.0,2,0,0,0,0
ACATCAGGTCCAAGAGCAACCCCATTAG,GAGAATGAAGGACAG,,0.0,2,0,0,0,0
CTTCCAGTCCCAACAACAGGCACAAGCC,TATATTGAACTTTAC,,0.0,1,1,0,0,0
GTCACAGAGTCAAGGACAGAGTCAATCA,TCAAAACGGAGTGTT,,0.0,1,1,0,0,0
GATTCATACACAAAAACATGCTCACCAC,TATATTGAACTTTAC,,0.0,2,0,0,0,0
GGAGCATAGCCAATCACAAAGGCATTAG,GTTGGGCGCTTAAAG,,0.0,2,0,0,0,0
TCAACAAAGTCAGTGTCATACGCATGCA,CTCTTGAGAATACTT,,0.0,2,0,0,0,0
AGGACAGTTCCAGGAGCATCACCACTGA,ATAATTTTCATCCAC,,0.0,2,0,0,0,0
GATACAGTGACACACACAATTGCATCAC,AAAAGAAAAATGTAT,,0.0,2,0,0,0,0
AATGCAATATCACGGACAAGTACACGAA,TTAGTCTTTCCATCA,,0.0,1,1,0,0,0
ACCGCAACGTCACTACCACCAGCAACTA,CTAAGCAGTCTTCTC,,0.0,2,0,0,0,0
CTCACAACCACAGAGGCAAGACCACCTT,CTAAGCAGTCTTCTC,,0.0,2,0,0,0,0
ATATCACATACACCCACAACTGCACGGA,GCTGCTTATGAGGAT,,0.0,2,0,0,0,0
CCGACATGGACACGGGCACAATCAGTTC,TCAAAACGGAGTGTT,,0.0,2,0,0,0,0
ACACCAGCCACACACGCAAGCTCACCTG,GTTGGGCGCTTAAAG,,0.0,2,0,0,0,0
ACTGCAATGACAGCTTCAAAAGCAAAGA,GAACTCAGGTTCCAT,,0.0,2,0,0,0,0
GAATCACTTGCAGGCGCAATCGCAAGCT,GCTGCTTATGAGGAT,,0.0,2,0,0,0,0
CGGGCAGTGTCACGAACATTGACAATTC,GTTGGGCGCTTAAAG,,0.0,1,0,1,0,0
GCCTCACAGGCAGCCTCAGTAGCAGGAC,ACAGTTGACGGACAG,,0.0,2,0,0,0,0
GTGACAGTAGCAGTTCCACGGGCAGGTG,TCAAATGATGAGGAT,,0.0,2,0,0,0,0
GAGACATAGCCACTTCCACCATCATAAT,TCAAAACGGAGTGTT,,0.0,2,0,0,0,0
AGAACAAAAGCAAAGGCAAGAGCAGGGG,AAAAGAAAAATGTAT,,0.0,2,0,0,0,0
AGACCATGCACACGTGCACTCACAGTTC,ACCACCGGTCCTGCC,,0.0,2,0,0,0,0
ATTGCACGGCCAAGAACAGCAGCACTAA,TCGATAGAATTTACT,,0.0,1,0,1,0,0
GGATCATGTACAGAACCATGCTCATCGC,CCAACACAGGCTTCG,,0.0,1,1,0,0,0
GGGTCATTGTCAACGGCAAGTACACAAG,CCAAGACCGTGTAAA,,0.0,2,0,0,0,0
GTAGCAAGGACATAGCCAATGTCATGTA,CTACTTACAACGGAA,,0.0,2,0,0,0,0
GCGCCAACTGCAGTTACAACTCCATACA,ACAGGGCAGCTCCCG,,0.0,2,0,0,0,0
ATCACATTCACACACCCAGCGGCAAAGG,GCTGCTTATGAGGAT,,0.0,2,0,0,0,0
GCCACACTAGCATGTCACGCGCATTTG,TTAGTCTTTCCATCA,,0.0,2,0,0,0,0
TTGTCATGGCCACTCACATCCTCATCGG,ACAGGGCAGCTCCCG,,0.0,2,0,0,0,0
CATACAGTACCAACTCCAGATGCAAGAG,CGAATGCCATACAAA,,0.0,2,0,0,0,0
AGCACAGCCTCATGACCAGAATCACTGA,CTTTCTTGTGTATTT,,0.0,2,0,0,0,0
GGTCCAGGGCCACGGTCAATGACAATCG,ATATTGAGTAAGTAC,,0.0,2,0,0,0,0
TAGTCAAGGGCAGATTCACATCCAAAAC,TATATTGAACTTTAC,,0.0,1,0,1,0,0
TCGGCAGAGACAGAGGCAACTTCAGGAG,TCAAATGATGAGGAT,,0.0,1,1,0,0,0
TTAACAAGGTCACGCCCACAAACAGCGC,CATATGCATTCCTTG,,0.0,2,0,0,0,0
TGCTCATATCCAGCCACATAAGCAAAGT,ACAGTTGACGGACAG,,0.0,1,1,0,0,0
TTGGCAAACTCAAGGGCACCAGCACTAA,CATTGTCGGACGCTT,,0.0,2,0,0,0,0
AATGCAATCCCAGTATCATGAACAGTTG,CAATCTTGAATTGAT,,0.0,2,0,0,0,0
GTAGCACGTTCATGAACACGTCCAAGTG,TCTTGGAGGTGAATG,,0.0,2,0,0,0,0
GCAACAGGTACAAGGTCATGCGCAGCAT,CATCACCGTGCTCAT,,0.0,2,0,0,0,0
CTCTCATCGCCAAAATCAGTGGCATGTC,TCATAGGTATCTCGC,,0.0,2,0,0,0,0
CGACCATCGCCAAGGCCAGCTGCATAGC,TATATTGAACTTTAC,,0.0,2,0,0,0,0
ATGCCAGACACAAGAACACTACCATCCT,AGTGTTAATCAGACC,,0.0,2,0,0,0,0
AAAGCAGAACCACGAACAGACGCACCGA,TTTAACTCACCGTAA,,0.0,2,0,0,0,0
TAGACAGCGGCAGAATCAAGTGCATTGC,AGATTCATCCCATGG,,0.0,2,0,0,0,0
AAGTCATGGCCATGGGCAAAACCAACAC,GTTGGGCGCTTAAAG,,0.0,1,1,0,0,0
ATGTCACGACCAGTAACAAACCCAGGGT,TTTAACTCACCGTAA,,0.0,1,1,0,0,0
CTATCAAACCCAAGGACATGAGCATCCG,TACACCAATTACACT,,0.0,1,1,0,0,0
TGGCCAAAAGCATTGACAATCTCAACAG,TTAGTCTTTCCATCA,,0.0,1,1,0,0,0
GGCCCAGTTTCATTTCCACACCCAACGA,TTTTGCATTTAGGCG,,0.0,0,2,0,0,0
CATCCACCGACACCCGCACAGGCATCCT,GTTGGGCGCTTAAAG,,0.0,0,2,0,0,0
CTGACAAAGTCACTGTCACTGTCATAAG,CGATGATGATGATGA,,0.0,0,2,0,0,0
ACCACAACAACATGCGCAATTCCACTAG,ATAGTCGATTAAGAT,,0.0,0,2,0,0,0
ATGACAGTTGCAACATCAAATCCACTGG,TCAAAACGGAGTGTT,,0.0,0,2,0,0,0
TACACATCCCCAGAGGCAACTGCAAAGG,TCAAATGATGAGGAT,,0.0,0,0,2,0,0
AGCGCACCAGCATCTACAGTCGCAGAGT,TTAGTCTTTCCATCA,,0.0,1,0,0,0,0
GGATCATAACCAAATACACGGCCACCAT,GTTAAATCAACAGTT,,0.0,1,0,0,0,0
GCCGCAGCCACATAGACACCTTCAAAGC,TTATATTTATTTGCT,,0.0,1,0,0,0,0
ACATCAGCGGCAGTGACAATAACAGGAC,GCTGCTTATGAGGAT,,0.0,1,0,0,0,0
ATGGCATAACCAGCGCCATGTTCACCTC,CATATGCATTCCTTG,,0.0,1,0,0,0,0
GATTCAGGCCCAGTTGCAACATCATAGG,CATCAATGAGGCAGT,,0.0,1,0,0,0,0
AAGACAAAGGCAGCGGCAAATACACTTA,TTTAACTCACCGTAA,,0.0,1,0,0,0,0
ACACCAGGGGCATTCGCATAACCAGCTT,GAGAATGAAGGACAG,,0.0,1,0,0,0,0
GCTCCACTTACAAGGGCAACTGCATCTG,TATATTGAACTTTAC,,0.0,1,0,0,0,0
TCGGCACGTACAGGCGCAAAAACATTGC,TGATCATCACGGGAC,,0.0,1,0,0,0,0
TTGGCAGAAACAAAGCCACACGCACTTC,CGCGATCAATCCTCT,,0.0,1,0,0,0,0
CAAGCATATTCAAAGGCATAAGCATGGC,CTTGCAAGTGTAATT,,0.0,1,0,0,0,0
AAAACAAGCGCATGCGCACGTACATATC,AGTGTATGATAATAT,,0.0,1,0,0,0,0
GGGCCATCCACACGACCACGGCCAAGAC,GTCACCGGCACTAAC,,0.0,1,0,0,0,0
ACGGCACCGACAGATTCACGGCCAAACA,GTAATCTGACTCTAG,,0.0,1,0,0,0,0
ATAGCAAGGACACCCCCAACGGCAGTAG,GGTGGAAGTAGCAGT,,0.0,1,0,0,0,0
CAGTCAAGAACACTGCCATTAACACTGA,ATGGCGATGGTCTTG,,0.0,1,0,0,0,0
ACATCAGGAACATACGCAGCGACAATGA,CTCTTGAGAATACTT,,0.0,1,0,0,0,0
GGTACACATCCATGGACAACGACAGTAG,GTTGGGCGCTTAAAG,,0.0,1,0,0,0,0
ATAACAGGGTCATGGACATGATCAAGCG,CTAAGCAGTCTTCTC,,0.0,1,0,0,0,0
TGGGCAATTACACACTCACAGGCACGGG,CATATGCATTCCTTG,,0.0,1,0,0,0,0
GAGTCATTGTCATGCGCAGTGCCAAACT,TTTTGCATTTAGGCG,,0.0,1,0,0,0,0
GGCGCATACTCACATACACCCACATCGG,TGATCATCACGGGAC,,0.0,1,0,0,0,0
GGCTCACAAACACTCACAGCACCAAACT,TATGCCCTTCTTCTG,,0.0,1,0,0,0,0
TGAACACAAGCAGGCCCAGGATCAAGCT,TAGACGGACATCTTC,,0.0,1,0,0,0,0
AAGGCAGCTGCAATTCCACACACATGCA,TCAAAGCATGAAAAA,,0.0,1,0,0,0,0
GTTACAGACACATGACGCACGCTCATAAC,AAAACATTATCAAAG,,0.0,1,0,0,0,0
ATTTCAGACGCAGCGTCAACTACAGCAA,GCTGCTTATGAGGAT,,0.0,1,0,0,0,0
ATTCCAGCGACAACGACAGTGACAATGC,CTTGATGGCTGAAAG,,0.0,1,0,0,0,0
GTGGCACACACATAGACATCAACACCAT,CTTTCTTGTGTATTT,,0.0,1,0,0,0,0
AGGTCACAAACAGCGCCAGTGCCATACG,GTCACCGGCACTAAC,,0.0,1,0,0,0,0
GCCACAGTAACAGATACATGCTCAACCG,GCTGCTTATGAGGAT,,0.0,1,0,0,0,0
TTACCACGCGCATCACCATATACATTAG,CTCGCTAATACTCCT,,0.0,1,0,0,0,0
GCCTCACCGACAACGGCACTGACACATG,CCAACACAGGCTTCG,,0.0,1,0,0,0,0
GAAGCACCTCCAGATACAGAGGCATTTA,GCTGCTTATGAGGAT,,0.0,1,0,0,0,0
AAGACACCGCCAGATGCAACAGCACGGC,GCTGCGGAGCCTCAG,,0.0,1,0,0,0,0
AGGACAGCACCAATAACACCTACAATAG,TCGATAGAATTTACT,,0.0,1,0,0,0,0
TATGCAGATGCAGGTCCATGGACAGATC,CAATCTTGAATTGAT,,0.0,1,0,0,0,0
CTAGCAGCTTCATGACCATCTCCATGAC,AGTGTATGATAATAT,,0.0,1,0,0,0,0
TGACCATCATCACTCACAGTTGCAAGCA,GTTAAATCAACAGTT,,0.0,1,0,0,0,0
ATGGCACGGTCAGCAACACATACACAAC,TCAAAGCATGAAAAA,,0.0,1,0,0,0,0
AAAACAAAATCATGAGCAGATTCATCCG,TTAGTCTTTCCATCA,,0.0,1,0,0,0,0
TCAGCATCGGCAATAGCAAGAACAATCA,TTTATAAATCAATAG,,0.0,1,0,0,0,0
GATTCAGGATCACTGCCAGGTTCAGCCA,CTGATTTGTGCTGTC,,0.0,1,0,0,0,0
ATGGCATGCCCATAGGCAAAATCAATCG,TCGAAAGCACAGTAG,,0.0,1,0,0,0,0
AACTCAAGAACAGTTTCACGTCCATCCC,TAACCTCGCGCTGAG,,0.0,1,0,0,0,0
CCACCAAAGGCAGCCCCAGTAACAAGGG,CTTGCAAGTGTAATT,,0.0,1,0,0,0,0
GCGGCATGAGCATAGACAACTGCAAAAT,AGTTTATAAAAAATT,,0.0,1,0,0,0,0
ACAACATCAACATTGGCAACGTCATAGC,TGATCATCACGGGAC,,0.0,1,0,0,0,0
ATGGCAGCCCAGTTTCAATAACATTGC,ACAGTTGACGGACAG,,0.0,1,0,0,0,0
TGGCCAAGGACATAGCCAGGTTCATAAC,TCATAGGTATCTCGC,,0.0,1,0,0,0,0
CGGTCACGGGCATTATCAGAGTCATCCT,GTAATCTGACTCTAG,,0.0,1,0,0,0,0
GAATCACATACATGCACACCTTCAGCTG,TTAATTAGAGGTATG,,0.0,1,0,0,0,0
CGAGCAGAGACATTACCAAACGCACCTT,GTTTGTTTTGGGAAA,,0.0,1,0,0,0,0
TCGGCATGCCCACGGCCATGTGCAGATG,TCATAGGTATCTCGC,,0.0,1,0,0,0,0
ATCGCAATCACACCCCCATCGGCAATCT,TCGAAAGCACAGTAG,,0.0,1,0,0,0,0
CACTCATAAACATCGACACACGCAGTAA,TACACCAATTACACT,,0.0,1,0,0,0,0
CTTGCAGCTACACGATCAGCTTCATGTC,GTTGGGCGCTTAAAG,,0.0,1,0,0,0,0
ATAACAGGATCAATGACAGGGTCAAGCC,AGTGTTAATCAGACC,,0.0,1,0,0,0,0
GCCCCATGATCATGGACAGTCCCAGAAC,CAAGGATCCCCGTAG,,0.0,1,0,0,0,0
GGTTCAACGCCATAGACAGCTACAACCC,AGAAGACGACGATGA,,0.0,1,0,0,0,0
TGTCCATCAGCACCCTCAGGTGCACCAA,CTAAGCAGTCTTCTC,,0.0,1,0,0,0,0
TAGGCACAAGCATGCCCAGTTACAACGG,GTTGAACTGGTTGTT,,0.0,1,0,0,0,0
TTATCATCACACCAACATCGGCACGGA,GCTGCTTATGAGGAT,,0.0,1,0,0,0,0
CAGTCACTCGCACCGCCAGCTACAATGC,TGATCATCACGGGAC,,0.0,1,0,0,0,0
GACACACCACCAATAACAAAGACAATAG,ACAAGTTTTACAGTT,,0.0,1,0,0,0,0
GGGCCAACTTCAGGTTCATGAACAAGCC,ATCGTTGGCATTTGG,,0.0,1,0,0,0,0
AACGCATGCCCAAAAACACTCTCAAGGG,TTTAACTCACCGTAA,,0.0,1,0,0,0,0
AAGGCATGAACACCCACAAGCACAGCGG,CGTCAAGACCTTCTA,,0.0,1,0,0,0,0
CACGCAGACACATTGCCACCACCACGAA,TTTATAAATCAATAG,,0.0,1,0,0,0,0
AAGGCAGATTCAGCATCAATGTCAACTG,AATGATACCATTTTT,,0.0,1,0,0,0,0
GTAACACCCCCAGAAACATGCTCATACT,GCTGCTTATGAGGAT,,0.0,1,0,0,0,0
ATGGCACATTCAACGTCAAACGCACCCG,CATATGCATTCCTTG,,0.0,1,0,0,0,0
TATTCACAGTCATACGCAATAGCAGGGT,CTAAGCAGTCTTCTC,,0.0,1,0,0,0,0
GTTACAGATGCAGCCGCATGGTCATCCT,ACAGTTGACGGACAG,,0.0,1,0,0,0,0
TTCGCAAGGGCAAGCACAGGCTCAGAGG,GCTGCTTATGAGGAT,,0.0,1,0,0,0,0
AGCGCAGGATCAACTGCACCATCAGAAT,CGCGATCAATCCTCT,,0.0,1,0,0,0,0
GCCTCACATCCAGCAACAGAGACAGATC,CTATCAAGGCTTAAT,,0.0,1,0,0,0,0
CAGCCAGTGACAACCACACAGCCAGGAA,TGGAGTCTTTGTTGA,,0.0,1,0,0,0,0
TAAGCAACGGCAACACCATAGCCAATAT,CTTGATGGCTGAAAG,,0.0,1,0,0,0,0
GGCTCACCGGCAGCTTCATAGGCAGCTA,ATAGAGCGGCGTTGA,,0.0,1,0,0,0,0
GAATCACGCGCAAGCTCACCAGCATACG,CATCACCGTGCTCAT,,0.0,1,0,0,0,0
GATTCATCCACATGCGCACACCCAACTA,GCTGCTTATGAGGAT,,0.0,1,0,0,0,0
CTCACACACTCAGCTCCACTGACATTCC,TCAACAACCTATGCA,,0.0,1,0,0,0,0
GGGTCATTACCAGCAACAGGTCCAATCA,CCAAGACCGTGTAAA,,0.0,1,0,0,0,0
GGGGCACTGTCAGGAGCATAGACATGAG,GCAAGAAAGAAACCC,,0.0,1,0,0,0,0
ATTGCAGGAGCACAGGCAAATGCATGTA,TGGAGTCTTTGTTGA,,0.0,1,0,0,0,0
ATGTCAGAGGCAGTGCCAGTCCCAATGT,TATGCCCTTCTTCTG,,0.0,1,0,0,0,0
GTCCCAGGGACAATGCCAATTTCAAAGA,GTTGGGCGCTTAAAG,,0.0,1,0,0,0,0
CAAACATTGTCAGAGGCAATACCAAGAT,TAATATTGTTTTGCG,,0.0,1,0,0,0,0
CATACAAAAGCATGTCCATCGACAGTGT,ACAGTTGACGGACAG,,0.0,1,0,0,0,0
GCACCAATAGCATAACCAGACTCAAACG,CTTGATCAATCAAAA,,0.0,1,0,0,0,0
CTAACAGGCGCATCATCAACTGCAGAGG,TTAATTAGAGGTATG,,0.0,1,0,0,0,0
GCAGCAGTCGCAAAATCAACCTCAATCT,GTTGGGCGCTTAAAG,,0.0,1,0,0,0,0
TTCGCAACGTCAGTTACATGGCCAGCTT,CTCTTGAGAATACTT,,0.0,1,0,0,0,0
GTAACAAGCCCAGAATCAGCCACAAACA,CCAAGACCGTGTAAA,,0.0,1,0,0,0,0
CTAGCAGAGTCATAGCCAGGCACATGGC,GTACAAGAAATTTTG,,0.0,1,0,0,0,0
AGAGCAAATCCAAGGTCAGCGTCATCGC,GTTGAACTGGTTGTT,,0.0,1,0,0,0,0
TAATCAATGTCAGTTCCAAGCGCACAGG,AGTGTATGATAATAT,,0.0,1,0,0,0,0
TGACCAAAGACAGAACCAGAATCATTTA,CTTGATCAATCAAAA,,0.0,1,0,0,0,0
GGGGCAGGTGCAAAAGCAAGAGCAACAA,GTTTAGCTTCCGTTG,,0.0,1,0,0,0,0
GTAGCAGTCACAGTGCCAACGGCAATGA,CCAACACAGGCTTCG,,0.0,1,0,0,0,0
AAATCATCATCACGAACAGTAACAGCCG,ATCGTTGGCATTTGG,,0.0,1,0,0,0,0
TCATCAGAAACATGAGCAAAGTCATCGG,GGTTGCCCAGAAGTA,,0.0,1,0,0,0,0
AACGCAAAGTCAGAAGCACAGACAGGCA,GGTTGCCCAGAAGTA,,0.0,1,0,0,0,0
ACCTCAGGGTCAAAGGCACATACAGGTG,CATATGCATTCCTTG,,0.0,1,0,0,0,0
GGATCATCAACAAGCCCAGGTACAACTT,GTTGAACTGGTTGTT,,0.0,1,0,0,0,0
GGGACATTAGCAAAGCAAAGACATGTT,TCGAAAGCACAGTAG,,0.0,1,0,0,0,0
TAACCATCCGCAGCCACATCAACATGTA,CGATGATGATGATGA,,0.0,1,0,0,0,0
ATGGCAGATGCAACCACATCCACACGAT,GTGTGATTACTAAAT,,0.0,1,0,0,0,0
CTTCCAACCGCATACCCATCATCATCGG,CTATGCATTTACTCA,,0.0,1,0,0,0,0
AAGCCATGATCATTAGCAGGAGCATGTT,CTCGCTAATACTCCT,,0.0,1,0,0,0,0
CCTGCACCACCAGACGCATCTACACCTC,CATCAATGAGGCAGT,,0.0,1,0,0,0,0
TGAGCACGCTCAAGTCCACATTCAGCTC,ATGAAGTTCATAATG,,0.0,1,0,0,0,0
CGAGCAGAGGCATGATCAAGTCCACTTC,TAACCTCGCGCTGAG,,0.0,1,0,0,0,0
TATGCAGAAGCAAGTCCACCTGCAAGAG,CGAATGCCATACAAA,,0.0,1,0,0,0,0
GTCACAACAGCAAAGACAGATGCAACGC,TTTATAAATCAATAG,,0.0,1,0,0,0,0
ACGTCACTGACACACCCATGGTCAGCGG,CATCAATGAGGCAGT,,0.0,1,0,0,0,0
AACCCAATCGCACCTGCACGACCAATGC,GGTTGCCCAGAAGTA,,0.0,1,0,0,0,0
GCGGCAAGAGCACCAGCAAATACAGCGG,TCAAAACGGAGTGTT,,0.0,1,0,0,0,0
GTGCCATATACAGAGCCACGAACAAGAT,GCTGCTTATGAGGAT,,0.0,1,0,0,0,0
AGCACACAATCAAGCACATCGTCAAGGT,TTAGTCTTTCCATCA,,0.0,1,0,0,0,0
CAGTCAAAGGCACTCCCAGGCGCACCAA,AGTGTATGATAATAT,,0.0,1,0,0,0,0
CCCCCAGCGTCAATGACATCGGCACCAG,CATATGCATTCCTTG,,0.0,1,0,0,0,0
TCAGCAATAGCAGAGACATTGCCAACAT,TCAAAACGGAGTGTT,,0.0,1,0,0,0,0
ACTGCAGGCTCAGTTGCATCAACATTAG,GCCCTCGAAACCTAT,,0.0,1,0,0,0,0
GCATCAGAAGCACGAACAATCGCAATCG,CTTGCAAGTGTAATT,,0.0,1,0,0,0,0
ATAGCAGCAGCACTTGCAGCAGCAATAG,TAACCTCGCGCTGAG,,0.0,1,0,0,0,0
CCCTCAATCACAGTCCCATCCTCAAAGT,GTTGGGCGCTTAAAG,,0.0,1,0,0,0,0
ACAGCACGATCAAGTGCAACGTCAAGTT,GCTGCTTATGAGGAT,,0.0,1,0,0,0,0
TTGGCAAACCCAAAGTCATTTGCAAGCG,CAAGTTCGGCGAAAT,,0.0,1,0,0,0,0
TCCCCACGCGCAGCGGCAGTACCATTGA,ATAATTTTCATCCAC,,0.0,1,0,0,0,0
GCTGCAAGGCCATGTGCAGTAACAGTTA,CTATCAAGGCTTAAT,,0.0,1,0,0,0,0
GAATCACTTCCAGGAACATCGCCAGATA,ATGAAGTTCATAATG,,0.0,1,0,0,0,0
TGGACACCAGCAGGTTCACGCACACCTA,GTTTGTTTTGGGAAA,,0.0,1,0,0,0,0
ACAACAAACTCAGTGTCAATGCCACTCA,CCGTTAGTATCGCTA,,0.0,1,0,0,0,0
GGGACAAATGCAGCGCCACTGCCAAGAC,TCAAAACGGAGTGTT,,0.0,1,0,0,0,0
AGCTCACCAACAAATCCAAAGCCAGATA,GAACTCAGGTTCCAT,,0.0,1,0,0,0,0
TCCGCATCTGCATGGACATATACACTTC,CGAATGCCATACAAA,,0.0,1,0,0,0,0
AGTACAAGCGCAATTCCAAGCCCAATAG,CTCGCTAATACTCCT,,0.0,1,0,0,0,0
GATACAAGTCCAAAAACATACGCAGTCG,CCAAGACCGTGTAAA,,0.0,1,0,0,0,0
GGGACACAGGCAATGTCAGAATCACTAT,TATATTGAACTTTAC,,0.0,1,0,0,0,0
TTCGCAGGGTCACAGCCATCGACACATC,CCAGGATGTACCGCC,,0.0,1,0,0,0,0
GGGACAATCGCAGCGCCAAGGACATAGA,GAGTGCTTCAAAGTT,,0.0,1,0,0,0,0
TCAGCATTTCCAGGGACAATCACAATCG,TTTATAAATCAATAG,,0.0,1,0,0,0,0
AGGGCATTCGCATTTGCAGGATCACATG,GCTGCTTATGAGGAT,,0.0,1,0,0,0,0
GGAGCAGGCACAGATGCAAACTCACAAC,CTATCAAGGCTTAAT,,0.0,1,0,0,0,0
GGGACAGGGACAAATACAACCACATTAA,CTCTTGAGAATACTT,,0.0,1,0,0,0,0
GCCTCAGATACAAAAACAGTTCCACGGA,CTAAGCAGTCTTCTC,,0.0,1,0,0,0,0
GACACAATATCATCTGCACTCCCATAGT,ATAGAGCGGCGTTGA,,0.0,1,0,0,0,0
TGCTCATATCCACCGCCAAGGTCATACC,TCAACAACCTATGCA,,0.0,1,0,0,0,0
GTTGCAAGTCCAGGCTCAGCGCCAGGTG,GCTGCTTATGAGGAT,,0.0,1,0,0,0,0
TCGACAGGTACAGGACCACCGTCACCTC,AAAAGCGACATTTCT,,0.0,1,0,0,0,0
TTTGCACTGGCAGCTCCATAATCATAAG,ACCACCGGTCCTGCC,,0.0,1,0,0,0,0
GCAACACGGCCAGCCGCAGCTCCAGAAA,TCAAAACGGAGTGTT,,0.0,1,0,0,0,0
ATGGCATGTCCAGAGGCAGACTCAGAAA,CGATGATGATGATGA,,0.0,1,0,0,0,0
AGCTCAGAAACAGCCTCACTGCCATGTG,TTTATAAATCAATAG,,0.0,1,0,0,0,0
GTGGCATGCGCATTATCACATGCACGGT,GTTGAACTGGTTGTT,,0.0,1,0,0,0,0
ATCTCAGGATCACCAACATCTTCATAAG,CTCGCTAATACTCCT,,0.0,1,0,0,0,0
ATTGCATCGTCAATAACAAAGACAGTCG,CATCACCGTGCTCAT,,0.0,1,0,0,0,0
TCGCCACGGACACTAACACTAGCACGCA,AGAAGACGACGATGA,,0.0,1,0,0,0,0
ATCCCAGCATCAACCTCATACGCATCCC,TGGAGTCTTTGTTGA,,0.0,1,0,0,0,0
ACTACAATTCCAACTGCAGGTGCAGCGG,CCAAGACCGTGTAAA,,0.0,1,0,0,0,0
CCATCAATCACAATTACATCTTCAGCAC,GTTTAGCTTCCGTTG,,0.0,1,0,0,0,0
TCCGCAACGCCACGATCATAAACAGCCA,CTATGCATTTACTCA,,0.0,1,0,0,0,0
TGGTCATAGGCAACATCAATGACAGATC,CATCACCGTGCTCAT,,0.0,1,0,0,0,0
AACTCATATCCAAGGGCAATATCACGCG,GAGAATGAAGGACAG,,0.0,1,0,0,0,0
TGAACACTTTCAAAAACAAAACCATCAC,GTTTAGCTTCCGTTG,,0.0,1,0,0,0,0
CTTACAACTGCACGTTCATGGACAGGTA,TCATAGGTATCTCGC,,0.0,1,0,0,0,0
AGTTCACCCACACAGCCATCGGCAATCA,CATATGCATTCCTTG,,0.0,1,0,0,0,0
ACCTCAAGAACAATCTCAGTAGCAGAGG,TTAATTGCACTTATG,,0.0,1,0,0,0,0
GATTCAGAGTCATTTGCAGGATCAGGGG,CTTGATCAATCAAAA,,0.0,1,0,0,0,0
AGATCAGCAACACATACAACAACAACTT,ACCACCGGTCCTGCC,,0.0,1,0,0,0,0
TCCGCAAGTACAGAAGCAGTCACAAATC,ATGGCGATGGTCTTG,,0.0,1,0,0,0,0
CTAACACTATCATTCACAGCATCAAGAC,CCAAGACCGTGTAAA,,0.0,1,0,0,0,0
TACCCAGGAACACTCGCATAAGCATCGA,GCTGCGGAGCCTCAG,,0.0,1,0,0,0,0
TCTTCATGCGCACGCGCAAATTCATAAT,CGATGATGATGATGA,,0.0,1,0,0,0,0
CACACATTGACACGATCAGCAACACGAA,ATGGCGATGGTCTTG,,0.0,1,0,0,0,0
CCAACAGGGACATCAGCACAATCACCGA,GCTGCTTATGAGGAT,,0.0,1,0,0,0,0
GGCCCACGTGCAAATACATAGCCAAGCT,GAGTGCTTCAAAGTT,,0.0,1,0,0,0,0
CCCACATCGCCACTTTCAGGTCCAGCCA,ATAGAGCGGCGTTGA,,0.0,1,0,0,0,0
TTGACAGTCACAATTGCATTGGCAAGTC,GGTGGAAGTAGCAGT,,0.0,1,0,0,0,0
GAGACATTGTCAGCGTCAACATCACTTG,GAACTCAGGTTCCAT,,0.0,1,0,0,0,0
TGGGCAAGGTCAAGAGCACTACCAGGCC,GTACAAGAAATTTTG,,0.0,1,0,0,0,0
CGAGCATTGACATTTGCATCAACAAACC,CTCGCTAATACTCCT,,0.0,1,0,0,0,0
GCCCCAGGACCAGGCTCACTTCCAAACA,CGAACAGAAACACAA,,0.0,1,0,0,0,0
GACTCATACACATGGACACCAACATGAG,GCTGCGGAGCCTCAG,,0.0,1,0,0,0,0
AGGACAGGCTCATGGCCACAAGCATAAA,CCAAGACCGTGTAAA,,0.0,1,0,0,0,0
TACGCAGTATCAGAACCATGAGCAGTCC,TCAACAACCTATGCA,,0.0,1,0,0,0,0
TACCCATGCACAAAGCCAAAGCCAGAGT,TGGAGTCTTTGTTGA,,0.0,1,0,0,0,0
CACTCATGGCCAATCGCATCGCCAGGCG,ATAGAGCGGCGTTGA,,0.0,1,0,0,0,0
CTTACAGTTGCATGAGCATACACAAGTA,GTAATCTGACTCTAG,,0.0,1,0,0,0,0
AAAACACGGGCAGCAACAAGAACACGTA,GCTGCTTATGAGGAT,,0.0,1,0,0,0,0
GCAACAAAAACAACCCCATAATCAAATC,TACACCAATTACACT,,0.0,1,0,0,0,0
ATCTCATGCGCAATATCAAAGACAAGCC,CAATTTCAACGTTGT,,0.0,1,0,0,0,0
CCTGCATGGACAGGGTCAATTACATCGG,AGTGTTAATCAGACC,,0.0,1,0,0,0,0
TATTCAGCGTCAACATCAAAGACAAGTA,GAGTGCTTCAAAGTT,,0.0,1,0,0,0,0
TAACCAGCTCCAAAGCCAGTGCCACTCG,CTACTTACAACGGAA,,0.0,1,0,0,0,0
TGAACAGTGTCAGTGTCATGATCATCGG,ATGGCGATGGTCTTG,,0.0,1,0,0,0,0
GTGACACAAGCACTAACACACGCAGCTG,GAACTCAGGTTCCAT,,0.0,1,0,0,0,0
GATGCACTAGCACTTTCATCGGCACAAG,ACAGTTGACGGACAG,,0.0,1,0,0,0,0
TCCCCAGGTCCAATTTCATGCGCAGCCT,CTTGATCAATCAAAA,,0.0,1,0,0,0,0
ATATCACCGACAGGGTCATTTACAGTCG,CTTGATGGCTGAAAG,,0.0,1,0,0,0,0
GGATCAATCCCAAGTGCATGACCAGAAG,ACAGGGCAGCTCCCG,,0.0,1,0,0,0,0
CAAACAGATGCATCTACAAGCACACCAG,GCTGCTTATGAGGAT,,0.0,1,0,0,0,0
ACTTCACAAACAATCTCACTATCAAGTA,AGTTTATAAAAAATT,,0.0,1,0,0,0,0
ACTCCAAACGCACTAGCACAAACAACTC,GTTGGGCGCTTAAAG,,0.0,1,0,0,0,0
ATACCAAGGCCATGAACAGCTCCAGGGA,ACAAGTTTTACAGTT,,0.0,1,0,0,0,0
ACGACATCCTCAGGTCCAATCCCACTGC,CAAGGATCCCCGTAG,,0.0,1,0,0,0,0
GCAGCATTGACAGACTCATCTGCAGAAA,AGTGTATGATAATAT,,0.0,1,0,0,0,0
TAGTCAGCAACACGGGCACCAGCAAGAG,CTTGATCAATCAAAA,,0.0,1,0,0,0,0
CCCCCATTAGCAGGTGCAAGTCCATTCG,GCCCTCGAAACCTAT,,0.0,1,0,0,0,0
ATACCAAGATCACGCCCACAGGCACGGC,TTAATTAGAGGTATG,,0.0,1,0,0,0,0
TTGGCATCATCAACGACATGCTCAATGA,AGAAGACGACGATGA,,0.0,1,0,0,0,0
GCACCAGCGGCATCAACAGTACCAACCA,ATGAAGTTCATAATG,,0.0,1,0,0,0,0
GCAACACTTACAATAGCAGCCTCATTAG,CATTTATGGCTATCT,,0.0,1,0,0,0,0
CCAGCACAGTCAGAGTCATTTCCACCTA,CCAACACAGGCTTCG,,0.0,1,0,0,0,0
ACCACATACTCAACGACAGGATCAAAGA,CTACTTACAACGGAA,,0.0,1,0,0,0,0
GACTCAGGGTCATATACAGTCACACAAA,TCTTGGAGGTGAATG,,0.0,1,0,0,0,0
GTTACACAGTCAGAAGCATGCACAATAA,GAACTCAGGTTCCAT,,0.0,1,0,0,0,0
ACATCATCGGCAGAATCATGAACAATAG,ACAGTTGACGGACAG,,0.0,1,0,0,0,0
TGGACACTGTCAGTCACATCAGCACGTC,CTCTTGAGAATACTT,,0.0,1,0,0,0,0
AACGCAATTACAGTGCCACACACAACTT,TTTATAAATCAATAG,,0.0,1,0,0,0,0
ATTGCAGCGACATCATCAAAGCCAAGAA,ACAGGGCAGCTCCCG,,0.0,1,0,0,0,0
GCATCAGATGCACTAGCAGTCGCACTCA,ATAGAGCGGCGTTGA,,0.0,1,0,0,0,0
GAGCCATGGTCATATGCAGGTTCACAGG,TTAATTAGAGGTATG,,0.0,1,0,0,0,0
GACACAATCGCAAACACAGTCACATGTG,ATTATCATCGCCATC,,0.0,1,0,0,0,0
ACCGCACTCCCAGAAGCACTGGCACTTA,TCATAGGTATCTCGC,,0.0,1,0,0,0,0
GAATCAGCGTCATAACCAATCCCAACAG,CTTGATCAATCAAAA,,0.0,1,0,0,0,0
CGGCCACAGCCACCGGCAGGACCAAAAG,TCAACAACCTATGCA,,0.0,1,0,0,0,0
GGTGCACGATCAGCTACACAGCCACCGG,TCTTGGAGGTGAATG,,0.0,1,0,0,0,0
ACGTCACTCTCAGTAGCATGTCCACCTG,TAGACGGACATCTTC,,0.0,1,0,0,0,0
GTGTCACGCACATGACCATCCCCATATT,CGCGATCAATCCTCT,,0.0,1,0,0,0,0
AAGGCATTACCACGTACAGATTCAACGA,GCTGCTTATGAGGAT,,0.0,1,0,0,0,0
GCAACAAGCACAGGTGCATCGGCAGTTG,CTACTTACAACGGAA,,0.0,1,0,0,0,0
TCGGCACCAGCATAGGCATGGTCAAGTT,CCAAGACCGTGTAAA,,0.0,1,0,0,0,0
CGTACACGGCCATGTCCATGGACAGCCA,CTATGCATTTACTCA,,0.0,1,0,0,0,0
AGACCAGGTGCAACAACATCTCCAAAAG,GCTGCTTATGAGGAT,,0.0,1,0,0,0,0
CTCACACACGCAGTGCCATGGTCAAAAC,GTCACCGGCACTAAC,,0.0,1,0,0,0,0
ACAGCATTGGCAAAGCCAAGAGCAGTTA,ATAGAGCGGCGTTGA,,0.0,1,0,0,0,0
TTACCACAACCAGTGCCAAGGGCAACAT,ATAGTCGATTAAGAT,,0.0,1,0,0,0,0
ATGCCAATTACAGTTTCACAAACATCAT,GCTGCTTATGAGGAT,,0.0,1,0,0,0,0
AAGTCATCGACACAGTCAAAACCACATA,CTATCAAGGCTTAAT,,0.0,1,0,0,0,0
GAAACAGCAGCAGACACAGGACCATAAC,CCAACACAGGCTTCG,,0.0,1,0,0,0,0
ACGTCACGGTCACCAGCAAAAGCAGATG,ATAGAGCGGCGTTGA,,0.0,1,0,0,0,0
GATCCAGATGCATCCCCAGTGTCACGAA,TTTAACTCACCGTAA,,0.0,1,0,0,0,0
GGGGCAGGGTCAATTACAACGGCATAGG,TTTATAAATCAATAG,,0.0,1,0,0,0,0
CCCTCAAGGGCACACGCACGAACATGGT,TCGAAAGCACAGTAG,,0.0,1,0,0,0,0
CACGCAGGTGCACGTACAGATCCATCAA,CTTGATGGCTGAAAG,,0.0,1,0,0,0,0
CGAGCAACTGCAGCATCAAGTGCAGCGT,CCAGGATGTACCGCC,,0.0,1,0,0,0,0
AGAACACCTTCACCGTCATGGCCAGTCC,TTTTGCATTTAGGCG,,0.0,1,0,0,0,0
GAAACAGGATCAATTGCAAGAACAGGGC,CGAATGCCATACAAA,,0.0,1,0,0,0,0
GGCTCACATTCAAGGTCAACCGCATGCG,AGTGTTAATCAGACC,,0.0,1,0,0,0,0
TGGTCACGCGCAAGCGCATCCACATACC,CGTCAAGACCTTCTA,,0.0,1,0,0,0,0
TGAGCAGGTGCAATATCAGGTGCAGTTG,GCTGCTTATGAGGAT,,0.0,1,0,0,0,0
GTAACAAGAGCAGCAACACATGCATTAC,GGTTGCCCAGAAGTA,,0.0,1,0,0,0,0
CACACACATTCATCGGCATCCCCAGAAG,CCAGGATGTACCGCC,,0.0,1,0,0,0,0
TGAACACCGGCAAATGCACGCGCATCGA,ACAGTTGACGGACAG,,0.0,1,0,0,0,0
AGGTCAGGGTCAAACTCATCCGCACAAC,TATATTGAACTTTAC,,0.0,1,0,0,0,0
GCCTCAAGGCCATACTCACGCTCAAAAG,TTTTGCATTTAGGCG,,0.0,1,0,0,0,0
CGACCATCCACAAAAACAGTTACATAGC,TTTATAAATCAATAG,,0.0,1,0,0,0,0
TATACATGGACACGGTCAGTTACACACA,TCAAATGATGAGGAT,,0.0,1,0,0,0,0
ATCGCAGCGACAATTGCATTGACACTAC,TCAAATGATGAGGAT,,0.0,1,0,0,0,0
CAGACAGTGTCACGTTCATTGGCAATGG,ATAGAGCGGCGTTGA,,0.0,1,0,0,0,0
TTGTCAATCGCACCATCAAGGACATAAG,TTTTGCATTTAGGCG,,0.0,1,0,0,0,0
TATTCAGATACAGGAGCATCATCAGCTC,TCAAATGATGAGGAT,,0.0,1,0,0,0,0
ACGTCACGCACACATCCACGTCCAACAG,CGATGATGATGATGA,,0.0,1,0,0,0,0
TTACCACCATCAACAGCAAAATCACGAT,TCAAATGATGAGGAT,,0.0,1,0,0,0,0
GAAACAGTCGCAACGACACAGACAATCC,CAAGTTCGGCGAAAT,,0.0,1,0,0,0,0
GGTTCACACGCATCACCACTGCCAGTGA,CTTGATCAATCAAAA,,0.0,1,0,0,0,0
TCAGCACCTTCAGGCGCAAGTCCAAGCT,ACAGGGCAGCTCCCG,,0.0,1,0,0,0,0
ATTCCAAGTCCATCTCCAGCCTCACCTG,TCAAAGCATGAAAAA,,0.0,1,0,0,0,0
TCGGCACTAGCAGGATCATGGACAGCAT,TTTTGCATTTAGGCG,,0.0,1,0,0,0,0
GGGCCAAGGACACGACCATTCACATACG,TTAGTCTTTCCATCA,,0.0,1,0,0,0,0
GTTACATGGACATTGTCAATGCCAGGGC,GTCACCGGCACTAAC,,0.0,1,0,0,0,0
TAGTCAGGGGCAACTCCAAAAGCACCGT,CGATGATGATGATGA,,0.0,1,0,0,0,0
ATATCAGGCGCACAAACATTTTCAGGCC,TATATTGAACTTTAC,,0.0,1,0,0,0,0
TAGGCATATACAGATACATCGGCAGTAC,CTGATTTGTGCTGTC,,0.0,1,0,0,0,0
AATACACCATCACGAGCATCGCCAAACG,AGATTCATCCCATGG,,0.0,1,0,0,0,0
TAAGCACATTCATAGTCAAAGACAAGTG,TCAAAACGGAGTGTT,,0.0,1,0,0,0,0
GTACCAGGGCCAATGCCATACGCAGCCA,TCTTGGAGGTGAATG,,0.0,1,0,0,0,0
TCGTCAAGGGCAGATTCAGCTCCATATG,TTAGTCTTTCCATCA,,0.0,1,0,0,0,0
AATACACGCGCAGCGGCAGGGACAATAC,CTAAGCAGTCTTCTC,,0.0,1,0,0,0,0
CATACAGGCACACTTCCAAGTTCACGGG,TCAAAACGGAGTGTT,,0.0,1,0,0,0,0
ATGGCACGTGCACAAACAGAGTCACTAT,GTACAAGAAATTTTG,,0.0,1,0,0,0,0
ACGTCAGCGCCAACTGCATCATCAAAAC,CTATCAAGGCTTAAT,,0.0,1,0,0,0,0
TAATCAAGTACAGTGGCAGCCTCAACAC,TCAAATGATGAGGAT,,0.0,0,1,0,0,0
GGTCCAATTGCACGAGCAAATCCATCAG,CGATGATGATGATGA,,0.0,0,1,0,0,0
CAAGCAGCCGCATCGACAGCATCAAGTC,AGTGTATGATAATAT,,0.0,0,1,0,0,0
GTTCCATGATCAGGAACATTGTCATGAG,ACAGTTGACGGACAG,,0.0,0,1,0,0,0
AGTTCACCCCCATCCACAAATCCACGCA,TTAGTCTTTCCATCA,,0.0,0,1,0,0,0
TAGCCATGAACATGCTCAATAGCAGGCG,TCAAATGATGAGGAT,,0.0,0,1,0,0,0
GGAACATTGTCAATACCAGTCTCAAAAC,TATGCCCTTCTTCTG,,0.0,0,1,0,0,0
GGCACGGCCAAAAGCATGCTCAGTCC,ATGAAGTTCATAATG,,0.0,0,1,0,0,0
TACGCACGGGCACGGGCAAGCACAAGCT,TCAGAGCATTGGCCT,,0.0,0,1,0,0,0
ATATCAACCTCACATGCATAAGCAGACT,TCAGAGCATTGGCCT,,0.0,0,1,0,0,0
GGCCCAGGGTCAAGCTCATCTACAGGAA,CAAGGATCCCCGTAG,,0.0,0,1,0,0,0
GCACCAGCAACAAGATCAGTCACACATC,TGATCATCACGGGAC,,0.0,0,1,0,0,0
TCTTCACAGACATGTCCACAGACAGGAA,AGTGTATGATAATAT,,0.0,0,1,0,0,0
GACACAGGCACAAGTCCATCCACAACGT,TATATTGAACTTTAC,,0.0,0,1,0,0,0
GTTCCACCGGCAGTTGCACTGACATACC,ACCACCGGTCCTGCC,,0.0,0,1,0,0,0
CGAGCAGATCCACTATCAAGGTCAAGAA,AGAAGACGACGATGA,,0.0,0,1,0,0,0
GATCCATGGACACCCACAATATCAGAGA,ACAAGTTTTACAGTT,,0.0,0,0,1,0,0
AGGCCAACCCCAAGGTCAGCTGCACGCA,CAATTTCAACGTTGT,,0.0,0,0,1,0,0
ACGTCAGTTACATTCTCAAACGCAGTTC,TCAAAGCATGAAAAA,,0.0,0,0,1,0,0
GGAACAATTCCAAGCGCAAAACCACGGT,ATCGTTGGCATTTGG,,0.0,0,0,1,0,0
TCCGCAGTCCCAATTCCAAGGACATTGG,ATAGAGCGGCGTTGA,,0.0,0,0,1,0,0
AGGCCAATCCCACGGTCAACAGCATAGG,GCTGCTTATGAGGAT,,0.0,0,0,1,0,0
AAGCCAACGGCACATTCAGGATCACAAA,CCAGGATGTACCGCC,,0.0,0,0,1,0,0
GCCGCATGCGCAACAGCAAGGTCATTAA,ACAGTTGACGGACAG,,0.0,0,0,1,0,0
CAGGCAGGTACAACGACAATGTCAGATG,CTAAGCAGTCTTCTC,,0.0,0,0,1,0,0
GGCGCAATGCCACAATCACGAACACTAC,GAGAATGAAGGACAG,,0.0,0,0,1,0,0
GATTCATCGGCAGTACCAGGCTCAAAGA,CGAATGCCATACAAA,,0.0,0,0,1,0,0
AGGCCAGTTCCATTGCCACCCTCAGCCT,TTAGTCTTTCCATCA,,0.0,0,0,1,0,0
AACTCAGCCACATGGGCATTCGCATTTG,TCATAGGTATCTCGC,,0.0,0,0,1,0,0
TGTCCACAGGCACTCACAGGACCAACAC,TATATTGAACTTTAC,,0.0,0,0,1,0,0
TCCGCACTAGCACAACCATCTGCAAACG,TCAAAACGGAGTGTT,,0.0,0,0,1,0,0
AAACCATAGGCAAAGCCACGTACAATCA,GAGAATGAAGGACAG,,0.0,0,0,1,0,0
CAGGCACGATCAATCCCACGAACAGGAG,ACAGTTGACGGACAG,,0.0,0,0,1,0,0
TGCTCAATGCCAGCTGCAACAACACGTT,TCTTGGAGGTGAATG,,0.0,0,0,1,0,0
CTCGCACATCCAAACACAAAGGCACCTT,ATAGAGCGGCGTTGA,,0.0,0,0,1,0,0
CCCACAAAGACAGGTACACTGGCATAAT,GCTGCTTATGAGGAT,,0.0,0,0,1,0,0
GTTACATCCGCATAAACAACGGCATCCT,CCAAGACCGTGTAAA,,0.0,0,0,1,0,0
