BC,Edge,s,LL.ratio,TP2-1-T0,TP2-1-T1,TP2-1-T2,TP2-1-T3,TP2-1-T4
GTTTCACCATCACGTACAGCCTCACACG,CGAATGCCATACAAA,0.03528512020129255,0.0,5783,3908,18483,5833,23029
CCGTCACGTCCAAATACAAGACCACTAT,CTCGCTAATACTCCT,0.04187015934342557,73.46136795679377,4994,3291,16912,5843,25880
GTCTCAAAGGCAGCAGCACCATCAGAGA,GTCACCGGCACTAAC,0.03862800056515092,0.0,4267,2922,15017,4708,19423
GACGCACGGGCAGCAGCAGGACCAATTA,CGAATGCCATACAAA,0.03682972980560258,0.0,2551,1766,8492,2814,10806
GCTTCATGGTCAATCACATCTTCATGCT,CGAATGCCATACAAA,0.03466805645336592,0.0,1819,1266,5747,1836,7067
ACGTCATTGCCATTGCCAATACCAGCGA,TTAATTAGAGGTATG,-0.007894082477319453,0.0,4034,1731,5689,1197,2856
TGACCACATTCACCGTCATCATCACGGG,CCAGGATGTACCGCC,0.000142421174269347,0.0,2755,1329,4359,788,2690
CATTCAATGCCATCAGCAGACGCACATT,CCAGGATGTACCGCC,-0.004065965160711849,0.0,2459,1053,3616,755,2029
CAAACAACGTCACATACAAATACAGAAT,CTACTTACAACGGAA,0.0119697428435799,0.0,1677,898,3323,762,2628
AGTCCAGCAGCAGACACACGTGCATCGG,CCAGGATGTACCGCC,-0.004275092018497651,0.0,2366,957,3141,670,1936
CCTTCAAGATCATTCGCAGCATCAGGTC,GTCACCGGCACTAAC,0.03364653634405226,0.0,917,619,3078,846,3420
GTAACACGCACACCCTCATTCTCAGCGC,CTACTTACAACGGAA,0.012140781937430779,0.0,1381,747,2648,705,2179
AGGTCAACAACACAAACACGTTCAGTGA,GGTTGCCCAGAAGTA,-0.0016933595569997406,0.0,1704,783,2419,557,1546
TCAGCAACGGCATGAGCAAGGCCACACC,TCAACAACCTATGCA,-0.006091029613241328,0.0,1807,748,2504,525,1375
CACGCACCTACAGAAACAATCCCAGACG,GGTTGCCCAGAAGTA,0.0029980890795376245,0.0,1470,813,2520,545,1609
AATCCAGTGCCATGCGCATGCTCAAGTA,TCAAAACGGAGTGTT,-0.0033507265415322345,0.0,1630,696,2352,482,1384
ATAACAGAAGCATAGACAAGTCCATTCG,AGTGTATGATAATAT,-0.01576435728531007,0.0,1997,759,2325,425,1032
ACTGCAGTAGCAGGGACATTCCCACCAC,GTCACCGGCACTAAC,0.03607633993464879,0.0,635,449,2085,681,2610
CCTCCACAAGCAAACCCACGCTCAACAT,CCAGGATGTACCGCC,0.001551614576744153,0.0,1514,684,2154,539,1564
TGAGCACGGCCAAGTACAGGATCAAGAC,TCGATAGAATTTACT,-0.0006675135005051133,0.0,1462,705,2286,446,1382
ACAGCAGATACATTATCACCCGCAGAGC,ACAACCTACCTGCTA,0.0009542564289778837,0.0,1274,583,2151,475,1285
ATATCAGGGGCATAACCATAGGCAACCC,TATATTGAACTTTAC,0.000702262900042027,0.0,1350,599,1887,503,1348
GTAGCATCGGCACCCTCAGCTCCACATT,CAAGGATCCCCGTAG,-0.02231079842939223,0.0,1755,646,1843,344,698
TTAACAATGTCAGTTCCACTCACAGGCG,TTTATAAATCAATAG,-0.0008354725062977414,0.0,1163,534,1823,442,1092
GAGTCACGCACAGACGCAGGTGCAATGG,TTTATAAATCAATAG,-0.005408238860127757,0.0,1211,533,1894,386,947
GAAGCAATACCAGCAGCATCAACAGTTC,TTAGTCTTTCCATCA,0.0011450642282220922,0.0,1039,445,1603,379,1056
ATGACATGACCACGAGCACGCCCATAGA,CAATTTCAACGTTGT,-0.04595493238914898,0.0,2104,644,1234,192,325
CTATCATACGCACCCACAAAATCAGTAG,TATATTGAACTTTAC,-0.006459472961349856,0.0,1235,515,1465,334,926
GCTGCACGCTCATATGCATCTGCAGCTG,ATTATCAAGTGCCAG,0.0016880761394617804,0.0,1060,447,1504,353,1101
GCCTCAACTGCAAAGGCACTCACATGTA,TATATTGAACTTTAC,-0.005791386251041497,0.0,1144,473,1610,340,881
AGGACAGTTCCATCGACATCTCCAAAAA,TTAGTCTTTCCATCA,-0.0016534591989238795,0.0,997,412,1690,316,906
GTTCCAGTCTCATTCACAAGAGCATACA,TATATTGAACTTTAC,-0.003437024717531556,0.0,1001,445,1517,321,847
GAACCAACATCACAGTCAAGAACATTAA,TATATTGAACTTTAC,0.0042346807941480375,0.0,833,377,1501,351,958
ACGCCAAAGTCAATGGCATAGGCAACAG,TTTATAAATCAATAG,-0.0009675238590188821,0.0,894,449,1500,323,835
CACTCACCCACACAAACAATGCCATGAC,CAAGGATCCCCGTAG,-0.024319916969296983,0.0,1267,541,1404,190,465
TTCACATTCTCAAGTGCAAGAGCACTAG,GTTGGGCGCTTAAAG,0.0034092856597339512,0.0,834,408,1373,313,928
GGTGCAGATACAATTACACGTACAACCC,ACAGTTGACGGACAG,-0.0069409080528044734,0.0,1017,415,1333,315,748
GAGTCATTTGCAATGCCAACCTCACTAA,GTTGGGCGCTTAAAG,0.00040739735700567794,0.0,834,372,1314,342,823
TCCTCATTAGCACCATCAACGTCAGTTC,CGATGATGATGATGA,0.0004890124167368668,0.0,803,397,1369,286,795
AGATCAGCAACAGCATCAAGCACAAGGC,GTACAAGAAATTTTG,0.017800624685127532,0.0,564,317,1257,312,1116
GGTTCACCACAGCTGCATTGCCACGCA,TCTTGGAGGTGAATG,-0.02296892474142169,0.0,1221,476,1164,185,473
GCTACACCATCACCGCCAGTGGCAGGGC,AGTGTATGATAATAT,-0.028887195586988042,28.006879651946292,1292,426,1152,223,395
TAGGCAGGTGCAGTCCCAATGGCAATCG,CAAGGATCCCCGTAG,-0.02242634113107282,0.0,1167,440,1129,199,462
TTCACAATTGCAATGACAGATGCAGGTG,ATGGCGATGGTCTTG,-0.0074700482606672395,0.0,861,394,1217,249,620
AGAACATCCACAATCCCAGGCGCATCCA,ACAGTTGACGGACAG,0.007543311716829382,0.0,633,335,1229,273,831
AAAACAGAAACATTGCCAAAAACACGTA,GTTGGGCGCTTAAAG,-0.0009044570400219335,0.0,770,348,1216,236,721
TCACCATTAACACCAGCAATTACACC,ATGGCGATGGTCTTG,-0.0014872741836367003,0.0,798,358,1142,255,730
CTGCCAATCTCAACCCCAGGTCCAAACC,TATATTGAACTTTAC,-0.0028504455912587994,0.0,785,365,1132,221,680
AATGCAGTGTCAGGAACAAAACCAGACA,AGTGTATGATAATAT,-0.02032999674567524,0.0,1029,382,1139,181,443
ACAACAAAAGCACGGCCAGCCACATTTG,ATGGCGATGGTCTTG,-0.000401415003161354,0.0,695,344,1168,248,664
TGATCAGGATCAGGATCATGTCCAAGGC,TCAAAACGGAGTGTT,0.0023126335709291006,0.0,662,300,1156,272,705
TATCCAGGATCAAGTCCAGATTCAGGGC,ACAACCTACCTGCTA,-0.0028332695241376723,0.0,781,316,902,218,677
GTCTCAAACGCAAACACATCATCATATA,ACAACCTACCTGCTA,-0.00277735583820169,0.0,663,326,1071,250,576
CATCCAGGAGCAGTGCCATTTTCAGCAC,CTCGCTAATACTCCT,0.012429249629426865,14.83376210896131,520,236,976,261,830
TGCACATGGTCAGTTACAGAGCCAATAG,GCTGCTTATGAGGAT,0.0032993177684179195,0.0,575,339,1063,197,637
GTATCAAGTCCATTGTCAGCGGCATTGT,GCTGCTTATGAGGAT,0.000862581551744057,0.0,607,284,1041,230,610
CAAGCAGCACCACTTCCATGAGCACAAC,TCAAAACGGAGTGTT,0.007535532894609953,0.0,557,266,945,248,731
ATTGCAGGTTCAGAACCACTGGCAGAGA,TGATCATCACGGGAC,-0.009689701297736296,0.0,774,276,965,221,510
ATCACACGGTCAGAAGCACGATCAGCCG,ATGGCGATGGTCTTG,-0.00708099103038642,0.0,685,303,1018,225,501
AGCGCAGTACCACCGACACTCGCAGCTC,CATTTATGGCTATCT,-0.007066473647547911,0.0,701,321,982,183,513
TCAGCACAGCCATTAGCACTGACAAGGA,ACAACCTACCTGCTA,0.0012819843635941905,0.0,638,265,934,208,652
TGACCACAATCACGGACACAACCATGAA,CCAGGATGTACCGCC,-0.0022946940260590853,0.0,665,345,895,193,589
TCTGCACGTACATAGACAGCTACAAGGC,TCAAAACGGAGTGTT,-0.001655888673123385,0.0,602,272,976,214,547
ATCGCAGGCACAGATCCACCCTCACTAA,CCAAGACCGTGTAAA,-0.011849416394375888,0.0,776,282,857,188,469
TAAGCAAGGGCATGGTCATAAACACAAC,AAAAGAAAAATGTAT,0.00019484126744659857,0.0,557,283,951,208,545
TGTACATGGCCAAATCCACAAGCAGGGA,ACAGTTGACGGACAG,-0.0002903615611177684,0.0,570,303,954,170,547
GTCTCATCCACAGTGACAGGACCAGTAA,TATATTGAACTTTAC,-0.004389698820046851,0.0,620,287,863,217,505
AAATCAACCACACTCTCATCATCAAATA,ATTATCAAGTGCCAG,0.005018553020134586,0.0,541,259,845,204,642
CGGGCACGACCAAGGGCATGTTCACCTG,TCTTGGAGGTGAATG,-0.022182513909002968,0.0,858,324,789,143,343
GTTGCATGTTCAGACACATCGTCAGTAA,ACAACCTACCTGCTA,-0.003615623482764296,0.0,613,262,858,176,515
TTATCAGGTCCAACCACACTGGCATGAG,ATGGCGATGGTCTTG,-0.004448773712851861,0.0,667,268,726,205,542
CGTGCAATCACAAGTACATCGGCAAAAT,CTCGCTAATACTCCT,0.02521904148790426,0.0,305,176,894,219,812
GCTTCAGTGCCAAGAACACTTACAGAGA,TCAAAACGGAGTGTT,0.001497637095278503,0.0,552,261,802,197,569
CCCTCAATCACAATCGCAAATTCACAAG,TATATTGAACTTTAC,-0.011323718791030868,17.991238823922686,627,241,977,143,387
GGTACATGCGCAAAATCATCACCAAGC,ACCACCGGTCCTGCC,0.0018549344107974264,0.0,504,278,857,184,527
GTACCATAGACAGTACCAGGAGCATGTT,CGATGATGATGATGA,0.0026134033608839814,0.0,501,229,826,179,540
ATCACAGAATCATGAGCACATACAGGAC,ACCACCGGTCCTGCC,0.0041360158752264285,0.0,481,218,813,192,551
GCCGCATCGCCAAACTCACGAACAAAGA,CAAGGATCCCCGTAG,-0.034004686828361844,21.046929363453273,867,314,735,117,216
TCCGCATGCCCATCGGCAGGAACACGGG,ACAGTTGACGGACAG,0.001223838687789169,0.0,511,213,775,195,521
GGATCAGACTCACGCACAATCCCAGAAA,CGATGATGATGATGA,0.0013810210677620558,0.0,500,247,790,165,513
AGCACAAAATCAGTACCAGGGACAGTGT,TATATTGAACTTTAC,0.005602248146241906,0.0,489,215,731,175,594
CTAACAGGTGCAAAGCCATCTACACGTA,TCAAAACGGAGTGTT,0.00031598708581159784,0.0,536,178,779,169,527
TTCGCACGTACACCGCCATGGGCAATCG,TATATTGAACTTTAC,-0.004701266553217698,0.0,542,219,795,177,436
TGGACAATAACACAATCAGATACAGCCA,GTACAAGAAATTTTG,0.019923403524978435,0.0,331,188,737,200,713
CCGTCATCGCCACGGCCAAATCCAAGCC,TCAAAACGGAGTGTT,0.0032770010575934984,0.0,468,212,810,153,518
GGCGCATTCGCAGGTACAATCGCAGTGA,TATATTGAACTTTAC,0.0013923496009385027,0.0,529,203,711,170,543
AAATCAATGACAGTTGCAAGGTCAGCGG,TCAAAACGGAGTGTT,-0.00020418080052357927,0.0,486,203,752,182,468
AAGCCACATGCACTGTCACATGCAATTG,GTTGGGCGCTTAAAG,0.0017789782435001732,0.0,471,218,712,164,491
TCACCAGCCACAACGACAAATGCAAACT,TATATTGAACTTTAC,-0.0022360253028475,0.0,508,227,697,164,451
CAGCCATCCTCAAGAGCAACTCCAAGTA,TATATTGAACTTTAC,0.007549225636471468,0.0,412,182,726,172,541
TGCGCAACATCAAGGGCAGAATCAAGAT,TATATTGAACTTTAC,0.00021422057978430758,0.0,433,244,777,125,424
ACGACAGCCGCAGTGTCAAATGCAACGT,ATGAAGTTCATAATG,-0.020898985868321663,0.0,701,245,628,131,295
TACGCACAGCCAAACGCAAGATCACCAC,TTTATAAATCAATAG,0.0029796313662897806,0.0,448,213,661,160,490
GGCCCAATAGCAGCCGCAAAATCAGGAA,TATATTGAACTTTAC,-0.001113371904795457,0.0,476,196,695,140,442
CGACCACGTTCACGGACACTCCCAAAAG,AAAAGAAAAATGTAT,0.003314308385851272,0.0,424,208,690,156,470
CTGGCAATCCCACACACAAAAACAATAT,ACAGTTGACGGACAG,-0.0004941065960904381,0.0,457,189,687,161,435
AGCCCACAGACATAAGCATATTCAGTGG,TATATTGAACTTTAC,0.003981272981760918,0.0,455,206,619,129,518
ATAACAACCCCATATTCAATGGCACGAT,CATTTATGGCTATCT,-0.010847660180172225,0.0,550,256,631,141,346
ATACCATGTACAATGACATGACCAGGAC,TATATTGAACTTTAC,-0.004301041594168243,0.0,471,214,704,144,385
TAGGCAAAAGCAGCTTCACCCACACTGG,ATTATCAAGTGCCAG,0.000957669398266448,0.0,456,199,678,115,460
GTGCCAGGTTCATGACCAAAACCATCAT,ACAACCTACCTGCTA,0.003832512212245142,0.0,410,194,694,135,464
ATCGCATTCTCACATCCATGGACAGCAC,ATGGCGATGGTCTTG,-0.002905613250779494,0.0,457,201,660,175,395
AGGACAAGCACACGAACAGAGACAGATT,CGAATGCCATACAAA,0.034043303767627736,0.0,204,119,547,214,773
TCGACATAAGCAGGTACAGCCACAAGTA,ACAACCTACCTGCTA,0.004449827527004447,0.0,400,224,629,138,464
AGCCCAACGCCACAACCACGATCAGAAA,AATGATACCATTTTT,-0.023898317623343088,0.0,643,265,605,82,240
GCTCCAAATTCAAACTCATATGCATGAG,TTAATTGCACTTATG,0.0036905958350025745,0.0,415,171,635,142,467
GCCACATCCACATTACCAAAAACAACAG,ATGGCGATGGTCTTG,-0.007522833475582358,0.0,533,175,574,149,383
ACGCCATCGGCATGGGCAAGCGCACGGT,AGTGTATGATAATAT,-0.019369992992706656,0.0,570,226,588,140,255
TCTGCAAAATCAATATCACAAGCAAATG,GTTGGGCGCTTAAAG,-0.005216830588451572,0.0,467,208,615,111,368
GTCGCACAGGCAGGTGCACTTACATGGT,AAAAGAAAAATGTAT,-0.004322595463593682,0.0,431,190,632,163,352
AACCCACGAGCAGCAACAGATCCACTAA,AAAAGAAAAATGTAT,0.001105187587008527,0.0,407,225,585,128,413
ACGTCAGTAGCAGGCGCAACAGCAGGTT,GCTGCTTATGAGGAT,-0.0020625840415339873,0.0,415,194,631,110,371
TGCGCATAGACAGTAGCAGGAGCAAAGA,ACAACCTACCTGCTA,0.00477103108895065,0.0,360,200,623,110,423
CAGGCAAGGGCAACATCATGAGCATTCA,GAGTGCTTCAAAGTT,-0.010528715093359554,0.0,452,222,626,113,288
AACGCAAGGACATGCGCATCTACAATTGG,CGATGATGATGATGA,-0.00337759992130855,0.0,382,169,679,137,324
AAACCAGGCGCATTAGCATAAGCATAGC,AGTGTATGATAATAT,-0.01727165567215121,0.0,520,175,596,132,253
TGACCAATCCCAGCCTCAACGTCATTAA,GTTGGGCGCTTAAAG,0.006038583666949714,0.0,360,153,584,97,445
GATGCAGGCTCAACTTCAAAGGCAGCAG,CGATGATGATGATGA,-0.0053166028541971515,0.0,423,188,518,132,332
GTGGCAAGTGCACTGGCAAAAGCAAATA,ACAGTTGACGGACAG,0.004455352999454808,0.0,312,159,544,139,362
TCGCCATTCCCAGGGTCATCTCCAGCTT,AGTGTATGATAATAT,-0.01767523709074534,0.0,447,173,579,96,214
TAATCAGCTACACCGCCACCAGCAACCG,AGTGTATGATAATAT,-0.025226893198466226,0.0,534,211,479,96,189
TGCTCATAGTCACCACCAAAAGCAAGTT,ACAGTTGACGGACAG,0.007022188106070248,0.0,322,178,505,90,414
TGGACACGGGCAAATGCACGTTCAACGA,TATATTGAACTTTAC,-0.011572584728397239,11.995735419076482,414,146,534,105,253
ATGACACTAACAATATCAGATCCAAACG,ATTATCAAGTGCCAG,0.006430928967185779,0.0,309,153,509,89,388
TTCGCAGAGACAGATACAGGACCAGCGT,CTTGATCAATCAAAA,-0.006190941915564551,0.0,380,159,492,105,288
GCTACACGGACAACGGCAGCGGCATCTT,CGAATGCCATACAAA,0.03177542079293334,0.0,165,104,428,152,571
AGATCAAGCTCAACAGCATAGTCACCAC,ACAGTTGACGGACAG,-0.005861250054330759,0.0,362,147,517,94,278
GGTACAGACGCAATCCCATCGGCAGTAA,GAGTGCTTCAAAGTT,-0.021787705431218062,0.0,522,142,445,70,212
CCTACACGGACATGTTCAATAGCATCGT,GTTCAGCTTTGATCG,-0.04649562107075167,0.0,688,174,352,52,104
TGGGCAGCAGCAGTGGCACTCACAATCT,AGTGTATGATAATAT,-0.01833831683012379,0.0,444,163,484,66,207
ACCACACGTGCAATTGCATGCGCACCAT,AGTGTATGATAATAT,-0.01486453032777724,0.0,420,153,496,57,225
AGGTCAAATGCACAGACAGGGTCATTAC,TATATTGAACTTTAC,-0.0072979396760922905,0.0,371,152,464,95,269
TAATCAGGTCCAGGATCAAGGGCAGCGC,TATATTGAACTTTAC,-0.006569057800387945,0.0,359,136,466,104,268
ATTGCAAGGTCACTCTCACAATCAACGA,GAGAATGAAGGACAG,-0.025540923845290543,0.0,515,159,389,82,180
AAACCACTAGCAAAAACAGTTACAGTGA,ATTATCAAGTGCCAG,0.0011711170617641157,0.0,287,170,472,94,292
AACACAGGTGCAAGCTCACTTCCAGTTG,TCTTGGAGGTGAATG,-0.02536612801601019,0.0,483,149,440,61,170
GTGACACAAGCACAACCACCAGCAGAAC,ATGAAGTTCATAATG,-0.03513778573318547,0.0,420,162,531,87,100
AGCCCAGATTCAGCTCCAATGTCATAAC,AGTGTATGATAATAT,-0.015131397854423878,0.0,383,177,433,85,203
TCAACAATTGCAGGAGCAGGAACAATTG,GTTAAATCAACAGTT,-0.0302300907639681,0.0,497,186,381,73,144
AGGTCAAGATCAGAAACAGAGACACGGG,TCATAGGTATCTCGC,-0.05880154139911715,0.0,671,165,308,34,62
GCGTCACTGTCAAGAGCATCAACATCAA,TATATTGAACTTTAC,0.0014640158208788943,0.0,238,144,498,106,245
GCAACATCTGCATTGCCAAAGGCAATTG,CAAGTTCGGCGAAAT,-0.17171100023107166,0.0,1062,95,52,4,0
TGGGCATAAGCAGCATCAACAACATGTG,TCTTGGAGGTGAATG,-0.021928704622402505,0.0,416,166,400,57,168
CAGGCAGAGTCACCAGCAACCGCAACAA,CTTGATCAATCAAAA,-0.014213464808459086,0.0,331,162,430,75,182
GTCACACGACCAGCGGCATCGTCATTGC,TGATCATCACGGGAC,-0.01289698012784135,0.0,333,134,428,92,193
ATGACAATACCACTAACACCAGCAGTTC,ACAGTTGACGGACAG,-0.0005244795800231974,0.0,284,114,387,119,270
TCGACAACTGCAGGTTCACTCACACTAA,TCAAATGATGAGGAT,-0.037935091171211494,0.0,512,158,359,32,109
CTCGCATTGCCAACGGCAATGTCAGTAC,CCAGGATGTACCGCC,0.0018343929655074255,0.0,268,96,406,114,280
ACAACAAACTCACATGCACGCGCAGGCC,ACAGTTGACGGACAG,-0.0023638242862978444,0.0,257,106,463,79,227
TCAGCAGGTACATGATCAGACGCAAAAC,CTTGATCAATCAAAA,-0.012289047436573686,0.0,325,145,386,74,193
TGGGCACTGGCACATCCAAATTCACCGT,ATGGCGATGGTCTTG,-0.0011730734257050738,0.0,258,117,423,85,239
TCGGCACAGGCAGGGCCACGACCAGTGG,TCATAGGTATCTCGC,-0.045016316352348686,4.653260695748031,530,141,315,46,85
GTACCATTAGCACAAACACCAGCAGCTC,TATGCCCTTCTTCTG,-0.048641616704698215,39.22045218921971,519,161,319,43,72
TCATCATCCACACGATCAGGACCATTCG,AGAACATCATCTACA,-0.030994561690672093,0.0,395,133,382,77,111
ACAACAGGTGCATGAACAGTTTCATGAG,GTTAAATCAACAGTT,-0.04335038740748636,0.0,455,140,384,40,78
AGTCCATACTCATTGACAGGCACACTTG,ATGGCGATGGTCTTG,0.002514603290127315,0.0,231,131,374,87,248
TATTCAGCAGCATGTTCAATACCAGTCG,AATGATACCATTTTT,-0.02312077323100714,0.0,361,129,348,70,139
TAGCCAGCCACAAGGTCACAACCAATTC,TCGATAGAATTTACT,-0.036595485017858836,140.25316407422906,512,131,251,36,115
GAAACATTGCCAAATGCACGATCAGAAC,TCGATAGAATTTACT,-0.006333959343281981,0.0,280,110,356,84,211
GACGCATTATCAGATTCAAGCTCACCGG,TCTTGGAGGTGAATG,-0.03431381825936668,2.919973610845773,382,132,357,60,94
AAACCATAAGCACGTGCATAAGCAGTCT,ACAGTTGACGGACAG,-0.0045275921646793955,0.0,279,90,337,68,226
CATGCAATAACACCAACAGCTGCACGAC,TCTTGGAGGTGAATG,-0.031805798940026685,0.0,397,118,328,48,108
TGGTCACTTCCACCAGCAGGGACAACCT,AGAAGACGACGATGA,-0.06944548871181425,0.0,497,146,289,36,30
ATAACAGGCTCAGTCCCAGATACAAACT,AAAAGAAAAATGTAT,0.005359171047531186,0.0,202,100,371,78,243
TCGACACTGACATGATCAGGCTCAGTGC,CAATTTCAACGTTGT,-0.03322789997665245,0.0,393,129,288,64,101
GGCCCACGTCCAACGTCAATATCAATCG,AGTGTATGATAATAT,-0.014881371015514101,0.0,297,129,305,66,159
CTCGCATCTGCACGGCCATTAACAGGGG,TCTTGGAGGTGAATG,-0.022618403535373255,0.0,308,106,350,61,121
TATACAGTGGCAAACTCAGACGCACACT,TCAAAACGGAGTGTT,0.0008553368879601567,0.0,215,100,351,63,216
GAACCACAAACAATGCCAAGTGCATCAA,TCAAAACGGAGTGTT,-0.02276085406323918,43.23474514969985,320,102,337,57,125
GGCTCACATACATCTCCAACCGCAGTCA,TCAAATGATGAGGAT,-0.03200870715933533,0.0,378,129,287,35,102
CTTGCATTATCAGAAGCATAGGCAGTCA,GAGAATGAAGGACAG,-0.015055128455543732,6.369870674895537,316,90,296,51,168
ATGGCAGGGGCAATGGCAAATGCACGTA,AAAACATTATCAAAG,-0.054246780952815724,0.0,451,122,227,46,50
CGGGCACAGCCAGTGACATGGTCATTTC,CTTGATCAATCAAAA,-0.025473877207719854,10.876957740432772,331,86,287,65,116
GCAGCAGCTTCAGGCCCACGGCCACAAC,GTTCAGCTTTGATCG,-0.04343428010366069,0.0,398,129,260,28,68
CAGTCACCAACACCGGCAAGAGCATTTA,AAAACATTATCAAAG,-0.04829603099073436,0.0,455,106,215,28,64
ACGGCATAGCCAGAGTCAGGATCACGTA,TCATAGGTATCTCGC,-0.05588388193985343,0.0,443,100,243,34,46
TACACAGGGCCAGAGCCAAAACCACCTG,TCTTGGAGGTGAATG,-0.03422106564225828,2.8461649574278454,332,99,284,54,82
AGAGCAAAATCAGAAACAATTGCATACA,AAAAGAAAAATGTAT,0.00024670062206428797,0.0,205,86,297,51,201
TTTTCAAGGTCAAAGGCACGCGCACAGC,ATCGTTGGCATTTGG,-0.08429060714250627,0.0,510,105,193,13,17
GGCCCACGGTCACACGCATCTGCACTCC,TGATCATCACGGGAC,-0.019766487822918455,0.0,243,125,302,47,107
GCAGCAACTCCAAGGACATCGGCATATG,TCATAGGTATCTCGC,-0.05322731219426581,0.0,407,111,223,32,47
CCTGCAGTCCCAGCGACAAAATCACGCA,GTTGGGCGCTTAAAG,0.0048511355899303775,0.0,179,79,266,62,211
CTCTCACCTACAGGATCAGAAGCAAGCC,CCAGGATGTACCGCC,-0.005592504920108387,0.0,219,82,268,51,170
GACTCAAAGTCAGTACCACCTACAGACG,GTTAAATCAACAGTT,-0.0331129531165838,0.0,275,104,294,44,71
CTTTCAGTAGCATCAGCACATGCACGCT,CGATGATGATGATGA,-0.010629076528826074,0.0,208,98,307,40,132
ATTGCATAGTCAAGGCCATGCCCAATGT,GAGAATGAAGGACAG,-0.008035095671554781,15.640615629695958,250,73,222,52,176
TATACAGGGGCAAGAGCAAGTGCAGAAT,CTTGCAAGTGTAATT,-0.0279372894023038,0.0,296,108,222,28,94
ACACCAGCCCCAGTTACAAGGGCAGCAG,CTTGCAAGTGTAATT,-0.054991355311512224,12.510745895003765,381,85,214,23,41
TTTCCATGCTCAGGGACAAACCCATACG,GGTTGCCCAGAAGTA,-0.013825805254955425,16.366796789495766,231,96,236,49,129
CTGGCATGCACACTCGCAACGCCATAGG,TCAAATGATGAGGAT,-0.05378144178996598,6.964443467245928,363,94,205,33,41
GCCCCAAACTCAGCTTCACCGACATAAA,CAAGGATCCCCGTAG,-0.016258221446200528,0.0,225,89,255,49,114
CTAACACGAACAGCGTCACGTGCAGTCT,AGTGTATGATAATAT,-0.025331195826944763,0.0,244,61,260,57,86
GTTTCAGTGCCAGGTCCAGGGTCACCAT,ACAACCTACCTGCTA,-0.0010924776286105548,0.0,184,62,228,54,171
TTGCCAGAAGCAGTCGCAGCGCCAGTCA,GGTGGAAGTAGCAGT,-0.1698513137041593,0.0,610,54,31,1,2
AGATCATAAACATACACACGTCCACTAC,TAATATTGTTTTGCG,-0.08103156169592521,0.0,474,80,111,12,18
GCAACAAAACCAAACGCAAAGGCATAAG,TTTTGCATTTAGGCG,-0.0026639769590668834,0.0,165,74,245,64,144
CAACCAGAGACAAACACAAGTACATTCT,CGATGATGATGATGA,-0.0029892515533683104,0.0,166,71,257,53,143
ATGCCATATACATAGTCATCTTCATAAA,TCTTGGAGGTGAATG,-0.005861250054330759,18.568897149109034,181,87,233,40,139
GCAACATGAGCATACGCAATAACACCCG,TCATAGGTATCTCGC,-0.08039050093059177,11.109209139176073,385,102,160,15,15
AAACCAAGTACAGCCACAGATTCACTGA,GTTCAGCTTTGATCG,-0.04442231301639618,0.0,274,105,201,39,45
ATGGCACAACCAGACACATCAGCAGGTC,CGAATGCCATACAAA,0.02810640266225311,0.0,85,50,189,64,254
GAGTCAGGATCAGGGTCACCATCAACCG,AGTGTATGATAATAT,-0.016039879446981643,0.0,225,73,183,43,115
AGCGCACTAACAGGCACAGTAACACAAA,ACAGTTGACGGACAG,-0.009545668691651875,0.0,169,92,225,41,112
GGAGCAGAGGCACAATCATGTACACGCT,GAGAATGAAGGACAG,-0.04016079609642298,4.833636575892115,267,91,198,30,52
CAATCAGTTTCAGGCGCAAAGCCAAGAA,GAACTCAGGTTCCAT,-0.02248506988598917,0.0,238,68,205,29,94
GTCCCAAGGGCAAATACACTGACATCGA,AGTGTATGATAATAT,-0.025355773905280276,0.0,213,69,238,39,75
ACGCCACTTTCAAGCACAGAACCATCTC,GTTGGGCGCTTAAAG,-0.0029352273596685357,0.0,139,78,242,45,120
CCTACATATGCAAGACCATAGTCATAGT,TCAAAGCATGAAAAA,-0.051582286651251794,0.0,300,77,183,25,37
GGTTCAGTATCACTAACACTTGCAAGAA,AGATTCATCCCATGG,-0.07592777283910927,5.610809305639009,365,95,124,19,17
CATTCACCCGCATACACAAGATCAAGGT,GGTTGCCCAGAAGTA,0.004422445267969068,0.0,126,83,196,69,146
ACACCATACCCACCCGCATCACCAAATA,AGTGTATGATAATAT,-0.014909133372614791,0.0,187,80,207,43,100
GCCTCAGGGTCAGTAACATCAGCATTGT,TATATTGAACTTTAC,0.014048676398352434,11.384589691653673,101,63,215,50,172
GTGTCATCTACAGAAGCATGTGCATCTC,ATTATCAAGTGCCAG,0.012038955492624015,0.0,98,56,236,57,154
TGTGCAAGATCAGTAACAATACCACGCA,TCATAGGTATCTCGC,-0.053343748242465856,0.0,261,88,195,21,30
CGCACAACCGCAGTTACACGGTCACTAG,CTTGATGGCTGAAAG,-0.020177159155506108,0.0,187,95,194,16,81
ACCACAGGAGCACTAGCAAGGACACGAT,AGTGTATGATAATAT,-0.015568802251944656,0.0,144,67,253,31,75
GTGTCATGCGCACTAGCACTAGCAGGGG,TATATTGAACTTTAC,0.006433925670815399,0.0,129,48,191,37,162
CGAACACCGCCATGTACATGAACAAGGG,ACAACCTACCTGCTA,-0.0036195072795718545,0.0,125,89,214,31,105
AGTGCACCAACATTCCCAAGCACAAATC,CCGTTAGTATCGCTA,-0.11130404252430481,0.0,421,60,69,6,6
TAAACAACGACAGGTACAGTGGCAGTCC,GGTTGCCCAGAAGTA,-0.037643921107961865,87.0508620199139,260,80,140,26,56
ATGTCAGGATCACGAACAATGACAGTCC,GTTCAGCTTTGATCG,-0.04202402333358912,0.0,260,81,148,25,47
AGACCAGATACACAGACACCTGCAAATT,CTTGATCAATCAAAA,-0.01215600173287814,0.0,134,93,217,37,80
GCGCCAAGCGCACAGACATAAGCAATAC,AGAACATCATCTACA,-0.03686260752035926,0.0,225,77,169,39,50
GGTACAGTCTCAAAGTCAAGACCAGACT,ACCACCGGTCCTGCC,-0.004962921982190791,0.0,152,60,162,59,121
CGGCCACAAGCACGTGCATACTCAGACT,TATGCCCTTCTTCTG,-0.0129637078136946,0.0,173,51,203,25,100
GCTTCATCAGCAAGGCCAGTCTCATGCT,CTTGATGGCTGAAAG,-0.06357597835613002,27.276018298412964,262,71,175,22,20
CCGACAAACACAAACGCAAGGACACACA,TATATTGAACTTTAC,-0.0005767659380879536,0.0,117,59,205,50,111
GATCCACCTCCAAACGCACGGTCACGAC,GTTGGGCGCTTAAAG,-0.010736202915380553,6.587829733331091,163,55,174,41,103
GCGACAATCCCATCGACATAGTCAAGGA,TCTTGGAGGTGAATG,-0.031819670341820885,0.0,217,68,164,24,59
GCATCATCCACACGCGCACGATCAATCT,GAGAATGAAGGACAG,-0.050214669668615694,17.306902125969373,261,73,136,20,34
GGGACAACCCCACAAACACATGCAGTTA,TCAAAGCATGAAAAA,-0.05476339438019755,0.0,221,62,179,22,24
TACACAATCGCAGAATCAAAGTCAAGGC,CAAGGATCCCCGTAG,-0.01643644643951514,0.0,163,54,182,22,82
TCATCAGGTTCAAACCCACGCGCAGCCT,ATCGTTGGCATTTGG,-0.07458750569687254,0.0,298,78,102,9,14
AATGCACCCTCATGCGCAATGCCAGCCT,TCAAATGATGAGGAT,-0.0385256245788983,0.0,202,67,167,16,42
GTGGCAACACCAAAGGCAGCGACAAGTG,CTTGATGGCTGAAAG,-0.028371310281894435,0.0,157,71,184,33,49
GCAACATAGCCAGGTCCAGGAGCAGTTA,TCATAGGTATCTCGC,-0.05899066174672281,0.0,229,50,174,18,21
CCGCCAGAATCAAGCACACCAACACATC,GTTGAACTGGTTGTT,-0.05003234438923436,0.0,221,65,145,31,29
CCGCCATTCTCAGCTGCAAGTTCAGGAA,TCAAATGATGAGGAT,-0.02747230389639717,6.67331435566166,170,58,181,25,55
TCGCCAGCCTCAAAGCCATCGGCATTTG,GTTGGGCGCTTAAAG,-0.005543533307975057,0.0,126,37,191,32,98
CCAGCAAGTGCAGGGGCACAGACAAAGT,ACAAGTTTTACAGTT,-0.04588028770702601,0.0,213,70,149,15,33
TGCTCAGGGTCACTAGCAACGCCACGGC,ATAGAGCGGCGTTGA,-0.038630732995236006,0.0,227,74,103,13,47
TCGGCATCGACAGTAACATAGGCAGCTA,CTTGATGGCTGAAAG,-0.031845840133805495,0.0,162,60,160,36,44
GGGCCACGTACAAGGTCACGCACAAGAG,ACAGTTGACGGACAG,-0.006032546454337396,0.0,118,50,165,37,90
AACACAGAGTCATTCTCACCGGCATAGT,TATGCCCTTCTTCTG,-0.02246914936071065,0.0,167,62,143,18,66
ATTGCATTAGCAGTCTCATGACCAACCC,TCATAGGTATCTCGC,-0.06545932952676503,0.0,226,70,126,17,16
CTAGCAATTGCAGGACCACCGTCACCTT,ATGGCGATGGTCTTG,0.000969743776670696,0.0,108,50,135,43,109
ACCACAGGTGCAGGCCCAAACCCATATT,TAATATTGTTTTGCG,-0.09591541452250878,0.0,331,44,49,7,10
AGGTCAGATACATACGCACCGCCATCCT,CTTGATCAATCAAAA,-0.015820060648282185,0.0,128,66,141,38,66
CAATCACTAACAAGCACAAGGTCATATC,CAATCTTGAATTGAT,-0.043295381884746305,0.0,227,54,96,14,39
CGGTCAGAACCAACCGCACTCGCAATAC,AAAACATTATCAAAG,-0.062451462462310925,0.0,263,47,83,12,21
CCCGCATAGGCATGCACAATATCACAAA,CAAGGATCCCCGTAG,-0.039496620411804906,5.609768828488541,155,63,158,18,31
TGAACACTTCCAATTGCAAATGCAAACA,AGTGTATGATAATAT,-0.020228985039159417,0.0,155,53,126,19,67
ATTGCACTTGCATAACCAACGACAAACC,ACAGTTGACGGACAG,-0.004666250312693298,0.0,108,58,137,29,87
CCATCACACGCATTGCCAAAACCAACCA,CTTGATGGCTGAAAG,-0.028154940163653875,0.0,162,44,139,17,51
ACCACAGCGTCAACCACAAGGGCACGAG,ATTATCAAGTGCCAG,0.003537275304147225,0.0,76,34,177,36,85
CAGTCACTATCATGCTCAGGGGCAAAAA,ATGGCGATGGTCTTG,0.0020623874354061657,0.0,92,48,127,40,97
GCCTCATTGTCACGTCCAGTCGCAAATA,ATTAATACTTTGCAG,-0.11115536563806833,0.0,292,55,48,3,0
AGGACATTGTCAATACCAAAACCAGCCG,TCAAAGCATGAAAAA,-0.06644377436557972,0.11854835622125393,191,50,118,22,13
CGACCACCCTCACCAGCATTCGCAAGCC,GTTGGGCGCTTAAAG,-0.012827328341493647,5.765179152037035,117,41,134,33,68
CCACCAGCACCATGGACAGGTACTGAC,TCAAATGATGAGGAT,-0.03906433298405337,0.0,172,54,120,11,35
ATTTCAAACTCACTGGCACGAACATACG,AGTGTATGATAATAT,-0.012293095691784536,0.0,96,61,150,26,57
TTAGCACGGGCAGGTGCACTGTCATACC,AATGATACCATTTTT,-0.05051495158544546,21.993737425143536,202,43,107,11,26
TGTCCACCTGCATATTCAATTGCACCCA,GTCACCGGCACTAAC,0.0399280016671711,0.0,39,30,109,24,187
GTCTCACTGCCAGCTCCAAGATCAAGGT,CCAACACAGGCTTCG,-0.061271642025719865,3.6677108922181105,200,52,110,8,13
AGTGCAGTCTCATTGGCACTTCCATAGC,TCATAGGTATCTCGC,-0.051121397597359695,0.0,199,31,105,10,25
CGCACATATGCACTCTCACGGGCACCGC,CTTGATCAATCAAAA,0.0004037518907440865,4.033980133701789,75,45,136,26,74
CTACCACCCCCAAATACACTAGCAGTGC,TCAAAGCATGAAAAA,-0.03632796816607886,0.26415353187348956,158,63,116,9,9
GACGCAGCGACAGCACCACAATCAGAGC,ACCACCGGTCCTGCC,-0.0024116906233365262,0.0,76,47,134,26,67
TGCGCATGATCAAGCTCAGTGTCACGAC,TCAAAGCATGAAAAA,-0.05447606284025114,0.0,163,61,102,5,14
GCATCAGAGCCATCGGCAGTGCCAGGCA,TATATTGAACTTTAC,0.011731784392807774,6.481801945862344,67,27,115,26,104
CATGCAGGCACAATCACATGTACAAAAC,CAATCTTGAATTGAT,-0.0454063398634107,0.0,171,34,86,12,27
GCGACATCGCCATGATCAGTAGCACATG,TATGCCCTTCTTCTG,-0.017532860314522235,0.0,108,35,114,19,52
TTCACACCCTCAGGGCCACCGGCATATA,CCAACACAGGCTTCG,-0.03686260752035926,0.0,144,41,96,12,32
TGCACACCATCAAGGTCAAGTACATTCA,TCTTGGAGGTGAATG,-0.0264746163457202,0.0,117,57,94,9,42
CCCACAAGCGCACATTCAAAAGCACAAA,TCTTGGAGGTGAATG,-0.010306491407928386,5.739583446411643,84,43,114,21,54
GGCCCATAAGCATGGGCAGCGACATCTT,AGATTCATCCCATGG,-0.04699923522306335,0.0,162,37,80,10,24
TCCACATCGGCAATTCCAGTTACAACTC,CATCAATGAGGCAGT,-0.11949489637622221,0.0,230,47,32,2,1
AACTCAGAGTCAAGAACAATCGCACGTA,TCAAAACGGAGTGTT,-0.008549761511764474,0.0,87,46,93,25,60
GATTCAGCTTCACAAGCAAGGACAACAA,TCAAAGCATGAAAAA,-0.06085700361570659,0.00030384878880340693,141,46,97,13,12
CAAACAATGGCATGTGCAGTACCAACAG,GTTCAGCTTTGATCG,-0.042943365267382946,0.0,132,49,82,12,23
AACCCAGGCCCAATCGCAGGACCAGCTA,CCAACACAGGCTTCG,-0.04179505779494705,0.0,148,37,63,22,27
TTTACACCCTCAGCCTCAACTCCAGCAT,TCAAAGCATGAAAAA,-0.04451508182962308,0.0,146,41,91,8,8
TAACCAGGTTCATGCTCACAACCACGGA,TCAAATGATGAGGAT,-0.029707698466338767,0.0,121,33,94,8,37
AACTCAACAACACTCCCAAGCCCACGAT,TATATTGAACTTTAC,-5.439005881688677e-05,0.0,64,38,115,14,62
CAGGCAGAAGCATACTCATGGCCAGCTT,CTTGATGGCTGAAAG,-0.023421685489943056,0.0,92,45,92,25,35
GGGGCACTGTCACCCACAATGACATACA,GCCCTCGAAACCTAT,-0.0021624768822712474,0.0,73,31,95,22,65
TGCACATCCTCAACCGCAGGAACATAAG,GTTGGGCGCTTAAAG,0.004822453801630088,0.0,62,38,79,22,73
GAAGCACAGTCAACTGCACGGGCATATT,AAAAGAAAAATGTAT,-0.005420682937914336,0.0,87,26,74,14,68
AACCACAAGCACTTACAGCCTCAAGCA,CTTGATGGCTGAAAG,-0.0061853421843282245,9.294572412840353,62,28,102,19,47
GATGCACGGCCAGGATCAAGATCAAACA,ATCGTTGGCATTTGG,-0.07455827539318341,0.0,158,33,54,6,6
AGGGCATTTACAGGTCCAGCTTCATGCC,ACAAGTTTTACAGTT,-0.058070291594680024,4.044965315166166,138,39,55,3,15
GAGGCAGGCTCATGACCACTTCCAACGA,TCATAGGTATCTCGC,-0.045100636998011645,1.5035146559710029,105,33,80,9,13
GATTCAACAACAGGATCATGGCCACAGA,TCAAAGCATGAAAAA,-0.06239586856182097,3.1026759425380988,127,44,49,6,11
GGTACAGGAGCACTTTCAAGTACAGATC,CTTGATGGCTGAAAG,-0.023466934371074055,0.0,79,23,91,13,30
AAAGCAGGTTCAAGGACAGATTCAACTG,GTTCAGCTTTGATCG,-0.053962536913881747,1.3814442058647955,122,29,55,9,15
TGGCCAGTCTCATGCGCAGAGGCAGGCC,AGTGTATGATAATAT,-0.025162970893121805,0.0,62,32,97,17,22
CTGTCAACCCCAAGTACATCGTCACTAG,TCAAAGCATGAAAAA,-0.030911260843156273,0.09314833342614293,99,33,81,9,7
GCGGCACCTTCAGGGCCAGGTTCAGAAG,CTTGATGGCTGAAAG,-0.028578679121498158,0.0,84,26,79,11,26
CCGGCACCTGCAAGCTCATAGTCATGAA,CCAACACAGGCTTCG,-0.05897974233182983,0.5436672079406435,109,35,61,10,10
TTGGCAATGCCAGAGACACATGCAACAA,ACAAGTTTTACAGTT,-0.032176033612999894,1.2691842940705556,97,27,60,13,26
TGGGCATGGCCAGTCGCACGCACATCAA,TAATATTGTTTTGCG,-0.09339638696026938,0.0,145,33,34,5,5
TGGACATTGCCATGGACAAGCTCAGGTA,TCAAAGCATGAAAAA,-0.061965953989150696,1.8374472751946769,116,35,51,8,9
GCACCAACTTCATGTGCAATCTCACAAA,CTTGATCAATCAAAA,-0.017700646179221867,0.0,69,18,81,16,33
TCGACAAACTCAGTGACACTTCCAAAGG,TTATATTTATTTGCT,0.04766225933825665,0.0,15,17,64,22,98
GGATCAGCGACATGAACATGCTCAACGT,TTAATTAGAGGTATG,-0.051529200024296645,0.0,89,32,71,11,11
GGAGCAGGATCAGCAAATGGGCACTGG,TCAAATGATGAGGAT,-0.045500148603874434,0.0,89,23,72,12,14
TTGCCAACCCCAGTTACAGCAACAGACA,ACCACCGGTCCTGCC,-0.012735585119269553,0.0,60,25,69,20,35
TGGGCAGCTTCAGTGGCAGATTCAGCTT,TATGCCCTTCTTCTG,-0.03738981041357756,14.702255980228074,96,28,69,7,6
CCTCCACGCTCAAACCCACGCTCAAGCG,TACACCAATTACACT,-0.14197015176109193,0.0,169,20,15,1,0
GGGCCAAAAGCATCATCATGAACAAAGA,AGAACATCATCTACA,-0.029395745171450233,0.0,88,32,65,12,7
TTTACAAGCACAGCCGCAAGCCCAATAC,TCAAAGCATGAAAAA,-0.055487223817495775,0.0,108,23,59,2,10
AGCGCAAATACATGTTCAGTGACATTTC,AAAACATTATCAAAG,-0.05433507904982444,0.0,97,32,51,9,10
AACTCAAGGACATGTGCATCTTCACGGA,GTTGAACTGGTTGTT,-0.04098960127934545,0.0,69,24,80,11,13
GGCACATATTCAGGCCCATCCCCAATAG,CCAACACAGGCTTCG,-0.042740296023507686,0.0,91,30,50,4,18
GTCGCAAATACACATCCACGCGCACAGA,TCATAGGTATCTCGC,-0.07992024541530282,7.4457643947457655,114,33,35,3,4
ATTGCAGTGACAACGACAGCACCAGACA,CTTGATGGCTGAAAG,-0.013644776223541431,1.0863912299096228,64,26,53,10,36
AGGACAAAGTCAACTTCAGAAGCAGTAT,TCAAATGATGAGGAT,-0.048244082824916705,0.0,97,18,49,7,15
GGCACATTATCATAAACAGAGGCAAACC,CAATCTTGAATTGAT,-0.047609236403527065,0.0,91,24,48,7,14
ACTGCATCATCACACTCAGAAGCAAACA,CCAACACAGGCTTCG,-0.05610120946649746,1.0942666567473225,95,29,40,7,11
GTGCCAGTGACACATCCACCGACAGTAA,TATATTGAACTTTAC,0.002318799939585902,0.0,46,19,54,13,49
AACCCAATAGCATAGCCATAAGCAACAC,CTTGATCAATCAAAA,0.004694927529419956,4.722581095681676,35,23,60,20,41
AAAGCATATCCACTAACATGGTCAAGTG,ACCACCGGTCCTGCC,-0.005926389182301106,0.0,47,23,61,11,36
CAATCATCGCCACTCGCATAACCAAGCC,TCTTGGAGGTGAATG,-0.020597918366830514,0.0,54,35,55,11,23
ATATCATGGGCACTAACATGGACGAAA,GAGAATGAAGGACAG,-0.03230456860051038,0.0,60,18,72,11,16
ACCCCATTCGCAGAAACATGAACACCAC,ATGGCGATGGTCTTG,-0.035222675458213934,8.019365001070582,59,12,75,10,14
GAACCAAATACAGATACACGAGCATAGC,TATGCCCTTCTTCTG,-0.03537511893982528,3.507190067278543,73,19,53,7,17
GCTACAATGCCAGCAGCAGGCGCAGCTC,AGTGTATGATAATAT,-0.02416067559814995,0.0,65,14,56,7,25
TGAACACCCCCAGGGTCAATTGCATTGA,CATTTATGGCTATCT,-0.01826216232110807,0.0,55,26,34,9,42
CCACCAATTACATTAGCAGCCACACGGT,CTAAGCAGTCTTCTC,-0.17183890962226558,4.385018021073876,150,12,4,0,0
TAGACAGGCGCAGGCTCAACCACATTTG,TAATATTGTTTTGCG,0.01607072843658842,132.2088381834044,47,8,22,7,82
CGCACACAGTCATGGACACACTCATAAG,CGATGATGATGATGA,-0.0038187115208012656,0.0,42,14,63,10,35
AAGTCACCCCCAGAATCATGCCCACGCA,CTAAGCAGTCTTCTC,-0.11634267552403388,0.7042880760123751,130,9,19,3,3
GTGGCATGTCCAACTGCACACACAACGC,CGATGATGATGATGA,-0.032065332325106645,8.670282449216302,52,22,63,13,14
GACGCAGTTTCAGGTCCAGCGACAAAGA,AGTTTATAAAAAATT,-0.03312431417108517,0.0,62,16,51,14,16
ATAACAGGAGCACTACCAGGCTCAACAC,AGAACATCATCTACA,-0.046039666230234914,3.0996377299601363,81,12,45,6,13
TATAACAGCATCAACTGCAAAAACATCGA,CTTGATCAATCAAAA,-0.0285063209242185,4.963193121565155,61,19,50,6,19
GAGACACGGACACGTCCATCAACAACTA,TCAAAGCATGAAAAA,-0.042858400315462675,0.0,71,20,34,9,16
AGGTCACGCGCACGTGCAGAAGCACGAT,TTTATAAATCAATAG,0.007227107286174704,0.0,27,13,61,14,35
CGGTTCAACCCCACATGCATGTTCATCA,CTTGATGGCTGAAAG,-0.05095672542177145,9.435829703308173,73,22,40,3,9
CGGCCAAATGCAGTGTCATGGGCAGTAA,CTAAGCAGTCTTCTC,-0.12788103424486233,0.0,119,13,14,0,1
CTTCCAGCAGCATAGGCACCTGCAATTC,TCAAAGCATGAAAAA,-0.036598197899487935,2.48459031848256,71,12,33,4,24
AGATCAGAGACATTACCAGTGTCAACGC,TCATAGGTATCTCGC,-0.06515367973041881,0.0,80,20,33,4,4
ACAACATAAACATTTGCAATCGCATTCG,TATGCCCTTCTTCTG,-0.010082274658359359,0.988291985645219,37,22,46,11,24
TTGACAGTGTCAATGTCATATACAGGGG,AAAACATTATCAAAG,-0.04473580474127516,0.0,66,22,30,5,14
CAAGCACTTGCATAGGCACAGCCATCCA,ACAACCTACCTGCTA,-0.0028600925138787315,0.0,34,16,55,5,25
GCCGCACCAGCAGCCCCAGAGACACAGC,GTTAAATCAACAGTT,-0.10193442367991334,24.831440854058656,86,24,17,4,2
AGCACAAAAGCACAATCAGCGACATGGT,ATGGCGATGGTCTTG,0.01763241750788914,4.057698191150621,21,7,57,3,39
TAGACAGCCCCAACAACAGAGGCATGGA,AGATTCATCCCATGG,-0.05193641011679153,0.0,67,18,36,1,5
CGGCCATAGGCACATGCAGATACACAGT,CCAACACAGGCTTCG,-0.04279047261660649,0.0,62,23,40,0,2
TACCCATGCACAGGCGCACAACCATAAC,TACACCAATTACACT,,1.4932097977140018,113,8,4,1,0
ATCACAGTGTCAGGAGCACAATCAGCCT,CTTGATCAATCAAAA,-0.029311896638701568,5.300440077234157,39,29,37,5,10
GCAACACCGCCAAGCACAGTGCCATGAG,TATATTGAACTTTAC,-0.029162636914650632,8.366982975529822,49,8,38,8,14
AATCCAGCCGCATGGACAGGGACAACTA,TCAAATGATGAGGAT,-0.03872208585748994,0.0,52,17,34,3,11
GGGTCAGTATCAAAAAAACGTCAGCGC,GCTAATTTCAAGAAT,-0.11417109813913756,0.0,84,14,13,3,1
ACGGCATCGCCAAAGACAACAGCAACTT,AGTGTATGATAATAT,-0.021877382254799783,0.0,39,15,34,8,17
ACGCCAACTCCATGCACAATGGCACGTT,CAATCTTGAATTGAT,-0.049413568937434225,0.0,61,9,34,2,6
GGGTCATCCCCATTTGCATCACCACAGA,GCAAGAAAGAAACCC,-0.09677126201547925,0.0,73,18,16,1,3
TCGCCACAGGCAGCGTCATTCGCATAAG,CCAACACAGGCTTCG,-0.0476929615233975,0.0,53,16,31,6,5
CACGCAGGCACAGTGTCACCGACATCCG,GCTGCGGAGCCTCAG,,3.406563182168128,93,6,5,0,0
CATTCACGAGCATAACCACCGTCAATGC,AGATTCATCCCATGG,-0.022741329210036715,6.152978825071841,35,11,26,3,17
GCCCCACTAGCATGTGCAGCGCCACTTG,GTGTGATTACTAAAT,-0.10535175707543062,0.0,65,12,12,2,0
GGACCAAGGTCACGGCCACACGCAGAGG,CCAACACAGGCTTCG,-0.03807951051311896,0.0,55,8,13,3,11
GCGTCAAGTGCAATCGCATAATCACGCA,TATGCCCTTCTTCTG,-0.025966860785545887,0.0,31,23,28,1,3
TGGTCATTTGCAGTGGCACCAACACGTT,AAAACATTATCAAAG,-0.06425275445528485,0.0,50,11,21,0,3
ATCGCAAGCCCAAGAACATTCTCAGGAC,AGAAGACGACGATGA,-0.017751708220982022,0.0,31,14,33,3,4
GAGGCAGTCACAAATCCACACCCAAAAA,CGAACAGAAACACAA,-0.0990971704060765,0.0,63,8,13,0,0
CAAACAGCCTCAACGCCAAACGCACGTT,GTGTGATTACTAAAT,-0.09019244412604328,0.0,56,10,14,0,1
CAAGCACGTACAGGCTCACTCGCAACCG,ATCGTTGGCATTTGG,-0.02912727405825084,2.6533498951404226,54,18,7,2,0
AATTCAACATCACGGTCATTCCCAACCC,ATCGTTGGCATTTGG,-0.0609753770921907,0.2267088087635898,52,6,23,0,0
ATGGCAGCACCAAAGGCACAGCCATTCG,CTTGCAAGTGTAATT,-0.030673928508680226,0.0,37,8,30,3,2
GCTTCAAGGACATACTCATCCACACCGC,GTGTGATTACTAAAT,-0.10225054696688769,0.0,56,11,11,0,1
ACGTCACGCGCAAAATCAAAATCAACGA,ACAACCTACCTGCTA,-0.006871704356575387,0.0,20,13,22,7,17
AGCTCACTAGCAACGGCATAGTCAGTAC,GTTTAGCTTCCGTTG,,0.0,59,8,9,0,1
TCGTCAAACGCAATAGCATTGCCATAAA,TCAAAGCATGAAAAA,-0.037603236672987594,0.0,34,9,24,3,7
TGGACATCGACACCGGCACATGCACTTA,CCAACACAGGCTTCG,0.006219410535177949,17.313411944659435,17,7,27,6,20
TATACAGAGTCACCGTCAGTCTCACGAT,ATAATTTTCATCCAC,-0.06669226266375654,0.0,45,11,18,1,2
GGGTCAACTACATGTGCATTAGCATCGG,TCAAATGATGAGGAT,-0.04687149903434422,0.0,37,10,22,2,5
GCGCCAGGCGCAGAGCCACCACCATGCG,GCTGCGGAGCCTCAG,-0.09581730628178586,0.0,59,2,13,1,0
TGCCCAAAATCAATAGCAGCCGCACAAA,CCAACACAGGCTTCG,-0.06412759794437903,0.23511080314500532,38,12,16,2,6
AGCCCAACTACAGGCTCAGTCTCACCAA,TCATAGGTATCTCGC,-0.03279827724229874,0.11196356284176545,33,14,26,1,0
AGTCCAGATGCATATTCACGCACAAGAA,GTGTGATTACTAAAT,-0.08913977366615171,0.0,47,14,12,0,0
GCTGCATTGCCATGGGCATCGTCATAGG,AGTGTTAATCAGACC,-0.02075083099912033,0.0,35,4,15,1,14
TAGTCAGAATCAAACCCACGTTCAAGTG,GTGTGATTACTAAAT,,0.10033536850147584,53,6,4,4,1
GAGTCAATCCCAGCGGCAATCCCATACG,GTTTAGCTTCCGTTG,-0.08337250391095458,0.0,46,6,13,2,0
TGCGCAAGCGCAAGACCAAAATCAGAGT,TCATAGGTATCTCGC,-0.07707423090266871,1.2413674824183545,40,10,13,0,4
GTCTCAGCATCACGCGCATGTCCAATAG,TCAAAGCATGAAAAA,-0.03611058851550355,0.5212286678919895,33,8,24,0,1
CTCCCAGAAACAGTCTCAGATACAAAGG,CGCGATCAATCCTCT,,0.0,57,6,0,0,0
ACGCCATAAGCATATTCATAGCCACTTA,CTTGATCAATCAAAA,0.009519953669551369,0.04595614585446128,10,16,25,2,10
TAAACAAGTACACGTGCAGTCCCACCAC,TTTAACTCACCGTAA,-0.03224600480042115,0.0,28,4,22,4,4
TCGCCAGTGGCAATAGCAATCTCATGAT,TCAACAACCTATGCA,0.04953954095066835,0.0,4,1,20,4,33
TTCGCAGCATCATGAACACTCCCACGGA,GCAAGAAAGAAACCC,-0.06396133882727174,0.0,36,8,15,0,0
TCCTCAAGGGCACTGTCATTCACACTGC,CTAAGCAGTCTTCTC,,1.3795619134374846,52,5,2,0,0
TATTCACCGGCATACGCACCCTCAGCAA,TCAAAGCATGAAAAA,-0.047368674289025824,0.0,31,4,18,0,4
AGAGCATGCTCAACACCACGCGCAATAG,GTTTAGCTTCCGTTG,,0.0,37,7,9,1,2
GAGACACATGCACTCGCACACGCAGGTC,ATTATCATCGCCATC,,0.0,47,5,4,0,0
ATTCCAGGGGCAATAACATGGACATGTA,GTGTGATTACTAAAT,,1.467896967141911,45,5,6,0,0
GGGCCAGCGGCAACAACATGTACAGAAG,CTAAGCAGTCTTCTC,,4.092807699188242,40,6,1,1,8
GCTGCACGCTCACTGTCATGCCCAAAAA,CCAACACAGGCTTCG,-0.005803798336987742,1.138193052034211,18,5,24,1,4
GGGGCAAGTACAGGTCCACTATCATTGT,GTTTAGCTTCCGTTG,,0.0,42,7,3,0,0
GTAACATATGCATCTACAACATCACGGT,ATTATCATCGCCATC,,0.0,42,1,5,0,0
TGTGCAACGCCAGCGACACACACACCAT,TTTAACTCACCGTAA,-0.03833317664404523,0.0,23,9,16,0,0
GCGGCACAACCAGAAGCAAATTCAGTGT,GTGTGATTACTAAAT,,2.520296160702145,40,4,2,1,0
ACATCAACTTCAGTATCAAAGGCACGGA,CCAACACAGGCTTCG,-0.05688636071358679,0.6455284476773215,25,7,12,1,2
AATACAGTGACAGTTCCACTGGCATAGC,TCAAAGCATGAAAAA,-0.04649255675441564,0.0,22,5,13,3,3
ACCACAATAACACGCTCAAGATCATTGG,TTTAACTCACCGTAA,-0.028313848434465494,0.0,20,6,17,1,2
CATTCACGGACAGAGACAGCGACATCTG,CTATCAAGGCTTAAT,,0.0,36,6,1,1,0
CACCCAACATCAGCTGCAGGTACAAAAA,GAGAATGAAGGACAG,-0.022752566678954336,0.0,20,5,19,0,0
CTGACAGAGGCACTGCCAGGAACAGGTA,TTTTGCATTTAGGCG,0.016432461355916816,0.0,10,7,6,3,18
CTCCCAGCGACAAACCCAAATTCAAAGA,CATCAATGAGGCAGT,,5.914785355123911,40,3,0,0,0
GTCACAGGCTCAATGGCAACTGCACGAC,ATTATCATCGCCATC,,0.0,34,0,8,1,0
CGCACAGAACCATAACCAATGCCAGCCG,GTTTAGCTTCCGTTG,-0.043164518428498846,0.0,19,6,12,2,4
GTAACAGGGACAACCGCATAAACATTGG,TTTAACTCACCGTAA,-0.026864471590802876,0.0,16,9,14,1,2
GAAGCAATGGCAAATCCAGTTACATCGC,GTTCAGCTTTGATCG,-0.04115098147545693,0.0,15,14,10,0,2
AGAACAGCCTCATTCTCAATCCCAGTGC,CTTGCAAGTGTAATT,,8.373337720620384,26,7,7,0,0
TTGGCAAAACCAATTGCAGGCACAGACA,TAGACGGACATCTTC,,0.0,37,2,0,1,0
ACTCCATTGGCACATTCAGCGGCAAACA,GAACTCAGGTTCCAT,,32.52683256285863,2,1,5,4,28
TAATCACGGCCAAAAGCACTTACAACAG,ATTATCATCGCCATC,,0.0,33,2,1,0,3
GACCCAGGACCAGGGCCAGAGACAATGT,GCAAGAAAGAAACCC,,0.0,24,7,7,0,0
TCCGCAGGAACACCTGCACAGGCATTAT,GTTTAGCTTCCGTTG,,0.0,35,2,1,0,0
AACTCAGTTCCACTACCAAACTCATGGA,ATTATCATCGCCATC,,0.0,28,6,4,0,0
CCAGCAAGGTCAATGTCATTCACACCAT,TACACCAATTACACT,,0.0,35,1,1,1,0
AGGGCAGTCTCACACTCACGTGCATGTC,CAATCTTGAATTGAT,,0.0,21,5,4,0,8
CAGTCAACTGCAAGACCAGTTCCACTGA,TCAAAGCATGAAAAA,,0.0,21,5,2,1,8
AACACAAGCTCAGAGGCAGGGCCATGAA,AGTGTATGATAATAT,-0.02363754553392432,0.0,15,4,14,3,1
GATCCACTCACACCAACACTGCCAGGAT,CTTTCTTGTGTATTT,,0.0,34,0,2,0,0
CCTCCATGTCCATAATCAGGCACAAGCG,ATTATCATCGCCATC,,0.0,25,3,7,0,0
AACGCAATAACATTTGCACACGCACTGC,GTTTAGCTTCCGTTG,,0.0,30,3,2,0,0
TCGCCATATACAAATTCACTGACAGAGA,TATGCCCTTCTTCTG,0.04708673114643887,0.0,14,10,8,2,1
GGGACAGAAACAGGAGCAGATCCAGCAC,GTAATCTGACTCTAG,,0.0,29,3,3,0,0
TATGCAGAGGCAAATGCAATTCCAGGGG,CTTGATCAATCAAAA,,0.0,20,0,2,5,7
CTATCAGCACCAATTCCATGCTCAGAAA,TCAAATGATGAGGAT,-0.03892257443164728,0.0,16,5,11,0,1
ACTACACCCACAAGCCCAGGATCATATA,GCTGCTTATGAGGAT,0.0017377947333638505,0.0,13,2,2,2,13
GTGGCATAAGCAAACTCAGCTTCAAATG,GTTTAGCTTCCGTTG,,0.0,29,1,0,1,0
TCTGCAATCACAACTGCAACAACATCCG,CAATCTTGAATTGAT,-0.0135113323283506,0.0,14,1,16,0,0
GTGACATTCCCACACTCACACGCAGATT,TATATTGAACTTTAC,,0.0,25,4,1,0,0
GCGCCACAAACATTCTCAGAATCAGTTG,CCAACACAGGCTTCG,,0.0,19,3,8,0,0
AACTCATCTACAGCGACAACGTCATCAT,GCAAGAAAGAAACCC,,0.0,25,1,1,1,0
TACGCAATGCCATATGCACGATCATTTG,CATTGTCGGACGCTT,,0.0,21,4,3,0,0
GCTTCAAGACCACTTACAGTGACATGTG,CTAAGCAGTCTTCTC,,0.0,23,2,3,0,0
ATGGCAATAACAGTCTCACCCTCACGCG,CGCGATCAATCCTCT,,0.0,15,8,5,0,0
CTATCAGTAACAGTGCCAAACGCATACA,GTACAAGAAATTTTG,,0.0,2,9,8,5,4
CCGTCACGGCCAATCACAAGGGCACTGG,CTTGATGGCTGAAAG,,0.0,17,5,5,0,0
GCAACAAATCCATTACCAACTTCAGCAT,GTAATCTGACTCTAG,,0.0,21,4,2,0,0
GGGACACGAACATACTCAACCTCAGGGA,GTTTAGCTTCCGTTG,,0.0,24,0,1,0,0
GAGCCACTCCCAGTAACATGCTCAATTG,CTTGATCAATCAAAA,-0.02018790195957674,0.0,10,2,10,2,0
GTAGCACTCTCACGGTCAGAATCAATTG,TCAAAGCATGAAAAA,,0.0,17,4,2,0,0
AAGTCATCCCCATAAACAGGACCACTCG,GTAATCTGACTCTAG,,0.0,21,0,1,0,0
AACACAAGTACACCTTCAGGGGCATGAG,GTCACCGGCACTAAC,,0.0,1,0,8,7,6
ACCTCAAGCCCATTCACACGGACAGTCT,TTATATTTATTTGCT,,0.0,0,0,5,10,7
GTTCCAATGACACACACAATGGCAAGTG,GCTGCGGAGCCTCAG,,0.0,21,0,0,0,0
TGGTCATGGCCAGCAACAAGGTCAAAGT,TCAAATGATGAGGAT,,0.0,19,2,0,0,0
TATGCACAGGCAAAGGCAACGGCATCCG,GTTTAGCTTCCGTTG,,0.0,16,0,4,0,0
CCTCCAGCATCACGCACAACAGCATGCC,CTAAGCAGTCTTCTC,,0.0,16,1,2,0,0
CATGCAACATCACGATCAGTTGCAAAGG,CATCAATGAGGCAGT,,0.0,17,2,0,0,0
CACCCATGATCATCGCCAGGGACAGGGA,GTTGAACTGGTTGTT,,0.0,3,2,4,7,2
AGCACAGGATCACGCGCACAGGCAAGCA,TCATAGGTATCTCGC,,0.0,11,3,3,1,0
GCCTCAACGACAAACTCAAACTCATAGC,CGCGATCAATCCTCT,,0.0,12,2,0,0,4
AGCACACCTTCAGTCACATAAGCACTAG,CGCGATCAATCCTCT,,0.0,17,0,0,0,0
GCCCCAGAGACAACCACATTGGCACAAG,GTTTAGCTTCCGTTG,,0.0,14,3,0,0,0
TGTTCACGACCACACTCAGGGCCACCAG,TTAGTCTTTCCATCA,,0.0,10,0,3,2,2
GCAACAAACGCACGGACAGTGTCACATC,TCAAATGATGAGGAT,,0.0,1,2,8,1,5
AAACCATTATCAGAGTCACCAGCAGTTG,GTTGGGCGCTTAAAG,,0.0,6,4,4,2,0
TAAGCAGTAACAGGCTCACTCACAAGGT,GAGAATGAAGGACAG,,0.0,3,3,5,1,4
CTGCCACGAACAGGGTCACCTGCACTAT,CCAAGACCGTGTAAA,,0.0,12,1,0,1,2
GTGTCATATTCAGGATCATGAGCATGCT,TTATATTTATTTGCT,,0.0,1,2,6,3,4
GTAACAGGGACACACTCAATCTCACAGA,CTCTTGAGAATACTT,,0.0,11,0,3,0,0
GGGGCAAGGTCAACGCCACGGTCAGTAA,CTCTTGAGAATACTT,,0.0,14,0,0,0,0
TATACAATGGCATCGTCAATCACATGGC,TTATATTTATTTGCT,,0.0,1,0,4,3,5
TGGACAGTCACAAGCTCAAGAACAATTT,GTTTAGCTTCCGTTG,,0.0,5,4,3,0,0
GCCACACAACCACCCACAAGGACATTGT,CTTGATCAATCAAAA,,0.0,6,0,6,0,0
TCCACAAATACATGCTCAGAATCAGGCT,TCAACAACCTATGCA,,0.0,5,0,5,0,1
GAAACAGTAGCATTGACACAGACAAAGA,CGAATGCCATACAAA,,0.0,0,1,0,0,10
TATCCAAGCACACCGTCAGCTTCACGAA,GCAAGAAAGAAACCC,,0.0,8,2,0,0,0
TCTCCACACTCATGAACAGGCGCAGTTC,CGCGATCAATCCTCT,,0.0,9,1,0,0,0
GGGACAATCGCACGGACATATACAAGGC,CATATGCATTCCTTG,,0.0,6,2,2,0,0
AATTCACCTCCACCTGCACGATCAATAA,GTTTAGCTTCCGTTG,,0.0,9,1,0,0,0
ACATCACTCACATTATCAGATGCAAAGC,TATATTGAACTTTAC,,0.0,0,1,2,1,6
TTTTCAGGAACAAGCGCAGCTGCAACCA,CATTGTCGGACGCTT,,0.0,3,0,4,0,2
GATTCAGTAGCAGTGCCATTTCCAGGCG,TCTTGGAGGTGAATG,,0.0,2,3,0,2,2
CTCTCATTCCCACAAGCAGTTTCATGAG,CATATGCATTCCTTG,,0.0,6,0,3,0,0
AGGACAGAAGCAATATCATTGGCAAAAT,CTAAGTGTGAAGGAG,,0.0,7,0,1,0,0
AGTCCAAGCCCACCATCAACACCAAACT,AGTGTTAATCAGACC,,0.0,8,0,0,0,0
GAACCAACGTCAGGTACAAGGTCACCAC,TTTATAAATCAATAG,,0.0,7,0,0,0,0
TCTCCAACTACACACGCACTTCCACTAC,GCTGCTTATGAGGAT,,0.0,0,2,3,0,2
AGAGCAGAGGCAGATTCACGGTCAAAGT,AGATTCATCCCATGG,,0.0,3,1,2,0,0
GATCCATAGGCAATACCAGCTTCACTCA,TAGACGGACATCTTC,,0.0,4,0,2,0,0
TGCACAATCACATATACATTGGCAAACC,TTTAACTCACCGTAA,,0.0,4,1,1,0,0
AACACAGAAACAGAGTCATTACCACAAT,CGTCAAGACCTTCTA,,0.0,5,0,1,0,0
CACGCAGACACAAGCTCAACCACATTGG,GTTTAGCTTCCGTTG,,0.0,5,1,0,0,0
AGTGCACGGTCAGGTTCATGGACAAAAT,TATATTGAACTTTAC,,0.0,5,0,0,0,0
TATCCAGTGACAGCATCACACACATGGC,CTCTTGAGAATACTT,,0.0,5,0,0,0,0
TAGTCATCTGCAGAGCCAGTCACAATGG,CATATGCATTCCTTG,,0.0,3,2,0,0,0
ACGACAGCTACAGGGACAGTTTCAAAGA,CATATGCATTCCTTG,,0.0,2,3,0,0,0
AGCCCACCTCCACCTTCAAAGGCATATA,AAAAGCGACATTTCT,,0.0,0,1,3,1,0
CACACAACATCAGGGTCACGCCCATACC,TGATCATCACGGGAC,,0.0,4,0,0,0,0
ACCGCACGGACACATCCACGTACACTAC,GTAATCTGACTCTAG,,0.0,4,0,0,0,0
GGTGCAACAACAAGAGCATATGCATCAA,AGTGTATGATAATAT,,0.0,4,0,0,0,0
ACTGCACCCGCATACGCACAGGCACATT,GTTGGGCGCTTAAAG,,0.0,2,2,0,0,0
ATTGCAAGCGCAGTCTCAGTAACACTGA,GTGTGATTACTAAAT,,0.0,4,0,0,0,0
GACTCAGGGACAAACCCAGTTTCACAAT,ACAAGTTTTACAGTT,,0.0,0,0,3,1,0
ACCGCATCATCAGCGACAAATGCACTTA,ATTATCATCGCCATC,,0.0,3,0,0,0,0
GTGTCAATGTCATTGTCACGGTCATGCT,TCAAATGATGAGGAT,,0.0,3,0,0,0,0
CGCCCATCCCCACGGACATGGGCAGTTA,CGATGATGATGATGA,,0.0,2,0,0,1,0
ATTGCAAGCTCATTTCCAAAGGCACAGT,CATCACCGTGCTCAT,,0.0,3,0,0,0,0
AGTCCACAAACACTCGCAATTGCAATCG,TCATAGGTATCTCGC,,0.0,3,0,0,0,0
AAGTCAGGGTCAAAAACAATTCCAAAAG,CATATGCATTCCTTG,,0.0,3,0,0,0,0
AGTTCAGTCGCAAGGTCACTACCAGCAT,CCAACACAGGCTTCG,,0.0,3,0,0,0,0
AGCGCACCAGCATGTGCAGGTCCATTGG,TACACCAATTACACT,,0.0,3,0,0,0,0
ATGACAACTGCACATACAAACGCATTCT,GTTTAGCTTCCGTTG,,0.0,3,0,0,0,0
TGTGCAACGCCATAGACAAGTCCAGACA,ATTATCATCGCCATC,,0.0,1,0,2,0,0
CTCTCAGTACCAACCACACAGGCACCTA,GTTCAGCTTTGATCG,,0.0,3,0,0,0,0
GAGACAAGTACATGCGCAATGGCAACCT,CTTTCTTGTGTATTT,,0.0,3,0,0,0,0
GGATCAAGACCAGTGTCATGCACACGGT,GTTTAGCTTCCGTTG,,0.0,3,0,0,0,0
GTGGCATCGTCACATCCATGATCAGGGT,TACACCAATTACACT,,0.0,3,0,0,0,0
AGTGCAACATCAGCATCAAGTCCACAAG,TGATCATCACGGGAC,,0.0,2,0,0,1,0
AGGGCACTGCCATTTGCATCCACAAGGA,ATAGTCGATTAAGAT,,0.0,3,0,0,0,0
ACGACAATGCCAATATCACTCCCAAGAA,TATATTGAACTTTAC,,0.0,3,0,0,0,0
AAGGCACGCGCACATACAGCAGCAGAGT,CTATGCATTTACTCA,,0.0,2,1,0,0,0
GCTACACTATCACACCCAATTTCAAGCG,TCAAAGCATGAAAAA,,0.0,2,0,0,1,0
CCATCAATTACAACATCAATAACAAGCG,TCATAGGTATCTCGC,,0.0,3,0,0,0,0
AGGTCATACGCATAGACAGTACCAGGTA,GTTAAATCAACAGTT,,0.0,1,0,1,0,1
GTAACAATGGCATGAACAACGCCAAACT,CTATGCATTTACTCA,,0.0,3,0,0,0,0
ATCGCAGTCCCAAGCGCACGAACATAAC,AGTGTTAATCAGACC,,0.0,0,1,1,1,0
TCACCACGAACACGCACATCAGCACGGT,TCAAAACGGAGTGTT,,0.0,0,2,1,0,0
AAGTCAGATGCAGGCGCAACCCCATTAG,TCATAGGTATCTCGC,,0.0,0,0,3,0,0
AAAACAAGCTCAAGAACAACCGCACGTG,TCAAAGCATGAAAAA,,0.0,2,0,0,0,0
GGTGCAAAATCAGTAACAGAGTCATGTT,ACAGTTGACGGACAG,,0.0,2,0,0,0,0
AGCCCAGCATCAAAAACAAGTTCACCGA,TAGACGGACATCTTC,,0.0,2,0,0,0,0
TGTGCAGCTACAGAATCAGCGCCAAGCC,GTGTGATTACTAAAT,,0.0,2,0,0,0,0
AAAACAGTATCACAGGCACTCTCAACTC,CTTGATCAATCAAAA,,0.0,2,0,0,0,0
GAGCCAAGGCCATTTACACGCTCAGTGG,TCAAAGCATGAAAAA,,0.0,2,0,0,0,0
AAAGCACGGCCACAGCCAGTAACACACG,CATATGCATTCCTTG,,0.0,2,0,0,0,0
CCCCCAGTCACAGCATCAAATCCAGAAT,CAATCTTGAATTGAT,,0.0,2,0,0,0,0
AGTCCATGTGCAAAATCATGATCATGAG,GCTGCTTATGAGGAT,,0.0,2,0,0,0,0
GTAACACTAACAGCCTCAGTATCATGGG,ACAACCTACCTGCTA,,0.0,2,0,0,0,0
TTCACAGCTGCAGCATCAACGACAGGAC,AGTTTATAAAAAATT,,0.0,2,0,0,0,0
TGATCATCGCCAAGCACACAAGCAGTGC,CATATGCATTCCTTG,,0.0,2,0,0,0,0
GTGGCAACTACACACGCAAACGCACAGA,CTGATTTGTGCTGTC,,0.0,2,0,0,0,0
CAACCACCTTCAAAAACAAGGACAAAAT,GCAAGAAAGAAACCC,,0.0,2,0,0,0,0
CAGACAGATCCACCTACAGCGGCACATT,CTCTTGAGAATACTT,,0.0,2,0,0,0,0
GACACACCGGCACCAGCAAGATCATGTA,CTTGATCAATCAAAA,,0.0,2,0,0,0,0
TAGCATATGCAGTAACATAAACACGAT,AGATTCATCCCATGG,,0.0,2,0,0,0,0
CTCACACGCGCATCTGCACCGCCATACG,AATGATACCATTTTT,,0.0,2,0,0,0,0
GAATCATGGCCAACGACACAGCCAACTC,AGAAGACGACGATGA,,0.0,2,0,0,0,0
CTGGCACAAGCACGAGCATTCACATCGG,ATCGTTGGCATTTGG,,0.0,2,0,0,0,0
AGCACAAGGGCAGAATCAAACGCATAGA,TACACCAATTACACT,,0.0,2,0,0,0,0
GGTACAGGATCAGTAACAACAACAGTGA,CAATCTTGAATTGAT,,0.0,1,1,0,0,0
TAAGCAAGCACAGCGGCATAATCACCAG,GCTGCTTATGAGGAT,,0.0,2,0,0,0,0
CGGCCACCACCATCATCATTGCCATCAG,TTTAACTCACCGTAA,,0.0,2,0,0,0,0
CAGACATAAACATAGACAGTTTCAACAG,CTGATTTGTGCTGTC,,0.0,2,0,0,0,0
CTGCCATCACCAAGAACACAACCAGAGA,GGTTGCCCAGAAGTA,,0.0,2,0,0,0,0
CGGGCAAGGCCAGTGCCATAGCCATCGG,ACAAGTTTTACAGTT,,0.0,2,0,0,0,0
ATTACATGGGCAGTAGCAAGTTCAGTCA,ATTATCAAGTGCCAG,,0.0,2,0,0,0,0
GGGTCATAGTCAATGACATGGGCACGAA,CCAGGATGTACCGCC,,0.0,2,0,0,0,0
GTCACAGTAGCACCACCACCTTCAGCGC,GTTTAGCTTCCGTTG,,0.0,2,0,0,0,0
ACGTCAGGATCATCATCACAGTCATCTC,TCTTGGAGGTGAATG,,0.0,2,0,0,0,0
CTTCCAACCCCAGTTCCAGCCGCACCAT,GTTTAGCTTCCGTTG,,0.0,2,0,0,0,0
TTTCCAAATCCAAAGTCATGCCCACTGA,CGATGATGATGATGA,,0.0,1,0,0,0,1
AGATCAATTCCAAGGTCACGGGCACTAT,CATCACCGTGCTCAT,,0.0,2,0,0,0,0
GGGGCATCTGCAAGCGCATTTCCATTCG,GAACTCAGGTTCCAT,,0.0,2,0,0,0,0
CATCCAGGGGCAGCTCCATTGTCACGGC,AAAACATTATCAAAG,,0.0,2,0,0,0,0
ACACCAACTACAGCAACACGATCAAAGA,TCAAAGCATGAAAAA,,0.0,2,0,0,0,0
CGCACAGGTCCAATGCCAGTCACATGAG,TCAAATGATGAGGAT,,0.0,2,0,0,0,0
TACGCATGCACAAGGCCAAAATCAGCAT,CTAAGCAGTCTTCTC,,0.0,2,0,0,0,0
GAGACAATGACAGAGGCAATTCCAGCCC,GAACTCAGGTTCCAT,,0.0,2,0,0,0,0
AAGACATACGCAGCTACATATGCATTAA,AGAAGACGACGATGA,,0.0,2,0,0,0,0
GGCACATGGACAATGCCAAAGTCACAAC,AGTGTTAATCAGACC,,0.0,1,0,1,0,0
GATCCATGGACACTTACAAACCCAATGA,GAGAATGAAGGACAG,,0.0,2,0,0,0,0
ATGTCAGAGACACAGGCAGATTCAAGAG,ACAGTTGACGGACAG,,0.0,2,0,0,0,0
CCATCATTTCCAGCAGCAACTACAGCTC,TGATCATCACGGGAC,,0.0,2,0,0,0,0
GTACCAGCGCCACACTCATATGCACAAG,CGCGATCAATCCTCT,,0.0,2,0,0,0,0
AATTCAGCGCCAGCAGCAAAGTCAGCAA,GCTAATTTCAAGAAT,,0.0,2,0,0,0,0
ACCCCAGTGCCAGGATCATGGACAACCA,GTACAAGAAATTTTG,,0.0,2,0,0,0,0
AGTCCAACCACAAGTCCAACGCCACTTG,CTTGATCAATCAAAA,,0.0,2,0,0,0,0
GGAACACTCGCATCGGCAAGATCACCCG,TTTATAAATCAATAG,,0.0,2,0,0,0,0
GGGGCATTGCCACAGGCAGGGTCAGTAT,GTGTGATTACTAAAT,,0.0,2,0,0,0,0
GTGCCACGAACAGAGTCATTTGCAACTA,AAAAGAAAAATGTAT,,0.0,2,0,0,0,0
CAGACAACGACAACTCCACGAGCACGAC,GTTGGGCGCTTAAAG,,0.0,2,0,0,0,0
GACTCAGAAGCAGTAGCACGCACAAGAG,ACAACCTACCTGCTA,,0.0,2,0,0,0,0
CCATCACTGACACCTCCATGGCCAGGAC,TAATATTGTTTTGCG,,0.0,2,0,0,0,0
GGTTCATGATCAAAATCAGGAACATGAT,GCTGCTTATGAGGAT,,0.0,2,0,0,0,0
AGACCAGGGCCAGCCACACATTCACATA,CATCAATGAGGCAGT,,0.0,2,0,0,0,0
GTTACACACACAGGAGCAAATGCATAAC,CTATGCATTTACTCA,,0.0,2,0,0,0,0
CATTCATGTGCATAGGCAAACGCACAGG,GCTAATTTCAAGAAT,,0.0,2,0,0,0,0
TCTTCAAGCACAAACTCAGCGCCAACGG,CGTCAAGACCTTCTA,,0.0,2,0,0,0,0
GGATCACCGGCACGGGCACGTACAAAGT,CATATGCATTCCTTG,,0.0,2,0,0,0,0
CGATCATGGTCACGCTCATTCTCATACC,GAACTCAGGTTCCAT,,0.0,2,0,0,0,0
CTTGCAAGACCAGTATCATAGTCAAAGC,ATTATCAAGTGCCAG,,0.0,2,0,0,0,0
ACACCAAATTCAGCCCCAATCGCAGACT,GTTGGGCGCTTAAAG,,0.0,2,0,0,0,0
GCGTCATATGCAGCGACACAAGCAAGCA,TTAGTCTTTCCATCA,,0.0,2,0,0,0,0
CAAACAATGTCATCAACAGTATCACACG,CTACTTACAACGGAA,,0.0,2,0,0,0,0
AGAACAGAGGCAACACCATTAACAATAG,AGAAGACGACGATGA,,0.0,2,0,0,0,0
GAGTCAAGTCCAGTCTCAGAGTCAACGT,CGTCAAGACCTTCTA,,0.0,2,0,0,0,0
AGCCCAGGAACACCAACATTAACAATTC,GTGTGATTACTAAAT,,0.0,1,1,0,0,0
ATGGCAATACCATTGGCAGTGGCAGGAG,CTATGCATTTACTCA,,0.0,2,0,0,0,0
CCTACATCCGCAGAACCATTCCCAATTG,TTTTGCATTTAGGCG,,0.0,1,0,1,0,0
GATACAAATCCAAATGCATTCACAGTGC,GCAAGAAAGAAACCC,,0.0,2,0,0,0,0
CAATCACGGTCAACCCCAATGTCATGGA,CTAAGCAGTCTTCTC,,0.0,2,0,0,0,0
GGGTCATTTACAAAGACAGAAGCAAACA,GAACTCAGGTTCCAT,,0.0,2,0,0,0,0
GCCACAACGACATGGGCAGCCGCACAAA,AAAACATTATCAAAG,,0.0,2,0,0,0,0
CAGGCATCAACAAACTCAAGAACACAAT,GCTGCTTATGAGGAT,,0.0,2,0,0,0,0
ATAACAAGACCAAATGCAATGTCAGAGT,GCTGCTTATGAGGAT,,0.0,2,0,0,0,0
TTGCCAAGAGCAGAGACATGTTCATGGC,ATAGTCGATTAAGAT,,0.0,2,0,0,0,0
ATGGCACGGGCAATGACAATACCACGAG,CTAGTTGTATAGCCA,,0.0,2,0,0,0,0
GGCACAAGTGCACACTCACAGGATCAGTGA,ACAGTTGACGGACAG,,0.0,2,0,0,0,0
ACCTCAGTAGCAACAGCACAATCACCCA,TTATATTTATTTGCT,,0.0,2,0,0,0,0
CAGCCATGACCATCTGCAAAGCCAAGGA,TACACCAATTACACT,,0.0,2,0,0,0,0
GGAACACGGACAGGGTCAGATGCACGTT,CAAGGATCCCCGTAG,,0.0,2,0,0,0,0
CAGCCACCGGCAAACCCACTGACATAGT,CTAAGCAGTCTTCTC,,0.0,2,0,0,0,0
GGATCAATCTCAACTGCAGTGACAAGTA,TCAAAGCATGAAAAA,,0.0,2,0,0,0,0
TATGCACTAACAAAGTCACCCCCAAATG,CGTCAAGACCTTCTA,,0.0,2,0,0,0,0
TCCTCAGTCGCACGGTCAAATGCACTTA,TCGAAAGCACAGTAG,,0.0,2,0,0,0,0
TAGTCATGCGCAGGCGCATGAACATCAG,ACAGGGCAGCTCCCG,,0.0,2,0,0,0,0
ACAGCATTGTCAGCCACATGCCCAAGCA,TAACCTCGCGCTGAG,,0.0,2,0,0,0,0
CCCGCAAGAGCAAGTACAATGGCAGATA,CGTCAAGACCTTCTA,,0.0,2,0,0,0,0
TAATCAGCAACAGCGCCAGATTCACACT,TGGAGTCTTTGTTGA,,0.0,2,0,0,0,0
TACACAGCGGCAGTACCAACTTCACAAT,TTAATTAGAGGTATG,,0.0,2,0,0,0,0
ACCCCAATCGCATTGGCATACGCATCCC,TAACCTCGCGCTGAG,,0.0,2,0,0,0,0
TCAGCACAGACATCCCCAGTTACAAGCT,GAGAATGAAGGACAG,,0.0,2,0,0,0,0
GGGACAAGGTCAAGGCCAAATCCATAGG,GTAATCTGACTCTAG,,0.0,1,0,1,0,0
GGGACACAACCAACATCACGCACACCCC,AAAAGAAAAATGTAT,,0.0,2,0,0,0,0
ATGGCAAGACCATACTCAGAAGCAAATC,GGTGGAAGTAGCAGT,,0.0,0,2,0,0,0
TTGTCAATTCCAAGGGCACAGACAGCAA,TAGACGGACATCTTC,,0.0,0,1,1,0,0
TAAGCATTATCATATACAGAAGCAGCCA,CTTGCAAGTGTAATT,,0.0,0,0,1,1,0
ATCACAACACCAGGGCCAGCGCCATTAG,TATATTGAACTTTAC,,0.0,0,0,1,0,1
ATCACAGCGCCACCACCACTGTCAACCT,TATATTGAACTTTAC,,0.0,0,0,1,1,0
GAGCCAATTTCATAAACAATCGCAGAAT,TCAAAACGGAGTGTT,,0.0,0,0,1,0,1
ACCGCACACTCACGCACACTTGCATCAA,TCAAATGATGAGGAT,,0.0,0,0,0,2,0
AACACATACTCAAAGCCAAGGACATGGC,GTACAAGAAATTTTG,,0.0,0,0,0,1,1
AGAACATAAGCAGTGTCAGTAACAGATA,TCAAAGCATGAAAAA,,0.0,0,0,0,2,0
AAACCAGCGTCAACATCAAAACCAATTC,TAACCTCGCGCTGAG,,0.0,0,0,0,0,2
CCACCAGGCACAAGGACAGGGTCAATCG,TCTTGGAGGTGAATG,,0.0,0,0,0,0,2
GGTTCAGTATCAAGAGCACCTACACGAG,ATAATTTTCATCCAC,,0.0,1,0,0,0,0
GACTCAGGGGCATCATCACTTTCAGCTA,TCAAAGCATGAAAAA,,0.0,1,0,0,0,0
TGGACAAATGCATTTACAGCGACATACC,GGTTGCCCAGAAGTA,,0.0,1,0,0,0,0
TTCCCAAGCACAGAATCATGTGCAGTGA,CTAAGCAGTCTTCTC,,0.0,1,0,0,0,0
AGATCAGCATCAGAATCATCCCCAATTC,AAAACATTATCAAAG,,0.0,1,0,0,0,0
AACACAAAGTCACTGACACAGTCAAGAA,CATATGCATTCCTTG,,0.0,1,0,0,0,0
TGGTCAAGATCAATACCAAGGCCACTGG,TCAAAGCATGAAAAA,,0.0,1,0,0,0,0
CTTTCAAGGGCAAGGTCAATACCATCTC,AGTTTATAAAAAATT,,0.0,1,0,0,0,0
GATGCATGGTCAAAGACATTCGCAATGG,TCAGAGCATTGGCCT,,0.0,1,0,0,0,0
TTGGCATAGACACGGCCACGGACAGCAA,CCAACACAGGCTTCG,,0.0,1,0,0,0,0
ATGACATGATCAGCGTCATGAGCATATG,TGGAGTCTTTGTTGA,,0.0,1,0,0,0,0
TTCCCATGACCAGACTCACATACAGTAC,CAAGGATCCCCGTAG,,0.0,1,0,0,0,0
ACAGCAAATACACGTTCAGTGGCATAGA,CTCGCTAATACTCCT,,0.0,1,0,0,0,0
AGCACAGAAACATTACCAAGAACAATTG,ACAAGTTTTACAGTT,,0.0,1,0,0,0,0
GGAGCAAAGACAGCCCCATCCTCAGTGA,CTAAGCAGTCTTCTC,,0.0,1,0,0,0,0
TAACCATTCGCAATCACAGCAACATGAG,CTTGCAAGTGTAATT,,0.0,1,0,0,0,0
TGCTCAGTATCATGGCCATCGTCAACAA,CGTCAAGACCTTCTA,,0.0,1,0,0,0,0
TATTCATGTGCATGTGCACCATCATAGC,GTACAAGAAATTTTG,,0.0,1,0,0,0,0
GACTCAGCACCACCCGCAACCTCATTAG,TATATTGAACTTTAC,,0.0,1,0,0,0,0
CAGCCAGGGACAATTGCAACAGCACCGG,CCAGGATGTACCGCC,,0.0,1,0,0,0,0
TACGCATACCCAGAAACACAGCCACAGT,TCAACAACCTATGCA,,0.0,1,0,0,0,0
AGGTCATGTTCAATAGCAAGAGCATACG,AGTGTTAATCAGACC,,0.0,1,0,0,0,0
GTGACAAGGCCAAGACCACTCACAATGG,CTAAGCAGTCTTCTC,,0.0,1,0,0,0,0
ATAACACTGCCAACGACATCCCCAAATT,TATATTGAACTTTAC,,0.0,1,0,0,0,0
AGTGCACCTACAGTAGCACACGCAGTAC,GTTGGGCGCTTAAAG,,0.0,1,0,0,0,0
GAGGCATCCGCACGCCCAAAGACAGACG,TCAAAGCATGAAAAA,,0.0,1,0,0,0,0
GGGACATGCACAACTACATGTGCAAGAC,TCGAAAGCACAGTAG,,0.0,1,0,0,0,0
AGGGCATCAACAACGGCAATCGCAGATT,TGATCATCACGGGAC,,0.0,1,0,0,0,0
GAGTCACTAACACCTACAATATCACCGA,GCAAGAAAGAAACCC,,0.0,1,0,0,0,0
ATCACACCGGCACGAGCAAAATCAACAG,CTGATTTGTGCTGTC,,0.0,1,0,0,0,0
TGGGCATGGTCATTACCACTGACAGCTA,CTATCAAGGCTTAAT,,0.0,1,0,0,0,0
TTCTCAACGACAAAGTCAATGGCAACTT,GAACTCAGGTTCCAT,,0.0,1,0,0,0,0
CACTCATGTCCATGCCCATAACCACGGT,ATGGCGATGGTCTTG,,0.0,1,0,0,0,0
ACCACAATGGCAGGAACATCGCCAAGTA,GCTGCTTATGAGGAT,,0.0,1,0,0,0,0
TTCTCACGACCAATGACAGTAGCACAAA,CTAAGCAGTCTTCTC,,0.0,1,0,0,0,0
ACGGCACTCCCACCATCAAGAACATTGA,TTTATAAATCAATAG,,0.0,1,0,0,0,0
GGGGCATCAACATCGTCAATGGCATTTT,GTGTGATTACTAAAT,,0.0,1,0,0,0,0
AAATCAGGTCCATGTACAGTTACAACCT,CTAAGCAGTCTTCTC,,0.0,1,0,0,0,0
AAGCCACTACCAATAGCAGTATCAGCAA,GAGTGCTTCAAAGTT,,0.0,1,0,0,0,0
TATGCACACCCACGCACACGCTCACGGA,AAAAGAAAAATGTAT,,0.0,1,0,0,0,0
AACACATGATCACCATCATCGACAGCTA,TCAGAGCATTGGCCT,,0.0,1,0,0,0,0
TAGCCAGTCGCAAAGACATCCTCAGAGT,AGAACATCATCTACA,,0.0,1,0,0,0,0
ACCCCAACTACAGTCTCAGTTTCACCGA,CATTTATGGCTATCT,,0.0,1,0,0,0,0
CAGACAACTCCAGTGCCACATCCAGGTC,GCAAGAAAGAAACCC,,0.0,1,0,0,0,0
AACGCATGTACAAAAGCACCCGCATGAC,CATCACCGTGCTCAT,,0.0,1,0,0,0,0
GAGTCATACACACCCGCATTAGCATCCA,TCGAAAGCACAGTAG,,0.0,1,0,0,0,0
CAATCACCTACACACGCAATGCCACGCG,GTTTAGCTTCCGTTG,,0.0,1,0,0,0,0
CATACAGAGACAAGTACACGTGCAGCCG,TATATTGAACTTTAC,,0.0,1,0,0,0,0
AGGTCAGCAGCACTAGCATACACATCAC,TGATCATCACGGGAC,,0.0,1,0,0,0,0
TCTTCAAACCCAGTATCAGTGGCAAGCG,CCAAGACCGTGTAAA,,0.0,1,0,0,0,0
GAACAACGCCACAGTCATGGTCATTGT,TTAATTAGAGGTATG,,0.0,1,0,0,0,0
CGCGCACATGCACTTGCACACACAGGCT,GTGTGATTACTAAAT,,0.0,1,0,0,0,0
GTTACAGCTACAGAGACATCATCATGCG,TGATCATCACGGGAC,,0.0,1,0,0,0,0
GAGACATTGTCAGCTACAGTAGCAGTAA,ATCGTTGGCATTTGG,,0.0,1,0,0,0,0
GATCCAGCATCAGCCGCACGCGCATCGT,ATTATCAAGTGCCAG,,0.0,1,0,0,0,0
GTTACATGGGCACTCTCAGGCACAGACA,GCTGCGGAGCCTCAG,,0.0,1,0,0,0,0
TAGCCATGAGCATTGGCAAGAACATGCG,TCAACAACCTATGCA,,0.0,1,0,0,0,0
CACGCACGAGCAACTACAACCGCATAAA,AAAACATTATCAAAG,,0.0,1,0,0,0,0
TCACCACGGACAAACGCATAAGCATTCC,ATTATCAAGTGCCAG,,0.0,1,0,0,0,0
AGGACAGCGGCAGCCACATTCCCAAACT,CCAAGACCGTGTAAA,,0.0,1,0,0,0,0
CCGACAAGTCCAGCCCCAAAAACACTGT,ACAGTTGACGGACAG,,0.0,1,0,0,0,0
ATTACATCCTCAGTAACACCATCATCCG,TCAAAACGGAGTGTT,,0.0,1,0,0,0,0
GAGCCACAATCACCATCACGTTCAAGTC,CTAAGCAGTCTTCTC,,0.0,1,0,0,0,0
GAACCACATACAAGACCACTTCCAAGCT,TCGAAAGCACAGTAG,,0.0,1,0,0,0,0
CCCTCACATTCATCGGCATCGCCAAACC,CTATCAAGGCTTAAT,,0.0,1,0,0,0,0
AGTCCAATTTCAAGGGCAGTCACAGGAA,CAATCTTGAATTGAT,,0.0,1,0,0,0,0
AAGGCAGACGCACGGTCATTAACATATT,ATATTGAGTAAGTAC,,0.0,1,0,0,0,0
GTACCATGTACAGAGGCATCATCATGCT,CTATCAAGGCTTAAT,,0.0,1,0,0,0,0
GCCGCATAACCAACTGCACGTACAACGC,TATATTGAACTTTAC,,0.0,1,0,0,0,0
CCCACAATCGCAACGTCAAGATCAGTGT,TCTTGGAGGTGAATG,,0.0,1,0,0,0,0
TGCGCATTATCAAACGCAATACCAAACG,ATGAAGTTCATAATG,,0.0,1,0,0,0,0
ACAGCAGGCGCAACGGCAACAACACATA,TATATTGAACTTTAC,,0.0,1,0,0,0,0
GACGCACTCTCACCCACATTACCACTTT,AGTGTTAATCAGACC,,0.0,1,0,0,0,0
CATGCAACCTCAAAGACATATCCAAGGG,CTCGCTAATACTCCT,,0.0,1,0,0,0,0
AGAGCATTCACATGAGCACATACAATAT,GTTTAGCTTCCGTTG,,0.0,1,0,0,0,0
TTGCCAAAAGCAAACCCAATTACACGAC,ATATTGAGTAAGTAC,,0.0,1,0,0,0,0
CGGGCAGTGTCACGAGCAGCACCAATCT,GCAAGAAAGAAACCC,,0.0,1,0,0,0,0
GTGCCAAAGGCAGGAACATCTTCACTCA,TATATTGAACTTTAC,,0.0,1,0,0,0,0
CAGTCAAACCCAAGTTCAAAGACAGTCC,CGAATGCCATACAAA,,0.0,1,0,0,0,0
CAATCACGGGCAATCGCAAATACAACTG,CCAACACAGGCTTCG,,0.0,1,0,0,0,0
GAATCATCCACAGAAACAGGAACAAATC,TCAGAGCATTGGCCT,,0.0,1,0,0,0,0
CGAACAATAGCAGCACCATAGTCAACAG,GCTGCTTATGAGGAT,,0.0,1,0,0,0,0
CGTTCACCATCAACCGCACGCCCATATC,ATTATCATCGCCATC,,0.0,1,0,0,0,0
ACTGCATCACCAAGTACATAGACAGAGA,AGAACATCATCTACA,,0.0,1,0,0,0,0
AATCCATTCGCAAAACCAAACTCACGGA,GTTTGTTTTGGGAAA,,0.0,1,0,0,0,0
CGCACAGTAACAACTACAGTTCCATCTG,CGAATGCCATACAAA,,0.0,1,0,0,0,0
CATCCACTCGCAAGTTCATGTACATAGC,TCAAAACGGAGTGTT,,0.0,1,0,0,0,0
GTGTCAATGTCATTTGCAGAGACAGCAC,GCTGCTTATGAGGAT,,0.0,1,0,0,0,0
GCCTCAGGGGCAGCACCAAGTACAGCAT,TCTTGGAGGTGAATG,,0.0,1,0,0,0,0
CTCCCACAGTCAATAGCATAGACAAGGT,CTACTTACAACGGAA,,0.0,1,0,0,0,0
CAAGCACAGACATGGCCAGGGCCAGTTG,CTAAGCAGTCTTCTC,,0.0,1,0,0,0,0
AGAGCATTTCAATACCAATGCCAAAAA,GCTGCTTATGAGGAT,,0.0,1,0,0,0,0
AACCCAGGTGCATCGCCAGGGCCAGCAA,CTTGATGGCTGAAAG,,0.0,1,0,0,0,0
CAGGCAGGCACATTATCATGAACACCTC,TCAAATGATGAGGAT,,0.0,1,0,0,0,0
ATGGCAAAAACACCGGCATAAGCATGTA,GTTTAGCTTCCGTTG,,0.0,1,0,0,0,0
GCTGCAGGGGCAAAACCAACCCCACTCG,AGTGTATGATAATAT,,0.0,1,0,0,0,0
GTCACACGTGCAGGAGCATGATCAGAAG,AAAAGCGACATTTCT,,0.0,1,0,0,0,0
CGCACAACCACAAAAACAGGTCCACCTA,CCAAGACCGTGTAAA,,0.0,1,0,0,0,0
TCCCCACGCGCAGGATCACTCTCAGTGG,CTCGCTAATACTCCT,,0.0,1,0,0,0,0
ACGACATCGTCAACATCACCGGCACGGG,CGATGATGATGATGA,,0.0,1,0,0,0,0
GCGGCAACGTCATACACAAGGGCACAGG,CCAAGACCGTGTAAA,,0.0,1,0,0,0,0
CCACCAAACCCAGGGGCAAGCCCACCAT,GCTGCTTATGAGGAT,,0.0,1,0,0,0,0
CCCACAGGGTCAGCGCCAGTACCAGTCA,CGAACAGAAACACAA,,0.0,1,0,0,0,0
CTGGCATCAGCAAGCACAATCCCATTCG,CTATCAAGGCTTAAT,,0.0,1,0,0,0,0
GGGGCAAATACAGGGCCATAGACATTCG,GTTTAGCTTCCGTTG,,0.0,1,0,0,0,0
GAGACATTGACAGAACCACCCACAGCAC,ATCGTTGGCATTTGG,,0.0,1,0,0,0,0
CGGTCATCAACAGGCACATCCGCAGAGA,CTACTTACAACGGAA,,0.0,1,0,0,0,0
AGCTCAGGGTCACGAACAGGTTCAGGAC,TACACCAATTACACT,,0.0,1,0,0,0,0
AACTCAAATCCAGGGCCACAGGCAACCT,TCAAAGCATGAAAAA,,0.0,1,0,0,0,0
TCCACACCACCAGCCTCATTCCCATGAA,TAACCTCGCGCTGAG,,0.0,1,0,0,0,0
GAGGCAAAAGCAGAACCATAATCATGAG,TGATCATCACGGGAC,,0.0,1,0,0,0,0
CTACCAGGAGCAAGGGCAGATCCATTAC,GTTTGTTTTGGGAAA,,0.0,1,0,0,0,0
GCATCATCGCCAGAGACACACGCAGCGG,TCGAAAGCACAGTAG,,0.0,1,0,0,0,0
GGCCCATTCCCATCGGCAAATTCAGACG,ATGAAGTTCATAATG,,0.0,1,0,0,0,0
TACTCAAGCTCACGATCAAGCTCAGAGA,CTCGCTAATACTCCT,,0.0,1,0,0,0,0
TAATCAGGGGCATTGACAGTATCATGGT,TCAAATGATGAGGAT,,0.0,1,0,0,0,0
AAACCAGGCTCATATACAAATGCACACC,CTACTTACAACGGAA,,0.0,1,0,0,0,0
GTGGCAACAACAAAAACATTTCCACCCA,CTTGATGGCTGAAAG,,0.0,1,0,0,0,0
CGCCCAGCACCACGACCATAATCACCAC,CTGATTTGTGCTGTC,,0.0,1,0,0,0,0
CATCCAGGGGCACTAACACCGTCAGGGC,CTACTTACAACGGAA,,0.0,1,0,0,0,0
ACACCACAGTCACTCGCATACGCAAACA,AGTGTTAATCAGACC,,0.0,1,0,0,0,0
GTAACATCGACATTGCCAAAGACAGTTC,TTTATAAATCAATAG,,0.0,1,0,0,0,0
CGGGCAGAGGCAACGGCAGGGACATTAA,GCTGCTTATGAGGAT,,0.0,1,0,0,0,0
ACCACAAGAACAATTCCACAGTCACGTG,GTAATCTGACTCTAG,,0.0,1,0,0,0,0
TGGCCAGGAACATAATCACAGCCATTGT,CATCAATGAGGCAGT,,0.0,1,0,0,0,0
CCCGCAAATGCAACGTCATGTCCATCGC,AAAAGCGACATTTCT,,0.0,1,0,0,0,0
ACCACATATCCAAAATCAACGTCATAGG,TATATTGAACTTTAC,,0.0,1,0,0,0,0
TTAACAGCAGCACTTTCAGTAACAGGGG,CTAAGCAGTCTTCTC,,0.0,1,0,0,0,0
GCACCAGACTCAGTCACATGCTCAACAA,CATTTATGGCTATCT,,0.0,1,0,0,0,0
TTCTCAGAAGCAAACACACGTCCACAAA,GTTAAATCAACAGTT,,0.0,1,0,0,0,0
TGCACAGCGACAACTCCACACGCAGGAT,GAGAATGAAGGACAG,,0.0,1,0,0,0,0
TATGCACACTCATGGCCATGCTCAGACT,TCAAAGCATGAAAAA,,0.0,1,0,0,0,0
CTGCCAATGACACATTCATCCTCAATGG,AGAACATCATCTACA,,0.0,1,0,0,0,0
ACTTCAATGGCAGAGACATCATCATTGG,GGTGGAAGTAGCAGT,,0.0,1,0,0,0,0
GCTCCACTCACACCTTCAACGTCAATAA,GTTTGTTTTGGGAAA,,0.0,1,0,0,0,0
TCACCAGGGCCATAGACAGTCCCAGCGA,CTAAGCAGTCTTCTC,,0.0,1,0,0,0,0
TGGTCATTGGCAGAACCAAGGTCATCAG,TATATTGAACTTTAC,,0.0,1,0,0,0,0
TGGTCACGGTCACACTCAGAGCCACTAC,CTACTTACAACGGAA,,0.0,1,0,0,0,0
CCGGCAAAAACAGCCTCATGTTCAGAGA,CCAACACAGGCTTCG,,0.0,1,0,0,0,0
TTCTCAAGCGCATCCGCAAGGACATTGC,CCAACACAGGCTTCG,,0.0,1,0,0,0,0
GCATCAAGAACAGACACAGCGACACACA,ACAACCTACCTGCTA,,0.0,1,0,0,0,0
GTGCCAAAGTCACCCACAGGATCAGTAA,GCTGCGGAGCCTCAG,,0.0,1,0,0,0,0
ATAGCAGTCCCAAGTCCAATTCCAGGGC,ATATTGAGTAAGTAC,,0.0,1,0,0,0,0
CGTGCAAGGGCATTTTCAATATCACATG,GTTAAATCAACAGTT,,0.0,1,0,0,0,0
AATACATTCACACTTTCACAAGCAGGTC,GAGAATGAAGGACAG,,0.0,1,0,0,0,0
AGTACAGATGCATGATCATTAACACGGG,GAGAATGAAGGACAG,,0.0,1,0,0,0,0
AATCCACCACCAATAGCAGCCTCACGCT,ATAATTTTCATCCAC,,0.0,1,0,0,0,0
CGACCACCTGCACCACCATCTACAATGT,CTAAGCAGTCTTCTC,,0.0,1,0,0,0,0
CCGGCACATCCATCTACAATACCACGAA,CTTGATCAATCAAAA,,0.0,1,0,0,0,0
CGATCAGAGGCAACTACATCATCACCCA,CTCGCTAATACTCCT,,0.0,1,0,0,0,0
ATGACAGCTTCACGATCAGTATCACAAA,GTTAAATCAACAGTT,,0.0,1,0,0,0,0
TGGTCAAGTCCACGCTCACGCTCATAAT,CTACTTACAACGGAA,,0.0,1,0,0,0,0
GTTCCACGATCACGGCCAAATCCAGCGT,GTTAAATCAACAGTT,,0.0,1,0,0,0,0
GCACCAGACTCAAGAACAAAATCATAGT,GTCACCGGCACTAAC,,0.0,1,0,0,0,0
TCCGCAACCACAGAATCACTTCCAGGGC,ACAAGTTTTACAGTT,,0.0,1,0,0,0,0
AAGGCACAAACATCGCCACAGACAGTCT,GAGAATGAAGGACAG,,0.0,1,0,0,0,0
AACTCATTCGCAGTCTCAAAAGCAAGAA,TCAAAGCATGAAAAA,,0.0,1,0,0,0,0
CACACAAGAGCATCATCACAGCCAGTTC,TTAATTAGAGGTATG,,0.0,1,0,0,0,0
TCGTCACGAGCAGTCACAGAGGCACGGG,CTAAGCAGTCTTCTC,,0.0,1,0,0,0,0
AATTCAGAACCAATCGCAACGCCATCTA,CTTTCTTGTGTATTT,,0.0,1,0,0,0,0
GTGTCAGAACCAAAACCACCCGCACTTC,GTTTAGCTTCCGTTG,,0.0,1,0,0,0,0
TGAGCACAAACAGTGACAAGCCCAGTCC,TCGAAAGCACAGTAG,,0.0,1,0,0,0,0
TTCGCATTGGCACCGACAACGTCAACGC,TCAAATGATGAGGAT,,0.0,1,0,0,0,0
ACGACAGGTACACGCCCAAGTTCAGCAG,CTAAGCAGTCTTCTC,,0.0,1,0,0,0,0
TTGACACACTCAGGCACACACGCAGAGT,GAGAATGAAGGACAG,,0.0,1,0,0,0,0
GAAGCAGTCACAGAAACAGCCACATAGG,CTATGCATTTACTCA,,0.0,1,0,0,0,0
TTAGCAGGGTCACCGACAAGCACAATAC,CTATGCATTTACTCA,,0.0,1,0,0,0,0
TAGACACCAGCAACGTCATCCACATATC,TCAAAACGGAGTGTT,,0.0,1,0,0,0,0
GTCCCAATGCCATTGACAGCATCACAAA,GCAAGAAAGAAACCC,,0.0,1,0,0,0,0
TATACACGCTCAGCACCAGATGCACCGA,AAAAGAAAAATGTAT,,0.0,1,0,0,0,0
GATCCAAGACCACCATCAAAAGCAGAAT,TTAATTAGAGGTATG,,0.0,1,0,0,0,0
CACCCATGGTCAGCAGCATTAACATCCA,TTAATTAGAGGTATG,,0.0,1,0,0,0,0
GTGTCATCCACATTACCAGATACAACCG,GGTGGAAGTAGCAGT,,0.0,1,0,0,0,0
CTCTCATGTGCAGAAACAGTAACACGCG,GTAATCTGACTCTAG,,0.0,1,0,0,0,0
CGAACAGAGGCATTACCAGGTACAAGCT,AAAAGAAAAATGTAT,,0.0,1,0,0,0,0
CTCACACTCCCAGATACACAAACAACCG,ATATTGAGTAAGTAC,,0.0,1,0,0,0,0
TGGACACTTACAAGTCCAACTGCAAGTC,CTAAGTGTGAAGGAG,,0.0,1,0,0,0,0
GACACAGAAACAATTTCAGAAGCAGAAG,AGTGTATGATAATAT,,0.0,1,0,0,0,0
GTGTCAAGTCCAAGATCAAGGCCATTAG,AAAAGAAAAATGTAT,,0.0,1,0,0,0,0
CGGTCAAAGACAAGTACAACTGCATTAG,CTAAGTGTGAAGGAG,,0.0,1,0,0,0,0
GGATCAAATGCATCTGCAGTAACAGTGA,CGCGATCAATCCTCT,,0.0,1,0,0,0,0
CACACACAGTCATAGCCAATTGCAGGTC,ACAACCTACCTGCTA,,0.0,1,0,0,0,0
TACGCACCTACAGGATCAGGAGCACATA,AGATTCATCCCATGG,,0.0,1,0,0,0,0
AAGTCAGGGTCAGCGACAGGGGCAGCAC,CTATGCATTTACTCA,,0.0,1,0,0,0,0
GAATCATCGACATAACCACGGACAGACT,AATGATACCATTTTT,,0.0,1,0,0,0,0
AGGCCACAACCAGAACCATCTCCAAATG,ATAGAGCGGCGTTGA,,0.0,1,0,0,0,0
ATGGCACAACCAATATCAAGGTCAGATA,CTTGATCAATCAAAA,,0.0,1,0,0,0,0
GCAGCACTAGCAGCTGCATTCACATAAA,GAGAATGAAGGACAG,,0.0,1,0,0,0,0
ACGCCAAACCCAGTCCCACAGTCAGTCA,GTTGGGCGCTTAAAG,,0.0,1,0,0,0,0
TAAGCAGATACAAGAACATCATCAGCGT,TAGACGGACATCTTC,,0.0,1,0,0,0,0
TCGGCAAATACAATAGCAGCGACACTAT,TATATTGAACTTTAC,,0.0,1,0,0,0,0
TAACCAATCCCAATTCCAATCTCACGAC,TCAACAACCTATGCA,,0.0,1,0,0,0,0
CACACATTCACATAGGCACAGCCAAGAC,CCAACACAGGCTTCG,,0.0,1,0,0,0,0
TCCCCAAGATCACCACCAAACTCAAAGA,TCAGAGCATTGGCCT,,0.0,1,0,0,0,0
ACGGCAATAACAACTGCATGAGCATCTC,GCCCTCGAAACCTAT,,0.0,1,0,0,0,0
GACTCACCCTCACCTACAAGGGCATGTA,TCAAAGCATGAAAAA,,0.0,1,0,0,0,0
CAGTCACTCCCAGGCTCAAACTCAGTCA,ATCGTTGGCATTTGG,,0.0,1,0,0,0,0
GCCACATCTACAGGCGCAAGAGCATTCT,ATAATTTTCATCCAC,,0.0,1,0,0,0,0
CAGACACGCCCACGTCCACCGGCAGCGT,GCAAGAAAGAAACCC,,0.0,1,0,0,0,0
ATGACAGTGCCAAACGCATTCTCAAGGA,TTAGTCTTTCCATCA,,0.0,1,0,0,0,0
GCGCCATTGCCAATACCACCACCACGAA,ACAACCTACCTGCTA,,0.0,1,0,0,0,0
GAGCCATAGTCAGTAGCAGTTTCAGCAG,GTACAAGAAATTTTG,,0.0,1,0,0,0,0
ATTGCAGCCGCATATGCAAGTTCACAGA,GTTGGGCGCTTAAAG,,0.0,1,0,0,0,0
TCTTCAGAAACACCCGCAGAAACACTCA,ATAGAGCGGCGTTGA,,0.0,1,0,0,0,0
GCGCCACTCCCACGGACACTTCCAGATT,ATTATCATCGCCATC,,0.0,1,0,0,0,0
TGGGCATCTTCACGGCCATAACCACATG,GAGAATGAAGGACAG,,0.0,1,0,0,0,0
GCGACAAGTACAGGGTCAGCCGCACACT,TTATATTTATTTGCT,,0.0,1,0,0,0,0
CCCGCAAAGGCAGGGCCACCTTCACAGA,GAACTCAGGTTCCAT,,0.0,1,0,0,0,0
AGCTCACCCTCACGACCATTGTCACACG,CAATCTTGAATTGAT,,0.0,1,0,0,0,0
GGTGCATTCGCAGTCCCAAACACATCCG,CTACTTACAACGGAA,,0.0,1,0,0,0,0
GCAACACCAACAAAGGCAACCACATGAT,GCTGCTTATGAGGAT,,0.0,1,0,0,0,0
AGGACATAACCACGCGCATTCCCAGAAC,GGTGGAAGTAGCAGT,,0.0,1,0,0,0,0
CCAGCAGCATCACTAACAGCCTCATGAA,AGAACATCATCTACA,,0.0,1,0,0,0,0
GATGCACTAACATAAGCATCAACAATCG,GTACAAGAAATTTTG,,0.0,1,0,0,0,0
CTCACAAAGACATGAGCATCTACAAGCT,CTTTCTTGTGTATTT,,0.0,1,0,0,0,0
CTCTCAAGGACAGGTCCACAAGCAACTT,GAACTCAGGTTCCAT,,0.0,1,0,0,0,0
TCTTCAAAATCAATGACAAGCCCAGTAT,CCAACACAGGCTTCG,,0.0,1,0,0,0,0
CCGCCAATATCAACTACACCAACATTAC,TCAAATGATGAGGAT,,0.0,1,0,0,0,0
GTCACAAAACCAATATCAGAGACATGTC,CATCACCGTGCTCAT,,0.0,1,0,0,0,0
AGGGCAGTCCCAGGATCACGAACAGATT,ACAGTTGACGGACAG,,0.0,1,0,0,0,0
CAGGCACCACCAATGACATCTCCAGTCG,GTTTAGCTTCCGTTG,,0.0,1,0,0,0,0
TTTACACCTTCATGGACAGTGTCATGGG,AAAAGAAAAATGTAT,,0.0,1,0,0,0,0
TTCCCAAAATCAGGTTCACGATCAGTCG,GTTGGGCGCTTAAAG,,0.0,1,0,0,0,0
TACACAGGAACAACCACAGCCACACGCG,GTTGGGCGCTTAAAG,,0.0,1,0,0,0,0
GTTCCACCAACAGAATCATGCCCATCAC,TAACCTCGCGCTGAG,,0.0,1,0,0,0,0
CAGTCAACGTCACACTCACACTCAAGCA,ACAGGGCAGCTCCCG,,0.0,1,0,0,0,0
GCATCAGTATCAAATGCATCGTCAACTG,CTACTTACAACGGAA,,0.0,1,0,0,0,0
GAAACAACAACAAAGCCAGTACATACG,GAACTCAGGTTCCAT,,0.0,1,0,0,0,0
CGGACAGTAGCAGATACACAGACAAAAC,GGTTGCCCAGAAGTA,,0.0,1,0,0,0,0
GCATCAGCCGCAGGTACATATCCATCAT,TGGAGTCTTTGTTGA,,0.0,1,0,0,0,0
ACTTCAGTTCCAAAGTCACTTACACCGG,TCAAAGCATGAAAAA,,0.0,1,0,0,0,0
TTATCAGGTACAGTGACAAAATCAGGCC,TTTAACTCACCGTAA,,0.0,1,0,0,0,0
TTAGCAGGCGCATCCTCATTAGCACGAA,ATAGAGCGGCGTTGA,,0.0,1,0,0,0,0
GAGCCAAGATCACCGGCACGGTCAAGAA,GTTGGGCGCTTAAAG,,0.0,1,0,0,0,0
CCAGCATAATCAGTCACAGTCGCAGTTG,ACAGTTGACGGACAG,,0.0,1,0,0,0,0
GACGCACGTTCAGCCTCAGCAGCATACA,CTATGCATTTACTCA,,0.0,1,0,0,0,0
GTCTCACAATCACAGGCAAGTGCATCGG,GGTTGCCCAGAAGTA,,0.0,1,0,0,0,0
GTGGCACCGCCACTTGCAAGCACAACTG,GTTTAGCTTCCGTTG,,0.0,1,0,0,0,0
TTCGCACAGGCAAAGGCACAGGCAATGA,TAACCTCGCGCTGAG,,0.0,1,0,0,0,0
TACCCATTGCCACACGCACTTGCAAAAA,TACACCAATTACACT,,0.0,1,0,0,0,0
CATTCATTTCCAAGAGCAGGCGCAAGGC,GTTGGGCGCTTAAAG,,0.0,1,0,0,0,0
GCGTCACTGTCAGCAACAGGAACAGGGT,GTTTAGCTTCCGTTG,,0.0,1,0,0,0,0
TAGGCAACGCCAAGATCAACTCCACATG,GGTTGCCCAGAAGTA,,0.0,1,0,0,0,0
ACGCCAATATCAGTCCCAGCAACAAAAA,CCAAGACCGTGTAAA,,0.0,1,0,0,0,0
ACCCCAGCAGCACACACATCCGCAATGA,GTAATCTGACTCTAG,,0.0,1,0,0,0,0
ATTACAGAAGCATGGACAGATGCAACCA,CTAAGCAGTCTTCTC,,0.0,1,0,0,0,0
AAGGCAATTGCACGCTCAATGACAGAAC,TCGATAGAATTTACT,,0.0,1,0,0,0,0
CTGACATAGACATTTTCAGTGACATAGA,GTTTGTTTTGGGAAA,,0.0,1,0,0,0,0
GTTCCACCTGCATGGACATCATCAATCT,ACAAGTTTTACAGTT,,0.0,1,0,0,0,0
AATACAAGGGCGCCGCACTCCCAATGT,AAAACATTATCAAAG,,0.0,1,0,0,0,0
AACACATCATCAGGCGCAGACGCAAATA,GCTGCTTATGAGGAT,,0.0,1,0,0,0,0
GTGTCAGATTCAAAGCCAACATCAAGAT,CTTGATGGCTGAAAG,,0.0,1,0,0,0,0
AGCACATATGCACCTCCAAGGACAAATG,CTACTTACAACGGAA,,0.0,1,0,0,0,0
GGCACAAAGACAAAGCCAGTAACAACTG,TCAGAGCATTGGCCT,,0.0,1,0,0,0,0
CATGCAGTCCCAATTTCAATGGCACTAG,CTAAGCAGTCTTCTC,,0.0,1,0,0,0,0
GCTGCACACGCAATTTCACTGCCACTTC,CTCGCTAATACTCCT,,0.0,1,0,0,0,0
GGCGCAGGTTCACGTTCAGGTACACGGC,AGAACATCATCTACA,,0.0,1,0,0,0,0
TCTACAGGGACAAGAACACGGTCACGCA,CTTGATCAATCAAAA,,0.0,1,0,0,0,0
TTTCCAAGTACAACTTCAATCCCAGGAA,TACACCAATTACACT,,0.0,1,0,0,0,0
CCATCAACAACAATACCATAGTCATAGA,TCATAGGTATCTCGC,,0.0,1,0,0,0,0
TGGTCAAGTGCAATAGCAACAACAGTCA,CTACTTACAACGGAA,,0.0,1,0,0,0,0
AGCTCAAGCCCATGTTCACGGACACCTA,CATCAATGAGGCAGT,,0.0,1,0,0,0,0
GGTGCAGTCTCAGTTTCACAAGCAGCTA,ATTAATACTTTGCAG,,0.0,1,0,0,0,0
CTAACACGATCACGGCCAACATCACTGA,GTTGGGCGCTTAAAG,,0.0,1,0,0,0,0
CAAACAAGTCCAACGTCAATGTCAATGA,TCGATAGAATTTACT,,0.0,1,0,0,0,0
CGTCCACCAACACAAGCACTAGCAGCTA,TCAAAGCATGAAAAA,,0.0,1,0,0,0,0
TGCACAACGGCAGCATCAGTGGCACCGT,ATAATTTTCATCCAC,,0.0,1,0,0,0,0
AGAACAGGACCAAACCCAGTGACAAGAT,ATTATCAAGTGCCAG,,0.0,1,0,0,0,0
ACCACATGGCCAAAGCCACCGCCAGGCG,GTTTAGCTTCCGTTG,,0.0,1,0,0,0,0
CACGCATACTCAACAGCATGGCCACCAA,CTAAGTGTGAAGGAG,,0.0,1,0,0,0,0
TAAACAGCGGCATCTACAGCAGCAGCGT,TCATAGGTATCTCGC,,0.0,1,0,0,0,0
CGGGCACCGTCAACCACACTAACATGTC,GCAAGAAAGAAACCC,,0.0,1,0,0,0,0
ACTCCAAACTCAGCAACAACACCAATAC,ATAATTTTCATCCAC,,0.0,1,0,0,0,0
GGTACAGAACCATGGTCACAAACAAACG,ATAGTCGATTAAGAT,,0.0,1,0,0,0,0
CCTACACATCCATTCACATCTGCAAAAG,AGATTCATCCCATGG,,0.0,1,0,0,0,0
GGTACACAAGCACGTACATGCCCACGCT,CTTGATCAATCAAAA,,0.0,1,0,0,0,0
TGGTCACACGCATATCCACACACAGAAT,GCTGCTTATGAGGAT,,0.0,1,0,0,0,0
TAGTCATGAGCAGCGCCATCCTCATCCT,TATATTGAACTTTAC,,0.0,1,0,0,0,0
ATGCCAGTCACATGGACAACCGCAGCGG,CTAAGTGTGAAGGAG,,0.0,1,0,0,0,0
GATCCACCAGCAGCTGCAGCCGCACAAT,CTTGATCAATCAAAA,,0.0,1,0,0,0,0
GCAGCAGCCTCACCTCCATCTTCATAGT,CCAACACAGGCTTCG,,0.0,1,0,0,0,0
AATTCACCGGCAGCGACATGGTCAGCGT,ATGGCGATGGTCTTG,,0.0,1,0,0,0,0
ATTGCAAAAGCATCCCCAATCCCACACT,GTGTGATTACTAAAT,,0.0,1,0,0,0,0
CGCGCATTCGCAGCGCCAGGCTCATAAC,ACCACCGGTCCTGCC,,0.0,1,0,0,0,0
GTCTCACGTCCAGCCACAACGGCATTCA,TTAATTGCACTTATG,,0.0,1,0,0,0,0
TAGACATGCCCAGACACAGTGTCACCGG,TGGAGTCTTTGTTGA,,0.0,1,0,0,0,0
GGGTCACTTCCAGCAGCATTCCCATTCG,GTTTGTTTTGGGAAA,,0.0,1,0,0,0,0
GTTCCATTGGCAAGGACAATCCCAAAAA,ATATTGAGTAAGTAC,,0.0,1,0,0,0,0
TGTCCAAGAACAGTGCCATTAGCATTGG,TTTATAAATCAATAG,,0.0,1,0,0,0,0
TGGGCAATGTCACCTCCAAGGGCAATCG,CCAAGACCGTGTAAA,,0.0,1,0,0,0,0
ACGGCAGGAACAACTGCAAGTTCATAGT,TCAAAACGGAGTGTT,,0.0,1,0,0,0,0
CAAGCACCGGCACGTCCACTGCCATTCC,GTCACCGGCACTAAC,,0.0,1,0,0,0,0
TCTCCAACCACATGTCCATAAGCAAGGC,GTTAAATCAACAGTT,,0.0,1,0,0,0,0
TTGTCAAGCCCAGCGGCACATTCAGTAT,TCAACAACCTATGCA,,0.0,1,0,0,0,0
GCAACACAAACAGGCACATAACCATGGA,ATAATTTTCATCCAC,,0.0,1,0,0,0,0
TCTCCAGAGTCATTCACAAACACAAAAA,ATAGAGCGGCGTTGA,,0.0,1,0,0,0,0
GGAGCAAGCCCAGGCTCAAACACATCAA,CTATGCATTTACTCA,,0.0,1,0,0,0,0
GCGTCAAGTCCAGAAGCAGATGCAGATT,ACAGTTGACGGACAG,,0.0,1,0,0,0,0
AGCGCAAGAACAAGCACAAAGACACGGC,TACACCAATTACACT,,0.0,1,0,0,0,0
GAGACACTCCCACTGTCATCTTCAAACA,ATCGTTGGCATTTGG,,0.0,1,0,0,0,0
AGAGCATAGCCACCTTCAGATTCAGTGC,TCGAAAGCACAGTAG,,0.0,1,0,0,0,0
CGGACAAGCACAGGGGCAAGAACAATCA,GTTCAGCTTTGATCG,,0.0,1,0,0,0,0
TGGGCAAAGGCACACACAGCCACAAGGT,CTTGCAAGTGTAATT,,0.0,1,0,0,0,0
GCTGCAATCCCAGTCACATCACCAGGAG,GCTGCTTATGAGGAT,,0.0,1,0,0,0,0
TCAACACTGCCAAACACATAATCAATGA,GGTGGAAGTAGCAGT,,0.0,1,0,0,0,0
CGATCACTGCCAGAGACAAAAGCAAAAT,GGTTGCCCAGAAGTA,,0.0,1,0,0,0,0
GCAACACACCCAACACCACGGACAAGCT,AAAACATTATCAAAG,,0.0,1,0,0,0,0
CCCACACGAACACATGCATGCACACCTG,CATCAATGAGGCAGT,,0.0,1,0,0,0,0
CTAGCACGGACATCATCATCCCCAAAGC,CATTGTCGGACGCTT,,0.0,1,0,0,0,0
TGTGCAAGGACAGCCACAGGAACAGCTG,CTCTTGAGAATACTT,,0.0,1,0,0,0,0
TAAGCAGTGCCAAACACAAGGTCACGGA,GTTTAGCTTCCGTTG,,0.0,1,0,0,0,0
TTCTCAAATCCAGTGCCAAGATCACTGA,GTTTAGCTTCCGTTG,,0.0,1,0,0,0,0
CTTTCAATCTCATCTGCAGCCGCACTCT,ATGAAGTTCATAATG,,0.0,1,0,0,0,0
ATGTCACGAGCAAAGACAGAAGCAGGTA,CCAAGACCGTGTAAA,,0.0,1,0,0,0,0
TCGCCAGGTGCAGGTTCAGATCCAACGG,GCTGCTTATGAGGAT,,0.0,1,0,0,0,0
TGACCAGCGTCATAGGCATGTACATCCC,GTAATCTGACTCTAG,,0.0,1,0,0,0,0
AAGCCAAGGACAACACCACCACCACAAA,CTAAGCAGTCTTCTC,,0.0,1,0,0,0,0
CAGTCAACACCAAAAGCAGATACAGCTC,GTGTGATTACTAAAT,,0.0,1,0,0,0,0
AGAACAGGTTCATGACCAGGAACATTCT,CTTGATGGCTGAAAG,,0.0,1,0,0,0,0
GCCACATGCACAGGATCATCGCCACCCT,GCTAATTTCAAGAAT,,0.0,1,0,0,0,0
GTACCAAAGGCAGAGCCAGTTCCATAGC,ATTAATACTTTGCAG,,0.0,1,0,0,0,0
GACACATTCACAGGTTCACTGACATAGC,TCAAAACGGAGTGTT,,0.0,1,0,0,0,0
AAGGCAATCTCATTGGCACTGCCAATTA,CTTGATCAATCAAAA,,0.0,1,0,0,0,0
GAAACATTGGCATCGGCAAGCGCACTTG,CTAAGCAGTCTTCTC,,0.0,1,0,0,0,0
CAAGCATGTTCAAAACCACCCTCATGGC,ACAGGGCAGCTCCCG,,0.0,1,0,0,0,0
GTCTCATCTTCAGCCACAGTTGCAGGTC,GAACTCAGGTTCCAT,,0.0,1,0,0,0,0
CTATCAAGGACAAAGTCACGGTCAGATG,TCGATAGAATTTACT,,0.0,1,0,0,0,0
CGGTCATAAGCAATACCAATCGCACATG,GTACAAGAAATTTTG,,0.0,1,0,0,0,0
ACATCATGTTCACCCCCACCACCACGAT,TCTTGGAGGTGAATG,,0.0,1,0,0,0,0
ATAGCATGCTCAAATGCATCGCCACACT,TCAAAACGGAGTGTT,,0.0,1,0,0,0,0
CTCGCAATTGCAGAGGCACCAACAGTAA,AAAACATTATCAAAG,,0.0,1,0,0,0,0
CCACCAGAAGCAATCCCATTGGCAATCA,CCGTTAGTATCGCTA,,0.0,1,0,0,0,0
ATCGCAACTTCACGGCCACAGTCAGCGA,ACAACCTACCTGCTA,,0.0,1,0,0,0,0
TGGCCACGTTCACGGGCACAGACAAATG,ATAGAGCGGCGTTGA,,0.0,1,0,0,0,0
ACTTCACGGACAAGCACATTAGCACGGG,TCAAAGCATGAAAAA,,0.0,1,0,0,0,0
ATTCCATTCCCACACGCAGTCCCAGAGC,CAATCTTGAATTGAT,,0.0,1,0,0,0,0
GCGACAAGATCAAACGCAATACCACTAA,TACACCAATTACACT,,0.0,1,0,0,0,0
CTGGCAGGACCAAAAACAACTGCATACG,TGGAGTCTTTGTTGA,,0.0,1,0,0,0,0
TCGTCAACTCCAGGTGCAGATACAAGAA,GTTGGGCGCTTAAAG,,0.0,1,0,0,0,0
TCCCCATGTACAAATACACTCACATGTA,CTCGCTAATACTCCT,,0.0,1,0,0,0,0
GCTCCACTCCCAAAGTCAGGAACATATC,CTACTTACAACGGAA,,0.0,1,0,0,0,0
AGTTCACGCACAGAACCAATGCCACGCG,TCAAAGCATGAAAAA,,0.0,1,0,0,0,0
GCGACAGATACACATCCACTGGCAAAAG,TCTTGGAGGTGAATG,,0.0,1,0,0,0,0
CCCCCAGAGACACTACCAATGACATGTG,GAACTCAGGTTCCAT,,0.0,1,0,0,0,0
TCAACATGGTCACACACAAAGTCAGCAT,CTATCAAGGCTTAAT,,0.0,1,0,0,0,0
GATACACGGACAAACGCATGGTCACAAG,CTAAGCAGTCTTCTC,,0.0,1,0,0,0,0
ATCTCATCCCCAGGCGCAATACCAAGCC,TTTTGCATTTAGGCG,,0.0,1,0,0,0,0
TCCTCACTGGCAGAAGCAGACACACTGT,CTTGATGGCTGAAAG,,0.0,1,0,0,0,0
CTCGCACTGCCATCGACAATGTCAAGTG,ATAGTCGATTAAGAT,,0.0,1,0,0,0,0
GCACCATCAACAGCCGCAATGACAGACT,CTAAGCAGTCTTCTC,,0.0,1,0,0,0,0
CTGCCACGCCCAGTTACATGGCCACACG,CTTGATCAATCAAAA,,0.0,1,0,0,0,0
CGAACATATCCATTATCACTCCCAGGTG,CGAATGCCATACAAA,,0.0,1,0,0,0,0
TTATCACCGACATAAACAAATGCAGGCC,TCAACAACCTATGCA,,0.0,1,0,0,0,0
TAAACAATTGCAGAAACAGGATCACCAT,CGAACAGAAACACAA,,0.0,1,0,0,0,0
AACTCAGCTACAAAATCAGTCGCAACCA,TAACCTCGCGCTGAG,,0.0,1,0,0,0,0
TGGGCACCGGCACGCTCATACCCATAAA,GTTGGGCGCTTAAAG,,0.0,1,0,0,0,0
ATAGCACAAACAAACACAACTGCATCGA,TACACCAATTACACT,,0.0,1,0,0,0,0
GGTACACCTCCATCGACAGCTACAGGGC,TAACCTCGCGCTGAG,,0.0,1,0,0,0,0
TCGCCATACACATGTACACATTCAGCCG,AAAACATTATCAAAG,,0.0,1,0,0,0,0
TACCCATAGCCACGCGCACTAGCAATAC,TCATAGGTATCTCGC,,0.0,1,0,0,0,0
ACTGCAGCAACAAGTACAGACACAACTG,CTAAGCAGTCTTCTC,,0.0,1,0,0,0,0
CGGCCAGGTACACCATCAGATTCACACA,GCCCTCGAAACCTAT,,0.0,1,0,0,0,0
CTAGCACATCCAAGCACAGTCCCAGAAC,CTCGCTAATACTCCT,,0.0,1,0,0,0,0
CTAGCATATGCAAGAGCAAAGCCAGTGT,ATAGAGCGGCGTTGA,,0.0,1,0,0,0,0
ATCGCATCTGCAATACCATTGCCAAAAC,CATTTATGGCTATCT,,0.0,1,0,0,0,0
GAGCCATAAACAGCAGCAATTACATGAA,GTTTAGCTTCCGTTG,,0.0,1,0,0,0,0
AAATCACTCTCAACATCACGTTCAGCAA,CAAGTTCGGCGAAAT,,0.0,1,0,0,0,0
ATCACACCGTCAAGTTCATACTCAGTCG,ATAATTTTCATCCAC,,0.0,1,0,0,0,0
GGGCCAGCGGCAAGAGCAGGCGCACACA,CTTGCAAGTGTAATT,,0.0,1,0,0,0,0
CGGACATGTCCAGTCGCAGTCTCAGTTC,AAAACATTATCAAAG,,0.0,1,0,0,0,0
AGCTCACTGACACGAGCATTGCCAAAGC,GTACAAGAAATTTTG,,0.0,1,0,0,0,0
AGTTCAGTGGCAGTGGCAAGCCCAGGGA,ATCGTTGGCATTTGG,,0.0,1,0,0,0,0
CCGGCAGGTACATCGACACCCTCAGTTA,TAGACGGACATCTTC,,0.0,1,0,0,0,0
TGGCCAGTAACAAATTCAGCCACATCAG,TCAGAGCATTGGCCT,,0.0,1,0,0,0,0
AGGGCAAGAGCAGAGCCATGGACATACT,CTACTTACAACGGAA,,0.0,1,0,0,0,0
TGCACACACGCAATTGCAATGGCATAAG,GAACTCAGGTTCCAT,,0.0,1,0,0,0,0
CTAGCAACCTCACACCCACACTCACTGG,CATCACCGTGCTCAT,,0.0,1,0,0,0,0
AGCGCAGTTCCAGCGGCAGAGTCATTGT,TATATTGAACTTTAC,,0.0,1,0,0,0,0
AAGCCAAAGACATTACCACGGGCAGTAC,TCAAAGCATGAAAAA,,0.0,1,0,0,0,0
ATGTCAATAGCAGGTCCAGGTACATACT,TCATAGGTATCTCGC,,0.0,1,0,0,0,0
TAGACAGAGTCAGGTACATCAGCAAGCA,ATAGAGCGGCGTTGA,,0.0,1,0,0,0,0
CATACACTGGCAATGGCAGTGACAAGTC,CTCGCTAATACTCCT,,0.0,1,0,0,0,0
GAACCATAATCATACCCAACCTCAGGGA,GGTGGAAGTAGCAGT,,0.0,1,0,0,0,0
GGTACAAGTCCATATGCATGAACATAAG,ATCGTTGGCATTTGG,,0.0,1,0,0,0,0
TGCACAAGTGCACGGTCATACGCACACT,GTAATCTGACTCTAG,,0.0,1,0,0,0,0
CTCGCATATCCAAAAGCATAGACAGTAC,TCAACAACCTATGCA,,0.0,1,0,0,0,0
CGTGCAACTCCAGATGCACGACCAGCCC,TCTTGGAGGTGAATG,,0.0,1,0,0,0,0
CCCGCACGTACACTCACACCGGCCATC,CTATCAAGGCTTAAT,,0.0,1,0,0,0,0
TAGTCATAGCCAACCTCACTTCCATGCA,AGTTTATAAAAAATT,,0.0,1,0,0,0,0
AATCCATTACCACGTGCAGCAGCAACAT,CTAAGCAGTCTTCTC,,0.0,1,0,0,0,0
GACTCAACGGCAAAAGCATACGCAGTGT,TTTTGCATTTAGGCG,,0.0,1,0,0,0,0
CTGTCACAACCAAGTACAAGCTCATACG,ATTATCAAGTGCCAG,,0.0,1,0,0,0,0
GCGCCATCTCCAAATACAATAGCAGCTC,TCGATAGAATTTACT,,0.0,1,0,0,0,0
ACTGCAACCTCATCCCCATTCACAGCTA,ATGGCGATGGTCTTG,,0.0,1,0,0,0,0
AGTACAGGTCCACGTTCACATACATCAG,AGAAGACGACGATGA,,0.0,1,0,0,0,0
TTTGCAAACTCACCACCACGTTCACGCC,GAGAATGAAGGACAG,,0.0,1,0,0,0,0
TAATCACTTACACGGACAACAACACGCG,ATGAAGTTCATAATG,,0.0,1,0,0,0,0
TAACCAAATTCATGCCCAAGTTCACGGC,ATGGCGATGGTCTTG,,0.0,1,0,0,0,0
AGATCAGGTGCACTTACACCCACACTTG,ACCACCGGTCCTGCC,,0.0,1,0,0,0,0
GGGCCACGTCCAGAGACAGGCACAGCTA,GTCACCGGCACTAAC,,0.0,1,0,0,0,0
ACGCCAAGCGCACAGCCACGCTCAGTTC,AGTTTATAAAAAATT,,0.0,1,0,0,0,0
TACACATGCGCATCCACAATCACATTCC,CGCGATCAATCCTCT,,0.0,1,0,0,0,0
GTGTATGTCCACGGGCACTCGCACTCT,ACCACCGGTCCTGCC,,0.0,1,0,0,0,0
GCATCAGGGGCACGGTCACCAGCAGACC,TTTATAAATCAATAG,,0.0,1,0,0,0,0
CAGGCAGTATCACTCGCAAATGCATATC,CTTGATCAATCAAAA,,0.0,1,0,0,0,0
AAGGCAGAAGCATCACCAAATACATCGC,ATGGCGATGGTCTTG,,0.0,1,0,0,0,0
CATACACGGCCACCTACAAAGGCACTCG,TCAAAACGGAGTGTT,,0.0,1,0,0,0,0
CAGCCAGAGACATTCGCAGAGGCAATTG,TCGAAAGCACAGTAG,,0.0,1,0,0,0,0
TTGAGCAACGCCACTGCCAACAGCACTCT,CATCAATGAGGCAGT,,0.0,1,0,0,0,0
ACAGCAGTTGCAGTTCCAGGCTCACAAT,TTAATTAGAGGTATG,,0.0,1,0,0,0,0
TTTACATTGCCAGGAACAGGTACAGGAA,TCAGAGCATTGGCCT,,0.0,1,0,0,0,0
GCCGCATCAACACGGGCAAAGACAGCGA,TTTATAAATCAATAG,,0.0,1,0,0,0,0
GATCCAGGCACACATGCATGCACAAGTA,CCGTTAGTATCGCTA,,0.0,1,0,0,0,0
CCAGCAACAACAACATCAAGAGCACTAT,ACAGTTGACGGACAG,,0.0,1,0,0,0,0
AGTACAAATTCATAATCATAGGCATGTC,TCAAAGCATGAAAAA,,0.0,1,0,0,0,0
GTAGCACGTGCAAGGGCAATACCAGAAT,GTACAAGAAATTTTG,,0.0,1,0,0,0,0
CGTGCATAGGCAAGGCCAAATTCATCCC,TTAATTAGAGGTATG,,0.0,1,0,0,0,0
AAACCATCGACACTCTCATACGCAACTG,ATAGAGCGGCGTTGA,,0.0,1,0,0,0,0
GATGCATGTCCATATTCAAGCGCAGCAT,TTATATTTATTTGCT,,0.0,1,0,0,0,0
GAAGCAACGTCACAGACACATTCACCAT,GAGTGCTTCAAAGTT,,0.0,1,0,0,0,0
AACACACCTGCACTCACAGCAGCATTAG,CCAACACAGGCTTCG,,0.0,1,0,0,0,0
CAAGCACCCGCAGTATCAGGATCAGAAT,TCAAAGCATGAAAAA,,0.0,1,0,0,0,0
ACCTCACACACAGCAGCACGCTCACTTA,GTTGGGCGCTTAAAG,,0.0,1,0,0,0,0
CCGACATAGCCAGCAACAGTAACATTAC,GGTTGCCCAGAAGTA,,0.0,1,0,0,0,0
TTGTCAATAACACTTTCATCTCCAATCC,CTACTTACAACGGAA,,0.0,1,0,0,0,0
TAAACAGAAACAACTGCACAACCACTGC,TCAAAGCATGAAAAA,,0.0,1,0,0,0,0
CGGACAGTTCCAGGCTCAGATTCACCCG,AAAAGAAAAATGTAT,,0.0,1,0,0,0,0
TCCCCACGCTCAATACCAGGGTCAGGTC,GCTGCGGAGCCTCAG,,0.0,1,0,0,0,0
CAGTCATTTACAGTGTCATAGTCATGCG,GTGTGATTACTAAAT,,0.0,1,0,0,0,0
CGCGCAGCGGCACGCGCATAGGCATCCG,CTCGCTAATACTCCT,,0.0,1,0,0,0,0
TAGACAACAACATTGTCATTGACAGAAT,ATTATCAAGTGCCAG,,0.0,1,0,0,0,0
AGGCCAGATCCAATAGCACCCGCAAGAA,GCTGCTTATGAGGAT,,0.0,1,0,0,0,0
ATAGCAACGGCACGGACATTACCAAAGG,AAAACATTATCAAAG,,0.0,1,0,0,0,0
GTTTCAGTGACACTTTCAAAGACAAAAG,CATTTATGGCTATCT,,0.0,1,0,0,0,0
GTAGCAGTAACAAATGCATCCTCACATC,CATCAATGAGGCAGT,,0.0,1,0,0,0,0
GCGACAATATCATATGCAAATGCATGTC,GCTGCTTATGAGGAT,,0.0,1,0,0,0,0
TGGACACGTACAAGCACACCGACACAAA,TAACCTCGCGCTGAG,,0.0,1,0,0,0,0
ACGGCAGGTCCACTACCAGTCTCAGCAC,CTTGCAAGTGTAATT,,0.0,1,0,0,0,0
TGTGCAATAACACATACATCTACACCAG,TAATATTGTTTTGCG,,0.0,1,0,0,0,0
CTTGCATCAGCAGAAGCAGGTACAGCTA,TAATATTGTTTTGCG,,0.0,1,0,0,0,0
GCCACAATCCCATCCCCAATAGCACAAC,GCCCTCGAAACCTAT,,0.0,1,0,0,0,0
TAGTCAGGCTCAGGAGCACCACCAGTCA,TAACCTCGCGCTGAG,,0.0,1,0,0,0,0
CTCCCATGAGCAATTACAAATGCACGTA,TCGATAGAATTTACT,,0.0,1,0,0,0,0
TGATCAGATTCAGGTCCAGTGACATTGA,GCTGCTTATGAGGAT,,0.0,1,0,0,0,0
GAATCAGTCGCAGAGACAAACCCATTAG,GCTGCTTATGAGGAT,,0.0,1,0,0,0,0
TGCACACGCCCAGTAGCAGCACCAAAGG,CTAAGCAGTCTTCTC,,0.0,1,0,0,0,0
TTCGCATACTCAAAAACACATACAGCAT,GCTGCTTATGAGGAT,,0.0,1,0,0,0,0
CGACCAGCGTCATTAGCAGCGGCACCGG,ACAGGGCAGCTCCCG,,0.0,1,0,0,0,0
GCTGCATGGCCATGTTCACGAACACGGC,TACACCAATTACACT,,0.0,1,0,0,0,0
TAGGCATATCCATACCCATGGTCACGGG,GTTAAATCAACAGTT,,0.0,1,0,0,0,0
ATTTCATGTTCATAAACATTAGCAAGGA,TTTAACTCACCGTAA,,0.0,1,0,0,0,0
TCGACATTGGCATGAGCAGACACAGCTC,CTACTTACAACGGAA,,0.0,1,0,0,0,0
TAAGCATGGACACTGACACACTCAAACA,CGAACAGAAACACAA,,0.0,1,0,0,0,0
CTCTCACTTACAAACCCAACCACATGGA,ACAAGTTTTACAGTT,,0.0,1,0,0,0,0
TAAACAGTACCAAATACACCGGCAACAA,TAATATTGTTTTGCG,,0.0,1,0,0,0,0
GGATCAGACACATAAACACAGACAACGC,GTGTGATTACTAAAT,,0.0,1,0,0,0,0
AGGGCAAAAACACATACAAATGCACATC,AGTGTTAATCAGACC,,0.0,1,0,0,0,0
TAGCCATGTACAGCGACACAGCCATTCT,CCAACACAGGCTTCG,,0.0,1,0,0,0,0
GGCACAGTTTCAAAGACAGGAACACACG,TCGATAGAATTTACT,,0.0,1,0,0,0,0
ACATCAACACCATAGACATTAGCAGTGC,TCAAAGCATGAAAAA,,0.0,1,0,0,0,0
GAAGCAATGTCAGGAACACCTCCAAAGG,CAAGGATCCCCGTAG,,0.0,1,0,0,0,0
AAAACAGGACCAGGAGCAATAACAAAAC,TACACCAATTACACT,,0.0,1,0,0,0,0
TAGCCAGATACATCCGCATCGTCAGCGG,CCAAGACCGTGTAAA,,0.0,1,0,0,0,0
AACCCAGATACAATCACACGTACATTAC,AAAAGAAAAATGTAT,,0.0,1,0,0,0,0
GCAGCACTAACAAACCCATTGTCAAAGG,AAAACATTATCAAAG,,0.0,1,0,0,0,0
TAAACAAGGACAAAGGCATCGTCAACTA,TCATAGGTATCTCGC,,0.0,1,0,0,0,0
CAATCAACGGCACGCCCACCCCCATAAA,TTAGTCTTTCCATCA,,0.0,1,0,0,0,0
CCAACAACGACATAAACAATGTCACTGA,GAGTGCTTCAAAGTT,,0.0,1,0,0,0,0
TGAACACAGCCAGGAACAGATACAGTCA,ATAGAGCGGCGTTGA,,0.0,1,0,0,0,0
CTGTCAAGCGCACCCTCAACAACAGGAT,CCAACACAGGCTTCG,,0.0,1,0,0,0,0
GCGGCAGTTTCATGATCAGGCGCAACGC,CTTGCAAGTGTAATT,,0.0,1,0,0,0,0
TAGTCAATGACAATTCCAGGGACACCTT,GGTTGCCCAGAAGTA,,0.0,1,0,0,0,0
CGAGCAGAGACAATCTCATACCCATCCA,ATAGAGCGGCGTTGA,,0.0,1,0,0,0,0
AAACCAGTAACAGTTCCAAACACAGAAG,CCAACACAGGCTTCG,,0.0,1,0,0,0,0
CAGGCACTTGCATGCGCACTAACAACCA,GTTGAACTGGTTGTT,,0.0,1,0,0,0,0
CGTCCAGGGGCACATGCAAGAACACCAC,ATTAATACTTTGCAG,,0.0,1,0,0,0,0
AGGGCACGAGCACGGGCAGTTGCACGAT,GTACAAGAAATTTTG,,0.0,1,0,0,0,0
GGCGCAGCCCCACAAGCATAAACAGAGA,CTACTTACAACGGAA,,0.0,1,0,0,0,0
CCTCCAAATGCACCGCCATTGCCAACGA,TGATCATCACGGGAC,,0.0,1,0,0,0,0
TCGGCAAGACCAGGCACAGCGCCAGCAC,GCTGCTTATGAGGAT,,0.0,1,0,0,0,0
AAGACAAGTACACGCCCATCGCCATCTG,GTTTAGCTTCCGTTG,,0.0,1,0,0,0,0
TATTCACAAACAGGCACACGTCCAAAAT,TCATAGGTATCTCGC,,0.0,1,0,0,0,0
CAAGCAAGCTCACTACCATCGGCACCGC,GGTTGCCCAGAAGTA,,0.0,1,0,0,0,0
CCGTCATGTTCAAGGACAGGGACAGTAC,GTTAAATCAACAGTT,,0.0,1,0,0,0,0
ATGACAAGTACAGTTTCAACGACACATG,GCTGCTTATGAGGAT,,0.0,1,0,0,0,0
AAGTCATCGCCAATACCAAAAACATAAT,TCAGAGCATTGGCCT,,0.0,1,0,0,0,0
GATTCACATCCAGTTCCAGTCCCACCTA,GTACAAGAAATTTTG,,0.0,1,0,0,0,0
GGAACAGCCACAACTGCATACGCAGCGG,CGTCAAGACCTTCTA,,0.0,1,0,0,0,0
ATTCCACATGCAACCACAACGGCAGATG,CTTGCAAGTGTAATT,,0.0,1,0,0,0,0
AGCTCAGCGGCAGTAACAAGGTCACGGA,TCGATAGAATTTACT,,0.0,1,0,0,0,0
CGCTCACGAACATTAGCATATTCAACAC,CTCGCTAATACTCCT,,0.0,1,0,0,0,0
AGATCATCGCCATAGGCATGCACATGGC,ATAGAGCGGCGTTGA,,0.0,1,0,0,0,0
TGTTCAATGTCCCAACAATCTCACGCC,GTTCAGCTTTGATCG,,0.0,1,0,0,0,0
ACACCACAGCCAATAGCAGCGTCAACTA,ACAGGGCAGCTCCCG,,0.0,1,0,0,0,0
GGAACAAGATCATGTCCAAACGCAATGT,CGTCAAGACCTTCTA,,0.0,1,0,0,0,0
GGAGCAAATACAACGGCACTAGCAGCAT,ATTAATACTTTGCAG,,0.0,1,0,0,0,0
TAAACACGCCCAAGGCCAGCGACAACCT,ATCGTTGGCATTTGG,,0.0,1,0,0,0,0
TGGGCAGGTGCAAGCACACATGCACATA,CTTGATGGCTGAAAG,,0.0,1,0,0,0,0
CTATCAGCTGCACCTTCAAAAGCAAGCG,CTAAGCAGTCTTCTC,,0.0,1,0,0,0,0
TGCGCAACGACATTGACAGAAGCAACCC,ATCGTTGGCATTTGG,,0.0,1,0,0,0,0
TCTGCACACCCAAAGGCAGGTACAGAAG,GTTTAGCTTCCGTTG,,0.0,1,0,0,0,0
CACACATGGGCAGACCCAATATCACGGC,GCTGCTTATGAGGAT,,0.0,1,0,0,0,0
AAGGCAAAAGCACACTCAAGCTCAGATT,GTTTAGCTTCCGTTG,,0.0,1,0,0,0,0
TTTGCATAGTCAATGGCAAGCTCACATC,GTTGGGCGCTTAAAG,,0.0,1,0,0,0,0
AAAACATAGACAGACACAACGGCACAAT,GTGTGATTACTAAAT,,0.0,1,0,0,0,0
CGACCACGCACAATGACATCAGCATTGA,GAGTGCTTCAAAGTT,,0.0,1,0,0,0,0
TTACCATGGTCAGAGTCACTCTCACAGA,GCTGCTTATGAGGAT,,0.0,1,0,0,0,0
CTCACAATCGCATCCTCAGTAACATCTC,GTTAAATCAACAGTT,,0.0,1,0,0,0,0
TTACCACCTTCAGGGGCACTTCAACACC,GTTTAGCTTCCGTTG,,0.0,1,0,0,0,0
TAACCAACTCCAACAGCACAGTCACGAA,TGATCATCACGGGAC,,0.0,1,0,0,0,0
CGCACATGAACATAGGCAAAACCATCGA,GTTCAGCTTTGATCG,,0.0,1,0,0,0,0
CCGGCAAAAGCAGATGCAGCCGCAGATG,TCAAAGCATGAAAAA,,0.0,1,0,0,0,0
CATCCATAAGCATACTCAAACACATGGT,ACAAGTTTTACAGTT,,0.0,1,0,0,0,0
AATTCAAGAACATTAGCAGATGCAGGCC,TCAGAGCATTGGCCT,,0.0,1,0,0,0,0
GATACAACACCAGGACCACTTGCACGTA,TTTTGCATTTAGGCG,,0.0,1,0,0,0,0
TGAGCAAGTCCAATTGCATCTACAAGCA,TCTTGGAGGTGAATG,,0.0,1,0,0,0,0
ATTGCAATGTCATCTGCAGGGCCAGTTC,GTTTAGCTTCCGTTG,,0.0,1,0,0,0,0
AGGCCACCGTCATTGGCACTGACAAACT,TCGATAGAATTTACT,,0.0,1,0,0,0,0
TTCTCAGTAACACGGTCAAACTCAATCG,TTTATAAATCAATAG,,0.0,1,0,0,0,0
GTGACAGGACCAAGGGCACGAACAGCTA,CGATGATGATGATGA,,0.0,1,0,0,0,0
AATACATACACAGGGACAAACGCACCGA,AGTTTATAAAAAATT,,0.0,1,0,0,0,0
CGAAACAGGCCCATGCACAGTCACATAT,CGCGATCAATCCTCT,,0.0,1,0,0,0,0
GTGTCAGGTACAACGGCAACTACAAGAA,ATGAAGTTCATAATG,,0.0,1,0,0,0,0
GTGGCACGTACACCTGCATTGTCAAGAA,TCTTGGAGGTGAATG,,0.0,1,0,0,0,0
CAACCACTCCCAGTTCCAAAAACAAGGT,GCTGCGGAGCCTCAG,,0.0,1,0,0,0,0
GCGCCATAACCACAGGCACGCCATGAA,TAATATTGTTTTGCG,,0.0,0,1,0,0,0
GGCCCAGAGGCAATTACAGGGTCATTAG,CAATCTTGAATTGAT,,0.0,0,0,1,0,0
CTCGCACCTGCAATTGCAACGGCAGGGG,CTCGCTAATACTCCT,,0.0,0,0,1,0,0
AACGCAATGACAACGGCATAATCAAACG,TCAAAGCATGAAAAA,,0.0,0,0,1,0,0
ATGACAAAGTCAGCAACAATATCACTCG,TTTAACTCACCGTAA,,0.0,0,0,1,0,0
GCTCCAACGGCATCTTCACATTCAAGAT,ATCGTTGGCATTTGG,,0.0,0,0,1,0,0
AGGGCATATACAACCCCATTCTCACAAG,ATTATCAAGTGCCAG,,0.0,0,0,1,0,0
ACCACACGGCCACGTACACTTTCAAAGC,AAAAGAAAAATGTAT,,0.0,0,0,1,0,0
GTACCAGGTGCATACCCAAGGACAGAAC,GTTTAGCTTCCGTTG,,0.0,0,0,1,0,0
GGCGCAAGTCCAGTATCACAGGCAATGG,TCAAAACGGAGTGTT,,0.0,0,0,1,0,0
GTGTCATACACACCCACAGCATCATAGG,TTATATTTATTTGCT,,0.0,0,0,1,0,0
CCTGCACCCTCATATGCATGTGCACATA,CAAGGATCCCCGTAG,,0.0,0,0,1,0,0
AATACATCATCAATCTCATTCGCAACCG,TCAAATGATGAGGAT,,0.0,0,0,1,0,0
AGCGCAATCGCATCAGCATGGTCAAGTG,CCAACACAGGCTTCG,,0.0,0,0,0,1,0
TTTTCACGGCCACCCGCAAAAGCAGAGT,TATGCCCTTCTTCTG,,0.0,0,0,0,1,0
GCGACATTATCAAATCCAGCAGCAAGTA,CGAATGCCATACAAA,,0.0,0,0,0,1,0
CCAACAATGTCAGAGGCAAAGCCAAGCG,TTTATAAATCAATAG,,0.0,0,0,0,1,0
CTTACATTAGCAAACGCACTGGCACAGG,CTTGCAAGTGTAATT,,0.0,0,0,0,1,0
CTGCCAATTCCAGGTCCAGGGGCAAAAC,GGTTGCCCAGAAGTA,,0.0,0,0,0,1,0
AACCCATGTCCAAGGGCAGTTGCATATG,TTAGTCTTTCCATCA,,0.0,0,0,0,0,1
CAAGCAGCGCCAGCTGCACCGGCAACTT,TTAGTCTTTCCATCA,,0.0,0,0,0,0,1
GAACCAAGCACAGCTCCAATTCCACATG,AAAAGCGACATTTCT,,0.0,0,0,0,0,1
GTCGCACCATCATGAACATAACCAACTC,TTAGTCTTTCCATCA,,0.0,0,0,0,0,1
GGTACACTGACACACGCAATTGCATTAC,TTTATAAATCAATAG,,0.0,0,0,0,0,1
