BC,Edge,s,LL.ratio,TP1-1-T1,TP1-1-T2,TP1-1-T3,TP1-1-T4
GCGGCATCGTCATCCACAGTAGCATTCG,CTCGCTAATACTCCT,0.008445889409479093,0.0,3246,8997,9130,11434
TGGCCATGGACACCTACACGCCCAACCT,TCTTGGAGGTGAATG,0.005282321145673101,0.0,3095,7947,7819,9915
TGGCCATAAGCATACGCAAATGCACTGG,TCTTGGAGGTGAATG,0.00803435964967313,0.0,1640,4197,4390,5706
TCCGCACATACAGAGTCATAACCATGAG,CTCGCTAATACTCCT,0.0019303504008909564,0.0,1778,4124,4228,5151
ATATCACACTCATCATCAAGGCCAGTAG,GTTGGGCGCTTAAAG,0.0012471997975082108,0.0,1676,4175,4273,4757
GACTCATGCACACACCCAGTCGCATGGT,CGAATGCCATACAAA,0.0044581440806368425,0.0,1580,3837,4205,4938
AAGGCACATCCATTGACAAGGGCATACG,AAAAGAAAAATGTAT,-0.004275472144831764,0.0,1820,4243,4013,4377
CCCACACAGACATCATCAAGTACAATAC,AGAAGACGACGATGA,-0.03286154679884977,0.0,2482,4702,2958,2532
TGGACACAGACATGACCACGCACAGGTG,ACAGTTGACGGACAG,0.0012343235858229083,0.0,1505,3579,3475,4270
CAGGCAAAATCACCAACACACACATGAA,CAAGGATCCCCGTAG,-0.02414840602568867,0.0,2056,4451,2886,2724
GGGACACATGCAAGGACACTTTCAGCAG,CAAGGATCCCCGTAG,-0.020382883799165412,0.0,1742,4154,2957,2584
CCGTCAAGAACAGGGCCATTAACAACAG,AGAAGACGACGATGA,-0.03427179189453189,0.0,1854,3530,2438,1813
CCGGCACATACAGTGCCACGTTCACCAA,GTTGGGCGCTTAAAG,-0.0032912810191929446,0.0,1218,2898,2687,3017
AACTCACTACCAGAAACAGCGGCAAGCT,TCTTGGAGGTGAATG,0.0062415290806966915,0.0,993,2673,2579,3274
CTATCACAAACAGTGTCAGTCGCATAAT,AAAAGAAAAATGTAT,-0.004929809903386495,0.0,1153,2755,2443,2719
GAAACATGATCAGCATCAAATCCAGCCA,TCAAAACGGAGTGTT,-0.000932618733090192,0.0,996,2677,2537,2648
GGCACATTCCCAATAACAGTAGCAACCT,CCAGGATGTACCGCC,0.010443391521131495,0.0,727,2349,2220,2719
TTCTCACCGGCATAAACACGAACACAGA,CAAGGATCCCCGTAG,-0.026768652020297285,0.0,1366,2597,1868,1673
GGGGCAACAACAAGGGCAGTAGCAGTCG,TGATCATCACGGGAC,-0.004559633978228442,0.0,905,2459,1954,2158
GTTTCACCGACACCGACACAACCATAAC,ACCACCGGTCCTGCC,-1.1044687156018702e-05,0.0,787,2349,1991,2151
GTGTCACCGCCAGCCCATCAGCATGCC,TATATTGAACTTTAC,-0.0033676224261903684,0.0,855,2062,2017,2113
CCACCACATCCAAGCTCAATAGCAAGAA,AGTGTATGATAATAT,-0.011039636912311223,0.0,898,2084,1797,1763
GTAACAGTGTCAGAGTCAATGTCACAAA,TGATCATCACGGGAC,-0.014571612173369088,0.0,961,1931,1666,1697
GAGGCAATTACAGGCCCATTGGCAGCGA,TCAAAACGGAGTGTT,-0.002693177345450722,0.0,732,1704,1700,1846
CCTCCAGCGCCAAAAACATACCCACTAC,TATATTGAACTTTAC,0.0030589663084099605,0.0,634,1723,1587,1900
GTAACAAAATCAGGGGCAGCCACAACGG,AGTGTATGATAATAT,-0.005567345975857871,9.9777084261259,673,1767,1587,1557
CAACCAAAACCATGATCAGTGACAGCGT,TTTTGCATTTAGGCG,0.0012978659569374306,0.0,610,1561,1443,1734
ACTACACAGGCAGTGACAAAGTCATGAG,TCAACAACCTATGCA,-0.005485883867706973,0.0,636,1486,1387,1475
TCGGCACATACAACTCCAGCAACATTCA,CCAGGATGTACCGCC,0.007032554648850523,0.0,497,1294,1336,1678
ACTTCAGTGGCAAACCCATCGCCACGGG,CGATGATGATGATGA,-0.007795028827327262,0.0,616,1513,1176,1333
GTAACAGGTGCACGCTCACGCTCAAATA,TCAAAACGGAGTGTT,-0.0038393168002847904,0.0,497,1167,1125,1211
GGCTCAGAAACAACGCCAGAAACACGAT,TCGATAGAATTTACT,0.013073574398427053,0.21531724150599985,361,1199,1019,1461
CCGGCAAACTCAGTTACACGGCCACTGC,TCAGAGCATTGGCCT,0.038268435341366244,0.0,212,795,1216,1827
GCTCCAGGGGCATAGGCAATAACATATC,TAACCTCGCGCTGAG,0.001977193018248909,0.0,435,1070,1104,1262
GTTTCACCAGCACGTGCAATATCACTGC,TGATCATCACGGGAC,-0.00992320264897296,0.0,498,1184,1038,1011
CCTGCATAAGCATACGCAGTCCCAGGCG,ACCACCGGTCCTGCC,-0.0067157407587780035,0.0,489,1140,998,1093
GCCTCAAACTCATCGGCAGCGGCAATCA,TAACCTCGCGCTGAG,-0.001259970507132054,0.0,441,1014,956,1161
TCCGCAATCACACATACATAGTCAGGGT,TGATCATCACGGGAC,-0.019570952042496557,0.0,552,1197,880,839
CGTCCACGAGCAAACCCAGTCGCAACCT,ACAGTTGACGGACAG,-0.0003474135158134806,0.0,367,927,958,993
TCTCCACTGTCAGGAACACCAGCATATC,ACAGTTGACGGACAG,-0.00562415105478508,0.0,407,874,897,940
TACACAATAGCAGTCGCATCAGCAATGA,AGTGTATGATAATAT,-0.07136710852485591,405.4312824785575,918,1165,465,295
GGCCCAGATGCAATAGCAACCACAGCTA,TTAATTGCACTTATG,0.005644607030420002,0.0,306,852,889,991
AAGTCAGGTACACTATCACGGCCATTGC,AGTGTATGATAATAT,-0.015666591269089796,0.0,443,956,801,757
AACGCATCAACACACGCAAGGCCATAAT,TCGATAGAATTTACT,-0.011523834258298128,12.184343534690015,415,957,809,803
AGTTCAGCACCAACCACATGAACAAGCC,TATATTGAACTTTAC,0.0010293922587604118,0.0,333,893,794,939
ACTTCAAACGCAAGTACACAACCATACG,TATATTGAACTTTAC,0.0038389455298366557,0.0,295,906,818,905
AAATCACTACCAGCCTCAATGACAACCC,ACCACCGGTCCTGCC,0.0011950190101472906,0.0,313,882,811,887
CTCGCAACACCACAGTCAGGTGCACGGG,AATGATACCATTTTT,-0.01877516623066275,0.0,406,985,694,632
TTCCCAGAGGCAAGATCAGTATCATGTG,TAGACGGACATCTTC,-0.0710767004556669,0.0,836,1027,429,271
GAAACAAGAACAACTCCAGCGCCAGGTT,CTCGCTAATACTCCT,-0.0008457296174869457,0.0,305,854,761,813
ACAGCAGGAACATCGCCATCAGCAGCAT,ATTATCAAGTGCCAG,-0.0035271355027458526,0.0,309,822,774,760
AGGACACGTACAAAATCACCCACATAGA,CTCGCTAATACTCCT,0.002413739852396516,0.0,297,783,749,873
ACGACACCGACAGGCTCATTTACAAATC,GTACAAGAAATTTTG,0.005003514980838463,0.0,294,798,712,934
GCTACAGCAACATCTACACCATCAGTTG,AGAAGACGACGATGA,-0.03065646682942547,0.0,456,940,603,497
GGTCCAACTACAGCATCAGATTCAGATG,TGATCATCACGGGAC,-0.004590086380291,0.0,306,814,639,729
GACACACAGGCAAAGACAAGGTCAAGCT,TAACCTCGCGCTGAG,-0.002816055282630299,0.0,318,738,659,799
CTCACACGATCACGGGCAGCAACAGCCA,AGAAGACGACGATGA,-0.031681370879394745,0.0,492,890,517,520
GAGTCAGTAGCAGCTCCAACCCCAATGT,CTCGCTAATACTCCT,0.006950929163835766,0.0,250,653,660,842
GTCTCACAGACACGCACAGTCTCAGGCG,CTCGCTAATACTCCT,0.010883360587618482,0.0,214,707,641,811
TATGCATGGACATTGACACAAGCATTGA,GAGTGCTTCAAAGTT,-0.02820158339630051,0.7126589792414961,433,808,564,508
CCCGCAGTGTCATCTTCATGTGCACGCG,AGTGTATGATAATAT,-0.01349062399504127,0.0,324,787,587,591
GCAGCAGAGCCACCCAAGCGGCATTAT,CTCGCTAATACTCCT,0.0011578623079167903,0.0,254,687,614,719
AATACAGGAACATGCGCACGCCCAGTCC,ACAGTTGACGGACAG,0.0013545104677510791,0.0,236,698,560,672
GACGCAATCTCATTACCACCAGCAAGCG,TGATCATCACGGGAC,-0.012102496484398451,0.0,305,669,556,580
GGATCACAGACATAACCAGCCGCATTAC,CGATGATGATGATGA,0.003448918519919649,0.0,218,664,552,661
TTCGCATATACAACGACAGTACCAAAAG,TGATCATCACGGGAC,-0.01290008694078694,0.0,307,623,515,570
TCCACAAAGGCAAAGTCACAATCACAGT,AAAAGCGACATTTCT,-0.011451150930813338,0.0,263,724,482,510
CAATCATCGTCAACAACACTCTCAACCA,TCAAATGATGAGGAT,-0.03092765599984319,0.0,370,725,453,400
CACACAATTGCAGCCACAATAACAATCG,CTCGCTAATACTCCT,0.013867603693908966,0.0,159,501,542,659
GGCGCAGGCGCAGACGCAGCTTCAATTG,AGAAGACGACGATGA,-0.03134446682701212,0.0,340,562,416,363
TGGACAGCTGCAAAATCATAAGCAATAC,CTCGCTAATACTCCT,0.007792179740558354,0.0,196,459,428,677
CTGTCACAGCCATGGACAGAAGCATAAA,TCTTGGAGGTGAATG,-0.007401571518427818,13.52666611690529,232,505,494,508
GTGACATGCGCATATCCATTTACAACCG,TGATCATCACGGGAC,-0.011840121844128594,0.0,228,589,473,437
ATGCCACGCCCATAACCACGCTCAGATT,GGTTGCCCAGAAGTA,-0.013627321566193848,0.0,289,468,427,525
AGACCATTAGCAATTACAACCTCATGGG,TATATTGAACTTTAC,-0.018576145403275807,28.834369101974517,288,548,415,451
GGTACAAGGTCACTCCCAAGAACACCAA,TCAAAACGGAGTGTT,-0.002762911123304483,0.0,211,507,432,531
GCCACAGCTACAAGGACACATCCATTGG,GCCCTCGAAACCTAT,-0.06506875951836992,0.0,474,612,274,184
GCTTCAACTACACCATCATTCGCAAGGG,CTATCAAGGCTTAAT,0.0020619613866378708,0.0,164,470,508,477
CTTGCATGCCCATTGTCAGAATCAACTG,ATAGAGCGGCGTTGA,-0.06965709315743712,0.0,473,574,230,160
TCGTCAAACTCATAAGCACGACCAGCGA,TATATTGAACTTTAC,-0.0008090533026086535,0.0,181,439,432,483
AGCACAAGCACAAGTACAGATGCAAAAC,CTCGCTAATACTCCT,0.023808256285727847,25.414395065879035,118,361,420,659
CAACCAACAGCAATATCAGGATCAATAA,TCAACAACCTATGCA,-0.0036722375466470506,0.0,176,507,400,431
CTTGCAACAGCAGTGCCACCAGCATACG,ATTATCAAGTGCCAG,-0.0011480237469274773,0.0,159,473,466,420
GCTCCAGGCGCACCTCCAATACCATACC,TTTTGCATTTAGGCG,-0.018861331242855783,22.494475783325015,228,462,442,354
CATTCATTAGCAATATCAGTCGCAGCCC,TCTTGGAGGTGAATG,0.008163306914279614,0.0,138,393,372,482
ATAACACCTACAGGCCCAACGCCATGCC,AATGATACCATTTTT,-0.034381121735944827,0.0,237,516,328,231
TTCACAGACTCAAGGCCATAATCACTCG,TCAAAACGGAGTGTT,-0.0005997766379062542,0.0,143,376,389,384
TTGACACTGACAAAGGCAGATACACAGA,TCAAAACGGAGTGTT,-0.006774848216598499,0.0,173,377,355,386
AGGGCATACTCAGCGTCAATCACATACG,CTAAGCAGTCTTCTC,-0.007783557344877915,0.0,170,367,366,368
GATACAGGGCCAAAGGCACAAACATTGG,TATATTGAACTTTAC,0.0032645389289957492,0.0,130,365,338,392
GGCGCATCTCCACAAACAGCGACAGTCC,TCAAAACGGAGTGTT,-0.00040083924741871665,0.0,144,357,319,389
ACCTCAGAGGCATGAACAGCGACATTCT,GTTGGGCGCTTAAAG,-0.000706987294490998,0.0,133,375,333,356
CCCGCAATTCCAGGAGCAATCGCATATG,TCAAATGATGAGGAT,-0.02899451950763258,0.0,206,418,283,236
GACGCATCGCCAGGGTCAAAATCACAGG,TAATATTGTTTTGCG,-0.09237966215514633,0.0,415,354,159,71
GGCACATATGCATGGTCATAAGCAAGAT,CAATCTTGAATTGAT,0.007620753612072158,81.72210529790505,110,384,308,378
GATACAAATCCAGGCTCATTATCAAAAA,ACAGTTGACGGACAG,-0.002250719429069204,0.0,144,334,325,368
GAAACAGAACCACATCCAACATCAATAA,TCAGAGCATTGGCCT,0.03403046747112951,0.0,73,233,341,554
TTCGCATCACCAAATTCATGGGCATTCT,ACAGTTGACGGACAG,0.0030940355734367492,0.0,125,301,345,375
ACGGCAATGGCAGTCACACTATCAGGCA,TATATTGAACTTTAC,-0.018548926581893683,25.898990530306037,171,401,276,268
CAAACAGCCTCACACACACATCCAGCAG,TATATTGAACTTTAC,0.00683127884412696,0.0,118,309,286,396
TACGCATCTTCAGCCGCAATGTCAATAC,ATGGCGATGGTCTTG,-0.030133617571835487,0.0,196,394,251,217
GTCACATGGACACAACCACCCGCATGGT,CGATGATGATGATGA,0.013133287370992291,8.809273019312968,92,320,280,373
GACGCACCGTCAACAACAAGGTCAACTT,TTAATTAGAGGTATG,-0.02622458851341074,0.0,196,365,258,244
TAATCAGTCCCACCATCAAAGGCATCTT,AGAAGACGACGATGA,-0.024540937053190038,0.0,181,341,267,237
TTAACAATTCCAAATACAATGTCAAGGG,GTTGGGCGCTTAAAG,-0.002983349653028386,0.0,110,332,313,275
GTAGCAACTACACTAACAGTAACATATA,CTCGCTAATACTCCT,0.012683437988496108,0.0,90,271,277,360
AAAACAAACACAACGGCAGATGCAAAGT,TATATTGAACTTTAC,0.00255552089936056,0.0,104,280,271,307
GCGGCAGGATCAAATTCAAGCTCATATC,ACAAGTTTTACAGTT,-0.034065469357020255,0.0,187,352,223,184
GGTACATAACCAACTGCAAAAGCACAAC,ACCACCGGTCCTGCC,0.013957478415836042,5.105233149216474,77,302,272,320
ACCTCACAGTCATGTACATGGACATGCA,ACAAGTTTTACAGTT,-0.036873665640401815,0.0,157,393,225,142
AGTACAACTCCAGAAGCAGATTCATCAG,AAAAGAAAAATGTAT,-0.01028401079070666,0.0,121,327,263,243
GTGACACAAACATCGTCAACGGCACAAT,AGTGTATGATAATAT,-0.024595197064935362,0.0,179,299,216,234
GGTCCAGGGACAAAGCCATGCACAGTGA,AAAAGCGACATTTCT,-0.012386673601272711,0.0,131,319,225,247
GGGACAAGTGCACGGTCAAGTCCAGGCT,AAAAGAAAAATGTAT,-0.008160714818876673,0.0,114,279,273,244
CCTACACCTCCAGTTGCACGCTCACCAG,TCAACAACCTATGCA,-0.012927119476124757,0.0,145,263,223,269
AGGTCACCAGCAAGCCCAGGCACAATAG,TCAACAACCTATGCA,-0.013408539986491637,0.0,140,250,224,256
CCGCCAATTTCAACCGCAAAGACAAGAC,CTACTTACAACGGAA,-0.00496413033538845,0.0,104,260,260,245
GCAGCAGGGCCATATTCACACACAGAGT,TCAAAACGGAGTGTT,0.01099673754536982,3.9461090511895236,76,247,241,289
GACCCAGTCTCACCTCCACGTGCAATGA,TCAAATGATGAGGAT,-0.03176643452993453,0.0,166,303,171,175
GTTCCATCCGCAATCGCATGATCATCGG,TCGAAAGCACAGTAG,-0.059948933245732854,0.0,190,331,141,86
GGTCCAAAATCAATACCAAGTGCAAAAC,AGAAGACGACGATGA,-0.04754770425308023,4.359005730726949,166,292,206,109
ACTCCAAAGCCAGGTACATTGGCACAGA,TCAAAACGGAGTGTT,-0.015043017806545165,9.593917368195434,112,282,215,195
TCAACAAGGCCAATATCACTACCAACGG,TCGATAGAATTTACT,0.004761049592592137,0.0,91,207,222,287
AACACATCTCCACGGACATGTACATACG,TTAATTGCACTTATG,-0.002857800226512513,0.0,106,236,181,266
CCAGGCATATACGTCACTCGCATGGA,CTACTTACAACGGAA,0.006225096234576869,6.093194423687237,88,197,210,290
GGTGCAAAGCCATCTGCATACGCACGCT,AGAAGACGACGATGA,-0.03892114156384737,0.0,174,276,143,148
GCGGCAACGACACGTACAGTCTCAAATA,CCAAGACCGTGTAAA,-0.0200108704452281,0.0,128,247,164,192
AGCTCAAATGCATCAGCACCAGCAGGAG,CATCAATGAGGCAGT,-0.188043682344731,0.0,266,103,15,3
GAGTCAACGACAAGGGCACTGTCAGGGA,CAAGGATCCCCGTAG,-0.030552002924568816,0.0,150,221,167,164
GTTACACCCACAGTGCCAGTGTCAAGCT,GCTAATTTCAAGAAT,-0.06996413481228304,0.0,182,251,171,61
GCCGCAGCCGCAGCTTCAAAAGCATATT,GCCCTCGAAACCTAT,-0.061154921798316296,0.0,197,238,121,86
GCCTCATTGGCAGGTTCTCAACATGCA,TATATTGAACTTTAC,-0.015682961709082066,4.5190708458135305,113,195,217,193
AGGCCAGGTACAAGGTCACATACAACCT,CATCAATGAGGCAGT,-0.1842301072988911,0.0,228,93,9,3
TGTGCACACGCATTCGCAGCTTCAGAAG,TATGCCCTTCTTCTG,-0.02861555022360494,0.0,126,247,184,146
AGAACAAAAACATAAGCACCGCCACATT,TATATTGAACTTTAC,0.012284231620272241,0.0,63,176,218,249
GGGCCAGATCCAGGGCCACATACACCGT,AGTGTTAATCAGACC,-0.00539805467855731,0.0,83,199,218,193
GACGCAGACTCAGCTGCACATACACAAT,AGAAGACGACGATGA,-0.038741446609351485,0.0,145,225,173,124
TTTACAGCCGCAGATGCACCGGCACGCA,TATATTGAACTTTAC,-0.006301002831262833,0.0,95,195,181,215
TGGCCAATTGCAAAATCATCATCATGGC,TAACCTCGCGCTGAG,-0.013565157345876778,6.020297665540056,100,211,175,182
ACTTCATCACCAAGTGCAACGGCATGCC,TCGATAGAATTTACT,-0.012527431417553104,7.5068506068450915,98,216,166,184
AAGACAGGTTCACGCTCAAGTGCAACAG,ACAAGTTTTACAGTT,-0.028348026048194825,3.7522727283574113,119,226,156,139
GTAACATTGGCAAGAGCATAGGCAGGTC,TAACCTCGCGCTGAG,0.016803903187402016,9.250135294700613,57,160,180,258
ATACCAGGCCCATTAGCAGGTGCATGAC,TTTTGCATTTAGGCG,0.0052734608821984885,0.0,74,172,157,237
GCGCCAAGGTCACTGGCAAAGGCATCCT,TGGAGTCTTTGTTGA,-0.07359813963579855,0.0,183,244,120,55
ACGGCAGTTCCAGCGGCAAACACATTCA,TCAAATGATGAGGAT,-0.02608825567169326,0.0,104,219,148,130
GCCTCAGGCGCAGTTCCAGAGGCAAAGG,GTTGGGCGCTTAAAG,-0.017195742750610987,11.902058865055096,87,224,171,142
ATGACACCATCAAAGGCATGGTCAAAGC,GCCCTCGAAACCTAT,-0.0554697223564928,0.0,141,224,125,73
TGCACAACCACAGGGGCAGAGTCAGGTG,TTTTGCATTTAGGCG,0.01035531887625396,0.0,63,183,144,235
AATGCAGAACCACGGACAACAACATCAT,GTTGGGCGCTTAAAG,0.006438968034579478,0.0,60,185,166,199
CCGTCATTGTCATAATCAAGCCCACAGG,GAGTGCTTCAAAGTT,-0.00018730018700499734,2.1250154875340286,64,212,142,174
CTCACAACGACAGTGTCAAGACCAGCCA,TTTTGCATTTAGGCG,-0.00568231840415061,2.7868850892382397,72,196,172,166
CTCACATTAGCAACGCCAAATCCAGAGA,GTTAAATCAACAGTT,-0.019764866868640672,0.0,90,192,171,136
GCGGCAGAGGCAGAATCAGCTACACCTC,TACACCAATTACACT,-0.17251884483383337,0.0,208,96,16,5
AGAACAGTGGCATCAACACGGACAGGAT,ACAGTTGACGGACAG,0.014540458222296299,4.536382062662597,48,148,185,203
CCTGCACAAACACTAGCACCCCCATGGT,AGAAGACGACGATGA,-0.016582290930571168,6.2576041557263125,80,197,146,133
CGCACAAAGACATTATCAAAATCACCAG,CGATGATGATGATGA,-0.004344082803703576,0.0,80,144,166,192
TAGCCACAGTCAAGGTCAACACCAGACA,TATATTGAACTTTAC,0.0030940355734367492,0.0,61,163,152,183
TACCCACAAACAGGTACAGAAACAAAGT,ACAAGTTTTACAGTT,-0.05295301149520292,3.7522058277968426,120,223,116,67
TGAGCAAACCCACGGACATAATCACGAG,TACACCAATTACACT,-0.1568359668910813,0.3306522741233948,209,80,22,0
TTTCCAGGACCAGTGTCACTGACACATG,TACACCAATTACACT,-0.19149332591907858,0.5796179579840555,209,85,11,4
GGCTCAACGGCAGCCACAATCGCAGTAT,TGATCATCACGGGAC,-0.024584241162344284,4.8866530932741625,78,193,157,102
GCAGCATTTTCAGACGCAGTTCCAGATC,GCTGCTTATGAGGAT,-0.021268881377989653,0.0,99,162,111,143
TATCCACAGGCACATACAATTGCACGAA,ACAAGTTTTACAGTT,-0.04578386671967749,0.0,104,206,118,72
CACGCAGGGGCATACCCATCAGCAATGA,TCAAAACGGAGTGTT,-0.007795438768398246,0.0,61,157,167,132
CTAGCAGTGGCAATGACAACACCACAAG,AAAAGAAAAATGTAT,0.003971279184015883,0.0,50,140,166,154
GGGCCAAGCGCAACGTCAAAAACATGGG,AAAAGCGACATTTCT,-0.00017197803857002653,0.9075385322228158,50,177,104,136
GGGGCACCACCAGATTCATTTCCATGCG,AAAAGAAAAATGTAT,-0.0032510887096038666,0.0,50,141,147,124
GAAGCAGTCACAATAACATCACCATCGT,ACAGTTGACGGACAG,-0.003302331353566767,0.0,63,111,130,156
GTGGCAAAGTCAAGCACACTCTCAACAT,CGAATGCCATACAAA,-0.011143517922874699,0.0,70,132,123,137
TGCTCAGCGACAGATCATCCCCACATG,AGTGTATGATAATAT,-0.04255553918668023,20.33647466931484,118,150,86,90
TCGACAAATCCACGTACATTAACAGTAC,CATCAATGAGGCAGT,-0.1786026832504531,0.0,146,63,8,0
GGGTCAACCCCACCATCAAAGGCAATCG,AGAACATCATCTACA,-0.049942256885426715,0.0,108,158,92,66
ACGACAGGCACAGGGGCAACAACAATAG,CCAACACAGGCTTCG,-0.06986065888139086,0.0,116,150,104,39
CTTGCATATTCAAGGGCACATCCACGCG,CGATGATGATGATGA,0.0011887551121051367,0.0,48,126,130,136
GAAGCAGGGTCAAATCCACCGGCACCTC,TCAAATGATGAGGAT,-0.041473408163666826,0.0,99,162,79,78
ACTTCAATCGCACGTGCAAGTGCAACTC,TTTTGCATTTAGGCG,0.0009599736146057291,0.0,43,146,116,121
TCCACAGGACCAGGTTCATGGTCACCGC,TATATTGAACTTTAC,-0.0036182894853848957,0.0,53,126,115,130
GGCACACCTGCATCCACAGTCCCAGTTT,AGAAGACGACGATGA,-0.027297128271173057,0.0,73,142,106,88
CCTTCAAGGACATATACAGAAGCATAGG,AGAACATCATCTACA,-0.05518805320905426,0.0,113,149,82,59
AGATCAGAGGCATGAACAAAGACAGTAT,TGATCATCACGGGAC,-0.024825913203179558,5.869785500792659,57,163,111,74
CAGACATGAGCACGATCATCGGCAGCCT,GTACAAGAAATTTTG,0.00563980153292256,0.0,42,122,109,136
TGTCCAGGCCCATACCCAATACCATACT,AAAAGCGACATTTCT,-0.013742462728463453,0.0,58,131,96,105
CAAGCACCTCCACCGACACGTCCACAAG,TCAAAACGGAGTGTT,-4.026274817245957e-05,0.0,52,103,97,142
AATACATGAACAGTCGCAATCCCAAGGT,CTACTTACAACGGAA,-0.0044650750720561724,0.0,46,128,95,110
AAAACACGTGCACGGGCACAAACACATG,GGTTGCCCAGAAGTA,-0.01835763907391567,0.0,59,137,91,93
GTCGCATTCTCAAACTCAGGCACACGCG,CATCAATGAGGCAGT,-0.23028617614343655,1.6391715005131573,136,35,6,1
TGTCCATCGTCACGTCCACTACCAAGCA,ATAGAGCGGCGTTGA,-0.08663665839897415,0.0,123,148,52,25
GTCACAAGGGCATAAACAACAACACTGA,TATATTGAACTTTAC,0.007429139848376713,0.0,36,107,113,123
TAAACACATGCACCGACAGGTACATGTT,ACAGTTGACGGACAG,-0.0015646958390685304,0.0,46,111,105,120
GGTGCAGTCACATCCGCATTCGCATTGC,CAATCTTGAATTGAT,-0.06740551372987146,0.0,105,146,57,38
TAAGCAAGGTCACACACATCCACAGTTG,TTTTGCATTTAGGCG,0.013253252433806132,0.0,29,137,88,118
AATTCACGGCCACATACAGGTCCAAAGC,TACACCAATTACACT,-0.14293518885657985,0.01402398446123243,146,90,7,2
TGGCCATAACCAGGGGCACTGCCATCGT,TTTTGCATTTAGGCG,0.006606052762030974,0.0,36,102,111,120
TGCTCATTAACATGAGCAAGAGCACATC,TGGAGTCTTTGTTGA,-0.07256580676559841,0.0,100,136,60,31
GACGCAGCCCCATGCACATTATCATGAA,ACAAGTTTTACAGTT,-0.031748174691990476,1.1593655425244833,73,121,80,77
AAGACACAATCAGCCTCAGGAGCAAGTC,ATAGAGCGGCGTTGA,-0.06066303374808713,1.632138609966887,79,148,52,35
TGAACATCAGCAGCGACAAACTCAGTAA,ATAGAGCGGCGTTGA,-0.0947011934210934,0.014260243486774016,94,141,71,15
TTTTCATTCCCAGGCTATTAACAAATA,ACAAGTTTTACAGTT,-0.046642671284215176,0.0,83,119,67,56
TCATCAGAAACAAATACAACATCATGTC,TTTTGCATTTAGGCG,-0.008440687347808703,1.113993097626917,49,99,93,104
TACGCAGGGTCAAATTCAGAAACACGAG,ACAACCTACCTGCTA,-0.0005130839145710275,0.0,39,108,80,105
TGGACATGGGCAATCTCACAACCAAAAC,TCAAAACGGAGTGTT,-0.012273796401995737,1.6522237110209517,37,100,106,70
AAAGCAGAAGCACTTGCAAAACCAATCA,AAAAGAAAAATGTAT,0.008638076088353881,7.09795712196069,35,66,92,124
CCCCCAATGGCACCGGCACAGCCATTCC,CGATGATGATGATGA,0.0014186410807404866,0.0,34,90,86,97
TCGCCAGCTGCAGATTCACTACCAGACT,TATGCCCTTCTTCTG,-0.03413801200444011,0.0,55,97,87,54
AGTGCAGGTCCATGAGCACAACCAAAAA,CGCGATCAATCCTCT,0.015479487454519497,0.0,20,91,85,87
CCTTCACCGGCATGGGCATGGGCAGCCA,TTATATTTATTTGCT,0.01713448440931356,0.0,21,84,81,96
GGACCAGGTTCACGGACAGAGGCACACC,GGTTGCCCAGAAGTA,-0.15287012225333438,93.37406373834091,86,48,8,1
CAAACATGTCCAGGCCCACGAACAGTAA,AAAAGAAAAATGTAT,0.02189188387610139,9.63747201833985,22,68,70,116
TAGCCAATACCATGCGCAGATCAATTC,AAAAGAAAAATGTAT,-0.0442232980515036,24.19790531525541,51,112,52,37
ACTGCAGTCACAGAAACATTGGCATGAC,GTTGGGCGCTTAAAG,-0.006086363755228774,0.0,36,77,68,82
CCGGCAGTGGCACTTCCATAAGCACGGC,GTTGGGCGCTTAAAG,-0.0019250597092090582,0.0,31,71,74,80
GGGTCAATGCCAGTATCATAAACATCAG,AAAAGAAAAATGTAT,-0.0011670768102260826,0.0,25,97,72,66
ATCCCACTCCCAAACCCATCGTCAACAG,AGAAGACGACGATGA,-0.03670338004231108,0.0,55,92,50,50
CCGACACTTGCATCCGCAGGCTCATACC,TATATTGAACTTTAC,0.004352046506198329,0.0,26,86,59,81
AATCCACGTTCAGCTGCAATCGCATAAA,GCTAATTTCAAGAAT,-0.07973618608616322,2.8493904252420634,76,97,37,19
TGCACAGGATCACTCGCATCATCAACCC,AGAACATCATCTACA,-0.0560515553104361,0.0,57,89,67,29
GCGGCATGCACAGAGTCAAATGCACCAT,AGATTCATCCCATGG,-0.06193343655515466,0.0,68,90,25,29
TACTCATGGGCATATCCACGGACAGTGT,ACAGTTGACGGACAG,-0.004944699653792858,0.0,28,78,68,66
TTAGCACTTCCACATGCAATATCAACCT,ACAGTTGACGGACAG,0.015094126707816949,1.835622160739149,20,63,69,86
CCTGCAAGATCATGCTCACCTACACTCC,TATGCCCTTCTTCTG,-0.03642675328182125,0.0,48,68,56,44
AGCTCAGTGGCAGGATCAAAGTCACTCG,TATATTGAACTTTAC,0.0011033944167160145,0.0,23,80,59,65
CAGTCAGGTGCAAAGACACAGACAGACT,GAGTGCTTCAAAGTT,-0.02134438159901807,0.0,34,89,41,49
ACAACAACACCACGAACACTCTCATCAA,ACAAGTTTTACAGTT,-0.03851076518119901,0.0,36,92,43,31
TGTTCAGGCTCATTGGCAGGGCCATGAA,CATCAATGAGGCAGT,-0.14866859104490457,1.6011692708140686,67,39,4,2
ATGACAGCAACACGTTCAGTTTCACGTG,CCGTTAGTATCGCTA,-0.1844301359410972,0.0,113,46,4,0
TCACCATCTGCAAAGCCAAACACATAAA,TATGCCCTTCTTCTG,-0.03797742046965098,0.0,48,81,40,42
GTAACAAGATCAGTTTCAAACACATACC,ATTATCAAGTGCCAG,-0.023450344986402468,4.604279627273968,34,73,50,46
GCGGCATTGACACCATCAACCGCACAGG,TGATCATCACGGGAC,-0.0032744723186535346,0.0,23,49,76,57
TCCGCAGGGGCATCGACAGCTTCATGTT,AGAACATCATCTACA,-0.04737688884755575,0.0,50,70,36,33
TGAGCAGGGCCATAGTCAACCCCAATCT,CGATGATGATGATGA,-0.01583876568009458,2.049203782324639,30,74,48,51
CACGCAGGTTCATCCCCAAACTCACTCC,ACAAGTTTTACAGTT,-0.0523701676838356,1.2719051171286537,44,72,40,25
TAGACAAACCCATCCGCAGGGGCACTTG,CTTGATGGCTGAAAG,-0.03567765808675262,0.0,32,82,42,30
GCTCCAAGGGCACCTACAGACACATGTA,TTTTGCATTTAGGCG,0.03616499584895875,10.452276005117596,11,39,59,89
TGTACAAGTGCACCATCAGCCACAGGAG,TATGCCCTTCTTCTG,-0.04655525100506725,0.4549231913088079,34,70,63,23
GGATCAAGTGCATCCGCAAGAGCATTCG,GCTGCTTATGAGGAT,0.007545081994254202,0.0,21,36,56,72
ACGCCACGGTCAAGGGCAGGGCCATCG,TTTTGCATTTAGGCG,0.025638704314888877,2.4661406823266816,10,43,76,59
CGCACAATTGCAAACACAGCTCCAATGG,GTCACCGGCACTAAC,-0.015240842323872293,0.0,26,41,66,45
AGCCCAACGCAACCACAAGATCAACAT,CATCAATGAGGCAGT,-0.21311786028454655,1.2350921153263243,72,22,2,0
GGGACATAGACACGCGCAGCCGCATTCC,TAATATTGTTTTGCG,-0.08656266650769705,0.0,54,65,23,11
TAGCCATAAGCAAGGACACTTGCATCTG,ACAGTTGACGGACAG,0.01168833921684005,1.3814058852929065,17,44,46,66
GTTTCAACGTCAGCGACAAGCCCAGCCA,TGATCATCACGGGAC,0.010137672029010295,3.931626380487387,17,48,46,63
TCGACACACGCACCGACATGTCCAGTAA,CTTGATCAATCAAAA,0.008975916818155334,8.21901109082927,19,49,30,68
CTGGCATGTCCAGAGCCAGAGTCAGAAT,TAACCTCGCGCTGAG,-0.006160355646505906,0.0,22,44,47,50
GTAACACCTCCAAAGACAGTCTCAGCTA,AGAAGACGACGATGA,-0.050819500496005844,3.3451510366603543,42,52,24,25
GACACAGCTGCAGATGCAGGGACAATAA,TCAAAACGGAGTGTT,0.007951095946149865,0.0,17,22,54,59
CGGTCACAGCCACAGTCATAGCCAACAC,TGATCATCACGGGAC,0.009294839263081434,6.310008064909994,8,43,40,55
TTTACATAATCAACAACACGCTCAGCAA,TGGAGTCTTTGTTGA,-0.06080338483263196,2.103661295126301,34,40,35,15
AATACAGCATCATCGGCAGGTTCACAAG,TATGCCCTTCTTCTG,-0.026535689682764596,0.0,30,43,25,37
GCAGCAATGCCAACGGCACTTGCAAAAC,TATATTGAACTTTAC,0.015743689630266913,0.8275648917567651,13,44,26,57
GCAACAAACCCAATCGCAGGCACAACCG,ACAGTTGACGGACAG,0.0267499183238086,3.91825816132814,10,35,30,61
GGCACACCCACACCAACACTGCCAGGAC,TTAATTAGAGGTATG,-0.013089558285953222,0.0,13,57,35,24
GACTCATGGTCATAGACAAACGCAAAAT,CCAACACAGGCTTCG,-0.041313535754883696,0.0,24,41,35,19
CTATCATAGGCACGCACAATGCCATTGT,CTTGATCAATCAAAA,-0.04008338385703534,0.0,28,28,53,23
GGTCCAGGGTCAACCTCATACACATCAA,ACAGTTGACGGACAG,0.007114968499723924,0.0,13,29,47,44
TGAACATACGCAGCGACAAGCGCATGTA,TTTAACTCACCGTAA,-0.05389001012626598,0.0,35,41,29,19
GCCACACACTCAGAATCACGATCATTGA,AGAACATCATCTACA,-0.03181659756924852,0.6559751023937679,19,59,25,20
TGATCAGTGCCAAATACATGTTCAAGAC,ACAGTTGACGGACAG,-0.047774507876398226,8.547008174706434,23,39,42,15
TCTTCAGTCGCAGCTTCAGTACCAAAAG,TCAAATGATGAGGAT,-0.0319757068610038,0.0,21,36,20,22
CCACCACAGTCAAGCCCAGGGCCAAAAA,AGATTCATCCCATGG,-0.05632947980160097,0.0,28,46,22,7
ACTTCACCATCAGGGCCATCACCAACGT,TATATTGAACTTTAC,0.0038783854871099095,0.0,14,30,29,43
GGATCACTGCCATGAACAAAGTCACGCT,TCAAATGATGAGGAT,-0.052853657223931656,4.783830522544122,25,54,12,14
GGGCCATTCACACGAACAGGCTCACGGA,CTCTTGAGAATACTT,-0.12492373509859478,0.0,42,31,8,8
ACTCCAACCTCATTTACAGGCTCAGAAG,GAGTGCTTCAAAGTT,0.005932629184780294,6.1084155315813575,15,21,25,49
TATACAGTGACAACTCCATGATCACACG,TCAAATGATGAGGAT,-0.0008320656151093476,9.44733055582094,15,23,32,40
TGATCACCTGCATCACCACTAGCACAGG,TATATTGAACTTTAC,-0.009395746074610252,0.13477140137820243,16,29,33,33
GCCACAAACTCAGTGGCAGTGGCACTCA,TGGAGTCTTTGTTGA,-0.08195996707957556,0.0,34,40,16,8
GCATCAGAAACATTAGCATGATCAAGAC,TCATAGGTATCTCGC,-0.05270517887895231,3.5442886197297554,32,40,13,18
ACCACAGCTCCATCGACAAGTTCATACG,GAGTGCTTCAAAGTT,-0.04096449242597394,0.621811744306541,20,34,34,16
GCACCACTAACAACGGCAGGTACAGAAA,ACAAGTTTTACAGTT,-0.0672464044381162,5.301610614043227,33,39,14,12
GCCACACATGCATTTGCATCGACAAAAG,ACAGTTGACGGACAG,-0.006495366841622551,0.0,12,37,24,27
GTTTCATGGACACTAACACGGACATGCA,ACAAGTTTTACAGTT,-0.055323922962389006,0.8025224944172464,25,32,21,13
AATTCAAGTACAGGGACAAGAGCAGGTC,GAGTGCTTCAAAGTT,-0.015191496151524486,0.0,15,17,30,26
GATTCATGTTCACGGACATGTGCAGGAG,ACAAGTTTTACAGTT,0.00634865122556733,17.991512197614497,13,17,21,43
AGTGCAAGAACACGTTCAGATGCAGAGA,CAATCTTGAATTGAT,-0.04840261080311423,1.491506208659132,25,30,16,16
TACGCAGCATCACAGGCAGTTGCAAGAC,GCTAATTTCAAGAAT,0.048280832505420035,51.31848960406248,5,19,17,53
TCTACACCGGCATATGCAATGTCAAAAT,TCAAATGATGAGGAT,-0.03197570686100381,0.0,21,36,13,22
CAGACAGAATCAAGGCCATGAGCATCTG,TCGATAGAATTTACT,0.0019639838509140084,0.0,10,31,20,29
ACATCAGGCGCAGGAACACGCGCAGCGC,TATATTGAACTTTAC,0.0064502857680623915,0.0,9,24,24,29
CAAACATTTGCAATCGCACTATCATAAC,ACAAGTTTTACAGTT,-0.05663128006749843,1.0928820459840267,20,36,18,10
GTAACAAGTCCACGCGCAAGTGGCAAAGA,TGGAGTCTTTGTTGA,-0.025296895875511358,1.93010240089518,13,38,19,8
AGCTCAATCCCATCAGCAGTTACAGTAA,TGATCATCACGGGAC,-0.029354269283700028,0.5246057578297041,15,24,28,17
CAATCAGTTACAAGACCATCACCATACG,ATAGAGCGGCGTTGA,-0.10588836224947293,2.2882533891269645,28,25,8,3
CAACCATAGTCACCTCCATTTGCACTCC,AGAACATCATCTACA,-0.01601796301502756,0.21769359153825008,12,36,6,15
AACCCATAAACACGCGCAGACACAAC,CTCGCTAATACTCCT,-0.03352637404883358,7.4314924829103575,17,30,17,17
GATCCAGTTCCATGCGCAAACTCAGTCC,CTTGATGGCTGAAAG,-0.013933485218762967,0.0,10,35,16,18
AGACCATCCTCAGTCTCACAGGCAGGAA,CTTGATCAATCAAAA,-0.03245193805754507,0.0,15,33,19,9
CCGCCAGGGGCAATGACATGGCCAGTCA,ACAGGGCAGCTCCCG,-0.021746486685934617,0.0,8,32,16,22
GAATCAGAAACATATACACACCCAGTAT,ATGGCGATGGTCTTG,-0.00893974261114089,0.0,11,17,20,23
TGTTCAGGAACAAAATCAAAGTCAATTC,GTGTGATTACTAAAT,-0.07892873598875388,0.5553388299457254,26,14,13,4
CCTGCACTCCCAATATCAAACGCAACTC,GTAATCTGACTCTAG,-0.14445461033067153,0.0,28,17,6,2
TGCACACAGGCAGGTTCAGGACCAATAT,AGAACATCATCTACA,-0.039094843537605777,0.0,13,23,20,11
GAAGCAAGGCCAAATCCAAAGTCATAGG,CTTTCTTGTGTATTT,,0.0,25,8,0,0
ACGGCATGTACACTAGCAATACCAAAAA,CATCAATGAGGCAGT,,0.0,17,6,5,0
CCAACATAACCAATTCCACTCTCAGCGA,TCAAATGATGAGGAT,-0.09029953227689304,13.326047777986162,23,24,4,3
AAAACAGCCACACTTTCAACAGCAAAGA,ACAAGTTTTACAGTT,-0.013577268897224349,6.545888847637514,2,21,16,17
CTGTCACACACATACGCAGTCTCAAATG,ACAGTTGACGGACAG,-0.048273512344433375,10.321914943634454,13,24,12,5
GGGCCACAAGCATTGTCAACTTCAGTTA,CAATCTTGAATTGAT,-0.06109498879181716,0.0,21,18,15,2
GCGACATCATCACTTACAGGGTCATGTA,AAAACATTATCAAAG,-0.004523311768523009,0.0,7,20,18,8
TTGGCAAAATCAGTTACACGGCCAATCA,GAGAATGAAGGACAG,0.011372289408725013,0.0,7,15,15,20
AATTCAGCACCAATCGCAACAGCACCGT,ACAACCTACCTGCTA,0.039998249047291566,0.0,6,11,13,26
TGTACATTATCACTGTCACTCGCATCTG,TACACCAATTACACT,-0.18434965303936846,0.0,27,11,1,0
AACCCAAGAGCAACATCACTCACAACGC,TCAAAACGGAGTGTT,0.018360386527482973,2.5177858270531033,2,15,16,23
GACGCACACCCAATTGCAGTTACACCTC,CTAGTTGTATAGCCA,,0.0,24,7,2,0
CAAGCAATGGCAGGAGCAGATTCATCCA,CTCGCTAATACTCCT,0.06468914704637917,6.1492068308778585,1,9,13,28
CTATCAGCGCCATTAACAGCCACACAGG,GTGTGATTACTAAAT,-0.05972482429195107,0.0,12,17,9,4
GGGACATTTGCAATAACATAGGCAAGTC,TCATAGGTATCTCGC,-0.034313159827243256,0.0,10,8,13,10
GTGGCACACACAAAATCACGGACATAGC,ATATTGAGTAAGTAC,-0.04797677556844268,0.0,14,14,13,3
GGTGCAATAGCATACACAGAAACAACGA,AAAAGAAAAATGTAT,-0.03950586797054036,8.090464074387,10,23,11,3
CGTACAGCCCAATAGCAGGTACAGACT,CAATCTTGAATTGAT,-0.08343293020775029,0.5569141306600329,17,19,7,3
GAATCACGATCACGATCAATGACATAAG,GTTTAGCTTCCGTTG,-0.11397109516286842,0.0,17,14,7,1
CACACACTTGCAGGCACAAATTCAGTGA,TCAAATGATGAGGAT,-0.05849883874380404,0.005398697666635144,2,30,3,10
TGTCCAAGATCAGATGCATGATCATGAG,ATAATTTTCATCCAC,-0.024737065734053855,0.0,11,8,16,8
GACGCACATCCAGCCTCACCCGCAATGG,CATCAATGAGGCAGT,-0.11867169940046142,0.0,14,11,3,0
CTGTCAATTGCAACCTCACACACAAATG,GCAAGAAAGAAACCC,-0.060908270056651406,0.0,15,21,6,0
TATTCAGGGACACAACCAGGGCCAAATG,TCATAGGTATCTCGC,-0.026511995676150812,0.0,5,16,10,10
ATAACAGTTGCATACGCAGGAACATGGC,TCATAGGTATCTCGC,,0.0,7,9,11,2
GTTACAACGTCAAGCACAGCATCAGGTA,ACAGTTGACGGACAG,-0.05182444243928268,0.0,13,7,11,4
AAGCCATAGCCAATGTCATTAACATAAA,TAGACGGACATCTTC,-0.06454463236616484,0.0,15,11,10,2
CAAGCAAAGACATACACACATGCAGGTC,TCAAATGATGAGGAT,-0.06354000088838863,0.0,11,15,9,2
CATTCACGAGCAGCAACAGTTGCAGCTG,ACCACCGGTCCTGCC,,0.0,17,9,6,5
GAATCACTACCACGCACATAAGCATGTC,CTAAGCAGTCTTCTC,,0.0,24,2,0,0
AAGGCACGGTCAAAAGCAACAACAGGGC,CTTGATCAATCAAAA,-0.04926932908495296,0.0,11,10,5,12
GCCACACCTCCAATGACAGACTCATTAA,ATAGAGCGGCGTTGA,-0.02989277722626742,0.0,11,21,1,5
CGCACAACCCCAGGAACAACTGCAGTCA,GCTAATTTCAAGAAT,-0.060908270056651406,0.0,10,14,9,2
GCTACACTGGCAAACACAACGGCATGAC,GTAATCTGACTCTAG,-0.08849303153712924,0.0,16,17,4,1
AGCGCATTTACAAATCCAAGTGCAGTGG,CAAGGATCCCCGTAG,,2.2967679437707034,4,2,29,5
TTCACACCTTCAACGTCACAATCACGGA,CTAGTTGTATAGCCA,,0.0,15,8,0,0
GCTTCATGGTCAGGGTCAATGGCACATT,GAGAATGAAGGACAG,,0.0,6,13,4,8
ACAGCAAAATCAGGGCCAAAAGCAAGTG,CGTCAAGACCTTCTA,-0.1127876493981681,0.0,12,10,2,8
TAGGCAACCACAGTAGCAAATGCACAAG,TAACCTCGCGCTGAG,,0.0,3,8,4,14
AGGACAAAACCACAACCACTGGCAAAGA,CTTGATGGCTGAAAG,,0.0,7,7,6,10
TCCCCAATATCAGGTTCAGTTACACAAG,GTGTGATTACTAAAT,-0.034533771013557056,0.0,4,15,10,1
AAAGCATAGCCACAATCAAAGGCATACG,ATTATCATCGCCATC,,0.0,7,8,7,0
TGTGCAGTGCCACGTCCAAGGCCAAGTC,CATCAATGAGGCAGT,,0.0,9,3,0,0
ACGACAACCTCAGCTACATGGTCATGAA,ACAGTTGACGGACAG,,0.0,5,12,6,4
ATGTCATTGGCACGTACAAGCCCATGCC,TGATCATCACGGGAC,,0.0,2,9,14,7
GGTGCAGGGACATGCGCATAGGCAGGGG,GAGTGCTTCAAAGTT,-0.002505350244555071,0.0,2,6,10,11
GTGCCATGCGCAAAGGCAGTCACATTGG,CTAGTTGTATAGCCA,,0.0,11,6,0,0
TGCGCAATTGCAACGCCACATGCATGGC,CCAACACAGGCTTCG,,0.0,11,8,5,2
ATGGCACATGCACGGTCATGATCATTCT,TTTTGCATTTAGGCG,,0.0,3,12,6,9
GATCCATGTGCACGCCCATCTACACGAG,TCGAAAGCACAGTAG,,0.0,4,9,0,0
TGCACAGGCGCAACTACATTGACAATTG,CTAAGCAGTCTTCTC,,0.0,10,4,0,0
AAAGCAAAATCAAACCCATAGTCACGAAC,GTTAAATCAACAGTT,,0.0,14,8,1,0
CACCCACGATCAGGGGCACAATCATTCC,CGATGATGATGATGA,,0.0,7,7,3,7
CGGACAAACGCACTAGCATGGTCAAGAG,ACAGTTGACGGACAG,-0.027634483864861892,0.0,3,14,10,0
AGTGCACACTCACGAGCAAGAGCATCTT,TCAAAGCATGAAAAA,,0.0,11,6,0,0
GGGACATCAGCAATTTCAAATGCATGAG,AGAACATCATCTACA,,0.0,11,6,7,0
CTACCATCCACATCTCCAGGAACACTCG,CTTGATGGCTGAAAG,,0.0,6,14,0,4
TCCGCATTAGCAATATCAAATCCATACA,TTTTGCATTTAGGCG,,0.0,6,13,3,3
CGACCACACTCATCACCACTACCAAGCT,CTAGTTGTATAGCCA,,0.0,12,4,2,1
CCCTCAAACACATAAGCAGCAACACCGA,TATGCCCTTCTTCTG,,0.0,3,8,8,3
CGACCAATGCCAAGCCCAGTGGCAGTAA,TCAAATGATGAGGAT,,0.0,6,14,1,0
AACGCAAAATCAAATGCATTGGCATAGA,CCAACACAGGCTTCG,,0.0,7,11,2,0
TGCCCAGTACCACCGTCATGTACAACAT,GTTAAATCAACAGTT,,0.0,10,8,3,0
TGTACATGTGCAGACTCATATTCAGGGC,AAAACATTATCAAAG,,0.0,4,7,7,2
GTTACAAGGGCAGGCCCAAGACCAAATG,GAGAATGAAGGACAG,,0.0,1,2,6,7
TCCACAGCAACAATGCCATGTACACACT,TCAAATGATGAGGAT,,0.0,6,7,1,3
AGTGCAGCGTCAAAGTCACGCCCAATTG,AAAACATTATCAAAG,,0.0,7,10,4,0
GCGTCAAGGGCATCACCAGTGCCACTGA,TCAAAACGGAGTGTT,,0.0,6,8,2,2
GCAACAGGGACAAATGCAAGTTCAAGGG,GAGAATGAAGGACAG,,0.0,4,8,1,2
AATCCAAACTCAGAAACACGGGCAGTGC,GAGTGCTTCAAAGTT,,0.0,5,6,2,2
GACACAGCGACAAGTGCAGATGCATCTA,TCATAGGTATCTCGC,,0.0,1,11,3,0
GAGGCACCACCATGGACACGCTCAGTAT,GAGAATGAAGGACAG,,0.0,0,5,7,6
AACCCAGGGGCACACACAACGGCATACC,GAGTGCTTCAAAGTT,,0.0,1,8,3,3
TACTCAGAAGCACAGACACTGACATACG,ATCGTTGGCATTTGG,,0.0,9,2,0,0
GCAACAATAACAACGCCACGATCAGGAA,GAGAATGAAGGACAG,,0.0,2,6,5,3
GTCGCATTCTCAAAACCAAAAACATCCT,CTATGCATTTACTCA,,0.0,8,2,0,0
TTGCCAATAACAAAAGCAGAGGCAACAA,ATAGTCGATTAAGAT,,0.0,8,2,0,0
ATCTCAAACGCACCCCCAAGACCAGTCG,CTAAGCAGTCTTCTC,,0.0,7,0,0,0
AATTCACCATCAATTGCACATCCAAGGG,GCTGCGGAGCCTCAG,,0.0,8,1,0,0
TCATCAGCGGCAGTGTCAGGCTCAGTAA,AGAACATCATCTACA,,0.0,1,9,1,1
GATGCAGTACCAATAACACGTACAAGGC,ACAAGTTTTACAGTT,,0.0,2,6,5,0
TTCCCACGCGCATCCACAAACACAGGTA,GTTGGGCGCTTAAAG,,0.0,6,6,1,1
ACGCCAAAAACACGAACAACGCCACTCT,CAATCTTGAATTGAT,,0.0,7,3,4,0
AGCTCAATACCAATCGCACAGTCAGGCC,TCAAAGCATGAAAAA,,0.0,1,2,0,0
AAAGCACCGGCACATACAGGAACAGTCT,ACAGTTGACGGACAG,,0.0,3,8,1,0
CCGTCATAAACAACAGCACCGGCAATGA,CATCACCGTGCTCAT,,0.0,4,0,0,0
GGTGCAATCCCAGGCGCATTCGCATAAA,GCAAGAAAGAAACCC,,0.0,1,1,3,5
CCGCCAGTAACAAAATCAATCCCATATG,CGCGATCAATCCTCT,,0.0,4,0,0,0
GATTCAAAGACACTGACACACACAAAAG,GTGTGATTACTAAAT,,0.0,3,1,2,1
GCCCCAATCGCATGCTCATTCCCACTTA,GAGAATGAAGGACAG,,0.0,6,2,0,2
TGTCCAAAGTCAACCACATGGTCATGCC,GAGTGCTTCAAAGTT,,0.0,0,5,1,5
GTGGCATCGGCAGGAGCACGGACAAACA,CTAAGCAGTCTTCTC,,0.0,5,0,0,0
TTGACAAACGCATAAGCACAAGCACTCT,GTTAAATCAACAGTT,,0.0,2,4,0,0
AAAACAACGGCAACACCATGCGCACATA,CAATCTTGAATTGAT,,0.0,2,2,4,0
ACGTCAACTGCAAAGACATCGGCACACC,GTTTAGCTTCCGTTG,,0.0,5,2,2,0
CTCCCAGGAGCATTAACACCAGCATGGT,TCATAGGTATCTCGC,,0.0,7,0,0,0
TTCACATACGCAGCTACATATCCAGGTC,TCAAATGATGAGGAT,,0.0,4,6,0,0
CGAGCACAGCCAACTTCATACCCATGCC,CTTGCAAGTGTAATT,,0.0,1,1,0,0
GGGACACACTCAACTCCAATATCAGTCA,GCAAGAAAGAAACCC,,0.0,1,1,1,4
CGACCAGTAACATTCGCACGGTCAGGGG,CTAGTTGTATAGCCA,,0.0,4,2,2,0
TGGGCATAGTCAGTGGCACAAACATGGG,AAAACATTATCAAAG,,0.0,0,4,4,1
GTAGCATCTTAAAAGCAGCTACAGGGG,CTAAGCAGTCTTCTC,,0.0,4,0,0,0
AGGACAATTGCACATCCAGTTGCACTGA,CTAAGCAGTCTTCTC,,0.0,4,0,0,0
AAATCAGAGACAAGTGCAGCGGCATCCG,GTGTGATTACTAAAT,,0.0,3,4,0,0
CTGACATTGACAACTGCACGCGCATGCT,GTAATCTGACTCTAG,,0.0,2,0,5,0
TGGACAGGACCAATACCAGCACCAGCAG,CTTGCAAGTGTAATT,,0.0,3,4,0,0
CTTACAAAAGCATAGGCAATCTCAAAGT,GAGAATGAAGGACAG,,0.0,3,4,0,0
GATACAATTGCACAGCCAATCACAGATG,ATTATCATCGCCATC,,0.0,2,3,3,0
GGCACACTAGCATCGCCATGTGCATGAC,ATTATCAAGTGCCAG,,0.0,0,0,7,1
ATCACAACGGCACGGCCATCCACATTCC,GCTGCGGAGCCTCAG,,0.0,2,2,0,0
GCGCCAAATCCACGAACATCCACATCAG,GAGAATGAAGGACAG,,0.0,7,0,0,0
TGTGCATATCACATGCAGGACCATCCA,CAAGGATCCCCGTAG,,0.0,0,0,6,1
TGCACATATCCATGCTCACTAGCATCCC,AGTGTATGATAATAT,,0.0,0,0,7,0
TACTCATACTCAGTGCCAGTAACAGGCG,CTAAGCAGTCTTCTC,,0.0,0,2,0,0
ATTGCAGCCGCAACGTCAAGAGCACTA,GCAAGAAAGAAACCC,,0.0,2,1,0,0
GTACCACTATCAATCGCATGCGCAGCTG,GTAATCTGACTCTAG,,0.0,3,0,0,0
GCTGCACCAGCACTCACAACGTCAAAAC,GTGTGATTACTAAAT,,0.0,1,2,0,0
CGAACAGCCACAACTACATGGCCATAAA,CGATGATGATGATGA,,0.0,1,0,0,0
ACAACATCCTCAGGACCAAACTCAGTAG,CGCGATCAATCCTCT,,0.0,2,0,0,0
GAGACAGTGTCATGTACACTCGCAGGGT,TATATTGAACTTTAC,,0.0,3,2,0,0
GGCCCAAAGCCACTAACAAAGGCAATTA,CTTGATCAATCAAAA,,0.0,4,0,0,2
GCCCCAGCCACACTAACATGGCCATGAC,TCAAAGCATGAAAAA,,0.0,3,2,0,1
TATGCAGTTACATTCCCACTGGCAACGA,TCAAATGATGAGGAT,,0.0,0,0,0,6
TAGCCACAGGCAGAGGCAGCTACAATCC,TCATAGGTATCTCGC,,0.0,1,3,0,0
TACTCAATAACAAAAGCAAACTCATTAG,CTAAGCAGTCTTCTC,,0.0,2,1,0,0
TGCACATCGGCAGACTCACTTGCAAATG,GCTGCGGAGCCTCAG,,0.0,1,1,0,0
CATGCATTGCCAGTAACAGGGTCATCTA,GTGTGATTACTAAAT,,0.0,1,2,1,0
ATTCCAAGTCCATTAGCACTCACACTGA,TCAAAGCATGAAAAA,,0.0,2,0,0,0
CTTCCAACTGACATTATCAGTAACAACCA,TCAAAGCATGAAAAA,,0.0,1,0,0,0
GCGACAGGCGCAACGACACTTGCAATCA,CTTTCTTGTGTATTT,,0.0,2,0,1,0
ACACCACCATCAATCCCAACCCCAGTCC,GAGAATGAAGGACAG,,0.0,1,1,0,0
CAGGCAATAACAAGGCCAACACCAGTTG,CTAAGCAGTCTTCTC,,0.0,4,0,0,0
TCATCACTCACACCCCCAGGTTCATAGA,TCATAGGTATCTCGC,,0.0,2,3,0,0
GACTCAGCGCCAGGCACATACCCACTGG,ACCACCGGTCCTGCC,,0.0,1,0,3,1
GCCGCAATTTCATCCTCAACAACAAACA,GAACTCAGGTTCCAT,,0.0,1,1,3,0
TGCCCACAGCCAGGGCCATACTCATTGT,TATGCCCTTCTTCTG,,0.0,0,0,2,3
GATGCAAAGACAATGGCAAATACAACCG,ATCGTTGGCATTTGG,,0.0,1,2,0,0
CGAACAGGTCCAGCGCCAGTATCATTTG,GCAAGAAAGAAACCC,,0.0,1,0,0,0
GTGACAAGACCACCGCAAGGCCAGGTA,CTAGTTGTATAGCCA,,0.0,2,0,1,0
TACTCAGCGACATCGGCATCAACACCAA,CTAGTTGTATAGCCA,,0.0,1,1,0,0
GCATCAGAGGCAACTTCAAGGCCAACAC,CTAAGCAGTCTTCTC,,0.0,2,0,0,0
ATGACACCAGCAGGTACATCACCACTGA,TCAAAGCATGAAAAA,,0.0,1,0,0,0
GCAGCAGTACCAGCTACAACACCAATCT,CTAAGCAGTCTTCTC,,0.0,1,0,0,0
TTAACAACAGCAAGAACAGGGTCACGTT,ATCGTTGGCATTTGG,,0.0,1,0,0,0
TAGACACATACATATTCAGTCACAGTAG,CTTTCTTGTGTATTT,,0.0,2,1,0,0
AATGCAGCCTCAAGCACATGCACAGTCA,GAGAATGAAGGACAG,,0.0,1,2,0,0
CCGCCACCAACAGTCTCAATCCCAATCA,ATTATCATCGCCATC,,0.0,4,0,0,0
CGCGCATACACACGCGCAAAGACACAAT,AGAAGACGACGATGA,,0.0,1,0,2,1
TACCCATTCACAACGGCAAGTCCAAACT,TATATTGAACTTTAC,,0.0,1,0,3,0
GATGCAAGTACAGGAACAAATCCAGTCA,CCAACACAGGCTTCG,,0.0,2,2,0,0
GACACATTGACATCCTCAGCATCACTAC,CGTCAAGACCTTCTA,,0.0,2,0,2,0
CTTACACGCGCAATTCCATGTGCAGCCT,ACAACCTACCTGCTA,,0.0,0,0,3,1
TCCACATGAACACTGTCAACCCCACCCC,ATTATCATCGCCATC,,0.0,0,0,3,1
AGGCACGCACACAGGCAAAATCAATCC,TCAAAGCATGAAAAA,,0.0,1,0,0,0
GGCACAGGTGCATAGACAAATGCACGAT,CGTCAAGACCTTCTA,,0.0,1,1,0,0
ATGTCACTATCATTGTCAGAGGCAAAAG,CTAGTTGTATAGCCA,,0.0,0,2,0,0
AGCACATCGACAGTATCATAAACACGGC,GCAAGAAAGAAACCC,,0.0,1,1,0,0
TTCGCAATGTCATCACCAAGTGCAAAAA,CATCAATGAGGCAGT,,0.0,3,0,0,0
CTCTCAACTTCACAGGCAGGTTCATACA,CGTCAAGACCTTCTA,,0.0,3,0,0,0
AGCCCAGGCGCATTGACACAACAATAC,CCAACACAGGCTTCG,,0.0,1,1,0,1
GTGCCATTTGCAGGGGCAGGAGCACCAC,ATCGTTGGCATTTGG,,0.0,3,0,0,0
TGGCCACGCGCATTCCCAAAACCACGAT,ACAGTTGACGGACAG,,0.0,2,0,1,0
AAGCCAGTCCCAAACACAGTGTCACAGC,GAGAATGAAGGACAG,,0.0,0,1,2,0
GGTCCAGATGCACGTGCAGTTCCAACGA,CTTGATGGCTGAAAG,,0.0,0,2,1,0
TATCCAGGGTCATCTTCAAGTGCAGAAC,CTTTCTTGTGTATTT,,0.0,0,1,2,0
AATGCACACCCATTGGCATAGCCATGGA,ACAGTTGACGGACAG,,0.0,0,0,3,0
GGGGCAAGGACAGATTCAAAGACAACTA,GCTGCTTATGAGGAT,,0.0,0,0,2,1
TTCTCAAAAACACTCCCATGGGCAGGCG,GTTGGGCGCTTAAAG,,0.0,1,0,0,0
AAGACAGCTGCAGATACAGTAGCAAATG,CCAACACAGGCTTCG,,0.0,0,1,0,0
CAAACAAAGCCATCTACAAGTTCATTGT,CTAAGCAGTCTTCTC,,0.0,1,0,0,0
CTTGCATGCGCAGGTTCACCCACAGCAC,GAGAATGAAGGACAG,,0.0,1,0,0,0
GATGCAAGTGCAACGCCACCACCACTGT,TCAAAGCATGAAAAA,,0.0,1,0,0,0
GGGGCACAGCCACGCGCACGAGCAGCAA,CTAAGCAGTCTTCTC,,0.0,2,0,0,0
GCCGCATTACCACAGACATAGACAGGTA,ATAGAGCGGCGTTGA,,0.0,1,1,0,0
GACGCAGGTGCAAGCGCACTATCAGGTC,CTGATTTGTGCTGTC,,0.0,0,2,0,0
AGGACAAGATCACAATCAGGATCATGGA,TCGAAAGCACAGTAG,,0.0,0,0,2,0
ACATCAGGAACAACGGCACAGGCAAGGT,GCTGCTTATGAGGAT,,0.0,0,0,1,1
AGAGCACCAGCAGCATCATGAACATTCG,CTTTCTTGTGTATTT,,0.0,1,0,0,0
TGAGCAACCACAATTCCAGGCACACGAA,CTAAGCAGTCTTCTC,,0.0,1,0,0,0
TAAACACACTCAATGCCAGGAGCAAAGT,GAGAATGAAGGACAG,,0.0,1,0,0,0
CGTTCATCGGCAATGTCACTTGCAGGTG,CTAAGCAGTCTTCTC,,0.0,1,0,0,0
GGCTCACTGGCATAATCAGTAACAAACC,CTAAGCAGTCTTCTC,,0.0,1,0,0,0
TTGTCAGGAACAACTCCAGAAACAGGGT,ACCACCGGTCCTGCC,,0.0,1,0,0,0
ACCGCACGGCCAACACCAAAGTCAGCTA,GCTAATTTCAAGAAT,,0.0,1,0,0,0
TTGGCACCCACATGAGCAGAACCAAGTC,GAGAATGAAGGACAG,,0.0,1,0,0,0
CTAACACTCTCAGTTCCAGACACAGAGG,GAGAATGAAGGACAG,,0.0,1,0,0,0
GAGCCAGGGTCAACATCAGTTACATAGG,GTAATCTGACTCTAG,,0.0,0,1,0,0
GCAGCACTGGCAACATCAGCGACACATT,GTAATCTGACTCTAG,,0.0,0,1,0,0
TTTTCAGTAGCAGAAGCACTCCCACGGC,GAACTCAGGTTCCAT,,0.0,0,1,0,0
CCTCCAATGACAGTGCCAATATCAGGCT,CAAGTTCGGCGAAAT,,0.0,0,0,1,0
ATCCCAGGAGCACAACCAGTCTCAGTTT,CATCAATGAGGCAGT,,0.0,0,0,1,0
GAAACATCGTCAATGGCACTGTCACTCT,GAGTGCTTCAAAGTT,,0.0,0,0,1,0
GGCTCACAAGCATGTCCAAAAACAAAAG,ACCACCGGTCCTGCC,,0.0,0,0,0,1
CTTGCAACCTCAGTTCCAGGGTCAGTGG,TATATTGAACTTTAC,,0.0,0,0,0,1
