BC,Edge,s,LL.ratio,TP1-2-T1,TP1-2-T2,TP1-2-T3,TP1-2-T4
TTCTCATGGCCACCCGCAGTGTCAGTGA,TTATATTTATTTGCT,0.047112136440197176,0.0,6100,8747,4762,4660
GTAACACCCGCACGGTCAAGGGCAATAT,CTAAGTGTGAAGGAG,0.02301216453378524,0.0,6328,6108,3516,2346
GGAACAGCTACATTGGCAGCAACATGGG,AGAAGACGACGATGA,0.03402926158538222,64.11293221653432,4328,4648,3024,2233
CTCCCAGGAGCAGGCCCACCGACAAATT,CTAAGTGTGAAGGAG,-0.01070449008760222,0.0,3931,3712,850,530
AACACATCAACAAGAGCAGCCTCACACC,TTTATAAATCAATAG,0.014935097446472827,36.44483007902818,3516,3520,1625,1023
AATGCAATTGCAGCGCCATCCACAGAGA,TTTATAAATCAATAG,-0.000258259066347917,0.0,2765,2683,954,510
GATACAGAGGCACCTTCAGGATCACTAA,TTTATAAATCAATAG,0.009277014074613722,0.0,2574,2576,986,632
AAACCATGCCCATCCGCAGTTACAGGTA,TTTATAAATCAATAG,0.025339705727627268,128.25389854435343,1874,1960,1218,745
TGGGCAAGTGCATCCCCATCGGCACCTA,ACAAGTTTTACAGTT,0.003516503283495887,0.0,2285,1998,788,472
GGTCCAGAAGCAGTTGCAATCACACAGG,TTTATAAATCAATAG,0.015445315005498908,21.71757869317844,2041,1952,902,603
GACACAATTGCACAACCAATACCATCGT,TTTATAAATCAATAG,0.019855792596939117,45.9289942875148,1963,1790,945,662
TGGGCATGCACAATAACATGCTCAAATA,GAGTGCTTCAAAGTT,0.02866957563824436,0.0,1623,1760,1012,713
TCGCCAGAATCAGGAGCAGCGGCATACC,TTTATAAATCAATAG,0.0013040063386887898,0.0,1940,1961,593,375
ATCTCACCGGCATCCCCACGATCAGCAA,TCAACAACCTATGCA,0.0172925990964642,0.0,1694,1623,855,529
GGTTCATAGACATTCACACCAACATAAA,ACAGTTGACGGACAG,0.009821969351690878,0.0,1783,1670,628,445
GTATCACCTGCAGTCCCAACTACAAACT,TGATCATCACGGGAC,0.00213311516352676,0.0,1746,1651,602,346
CTTTCAAGGGCATCCGCATGTACACAAA,GTTGGGCGCTTAAAG,-0.005553863032245083,0.0,1754,1676,478,276
AAATCAGCTGCAAAAGCAGCATCATACT,ACAGTTGACGGACAG,0.008343303887544304,0.0,1600,1485,673,382
TCAACAGCATATGGACAGGGGCAGGGG,TCAAAACGGAGTGTT,0.0012739928305832936,0.0,1600,1426,601,309
GCATCAAGGTCACCGACAAACCCAGGAA,TCAACAACCTATGCA,-0.0036168192810544695,62.54513172562565,1619,1421,408,270
GAACCAGGCACAGGTGCACTATCACATA,ACAAGTTTTACAGTT,0.004198080798944717,0.0,1551,1197,667,327
TGCTCACCAACAGAGTCATGCACAAAGA,TATATTGAACTTTAC,-0.006063546606788101,0.0,1510,1268,446,234
TTAGCAGTCGCACAGACAGTACCAGGCA,TCTTGGAGGTGAATG,0.006135858441888481,0.0,1356,1291,492,303
ACCGCATAGGCAGCAACAGCGTCATATA,TCAAAACGGAGTGTT,0.009135908668291778,0.0,1317,1182,575,322
TTCCCATGGGCAGAGGCAGGGTCAAAGC,GTTGGGCGCTTAAAG,-0.02722382195760324,72.11921350710509,1534,1362,236,126
CTGACAAGCTCACGTACAAAAACAACTC,CCAACACAGGCTTCG,-0.008802499304677506,0.0,1247,1257,296,178
TACGCAACAGCACCCTCAAACACAAATA,TTTATAAATCAATAG,0.010521028826637982,0.0,1181,1097,456,301
ATGACAATCACAGTAGCACATTCAGCAA,ACAAGTTTTACAGTT,0.01161487980373437,0.0,1234,1109,601,325
CATGCATCAGCAGGCACAAGAGCAACCC,CAATCTTGAATTGAT,0.015295399487517023,0.0,1241,1316,488,365
CAGGCAATGGCAAGCCCATCCACATAGA,TTAGTCTTTCCATCA,-0.008178156000697089,0.0,1382,1120,382,201
CCCCCATGGACAGTAACAGGAACATCTG,TCTTGGAGGTGAATG,0.017527562944550972,0.0,1132,1254,542,356
ACCCCAGTTCCATAAACAGTTGCAGAAG,ACAGTTGACGGACAG,-0.0012471680788081578,0.0,1251,1305,386,224
TTGGCATAGGCACTGGCACGGCCAATGT,TCAAAACGGAGTGTT,-0.007938256530277715,0.0,1297,1116,399,190
AGACCAAAAGCAGGTACACCATCATACC,GTTGGGCGCTTAAAG,0.00190753554152406,0.0,1199,1033,435,236
CGAGCAACTTCACGGGCAACGGCATGGT,TTTTGCATTTAGGCG,0.006299950920509191,0.0,953,1057,349,214
TGATCAAGGCCAAGCCCATTGTCACGGG,CCAGGATGTACCGCC,-0.00306381602703339,0.0,749,674,240,127
GTAGCAAATCCAAGTGCAACCTCACCGC,CAATCTTGAATTGAT,0.026802900411877256,0.0,845,961,435,351
CGGGCATTTGCAAGCACAACACCATCAG,GTTGGGCGCTTAAAG,0.00991269793133854,0.0,963,837,332,241
TGTCCAGTGACAAAACCATTCACAATGC,TATATTGAACTTTAC,0.0017296572408924986,0.0,996,832,362,195
AACCCATCCCCATTACCACCATCACGCT,CGATGATGATGATGA,0.004807842564342569,0.0,815,732,348,175
GTCGCACCGGCAAGACCACATGCATCGT,CTACTTACAACGGAA,-0.014670031039517806,0.0,944,632,203,113
ATGGCACCCGCAATAACAGAAGCACTTT,TTTATAAATCAATAG,-0.009468783415892043,8.194005426338663,729,757,217,102
GGAGCACTCTCATACCCAAAACCAGCTC,ACAGTTGACGGACAG,0.004432190518112981,0.0,617,574,228,131
TGGGCATGAACAAGCGCAGGCACAATTC,TTTTGCATTTAGGCG,-0.015562389601630882,0.0,798,657,184,93
AGGGCAGTGCCATAAGCAAGAACATACT,GTACAAGAAATTTTG,0.010858564677800954,0.0,536,470,217,138
TCACCAGCAACATACACATCGTCAAATT,CTACTTACAACGGAA,-0.04136638544683402,24.424778697555666,856,479,106,46
GAACCAACCACACCGGCACGTCCATGAC,GTTTAGCTTCCGTTG,-0.022039687842682287,0.0,792,474,172,76
GGACCATGGACAAAACCACACCCATCGA,TCGAAAGCACAGTAG,-0.01709839459159541,0.0,611,442,151,68
TACTCATCCTCAGTAGCATAAGCAATGG,AGAAGACGACGATGA,0.00846185937628065,0.0,601,662,245,144
GGGGCACTAGCAGCAGCACAAACAACCA,AGAAGACGACGATGA,0.014905531495410636,0.0,602,587,319,175
CAGGCACCTCCATCCCCAGATTCAGATC,TTTAACTCACCGTAA,-0.03484462414385551,0.0,811,516,108,53
AGCCCAACCACAGGTACAGTTACATCCA,CTACTTACAACGGAA,-0.016971745503421214,0.0,734,426,216,82
CACACAGGACACGGCCACGACCATAAC,TATATTGAACTTTAC,0.0015328980096213612,0.0,596,563,235,116
AAGTCAGCGGCAATATCAGCGACAAGCAT,AAAAGAAAAATGTAT,-0.00832982022871702,0.0,594,489,129,86
TTACCATGCGCACGATCATCTACAACGA,TTTATAAATCAATAG,0.00506777550459745,0.0,573,580,209,124
CCGGCACCCACATTACCAAATCCACTGC,GTTGGGCGCTTAAAG,0.008391480577571492,0.0,619,484,229,148
CGCTCACCTTCAAGTTCACCGTCACAGG,TCTTGGAGGTGAATG,0.015110434024142508,0.0,506,604,229,148
TTAGCAGCGGCAATCGCATCATCATTCG,ACAACCTACCTGCTA,-0.01399564661210686,0.0,614,516,107,75
ATGTCATGTGCAGTTACATAGCCAAGTC,TCAAATGATGAGGAT,0.0015110201601577777,0.0,473,480,190,92
AGGACAAACCCACAATCATCCTCAGTAC,TCAACAACCTATGCA,0.008919788061391674,0.0,494,463,274,120
GCTGCAACGACACGTCCACATACAGACG,ACAAGTTTTACAGTT,0.0011475372629188442,0.0,447,333,151,86
AGTCCAACGTCATGAACAATACCAGCTT,GTTTAGCTTCCGTTG,-0.034567064023264545,0.0,607,401,109,40
GGTGCATGTTCAAGATCAGCGGCAGATG,GTTTAGCTTCCGTTG,-0.028999956032685115,0.0,565,381,109,44
AAGTCTCGGCAAGTACATCGTCAAGCT,AGTGTTAATCAGACC,-0.0290343532249957,0.0,617,330,81,48
ATAGCAGTCCCAGTATCAGAAGCACGTA,TATATTGAACTTTAC,-0.001232817493800197,0.0,508,446,172,91
AGAGCACCCGCATCGTCAAGCGCAGAGC,CTTTCTTGTGTATTT,-0.062004395434497594,0.0,553,216,33,16
ATTCCAGCTACATAAGCACCTGCAGCAT,CTTGCAAGTGTAATT,0.05285378133218555,0.0,292,392,267,265
AAGACAATCTCATCCGCATGTCCAAAAC,TGATCATCACGGGAC,0.0011718959455891745,0.0,509,375,134,98
GTCTCAACATCATGCACAAAACCAATTG,GTTTAGCTTCCGTTG,-0.021299862390570468,0.0,530,347,100,52
AAAGCAGTGCCAGTTCCATGCACAAAAG,CTACTTACAACGGAA,-0.02674230778467912,0.0,468,330,110,39
TTGCCATGCCCAACTCCAGGTCCATTAA,TTTATAAATCAATAG,-0.01264707942401134,13.76166547577759,456,403,103,58
TACCCAGCATCACCGACACCGCCAGCAT,GAACTCAGGTTCCAT,-0.01469403369496615,0.0,418,269,124,50
TATGCACGGGCAGGACCAACCGCAAGTG,TTAATTGCACTTATG,-0.003104057054466243,0.0,372,365,120,63
TAAGCACGTACAAGGCCAAGGGCATCCC,ACAGTTGACGGACAG,-0.0026029981244233423,0.0,349,308,114,60
GACGCACGGGCAGTTGCACAAGCAGTTT,GTTGGGCGCTTAAAG,0.004579257650164544,0.0,347,341,158,74
GTGAGATTCGCACCAACATACTCATGTG,CTATGCATTTACTCA,-0.0118660710303985,0.0,384,268,111,50
GCCTCACGACCATAATCAAAGGCAAGAA,GAACTCAGGTTCCAT,-0.01715290536961979,0.0,387,334,60,43
CCTTCAGTGCCAGGCACACGGACAAGCA,ACAGGGCAGCTCCCG,-0.056886125812260456,0.0,415,221,46,14
CCGGCAGCTACACGGTCAATAGCAGTTT,GTTGGGCGCTTAAAG,-0.004112921004641703,0.0,353,293,104,58
AGTGCAGAATCAAGTCCACCGTCAGCTA,AAAACATTATCAAAG,0.007561508687693792,0.0,283,296,151,66
GACTCAGATACAACGGTAGTCATTTG,TTTATAAATCAATAG,0.012930341621774191,0.0,292,258,167,80
CGTACAGTCGCAGTAACAGGGCCAACAA,ACAGTTGACGGACAG,0.002666741704542612,0.0,293,287,117,59
CAAACATGGGCATCATCACGGCCATGGA,GTTGAACTGGTTGTT,-0.03418042616181947,0.0,330,271,79,22
CGGGCACTCGCATGTCCACGATCAATGA,TTTATAAATCAATAG,-0.0001710779818793635,0.0,292,287,115,54
TAAACAGAGCCACGCCCAGTAACAGCAG,GTAATCTGACTCTAG,-0.04468312771648263,0.11653205919873244,370,205,38,18
AGGCCATAACCAAACGCAGAAACACTTA,ACAACCTACCTGCTA,0.0010046671451026344,0.0,261,237,71,50
AAAACACTACCACTACCACTACCAGATT,CTTGATGGCTGAAAG,-0.011559790161918276,0.0,312,249,90,41
ACTCCACTATCATGGGCAGTCTCAGAAC,TTAGTCTTTCCATCA,-0.009598844846601945,0.0,287,262,67,40
AGTCCAAGCCCATCGACAACGGCATTAA,TATATTGAACTTTAC,0.010496548767449427,0.0,267,283,119,68
AAATCAGCCGCCAAATGCATCATCAGATC,GAGAATGAAGGACAG,-0.042060052097293826,0.0,285,178,40,15
AGCTCACCAGCAACCTCAGGCCCACTCC,ATGAAGTTCATAATG,-0.019846885594343413,0.0,322,188,55,33
TCTTCAGAATCAGCCACACTTCCAAACG,CTTGATCAATCAAAA,-0.02918668355419743,0.0,297,192,36,23
AGGACAGTGCCATGGTCAATTCCAGCAG,GTTGGGCGCTTAAAG,0.01875825763774103,10.017315910222806,190,195,106,62
AGCTCAAATGCAGCAACACCCCCATCCC,TCAAAACGGAGTGTT,0.011747750725959292,2.96609705385481,208,191,99,55
GGGTCAAGTACAGTAACACCAGCAAGAG,TTTATAAATCAATAG,0.004278377462953536,0.0,194,221,82,41
GCTACAGCGTCAACACCAACAGCAAAAA,CTTGATCAATCAAAA,-0.05186803453055847,0.38523235596790073,255,182,40,10
GTAACATGCACAGAGGCAACGCCACAGG,CGATGATGATGATGA,-0.017313548250818062,5.139939696092824,208,211,54,23
GCGACATTCACATGACAACAACACCTC,GCTAATTTCAAGAAT,-0.0504438545456682,0.0,162,103,20,4
GATACATGGCCATGAGCAACCCCAGGCA,TCAACAACCTATGCA,-0.013059719453622195,12.82046335579571,199,157,61,25
CGGCCAGCTTCAGGAGCAAGATCATCCT,CTATGCATTTACTCA,-0.028434718630459908,0.0,202,172,44,16
AAAACACCGGCAAACACACCATCACGAG,AGTGTTAATCAGACC,-0.035426677230873484,0.0,218,133,46,14
ATGGCAGTGACAATAGCAGCAGCATTGT,ACAACCTACCTGCTA,0.00835111730321471,11.81298612480191,201,164,95,48
CTGTCATATGCATGTGCACAGACAGTGT,GCTAATTTCAAGAAT,-0.044518923771947466,0.0,225,103,26,11
GAGACACTGTCAACGCACGTCCAGATA,GAGAATGAAGGACAG,-0.036520568117594424,0.0,177,91,32,11
AGAGCAAAGCCAGATGCATGCACATGTT,TCTTGGAGGTGAATG,-0.025162233154859676,18.589727924064164,206,155,46,18
TATCCAAAGGCAGGGCCAAATGCAATGG,GAGAATGAAGGACAG,-0.046489161476626246,0.0,217,125,24,10
CTTCCAGACTCAGAACCATACCCAGGAT,GTGTGATTACTAAAT,-0.027202085189090338,0.0,219,155,31,18
CCAACAGACGCATGACCACAAACACTGG,ATGGCGATGGTCTTG,0.004880096927894032,0.0,158,174,46,34
GTTGCAACGCCACCTGCACGCGCATGTA,CTTGATGGCTGAAAG,0.00017627660657716648,0.0,198,149,44,37
TCAACAGATTCACTGCCACCTGCAGCTT,GGTTGCCCAGAAGTA,-0.035950753672284425,0.0,174,98,13,11
AGATCACATCCAGATTCAACCGCACGGA,CCAACACAGGCTTCG,-0.010209670596379271,0.0,190,149,43,26
CATGCAGGAGCAAGGCCAAATGCACGCC,CTTGATCAATCAAAA,-0.026276099718854487,0.0,142,111,20,12
CCGTCAGGGGCACCACCAGTGGCACAGA,TCAAATGATGAGGAT,-0.02765560692428295,0.0,148,96,18,12
CCCTCACAACCATCAACAACAACAAGAG,CGATGATGATGATGA,-0.012927848514981653,0.0,111,93,29,14
AAAACACGGTCAAGATCAGGACCATGAA,CAAGGATCCCCGTAG,-0.02363929368247873,0.0,164,83,14,15
GCACCAGAGTCATGTTCAATGTCAGAAG,AGTGTATGATAATAT,-0.03589945767839749,0.0,109,61,18,4
TCTCCACGCGCAGAGACATGCACACACC,CTTGATCAATCAAAA,-0.023186169698401333,0.0,151,89,35,14
ATCGCATACCCATACGCACCTGCAGACA,CAAGGATCCCCGTAG,-0.00030128648078155823,0.0,114,60,28,21
TCATCAAGCACACTGGCACTGGCATCAG,ACAACCTACCTGCTA,-0.014966329286759334,0.0,118,83,21,14
TAAGCAATGGCAGCCGCAAGGACACTTT,CGATGATGATGATGA,0.0164931331283858,0.00348094087314621,82,64,17,25
AGTACATCCGCATCTTCAGTAACATACG,CTTGATGGCTGAAAG,-0.00675493703304172,0.0,112,57,37,17
GACACATTCACACAATCAACAGCAAAGC,ATTATCAAGTGCCAG,-0.058938806385438094,0.0,144,97,15,5
ATACCAGGCGCAAAACCATAGTCATGAC,GTGTGATTACTAAAT,-0.03130403913089563,0.0,116,93,21,9
TAGTCACCCTCAAATTCAGGGCCATCGA,TGGAGTCTTTGTTGA,-0.04044279785100042,0.0,126,79,19,6
TCATCAGCGACATGTTCATTTGCACCGG,TATATTGAACTTTAC,0.007679502911197923,0.0,94,100,37,22
TTTTCAGCCACAAATGCACTGGCATCTG,AGAAGACGACGATGA,-0.00480711242638998,3.1585679894078567,87,59,26,14
CCAACACTACCACTGTCATGGGCAACAT,TGATCATCACGGGAC,0.006785377389225644,0.0,79,61,27,18
GGGACACTTCCAAGAACATGCTCAACTC,TTTATAAATCAATAG,-0.0028883065709456673,0.0,88,75,28,15
ACAACATTCCCACACACAATAACACATT,CTTGATCAATCAAAA,2.929474112999218e-05,4.438334753277161,86,31,30,16
AATTCACAAACAGTAACAAGTACAAACC,GAGAATGAAGGACAG,0.02355230112162445,0.48892713916774255,36,40,6,1
CCGACAAAGTCATAAGCATCCACAAGAA,TCAAAACGGAGTGTT,-0.0007812658951540374,0.0,84,72,28,8
GATGCAACAGCACGAGCATGTGCAATGG,TCAAAGCATGAAAAA,,0.5784511962204988,59,7,0,1
TTCGCATTAACAGTACCACTCCCAATCG,GCTAATTTCAAGAAT,-0.07114046901198012,0.013919837746641406,58,25,5,4
GGCTCATGGCCAGTTGCACTGCCAAGTA,TCAACAACCTATGCA,0.018554205113046746,0.0,74,47,38,24
GGGCCAGCTTCAAGCTCATCACCAGTCA,TTAGTCTTTCCATCA,0.008075861128581994,0.0,76,60,26,18
ATTCCAAGATCAGGTGCACACGCAAAGT,GAGAATGAAGGACAG,-0.01578649551767093,0.3997145867007248,81,53,20,2
TTTGCAAGGGCACCCTCAAATCCACAAA,TCAAAGCATGAAAAA,-0.09516426747933097,1.3698539153520812,59,20,3,2
ATAGCAACTCAAATCCAACATCAGGTG,ACAGGGCAGCTCCCG,-0.05467241641297473,0.0,61,31,6,6
TACCCAACGCCACATCCACGTGCATTTC,TTAATTAGAGGTATG,-0.023085084997891327,0.0,33,23,2,1
CCACCATGAACAGCAGCATCGACAAGTA,CTAAGCAGTCTTCTC,-0.08572241579994681,0.0,51,19,5,5
GGGTCATTGGCAGGTACACGCACAAGGT,TCAAAGCATGAAAAA,-0.13361745732350094,0.0,65,15,2,0
CACTCATTGACAGTCTCATACACACCGG,TTAGTCTTTCCATCA,0.0062904130311790055,0.0,49,25,16,11
TTGGCAAGACCACGCTCACTCCCAGAAG,GTTGGGCGCTTAAAG,-0.011346720578514356,0.9737417581394539,63,59,17,7
GTGACAAGCTCAACGTCATCTGCACAGG,TCAAAGCATGAAAAA,,1.564123195764168,50,6,0,0
CAGACAAAGACACAACCAGGATCATGAG,TCAACAACCTATGCA,0.07146758351155676,3.2166250323612076,34,61,9,2
ATACCAACAACACAATCAAGCCCAATAA,AGAACATCATCTACA,0.0024399834604508634,0.0,60,32,21,12
AAGCCAGGCGCAAGGCCACGCGCACAGT,TCAAAGCATGAAAAA,-0.14609262782074872,0.37919437791836685,54,11,0,0
TGGGCATCTCCAGGATCATACTCACGCT,TCATAGGTATCTCGC,,0.0,40,3,0,2
AATACACCCGCAAATTCAGCAACATCGT,AGTGTTAATCAGACC,-0.015751957689336304,0.0034340097988661,56,42,8,3
AAACCACCCTCACGGTCAGAGTCAACCC,ACAAGTTTTACAGTT,0.014402854794757093,0.004869177555519855,31,39,14,6
GCAGCAGACTCACGGACATGCGCAAGGT,AGTGTTAATCAGACC,-0.010097322044802046,1.299522727714816,56,35,8,10
CATCCAATCGCAGATTCAGCCTCAGCGT,AGTGTTAATCAGACC,-0.10069160739374876,5.9007001592549955,53,17,1,1
TAGGCATTGCCACTGCCAACGACAAGTC,CTTGATGGCTGAAAG,-0.016117779266277752,0.0,53,27,13,3
CGTTCAGCGACACAGTCAAGTACAGTCA,CTCTTGAGAATACTT,,0.0,33,7,0,0
CAGCCACCTTCAGGACCATACCCAACGT,TGATCATCACGGGAC,0.006272121476288462,0.0,46,43,7,7
TGCTCATGGTCACCAGCAGGGACAGTTC,CATTTATGGCTATCT,0.013016249555841686,0.0,14,14,3,4
CTACCAATGCCAGTGCCAACGGCAGCAT,AGAAGACGACGATGA,0.025750146657954474,0.15836579703739062,30,28,17,9
ATGACAGCGCCAGAAGCAACACCATTAT,AAAAGAAAAATGTAT,0.016567125019662902,4.408710177071782,36,44,19,11
TCAGCAGACACAAGTGCAGGGTCAATTA,AAAACATTATCAAAG,,0.0,27,2,0,0
GATTCAACCACACGAACAACGACAAGCG,AAAACATTATCAAAG,,30.001680109865106,38,3,0,0
TTGTCACCGACATCAGCACGAACAGGCC,AAAAGAAAAATGTAT,-0.12048385711739219,2.1840543581229497,38,10,4,4
CGCTCAATGCCAAAAGCAAGTCCAACGC,CGCGATCAATCCTCT,-0.06807677206579106,0.0,27,12,0,0
GTGGCAGTGTCATAAACATCCTCATACA,TATATTGAACTTTAC,-0.008488799886516896,0.05712285307646425,35,28,10,9
GTGGCAGAACCAAATGCAATCACAGGTC,CGAACAGAAACACAA,-0.07993734630657583,0.0,38,15,7,1
TACGCATACTCAGGTGCACCCCCAAAGG,CTCTTGAGAATACTT,,0.0,21,0,0,0
GACTCAAGGACAAACTCACGAGCATTCA,GTAATCTGACTCTAG,-0.03145233257030284,0.0,39,25,2,0
ACGGCACTACCAAGATCAACCACAAGAC,AAAACATTATCAAAG,,0.0,32,4,0,0
GTGGCACGCTCACTCACAAATCCAATGT,CTTGATCAATCAAAA,-0.06074364475723622,3.222595246389261,23,11,9,6
GGCTCAACCCCACAGCCAATGCCAGCGG,CTCTTGAGAATACTT,,0.0,7,1,0,0
CTGACTAACAGCTGCACCACCAGTAG,CCAGGATGTACCGCC,-0.03398411336873179,0.0,24,15,8,1
TGGACATTGACACACACACGGCCAATCT,AGTTTATAAAAAATT,0.010034830398481919,0.0,29,21,9,10
CCAGCACGTTCAGCGCCAGCAACAGATA,CTTGATCAATCAAAA,-0.03806631282075718,0.0,40,24,2,3
CATCCAGCCACACATACATCACCACAAA,GTTTAGCTTCCGTTG,-0.03623139895393761,0.0,36,22,4,6
TTGTCATTTTCAGCCTCAGCATCAATAA,CCGTTAGTATCGCTA,,0.0,8,0,0,0
CAGCCATCATCAGAAGCAAGGCCAGAGG,CATATGCATTCCTTG,,0.0,8,7,0,0
GGCACAGCGCCAAGTCCATTCACATGGC,TAACCTCGCGCTGAG,,0.020098748083363205,33,6,3,2
TAAGCACACCAACAACATATCCAGTAA,TCATAGGTATCTCGC,,0.0,18,0,0,0
AGGGCACCGTCAACCTCACTTACAAGAA,GTAATCTGACTCTAG,-0.027530261254974684,0.0,24,16,5,0
CCATCAATGGCATCCACAGCGCCAAGGG,TAACCTCGCGCTGAG,-0.025760303545034714,0.0,28,19,1,0
TGTGCATACTCAAGGGCACTAGCAAATC,TCATAGGTATCTCGC,,0.0,1,0,0,0
GGTCCATGTACAGTAGCAAGGGCAAAAA,TCTTGGAGGTGAATG,0.02843131753856758,0.0,12,14,1,3
GGCACATGTGCACCATCAACCACACACG,GCTGCGGAGCCTCAG,,0.0,1,4,0,0
GTGTCACGTCCATCGTCACACAACATGAG,CGCGATCAATCCTCT,,0.0,15,1,0,0
GAGTCAACAACACAGTCACCCTCAGCGT,CTTGATCAATCAAAA,0.04586665625304525,0.10172484787310054,18,25,0,0
ACGGCATTTGCAAAGACATAGTCAAGCG,CTTGATCAATCAAAA,-0.04676745051972028,0.0,20,11,0,0
TACACAGAATCATGTGCAGGGTCACAAT,GCAAGAAAGAAACCC,,0.0,4,0,0,0
AGTGCACCATCAAGTCCACCAACACGTC,GTTAAATCAACAGTT,,0.0,4,0,0,0
TGAGCAGACACAGCTTCAAGGGCACAAT,GTTAAATCAACAGTT,,0.0,7,0,0,0
ACGACATGTCCAGTATCAAAGTCAATGC,ACAAGTTTTACAGTT,-0.04676745051972028,0.0,20,11,3,3
GATGCACGCACATGACCAGGTGCACTCC,GCTGCGGAGCCTCAG,,0.0,9,5,0,0
CCTACAGAAGCATGTACAGGAGCAAGCC,TCATAGGTATCTCGC,,0.0,9,1,0,0
AGGGCAAATCCATGAACACGGACAACTA,AAAACATTATCAAAG,,0.0,1,0,0,0
GTCCCACAGGCATATGCAACTTCAAGAA,TTTATAAATCAATAG,-0.05116913906139766,0.0,19,10,5,0
ATGTCAGAAGCAGATTCAAGGCCATTCG,TCAAAGCATGAAAAA,,0.0,3,2,0,0
TCATCATCCGCACTTCCATCCACAATGG,TCGATAGAATTTACT,0.047846918982663404,0.0,12,17,5,1
TCACCAATGACACAACCACCATCATCGG,GTTAAATCAACAGTT,,0.0,5,1,0,0
AACACACAGGCACACGCACGGCCAGAAA,TCAAAGCATGAAAAA,,0.0,12,5,0,0
AGCCCATGAACATAAGCATCAACACGCC,TCGAAAGCACAGTAG,,0.0,1,1,0,0
TGTTCAGGGTCAACGACACGATCAGGGG,TCAAAGCATGAAAAA,,0.0,7,0,0,0
GTGTCACACGCAATGCCAACCTCATCCA,AGTGTTAATCAGACC,-0.024453095388299408,0.0,16,11,3,1
CAGTCAACCTCAAAGCCAATAACAGTGT,TACACCAATTACACT,,0.0,3,2,0,0
AAAACAGCTCCATCACCAGTTCCACTGG,GAACTCAGGTTCCAT,,0.0,13,4,1,0
AACGCAAACCCAGGGTCAATGACACCAA,ATCGTTGGCATTTGG,,0.0,9,8,0,1
AGATCACGCTCATGATCATAGCCAGAGG,TAATATTGTTTTGCG,,0.0,10,0,0,0
CGGTCAGCCACACTCTCAATTACAGCAG,TAACCTCGCGCTGAG,,0.0,12,8,0,0
AGGTCAGACTCACAGACAAGATCATTAC,CTTGATGGCTGAAAG,,0.0,4,12,1,1
AAACCAATGACAAATACATGCACACAAT,GCTGCGGAGCCTCAG,,0.0,3,6,2,0
AGTTCAGAAGCAGTTCCATCGTCAGGGT,AGAACATCATCTACA,,0.0,10,3,1,0
CAGGCAATGCCATGGGCACTAACACTCT,CATCAATGAGGCAGT,,0.0,3,0,0,0
TGTCCAGTTGCAAGTCCAATGCCAGAAG,TCAAAGCATGAAAAA,,0.0,8,0,0,0
CACCCACGCCCAGTGTCACCGGCATACC,CTAAGCAGTCTTCTC,,0.0,7,6,0,2
AGCTCAAGGTCAACCACAGGGCCATGCT,TAACCTCGCGCTGAG,,0.0,6,4,4,0
GTTGCAGCCTCACTGCCAATGCCAAGCT,CTAGTTGTATAGCCA,,0.0,2,0,0,0
CGAGCCAAACGCAGTCTCACCCGCAATAG,CATATGCATTCCTTG,,0.0,8,5,2,0
TAAACAAGTGCAGCCGCATGTTCAAACT,CTTGATCAATCAAAA,,0.0,11,3,1,0
GTCGCAGATGCACGTTCACGTCCAAAGA,TCAAAACGGAGTGTT,,0.0,8,6,1,0
AAGACAGGTACACAAGCAAGGCCAACAC,TCATAGGTATCTCGC,,0.0,7,1,0,0
TACACAGTCTCATGCACAAACGCACCGA,AGATTCATCCCATGG,,0.0,10,1,0,0
ATCCCAGCGACAGCAGCAATTACAGGCC,AGTGTTAATCAGACC,,0.0,4,5,0,0
TCGGCAACAGCATGAACATGCGCAATGG,CTAGTTGTATAGCCA,,0.0,2,0,0,0
CCATCAGGTGCAGTCCCAAAAACAACTA,CATATGCATTCCTTG,,0.0,5,1,0,0
CTGACAGCCTCACTACCAATCTCACGCG,CATATGCATTCCTTG,,0.0,8,2,1,0
TCCTCAGGTCCATCTGCAAACGCAATAG,TCAAAGCATGAAAAA,,0.0,1,0,0,0
ACGACACCCGCAAAACCAGGGACAGGAT,ATGGCGATGGTCTTG,,0.0,0,4,0,0
GCCGCAATCTCAACTTCAGGTGCACAAG,GTTAAATCAACAGTT,,0.0,2,0,0,0
TCAACACTTTCAAAAACATGGACAGAAG,ACAGTTGACGGACAG,,0.0,2,7,2,0
GAGCCACTCGCACGCTCAAACCCAAGGC,AAAACATTATCAAAG,,0.0,7,0,0,0
CCAGCATTCACACAAACAGTCCCACCAG,TCAAAGCATGAAAAA,,0.0,5,2,0,0
GGAGCACACACAGTCCCAGGTCCAACAC,GTTTGTTTTGGGAAA,,0.0,2,1,0,0
AGGTCATGCACAGAGCCAAATGCAGACG,GAGAATGAAGGACAG,,0.0,6,2,0,1
TGGCCACCCACATTTACAGGAGCAGCAA,CTTGATCAATCAAAA,,0.0,2,0,0,0
AGTGCAATAGCACAGGCAACACCATAGG,AGAAGACGACGATGA,,0.0,6,0,0,0
AACACATTCCCAGCCACATGACCAGTGA,CTACTTACAACGGAA,,0.0,1,0,0,0
TACGCAGCCACAACCACAGTCCCATTCT,ATCGTTGGCATTTGG,,0.0,1,0,0,0
GTAGCACAGGCACGACCAATGTCACTTT,ATCGTTGGCATTTGG,,0.0,0,1,0,0
CAATCACGAACAAGATCACTAACAGGTA,AGATTCATCCCATGG,,0.0,0,1,0,0
AAACCAAGAACAGCGGCAAACCCATATC,ACAGTTGACGGACAG,,0.0,0,0,1,0
AACCCACATGCAAGGGCACGCTCATCAA,AATGATACCATTTTT,,0.0,1,0,0,0
CACACAGGTACATCGTCACTTACACCTC,CGAATGCCATACAAA,,0.0,1,0,0,0
GGGACATTCTCATAAACATCTGCATGAG,CTAAGTGTGAAGGAG,,0.0,1,0,0,0
ATTACAACAGCAAGGCCAAGAGCAGACG,CGAATGCCATACAAA,,0.0,0,1,0,0
