BC,Edge,s,LL.ratio,TP1-1-T1,TP1-1-T2,TP1-1-T3,TP1-1-T4
TAGACAGGAACATAAACAGTTGCAAGAC,CCAACACAGGCTTCG,0.017204454982133997,0.0,6357,13234,11566,12619
CTCTCACTACCATCCGCAAGGGCACTGC,TTTATAAATCAATAG,0.013005814300245345,0.0,3966,8267,6821,6941
AATGCAACTCCAGGACCACTCCCACATG,GTTTAGCTTCCGTTG,0.008407398021794982,0.0,2215,4597,3522,3377
TAATCAGAAACATTTTCAGTCGCAGACT,GTTTAGCTTCCGTTG,0.009462672580921098,0.0,2064,4198,3171,3248
ATAGCAAGGTCAAGATCAAGGGCAAGCT,ACAACCTACCTGCTA,0.004893861868562554,0.0,2099,4120,3164,2880
ACAACAGAAACACATGCAACGCCATGGG,GGTTGCCCAGAAGTA,0.014580238364124967,0.0,1737,3560,3024,3187
CGCACAAAAGCAGGTTCAGAATCAAGAG,AGAAGACGACGATGA,0.020711377572026842,55.337820834301965,1515,3388,3081,3341
CCAGCAGGTCCACCTCATTCTCACGAC,TAGACGGACATCTTC,0.03496316825802593,0.0,1066,2816,2884,3605
GAACCATAGTCAGCTTCATCGCCAAAGC,CTCGCTAATACTCCT,0.004812541672286589,0.0,1657,3047,2425,2268
CGCTCATCAACAAGGCCAGGGCCATTAG,GTAATCTGACTCTAG,0.004610782572591976,0.0,1670,2940,2437,2272
GGTACATAGGCACAAACATGAACAAACA,CTCGCTAATACTCCT,0.010128763882396424,0.0,1295,2868,2146,2079
CATACACGGTCAGCTACAGAGACAAGAG,GTAATCTGACTCTAG,0.00258597962915319,0.0,1477,2750,2145,1891
ACAGCATGACCAAGTGCAGATACACACT,TCTTGGAGGTGAATG,0.019580881168910245,0.0,964,2127,1917,2055
TGCACAATTCCATCGGCACAAGCAAAGA,CTACTTACAACGGAA,-0.0146826964393494,12.440261738398931,1681,2191,1449,1282
TCCACACAGGCAAGACCATAGGCAGATC,TCAAAACGGAGTGTT,0.004565501877401642,0.0,1199,2085,1501,1629
CATGCAAATCCAGTCGCATATCCACAAA,ACAGTTGACGGACAG,0.006889377618518968,0.0,1040,2138,1655,1515
GCCGCAGCACCATGCACAACCACAAAAG,TCAAAACGGAGTGTT,0.0012560474762204048,0.0,1125,1934,1419,1384
GCACCATGGTCAACACCATTTCCAAGTA,TATATTGAACTTTAC,0.003460754877507455,0.0,1018,2000,1431,1338
AGGTCAGCCTCAAGCCCAGATCCACAGA,TCTTGGAGGTGAATG,0.0174978905029293,0.0,767,1697,1413,1536
TTTCCAGTACCAAAACCATGGACACCAT,TATATTGAACTTTAC,0.0009186226136396417,0.0,987,1816,1334,1202
GGAGCATAACCACTACCACAATCAAGAT,ACAGTTGACGGACAG,0.004247957666519486,0.0,859,1819,1336,1156
TCTTCAACAACATGTTCACTCACAAAAT,TCTTGGAGGTGAATG,0.009359351239389677,0.0,807,1637,1293,1266
ACTCCATTCGCAAGGGCAACCCCACCGC,TCAAAACGGAGTGTT,0.005192728856092307,0.0,874,1672,1161,1210
GACACATCGACAATGTCAGAGGCAATTC,TTTATAAATCAATAG,0.014744485960325153,0.0,730,1514,1220,1346
CAGGCAGACGCAACAACACGAGCACCGG,GAGTGCTTCAAAGTT,0.03323071625847961,0.0,494,1372,1284,1586
CGCGCAACAGCAAAGGCAGGAGCAATAC,CGTCAAGACCTTCTA,-0.009939716077131096,0.0,969,1620,1066,852
GCGCCAGATACAAATACAATGCCACCCG,AGAACATCATCTACA,0.006521107708917888,0.0,717,1437,1139,1033
AAAGCACCCTCAAATGCATCCTCAGACA,CTCGCTAATACTCCT,0.007012239005168119,0.0,673,1311,1041,984
CTTTCACCGGCAAGTTCAGGATCAGAAC,GTTTAGCTTCCGTTG,0.008329267351795918,0.0,618,1288,911,940
ATGCCACACGCAATAACAGCCACAAGGC,GAGTGCTTCAAAGTT,0.018922861654737045,0.0,544,1047,1053,1137
GACGCAAAGTCATGCACAATAGCAGGCG,TATGCCCTTCTTCTG,0.019321614162071152,0.0,486,1098,970,1028
ATCTCAAAGTCAAAGCCACCATCAAGGT,AAAAGAAAAATGTAT,0.011389818753052486,0.0,523,1118,905,872
CAAACATCTTCAATATCAGTTTCAGCGT,TTAGTCTTTCCATCA,0.003708274411824182,0.0,580,1150,830,768
GTATCAAGAACATGTTCATGGGCACAAG,ACAACCTACCTGCTA,0.002275576928696666,0.0,529,1181,876,671
CTTACACACTCAACGTCAAAGCCAGCCG,AGTGTATGATAATAT,-0.006998478893699732,0.0,656,1136,804,630
GGAGCATTCTCACTACCAATGACAATAG,AGAACATCATCTACA,0.0009327652520235928,0.0,545,1075,748,664
GCGACAATCTCAGAAACACGCACAATG,TATATTGAACTTTAC,0.0046192515610168645,0.0,485,916,635,660
CGCGCAAAACCAGTAGCAGGTACACCAT,AGTGTATGATAATAT,-0.001054786767645381,0.0,460,918,598,528
TACGCAACAGCAACAACAGTGTCATCCT,GTAATCTGACTCTAG,0.002702164166530707,0.0,453,849,593,582
CGGTCAAGAGCATATACAGAGGCACACA,AAAAGCGACATTTCT,-0.015106248276890798,0.0,498,869,496,375
AACCCAGTGGCAGGGGCAGTTCCAATAG,GAGTGCTTCAAAGTT,0.027709738649888363,0.0,254,592,625,691
ATGCCAACACCAAGCTCACCTACAAACG,ACAACCTACCTGCTA,0.0008706501393237256,0.0,398,653,510,484
ATAACAACAACACTGACACTTCCACGTC,ACAAGTTTTACAGTT,0.03596222676959305,8.360328816972924,196,570,514,683
AATGCAGAGTCACTTGCAGGAGCAGCCA,CTTGATCAATCAAAA,-0.009929818796689608,0.0,415,660,437,365
CCGTCAGTATCATCTCCACTACCACTCC,TCGATAGAATTTACT,-9.650774623256187e-05,0.0,353,600,467,417
TGCACATCCACATGGCCACTGTCAAGCC,TCGATAGAATTTACT,0.011488370925967425,0.0,299,513,470,500
GCAACACGTACAATGGCATGCCCAGTTC,TCTTGGAGGTGAATG,0.018129398137913692,0.0,220,536,397,449
ACGTCATGGGCAACTTCACTTCCAGCGA,ATATTGAGTAAGTAC,0.007354341872041619,0.0,285,494,348,421
CATGCAAGGGCACCTTCATATGCAGGTA,CCAACACAGGCTTCG,0.01753298323333074,0.0,212,516,382,425
ATGTCACAAACATGCACAGGAACATTAG,AGAAGACGACGATGA,-0.007844220527401783,0.0,314,501,378,294
AATGCATTGACAACCCCACTGTCACCCT,CTTGATCAATCAAAA,-0.004111711849643976,0.0,254,535,366,266
GCCGCAGGACCAGTTCCATATACAAGGA,TCTTGGAGGTGAATG,-0.002138429386488531,18.063439027483582,297,453,359,330
ATTGCACCAACACAGTCAGCGACACATA,TTTATAAATCAATAG,0.01692951421131079,0.0,192,405,398,378
ACCGCATAGTCATGAGCACCGGCAGTCA,CTTGATGGCTGAAAG,-0.029043124165237678,0.0,349,486,319,173
ATTCCAATCGCATAAACACCCGCAAAAC,ACAGTTGACGGACAG,0.012359031122154461,0.0,194,475,312,333
TAATCAAAGCCACAGACACCGGCACTGA,GTTAAATCAACAGTT,-0.013147509854114474,0.0,283,506,282,226
CTTTCAAACCCAGTAACATAGCCAGGTA,AGAACATCATCTACA,-0.005803002142663132,4.116506602340905,219,438,346,218
GGCACAGCCTCAGGTCCATACGCATAGG,TATGCCCTTCTTCTG,0.017136492008690142,0.0,158,414,354,313
TCCGCAAAGACAGCAGCACAAACATTAC,CGCGATCAATCCTCT,-0.06016925380929342,0.0,349,456,192,68
CACTCATTGGCAGACTCAACACCATGGA,TCGATAGAATTTACT,0.009433974057122244,0.0,166,359,253,261
CCATCAAGGACAAACTCATCCGCACGTC,TTTATAAATCAATAG,0.017565385780004602,0.0,150,283,257,301
TTCCCAGGTCCAAGCCCACCTGCACGCA,TTTATAAATCAATAG,0.020101352030395783,0.0,121,317,261,262
TTAACATAGACAGGATCACCCACAAGCT,GTTTAGCTTCCGTTG,0.007411535293330148,0.0,148,325,234,219
AACACATGACCAACACCACGGGCAATAC,TGATCATCACGGGAC,-0.0012926403083006893,0.0,179,321,204,204
AAGACACAAGCATGTGCAGGTGCACAGG,GTTTAGCTTCCGTTG,0.01503794270897701,0.0,143,288,229,266
TGCACATAGTCAGCAACAGTATCACCGA,ACAACCTACCTGCTA,-0.007927754707665297,0.0,212,285,227,198
GCTCCACGGCCATGCCCAGCTTCACTTC,GTTGGGCGCTTAAAG,-0.004246730396745146,0.0,186,303,207,194
GCAGCACGGGCACATGCACCCTCAATCT,CGATGATGATGATGA,0.0044780511481633326,0.0,138,318,232,187
TCTGCAGGTTCAATAGCAGAGTCATATG,AGAACATCATCTACA,0.007158316773502656,0.0,143,284,240,210
ATATCATACGCAAGTACAGATACATGTG,GTGTGATTACTAAAT,0.003938955839976633,0.0,156,268,239,208
GGACCACTTACAATAGCATCGCCAATTG,CTCGCTAATACTCCT,0.006333146992351798,0.0,141,269,212,202
TCTTCAGCGTCAAGAGCAGGAGCATTAG,TCGATAGAATTTACT,0.00786505702852273,0.0,140,277,212,210
AGTGCAGCGTCATAATCAGCTGCAGTTA,CTTGCAAGTGTAATT,0.004213758165812702,0.0,151,311,176,203
GAGCCACTTCCAATCACAAGGTCAGAAC,ACAACCTACCTGCTA,0.006287344538330329,0.0,137,239,184,196
GCGGCAGCAACAGCAACATTGTCATCAT,ACAGTTGACGGACAG,0.018071761035823378,0.0,107,210,213,218
CTGACACTACCAAATTCATTGGCATGAC,TATATTGAACTTTAC,0.0047233057536497655,0.0,126,221,212,172
CAAGCATACACAATGTCACACACAGCCG,CAATCTTGAATTGAT,0.025158183475694994,0.0,100,196,193,252
TCCACATCTGCATACACATCGCCATATC,AGTGTATGATAATAT,-0.010386530362208497,0.0,151,263,181,131
CAGTCACCGACAGCTTCATAAACATAGC,TTAGTCTTTCCATCA,0.0035299527535828253,0.0,123,221,195,162
CTCGCATGAGCATAGCCAGGACCATGTT,ATCGTTGGCATTTGG,-0.014473531715985465,0.0,129,232,203,99
TATTCACTACCAGTTACAAAAGCATAAT,GTTGGGCGCTTAAAG,-0.003969418120852987,0.0,116,259,173,122
CCATCAAATCCATGAGCAACGGCACGGA,GGTTGCCCAGAAGTA,0.014703758653981977,0.0,101,178,203,186
GAGTCATAATCATACTCATGGCCACGCG,TCGATAGAATTTACT,0.01267173532765907,0.0,101,223,150,175
GGCACACTGCCACGGGCAAACGCACCTC,CAATCTTGAATTGAT,0.03390225547871951,0.0,58,205,198,190
CCCCCAGATTCAAGGCCAACTTCACCCA,GTCACCGGCACTAAC,0.03274600860095216,0.0,67,238,140,212
CATGCACAATCAACCTCAGTGCCATCTC,CAATCTTGAATTGAT,0.03929178560927232,0.0,67,139,177,258
GAACCAAATCCAAATCCAGATACACCAG,CGAACAGAAACACAA,-0.044728108727238626,0.0,197,231,105,61
TGGTCAGTGGCAGCTGCATTTCCAGTAA,CCAGGATGTACCGCC,-0.007165859044307984,0.0,135,204,159,129
TCAGCATAACCATTAGCACGCGCACTCA,GTTGGGCGCTTAAAG,0.022728592950745224,6.0355312669044,70,256,132,164
GTTACACGGGCACCGGCACGCCCAGGCT,AATGATACCATTTTT,-0.020352315015444943,0.0,143,226,143,92
GGGGCAGGATCATACACAGTCTCAATGT,TATGCCCTTCTTCTG,0.009077311834218567,2.085531089689084,90,203,195,140
GGTTCATATCCAAAGGCAAGAACATCGA,CTCGCTAATACTCCT,-0.009428069418649501,7.751000659996407,112,230,162,100
TCGGCAGTTCCAGATTCACAAGCAACGG,GTTGGGCGCTTAAAG,0.004711191149361109,0.0,96,222,151,131
AGCCCATCCGCAGGGCCATATTCAACTG,GTACAAGAAATTTTG,0.015782799987399707,0.0,92,174,174,175
AAGGCACAACCAGCGGCAGTCTCATTGC,TAACCTCGCGCTGAG,-0.031166041313068448,0.0,172,227,102,80
GGATCATAGGCAACTGCATAAGCAGTCC,TCAAAACGGAGTGTT,0.022917387947086004,10.831184722216221,73,179,178,172
GACTCAGCGCCACTAACAATATCAGTCG,TTAGTCTTTCCATCA,-0.0003636122358614396,0.0,128,180,126,150
GCGCCAAGCCCACACTCAGTGTCATTTG,CTACTTACAACGGAA,-0.0005120905808407919,0.0,114,185,160,133
GCTACAGGGACAAATGCAGGGACAGTAG,AGTGTTAATCAGACC,0.00905142186527949,1.6414826352754517,92,227,135,143
AGCCCAGGATCACCACCAAAAACAAATT,TCAGAGCATTGGCCT,0.02733600512509442,0.0,71,162,173,191
AATGCAGGAACAAAGGCAAGAACAAATG,CCAGGATGTACCGCC,0.006524230318172434,2.4398273791230167,93,201,139,134
TGCGCATATTCACTACCAGGCCCAGCGA,CGCGATCAATCCTCT,-0.03692610119484708,0.0,161,208,114,63
AGGGCACGACCAAGGACACTACCACTGC,CCAGGATGTACCGCC,-0.005094878158909002,0.0,119,205,113,121
GAGGCATGCACAAAGGCACTGGCACTCG,ATAGAGCGGCGTTGA,-0.01951499350759806,0.0,144,193,119,95
TACACAACTTCACGACCATTCACAAGAA,TTTATAAATCAATAG,0.018853266080216508,0.0,70,192,134,146
ACTCCAGAAGCAAATACAATCTCAGTGA,ACCACCGGTCCTGCC,0.003938955839976632,0.0,93,166,150,124
GCGACATGTCCACTGTCAACCTCATGAA,TCTTGGAGGTGAATG,0.011290381493781698,0.0,77,168,142,128
CGTTCAGAAGCAGTATCAGAGGCATTAG,GTTTAGCTTCCGTTG,0.019875765564914497,3.1946724865965734,73,159,123,157
GGGGCACGACCAATGGCAAGGGCATGCA,CCAGGATGTACCGCC,0.009340817817789008,2.6183881915835627,81,183,109,127
TGGTCACGGGCACGCGCAGATGCATCAA,CTACTTACAACGGAA,-0.007201113762912512,0.0,110,138,122,105
GTGTCATCAACAAGACCAGAGGCAAGTG,CTACTTACAACGGAA,0.0016322713651972206,0.0,86,162,109,107
CGACCATTTGCAATATCAACCCACGTG,TTTATAAATCAATAG,0.008497587077156272,0.0,87,137,120,133
TCACCAGTCTCAACCGCAGGCACAGGCG,TCAAAACGGAGTGTT,0.0017876718020575968,0.0,84,148,124,105
GGGGCAGGTCCAACGGCATGGTCACACG,CAAGGATCCCCGTAG,-0.025578346600270082,0.0,120,152,95,66
GGTCCATCACAGAAACAATACCAAAGG,ACCACCGGTCCTGCC,0.0055652946456243415,0.0,70,137,120,98
CCGTCAAATCCATGTACAGTGACACTAA,TATATTGAACTTTAC,0.0036039446448599285,0.0,75,143,111,99
TCGTCAATCGCAGGCTCAAAAACACGGA,AGAAGACGACGATGA,0.006646470504062841,0.0,65,152,113,94
TTCGCAATGCCAGTTGCAGGTGCATGGC,TTTATAAATCAATAG,0.01986514816290299,0.0,60,102,101,129
CAGTCAATACCACCTTCAGCGACACGAG,TTAGTCTTTCCATCA,-0.0020967887398074462,0.0,80,135,94,89
GAGGCAAACTCATTACCAACGCCAACGT,CGATGATGATGATGA,0.029064682585855994,0.0,42,134,98,119
CCGGCATCGGCAACCACACTGCCAATCA,GTTTAGCTTCCGTTG,-0.0020433270870749815,0.6774651708419697,70,120,122,78
ATCGCATACCCACGCGCAGCCCCATCGC,CTCGCTAATACTCCT,-0.006375112796296277,2.0461882158331264,93,110,96,91
GGGACAGAGCCAAGAGCAAAGACATGAG,TTTATAAATCAATAG,0.007275071125209376,0.0,57,127,113,84
GAGGCAGCAGCATTACCATACACATTGC,GTTTAGCTTCCGTTG,0.009792376058150273,0.0,56,141,84,89
TATGCAGTGCCATTCCCACAGGCATTCG,CTCGCTAATACTCCT,0.014937541026643924,0.0,55,130,86,102
AACTCAAACTCAATTGCAATCTCAGCCA,CTTGCAAGTGTAATT,-0.058738139712340064,38.830246975919295,118,138,62,24
TACTCAGAGACACTAACAGCATCAAGAT,TATATTGAACTTTAC,-0.004669983734872959,0.0,67,102,108,69
GCATCATATGCATCTACAAGGCCAATGC,ATAGAGCGGCGTTGA,-0.010309177987588037,0.0,69,137,83,60
AGTGCAAATACAATACCATAGGCAGTGG,GTTTAGCTTCCGTTG,0.00855236660194727,0.0,64,96,92,98
GTGACACCACCATAGGCATGCACAGTTC,CTCGCTAATACTCCT,0.02604876308698542,2.3291302826885385,34,120,95,88
TGAGCAGGAACATCGACAAACTCAAAT,GTTTAGCTTCCGTTG,0.016737585936216673,0.0,47,88,102,92
GACTCAGTAACATGAGCAAACTCACATC,GTTTAGCTTCCGTTG,0.034040472677447774,10.755781324839518,38,92,62,125
ACCCCATCTTCAAGGACATAGTCACCAG,TCAAAACGGAGTGTT,0.020933126621056855,7.474659289469855,50,81,70,111
TCGTCACCGGCACCGGCATCCACATTAG,TTTATAAATCAATAG,0.01970250213676653,0.0,43,99,79,92
ACTTCAGATCCATAGTCATCTACAGGCG,CTCGCTAATACTCCT,0.012710585370906932,0.0,49,100,68,85
GGAGCAAGGCCAAAAACAAATACAATGG,CTACTTACAACGGAA,0.006504323877847567,0.8157669609814775,50,101,89,72
TGTGCATTGACATCGACATACGCACTGT,TCTTGGAGGTGAATG,0.0049646777955350595,0.0,56,84,66,77
ACAGCAGTGGCAGACGCACAGTCAATAC,TATATTGAACTTTAC,-0.0033506841921843653,0.0,56,76,101,60
ATGACAGGGTCATCAGCAAAGGCAGACT,ACCACCGGTCCTGCC,-0.007225542736767565,0.0,65,98,69,62
GGAGCATTTTCATGTCCAGCCGCATCAC,AGTGTTAATCAGACC,0.01658860989680677,2.3288594146799255,39,112,61,76
GTGTCAACAGCAAACCCAGAAGCAATCA,AAAAGAAAAATGTAT,-0.0012725798397131745,0.0,57,104,62,65
GTAACACTTCCAGTCTCATTGACAGTAT,TTTATAAATCAATAG,0.014489543243032236,0.0,47,78,81,86
GTCACAGCCGCATCTCCATAATCAATGG,TTTATAAATCAATAG,0.01920925055976284,0.0,37,103,79,78
AGAGCAATGACACTGGCATGCCCACATG,ACAGTTGACGGACAG,0.02003973392177792,0.0,31,90,94,67
GCACCAGATCCAGCTGCATTCTCAGTCG,CTTGCAAGTGTAATT,0.0026315987348672445,0.0,39,95,104,50
ATGGCAATCGCACTTGCAACGGCAACAA,TCAAATGATGAGGAT,-0.023703689322840865,0.0,55,119,61,32
GGGACAGCCGCACTGTGCAGGATCATCAC,CCAACACAGGCTTCG,0.025683128707966293,0.0,25,103,77,64
TTGACAACATCATAGTCATGGTCAAGTG,TTTATAAATCAATAG,0.012470068311216663,0.0,36,100,71,62
CAAACAGGCCCATTCACACCTACATGTC,AGATTCATCCCATGG,-0.07169528207869072,0.0,98,101,30,3
AGTGCAGACACAAACTCAAGTGCAGTAT,GAACTCAGGTTCCAT,0.004528941743290017,0.0,42,67,73,57
GGCTCACTGGCACGCTCAGAGACAGCAA,TTAGTCTTTCCATCA,-0.021764668227678613,6.844127710135126,60,89,53,37
TTCTCAGTAGCAATAACAGTATCAAAGC,CTACTTACAACGGAA,-0.03692610119484708,11.405805747934437,69,88,52,27
CTTGCAGGTCCACCTCCACGAACATAGC,ACAAGTTTTACAGTT,0.0039389558399766334,0.0,39,77,74,52
ACGGCATAGGCAGGAGCATAACCATGAA,GTACAAGAAATTTTG,0.008753998597928123,0.0,37,75,74,57
GGGGCAGGGCCAGCATCAGTACCACCTT,TATATTGAACTTTAC,0.008416033760229763,0.0,40,80,58,61
GATGCACATCCAAGGTCATTTACAGCGA,AGTGTTAATCAGACC,-0.023228944098989443,0.5286077066482449,61,70,50,36
CAGTCAGATCCACTGTCAAAACCACGAC,ACAACCTACCTGCTA,-0.005650446575082728,0.0,41,82,67,41
GTACCAGCTACAGTAGCACGGCCAGCAG,CTTGATCAATCAAAA,-0.005650446575082728,0.0,42,79,47,42
AACGCAAGAACAACATCACGTGCAGCAC,GTACAAGAAATTTTG,-0.04959180983757857,29.1051572826525,71,70,44,19
AGGGCACGCTCAAAATCAACACCATGGT,AGTGTATGATAATAT,-0.0004109271243356652,0.0,47,74,48,55
TCATCACCGGCAGATGCACAGGCAGGGC,TATATTGAACTTTAC,0.005196966772738184,0.0,39,61,61,54
AAGCCACCTTCATAAGCAGGAGCAATCT,GTCACCGGCACTAAC,0.02651891662637018,0.0,24,65,68,63
TGCGCAGAAACACGAACAGGCACACCCA,TTTATAAATCAATAG,-0.010788802569324692,5.288802126789278,49,69,57,42
AGTACAAGCCCAGACACACTAACAGGAG,TTTATAAATCAATAG,0.011377074217116928,0.0,33,68,49,55
CGAACAAAAGCAATTGCAGCCGCACGAG,AGTGTATGATAATAT,0.016428737488023634,4.849362231021473,33,63,42,64
ACACCATGACCAGGTTCAAGCGCAGACG,GTGTGATTACTAAAT,0.02277546429664493,0.0,26,57,65,61
GGGGCAGTCGCACTCTCAGTAGCAATGT,ATTATCAAGTGCCAG,-0.002571335904048883,0.0,31,75,53,34
CGTCCAGCTACAGAATCAGAGGCATACA,AGAACATCATCTACA,0.019324108331950224,1.795650540842189,26,62,49,55
CATTCACAGTCACAATCAAAAACATAAA,GTACAAGAAATTTTG,0.008164012694614739,0.0,37,64,38,56
TGCTCATATGCAGACACAAAGGCAACTA,CGAACAGAAACACAA,-0.0229152162929112,0.0,47,66,37,28
GTCCCAGAAACAAAGACAAGATCAGTAC,GAACTCAGGTTCCAT,0.012226377060483115,0.0,31,61,36,53
AAGACATCATCAGTGTCATGGTCATACG,TATATTGAACTTTAC,-0.021465712561586577,7.763183738511543,45,74,29,28
GATGCATGGCCAGCACCATTAGCAGCGA,ATGAAGTTCATAATG,-0.06646875631011762,10.912628115372456,62,78,24,10
TACACATCGGCACGCTCACGCGCACTAT,TTAGTCTTTCCATCA,0.0012708655841921143,0.0,26,67,54,32
TGAGCAGCGCCACAGCCAATTCCACAGC,ATAGAGCGGCGTTGA,-0.0229152162929112,0.0,47,49,44,28
AGTTCATGACCAGATTCAGGAGCACCAG,CTAAGCAGTCTTCTC,-0.038616246349085136,0.0,59,55,35,3
AGGCCACACACATGGGCAAGGTCAGGTA,TTAGTCTTTCCATCA,0.05199085716647467,19.62422459353752,11,36,69,62
TCGGCAGCTTCACACGCACACTCACGCT,GTTTAGCTTCCGTTG,0.018066097399188644,0.0,27,51,41,55
TGAGCAGAGTCAAAGACAATAACAGTCG,CTTGATGGCTGAAAG,-0.027911425660937923,0.0,39,83,28,20
GTGTCAAGTACATAAAGCAGAATCAGGCC,AGTGTTAATCAGACC,-0.005650446575082727,0.0,34,69,32,34
GGGACATATACATGCGCACTCACACCTT,TTTATAAATCAATAG,0.025493194670811726,0.0,22,44,45,56
CATCCAAAAACAGCCTCAAGAACAGGAA,TTTATAAATCAATAG,-0.021317234216607278,10.905406305001861,32,71,34,20
ATTGCAAGATCACCATCAACACCAGTTC,TTTATAAATCAATAG,0.029167722338178353,1.3449321344817236,19,52,42,54
CGCGCATAGCCATGCTCAAAGACATACC,TCGATAGAATTTACT,0.009314560759847386,0.0,30,51,38,47
TATTCAAGCCCAGTGACACAACCAGAAC,TTAATTGCACTTATG,-0.04025003547013858,0.0,48,51,37,17
GGCACAAGCACAAATCCAGAACCAGAAC,TTTATAAATCAATAG,0.04258018618946142,2.8193018769728724,12,51,44,51
TCCACACTCTCAGGAGCATAGCCACACT,GAGAATGAAGGACAG,-0.08920329522456767,0.0,51,68,11,3
GATACAGGGGCATAGGCAATGCCACCGG,CATTTATGGCTATCT,-0.02430430617293018,0.0,35,69,26,20
TGATCAAGGACACAAGCAACTGCACACG,GTTAAATCAACAGTT,-0.033893708587989506,0.0,35,44,50,15
TAATCAGTCGCAAGAACAAGAACAGCAT,CTTGATCAATCAAAA,-0.028755352593747573,2.102633035950248,32,57,35,16
GTCACATATTCAACATCAGGCACAAGAG,GGTTGCCCAGAAGTA,0.024892577820722437,0.25391805839694825,16,64,22,40
CTTGCATCAGCATTTACACACCCAGTGC,TAGACGGACATCTTC,-0.005408505757841575,0.0,8,51,48,31
GGAACAGCCTCACCCCCAGGCACAAGTC,TCAAATGATGAGGAT,0.01639616949976276,0.0,16,56,30,31
CAGGCACCTCCATGCGCAAAGTCAAGAA,CTATGCATTTACTCA,-0.0043430894699733715,7.752104820176527,25,54,27,26
CCACCAGTCGCACTAGCACGGCCACAGC,CCAGGATGTACCGCC,-0.006957803680192084,0.0,26,44,34,25
GACACAACACCATTTCCAAGGGCAGGCT,CTTGATCAATCAAAA,-0.004231792761122872,0.0,23,56,32,24
AATACAGCGGCAGGAACAGATTCAGGAT,TATGCCCTTCTTCTG,0.02287175709350793,0.0,17,29,47,40
TAGTCATTGTCATGAACATCGTCAAACC,TTTATAAATCAATAG,-0.0021384293864885003,2.420774024761272,27,48,27,30
GGGCCAGGGTCAAGTACAAGACCAGGAG,AGTGTTAATCAGACC,-0.02405273265175074,0.8656004978462875,33,44,22,19
TAGGCATACCCACCCTCATGTGCATCAA,GTTTAGCTTCCGTTG,0.002943857068320605,0.0,17,52,36,22
GCTGCATAAACAACACCACCTCCAGGTT,CTCGCTAATACTCCT,-0.02267796736728238,2.933748742456828,30,41,41,18
CTGCCATGCTCAATGCCAGACACATACT,CTAGTTGTATAGCCA,0.005357609653936516,0.0,23,40,34,32
TGTCCATGGACACTCGCATTTCCAGCAA,TATATTGAACTTTAC,0.020441531399905014,1.0981002481730684,16,44,30,35
ACTCCAGTGACAAAGGCACCAGCAAGCT,GTAATCTGACTCTAG,0.0017876718020575974,0.0,20,46,26,25
GGTACACTTCCAATCCCAAACACACCGG,GTTGGGCGCTTAAAG,-0.020009877111497893,2.480651537230017,40,36,19,26
GTATCAGGCCCAGGGGCATGTCCAACGT,CATCACCGTGCTCAT,-0.0042317927611228755,0.0,23,51,20,24
TTGTCAGGCACAATCACACTGTCAGTCC,ATGAAGTTCATAATG,-0.019813219707258273,0.0,26,52,22,17
GTCGCAGAAGCATCGACACAAACACACC,AATGATACCATTTTT,-0.01010149299590015,0.0,24,42,28,21
TAGGCACAAACAGGATCATTGTCAGGAT,TTTATAAATCAATAG,0.028670200664289217,2.0925951793748254,15,30,31,42
CATCCAGTTGCACAAACACAAACAACAA,CTCGCTAATACTCCT,-0.0003056915725767444,0.0,23,39,21,27
CAGGCATTTTCACTAGCAGCCGCAAAGG,ATGAAGTTCATAATG,-0.010537229048145226,0.0,22,43,26,19
GCGGCAATGTCAGTTCCAATGTCAAGCA,AAAAGAAAAATGTAT,-0.004392435642321149,0.0,26,26,34,27
AGGCCAGTTACAACGTCATCGTCACTAG,CTTGATGGCTGAAAG,-0.018035898456165503,0.0,29,39,25,20
CGAACAGCCACAATCCCAAGTACACATG,GTTGGGCGCTTAAAG,-0.011727831801547892,0.0,24,36,23,20
GTGCCATCGACACAGGCATGAACATAAT,TATATTGAACTTTAC,-0.038758839008758865,6.0916387697186565,27,43,27,10
CGCTCATGGACAAGAACATAATCAAATC,CGTCAAGACCTTCTA,-0.0326814537822937,0.0,27,51,21,12
CCAACATTAACAAGCGCATACGCAGCGA,TTTTGCATTTAGGCG,0.01070850317828509,0.0,22,40,35,8
AGCCCACATTCAACCCCAATGCCATATG,ACAGGGCAGCTCCCG,-0.0376974854802369,0.0,34,33,18,13
TACGCAGAGACAAGTGCATGCGCACATG,TATATTGAACTTTAC,0.017454459443582145,2.8214375947269446,14,24,40,28
TAGACAGTATCAACAGCAAACGCAATGC,GTTTAGCTTCCGTTG,0.008444781785585052,0.0,19,38,20,29
ATTACAGTACCAGTGTCAGGATCAACCG,GTTTAGCTTCCGTTG,-0.014798341431808084,3.2461592007416584,25,38,22,19
GTCGCACAGACACGGCCATTGACAACGA,TCTTGGAGGTGAATG,0.009574833508107764,0.0,19,29,20,30
GCACCACCCACATAGACAGTGTATTGC,CCAGGATGTACCGCC,0.020847215920580187,3.77833600814148,14,26,21,31
GGGCCAGGTACACCCACAGGCGCATACC,ACAACCTACCTGCTA,0.003557999312522588,0.0,22,30,12,29
CTCGCAGTGTCACCGGCATAGACATCAC,AGAAGACGACGATGA,-0.004099779387252973,0.0,21,26,16,22
GGGTCACAGACAGCTCCATTCCCACAGG,CTTGATCAATCAAAA,-0.001199400154265274,0.0,14,41,18,16
CAGTCATGGGCATAGTCATCAACACTTT,TCAAAACGGAGTGTT,-0.0007636641020202332,0.0,19,17,28,22
TTTGCACATGCAAGGCCAGCGACACGTG,GTTTAGCTTCCGTTG,-0.02398532447239177,5.091879567632532,26,26,15,15
CACCCATGATCAACGGCACTTGCATAGG,TTTATAAATCAATAG,0.027457945858593385,0.8216958920379511,10,24,23,27
GGCCCATTCTCAGCTGCACAGCCACGAC,ATTATCATCGCCATC,-0.009487610220373144,0.12347847637011,22,35,8,7
CAAGCACTTCCAGAGTCAACGTCAAGTA,CTTGATGGCTGAAAG,-0.05262410085451667,1.9487571597622377,29,31,13,9
GGATCAGGATCAAAATCAGACGCAAGCA,ACAGGGCAGCTCCCG,-0.05415223337502504,0.07418976134871968,23,30,10,8
ATCACAGGGTCAAGAACACAAGCATGTG,TTTATAAATCAATAG,0.0022291793603916275,1.0899398845948554,15,30,15,19
GTCACAGTCGCAAGTTCAGGGTCAGCAA,GTTTAGCTTCCGTTG,0.005196966772738212,0.0,13,23,22,18
GCTGCAAATTCATATACAGAGGCACGGA,GTTAAATCAACAGTT,,0.0,34,7,0,0
TGGTCATCATCACAGCCACAAGCAGCAT,GTTGGGCGCTTAAAG,-0.007671267302297211,0.0,17,30,13,16
GTCTCAGGATCAAGCGCAGCGACATTGG,ATATTGAGTAAGTAC,-0.0014783418099492058,0.0,15,26,19,17
TGCCCAGAGCCACTCGCAGACGCAGCTT,AAAAGAAAAATGTAT,0.025493194670811754,1.6607258390392303,11,19,17,28
AGAGCAAGTACAACGTCAATCGCACGAT,CTTGATGGCTGAAAG,-0.012506777228269848,0.0025604969690675716,15,31,15,8
CCAGCATGACCAGACTCAGGTACAAATC,GTTCAGCTTTGATCG,-0.04281356740678557,0.0,22,31,12,6
GAGACAGAGCCACCAGCATAGACATATC,CTTGCAAGTGTAATT,-0.005982048758401414,0.0,17,31,6,16
GACACAGAGTCACCCACAATGCCAAATA,CTATGCATTTACTCA,-0.05922223909711158,0.0,28,19,11,7
TAGCCAAAGTCAGGTTCAGTTGCAGGGC,ACAACCTACCTGCTA,-0.010420474696438505,0.3276925939223361,15,19,17,13
CTCCCATTTCCAGTCACACCGACACAGA,TCTTGGAGGTGAATG,0.0638485754041626,4.89255771865561,8,14,12,34
TTAGCATAGGCATAATCAGCTTCAGTCG,TTTATAAATCAATAG,0.01076543626151046,0.0,11,23,16,18
TGAGCAACAGCAGTAACACAAACACTCC,CTTGATCAATCAAAA,0.012567676970519625,0.8355551217035782,11,23,11,19
TCGCCATGACCAGAGTCATTGGCAACAG,TAACCTCGCGCTGAG,-0.018395929011089045,0.07766990271767327,18,21,16,4
GTAGCACCCACAGAGACAAAAACAACTA,CCAGGATGTACCGCC,-0.026890880850858934,4.8845921014948885,20,22,15,3
AGGTCAAAATCAGGAACAACATCAACCA,ATGAAGTTCATAATG,-0.016866187795789828,0.0,14,22,13,10
GATACAACGACAGTTGCAGCTTCAGTGC,CTCTTGAGAATACTT,-0.04413986746784464,0.0,16,18,5,5
ATAACAGGGTCACATACACGAGCAATCC,TCAACAACCTATGCA,0.012458572643663535,0.0,10,9,20,20
TCACCATGCACACATGCAACGCCAACGA,TATATTGAACTTTAC,0.015744682963997086,1.0711360319770051,10,13,12,19
TACGCAAACTCAATGCCAATATCACTAG,CTAAGCAGTCTTCTC,-0.03165638984107512,0.0,22,10,15,2
TTAACAAAAGCACCTACACAGACATGGT,AGTGTATGATAATAT,-0.06704073454450553,4.236762460639682,19,17,9,6
AGGCCAGGTCCAACGACACGCACAAAGA,GCTAATTTCAAGAAT,,0.0,7,25,9,7
AAACCAAGGCCAACTGCAATCGCAAACC,GTAATCTGACTCTAG,0.01645218456329569,1.0835631320553034,6,17,15,16
GATACAACCACAGAAGCAGTTACAAGAG,AGTGTATGATAATAT,0.03578363299388654,0.19359605243869282,7,20,21,2
ACATCAGTTGCACGGTCACGCACAAGGG,AGTGTATGATAATAT,-0.03873314534081698,2.337114550539752,16,19,7,8
TAGGCAAAGTCAGTACCATCCACAGAGC,ACAGGGCAGCTCCCG,0.012672460897547831,1.4940695657692515,9,18,15,7
AGCCCACCATCAGGCGCACAGGCAATTA,CTCGCTAATACTCCT,-0.005650446575082758,0.40048393331233,12,15,10,12
GTGACAGGGCCAGGTCCATGAGCAAGGG,ATTATCATCGCCATC,-0.06704073454450553,0.0,19,17,7,4
GGTACAGACACAAACCCATTATCACGCA,ACCACCGGTCCTGCC,-0.012506777228269848,1.8794977536439035,10,22,10,6
GCGGCATGTTCAACAACAGAGGCACAAT,CTCTTGAGAATACTT,,0.0,23,8,5,0
GAGGCACCGTCAAGCCCAAGCACAAAAA,CTCTTGAGAATACTT,-0.11297265688024427,0.0,23,13,5,1
ACACCAGCGACACGGTCAAAGACACACT,AGTGTATGATAATAT,-0.049464318919725914,1.2767296912955999,15,16,7,9
TCAGCAATTACAGGGCCAATTTCAGCAG,CTTGATGGCTGAAAG,-0.023749754059863813,0.0,8,19,11,7
CCTACATTCCCACTGGCATGGACAAAAG,AGTGTATGATAATAT,-0.021809432536449947,0.10023734974947729,13,14,9,11
AAGGCACGATCATACACAATAGCAATGA,AGTGTTAATCAGACC,,0.0,25,9,2,1
CCTGCATATTCAAATGCACGGGCACGTT,GTTTAGCTTCCGTTG,,0.0,5,18,7,2
GACTCATTGGCAGCCGCAATCTCATCAG,TATGCCCTTCTTCTG,0.03721986699146365,3.6529396287427573,1,14,6,21
TCACCAGTGTCAAATGCACGGACACAGC,AGTGTTAATCAGACC,,0.0,21,8,3,1
TTCGCATTTGCAAAAGCAAAGGCACCTA,ACAAGTTTTACAGTT,-0.055918171033483025,0.0,12,12,9,4
TCAACATAAACAAGGGCATCTGCATACG,CTTTCTTGTGTATTT,,0.0,19,7,2,0
TCTTCACCGACATTGACACAATCAGTAA,GAACTCAGGTTCCAT,-0.00891780810890954,0.0,10,16,7,1
GCAACAGGAGCAGTTTCATTCCCAAAGC,ATAGAGCGGCGTTGA,0.0442577558393956,0.0,1,14,16,5
GTGACACAAGCAAATGCAATGTCAGGGA,CTTGATCAATCAAAA,0.0006514175159193503,0.0,6,5,14,13
AGATCATCGGCAAGATCACAAACATTGA,TAACCTCGCGCTGAG,-0.06392244180083666,0.0,13,12,5,2
TGCTCATTAACAGCGTCACAGCCAAAAC,CCAAGACCGTGTAAA,-0.0048356086568839725,0.0,12,20,1,3
TTAACAGTAACATTAGCACCCCCAGGAA,CTTGATGGCTGAAAG,0.006788410895254504,0.0,6,14,11,3
TACGCACCTACAAAAGCAATGACAGCAG,TGGAGTCTTTGTTGA,,0.0,7,19,6,2
GGGGCAATGCCAAAGCCACTCACAACGG,CTTTCTTGTGTATTT,-0.055918171033483025,0.0,10,10,2,0
TATCCAGCGTCAAGAACAAAGTCAGGCT,CTATGCATTTACTCA,-0.055918171033483025,0.0,13,13,5,0
CTTCCAAACCCAAGCACAACTCCAGATG,AGTGTTAATCAGACC,,0.0,14,9,4,0
TACGCAGCTGCAGCATCAATCGCATGTG,CAATTTCAACGTTGT,,0.0,6,11,9,2
GCAACAAGGACAATGTCACTACCAGTTT,TCAAAGCATGAAAAA,,0.0,9,10,8,0
AGGCCATCAACAAGCACAAGGACAATAT,GCTAATTTCAAGAAT,,0.0,5,19,6,1
GCCTCAGGAACAAGAACAGGTACATGAG,GAGAATGAAGGACAG,,0.0,9,6,0,0
CGACCAGACACACTTGCAGTGCCAAACA,AGATTCATCCCATGG,,0.0,8,10,1,3
GAGCCAAAGACAGGATCATCAACATCGG,ATTATCATCGCCATC,-0.08956539469560423,0.0,14,10,3,2
TAAACAATGCCAAGGTCAAATCCACAGA,CGATGATGATGATGA,,0.0,4,8,8,4
ACAGCAAGAACACTTTCAGGTACACAGC,CTAAGCAGTCTTCTC,-0.037686015354087526,0.0,10,12,1,3
ATGCCAGAAACAAACACAGGTACACAGG,CTACTTACAACGGAA,,0.0,7,5,6,1
TGTTCAACTCCAGGTGCATGGTCATCGG,CCAAGACCGTGTAAA,,0.0,4,7,9,0
AGAACAGGTACAGGTCCAAGTGCAAAAA,CTACTTACAACGGAA,,0.0,0,12,7,5
TTGCCATGACCACCAACACGCTCATTGC,TACACCAATTACACT,,0.0,2,1,21,1
TAGCCAGTTCCACAGCCATGTCCAGCGC,CTAAGCAGTCTTCTC,,0.0,9,2,4,0
ACCGCACGGCCACTCGCAAATTCAGTAC,TCGAAAGCACAGTAG,,0.0,6,5,2,3
CCACCAGATGCACGGTCACTTTCAACAT,TGGAGTCTTTGTTGA,,0.0,11,5,0,1
GTAGCAGGGACAGGTTCAAAGACACCGA,CTCTTGAGAATACTT,,0.0,10,1,0,0
CTGGCAACGCCAGCTTCAGTGTCAATAC,GTAATCTGACTCTAG,,0.0,5,4,1,11
AACCCAACGACAAAACCATCGTCACAAT,AGTGTTAATCAGACC,,0.0,4,8,0,0
AGTGCACAAGCATACTCAAGTCCAACTA,GTTAAATCAACAGTT,,0.0,3,3,0,0
GAAACAAATGCAGGTCCAGCTACAGCCT,ATGAAGTTCATAATG,,0.0,7,10,2,0
GTACCACGGACACAGACAAACTCATCAG,AGTGTATGATAATAT,,0.0,1,11,3,4
GTGCCAGATACAACCACAGCCTCAATAT,GTGTGATTACTAAAT,,0.0,5,6,5,3
AGATCAAATGCATTGGCATGCTCACCAA,CTCTTGAGAATACTT,,0.0,4,7,5,1
TTAGCACTCACAATCTCAGTACCAGGTG,CTATGCATTTACTCA,,0.0,6,7,3,3
GACTCAAACACAACGGCAGAAACACAAT,GTTTGTTTTGGGAAA,,0.0,3,9,0,1
GCATCACGAACATCGGCAAATACAGTGA,GCTAATTTCAAGAAT,,0.0,3,4,7,4
GCCCCAGACGCAGACGCACTAGCACGTA,CGAACAGAAACACAA,,0.0,6,4,3,0
GTTGCATCCCCACAGCCAGAAACATTAT,TTTTGCATTTAGGCG,,0.0,6,6,1,1
CTGTCAATTACAGACGCAAGCGCATTCG,TCAAATGATGAGGAT,,0.0,2,5,4,6
TCGCCAGCCTCACAGACATAGGCAAAGT,GTTTGTTTTGGGAAA,,0.0,9,1,0,0
GTTTCAGTTTCAGAACCAAACACACACC,CTCTTGAGAATACTT,,0.0,8,2,0,0
GTCGCAGGGTCAGTCCCATCGACATCCA,CTAAGCAGTCTTCTC,,0.0,4,7,3,1
GACCCAAGATCAGGAGCATCTTCACAGC,GAGAATGAAGGACAG,,0.0,2,5,1,0
GGGTCATTGGCACTCGCAGTACCAGCGA,CTAAGCAGTCTTCTC,,0.0,6,4,2,0
GGTTCAATGACAGTGTCATGTACAATAC,GTAATCTGACTCTAG,,0.0,2,0,9,2
AGATCATTTCCAATCGCACAAACAGACA,CAAGTTCGGCGAAAT,,0.0,4,0,2,3
TCACCACCGACATTCGCATGGGCACTAA,CTTTCTTGTGTATTT,,0.0,4,6,1,0
AGTTCAGAGTCAGCGGCAGCAACAATAG,CAAGGATCCCCGTAG,,0.0,8,3,0,0
GAAGCAAGATCAATCACAAGCTCAATAA,CGTCAAGACCTTCTA,,0.0,5,7,0,0
TAAACATCCGCAGTATCAGAATCAGTAG,TCAAAGCATGAAAAA,,0.0,6,4,0,0
TGTGCATCACCAAGTGCAGTTGCAGCTC,CAATCTTGAATTGAT,,0.0,5,6,0,0
AAGCCATGATCATGTCCATGTACAGAAG,ATCGTTGGCATTTGG,,0.0,3,0,0,0
GCTACAGCCTCACATCCATTCGCAAGCA,ACAGTTGACGGACAG,,0.0,3,1,5,0
GCGGCACAGCCATGGGCAAAGACACAGT,GTTAAATCAACAGTT,,0.0,1,3,0,0
TGGACAGTTGCACAAGCAAGGGCAGCGG,CTCTTGAGAATACTT,,0.0,2,0,0,0
GACGCATGAGCACGTTCATTACCACTTC,ACAGGGCAGCTCCCG,,0.0,0,3,3,2
GTAGCAACAACAGGGACATTACCATAAT,CAAGGATCCCCGTAG,,0.0,5,3,0,0
TTTACACGTCCACTGGCACTAGCAGGTC,ATCGTTGGCATTTGG,,0.0,5,1,1,0
TCCCCATGTGCACTCGCAACTTCACCTA,GTTTGTTTTGGGAAA,,0.0,1,3,0,0
CTTTCAAGGTCAATAACAGGGGCAACGT,ATCGTTGGCATTTGG,,0.0,0,3,0,0
CATACAGCCACAATCGCAAAGACAAGGC,CGCGATCAATCCTCT,,0.0,4,3,0,0
TAAACACCGGCATTGTCAAAAGCAACCG,TGGAGTCTTTGTTGA,,0.0,2,1,3,1
GCCACATCTCCATTTGCAGTAGCACTTT,GTTGGGCGCTTAAAG,,0.0,0,0,7,0
TCATCATACACATGAACACGCACAGCAG,CTACTTACAACGGAA,,0.0,2,2,1,2
CTGCCAGATCCAGAGCCACTTCCATTAC,CTATGCATTTACTCA,,0.0,3,3,2,0
GCAACACGGACACGTGCAATACCAAATC,CTCTTGAGAATACTT,,0.0,1,0,0,0
TTGGCAACCGCACTGCCAGGTGCAAGTG,GTTTAGCTTCCGTTG,,0.0,5,1,0,0
GCCCCAGATCCAGAACCACATACACGGG,CATATGCATTCCTTG,,0.0,3,2,1,0
AGTTCATCCGCAGGGGCAAACACAGATC,CTAGTTGTATAGCCA,,0.0,3,4,0,0
CAAGCAATAGCAAAGGCATGTACAAAGA,AGTGTTAATCAGACC,,0.0,3,0,0,0
CCCACACGGGCAGAAGCATGCTCATGTG,CTCGCTAATACTCCT,,0.0,2,0,2,2
GCAACACATACATAAGCAACACCATTAG,GAGAATGAAGGACAG,,0.0,1,0,3,0
AGATCATGCTCAAAATCACGTCCAGGCC,ATTATCATCGCCATC,,0.0,2,0,1,1
GGTGCAATTGCAAGTCCACATTCAAGAT,CTCTTGAGAATACTT,,0.0,1,0,0,0
TTTACAATGCAAAAGCAGAATCACCAA,ATCGTTGGCATTTGG,,0.0,2,0,0,0
ACCGCAGCTACATTCTCAGAATCAGATG,AGTGTTAATCAGACC,,0.0,3,0,0,0
GTTGCATCGTCAACAACACTCCCAAACG,TCATAGGTATCTCGC,,0.0,1,0,0,0
ATTCCATTGACAAAAGCATGCACAGCGA,CTAGTTGTATAGCCA,,0.0,1,0,0,0
CATACAGGGGCATTGGCATAGGCAGATT,TCATAGGTATCTCGC,,0.0,2,0,0,0
ATTACATCGACACAGACAGCCTCATCCT,TCGAAAGCACAGTAG,,0.0,0,3,0,0
ACATCAAACCCAGCGGCACCTGCAAGTA,TCATAGGTATCTCGC,,0.0,0,1,0,0
GTCCCATGTACACAGGCAAGCTCAGTAG,TATATTGAACTTTAC,,0.0,1,0,0,0
TATGCACTTCCATAAGCATACTCAGGCA,CATCAATGAGGCAGT,,0.0,1,0,0,0
AGGCCATTTTCATAAGCATTGCCAGATG,TTAATTAGAGGTATG,,0.0,0,1,0,0
TCTACATTCACAAGGGCATCATCAGGCA,CATCAATGAGGCAGT,,0.0,2,0,0,0
GCAACAGCCGCAAAGACACATGCACAGC,CTAAGCAGTCTTCTC,,0.0,1,0,0,0
CTGTCATTCGCAGCAACACACGCAGAGC,TCATAGGTATCTCGC,,0.0,1,0,0,0
ATCACAGGTACATCGCCAAGGGCAGCAA,AGTGTTAATCAGACC,,0.0,0,1,0,0
GATTCACTCTCAGTTCCACTAACAAGAT,GCCCTCGAAACCTAT,,0.0,0,1,0,0
GCGGCATTGACACGCACAAGCTCAGTGA,AGTTTATAAAAAATT,,0.0,0,0,1,0
TCCCCACCTGCAAGGGCATAACCAGTAT,CTAAGCAGTCTTCTC,,0.0,0,0,1,0
GCAACATCAACACGCACATGGACATTGC,ACAGTTGACGGACAG,,0.0,0,0,1,0
GACGCAAGAACAGGTTCAGCAACATCGG,GCTGCGGAGCCTCAG,,0.0,0,0,1,0
TAAGCACGTTCAAAACCAACTGCATTGT,CTAAGCAGTCTTCTC,,0.0,0,0,0,1
