BC,Edge,s,LL.ratio,TP1-1-T1,TP1-1-T2,TP1-1-T3,TP1-1-T4
GACACATCCGCAGCGGCATTCACACAGC,TTATATTTATTTGCT,0.04397668697065272,0.0,1667,5417,7124,11243
AGGCCAAACCCACCTCCAAATTCACTGT,TTATATTTATTTGCT,0.04686608117333265,0.0,1512,5345,7265,11121
TTAACACCAGCAAAGACACCAACACTGA,TTATATTTATTTGCT,0.043576259890386944,0.0,1333,4393,5815,8883
GTTTCAATGGCATGTTCAGAGGCATGAC,GTCACCGGCACTAAC,0.04734077964064909,0.0,1042,3955,5007,7774
TTTGCACGACCATCCCCAAATCCATTAA,CGAATGCCATACAAA,0.03849225489019729,0.0,1313,3747,4908,7512
GCGACATACTCAACGCCAAAGTCAAATC,GTCACCGGCACTAAC,0.04124451130691211,0.0,599,2021,2439,3722
CGCTCAGCCTCAAATGCACCCTCATGCG,CGAATGCCATACAAA,0.04306324988878488,0.0,523,1776,2337,3432
TTAGCAAAGCCACTCGCAGCGGCAGATA,TTATATTTATTTGCT,0.034815957004162575,0.0,525,1446,1833,2690
GTAACAGACTCATCCGCAGCTCCAGAAT,TTATATTTATTTGCT,0.04073865538789576,0.0,383,1404,1603,2344
TGTGCAAGGCCAGTAGCAAAGCCATACT,TCTTGGAGGTGAATG,-0.0008134274500415373,0.0,765,1626,1298,1346
AGTGCACGGTCACGAACAAATGCAGCTA,TTTTGCATTTAGGCG,-0.0007774099567172977,0.0,725,1509,1286,1277
TCGGCAGCGGCATACCCATTAGCAGAAG,TCAAATGATGAGGAT,-0.007370256434249769,0.0,786,1407,1152,1136
CAGCACACTGTCAAGCGCTACATCAA,CGAATGCCATACAAA,0.042924501792026636,0.0,301,932,1280,1967
AGAGCACATACATCATCATGGGCAGGGG,AGAACATCATCTACA,-0.008206840636006548,0.0,718,1469,1104,1012
CGCACAGAGACATACGCAAACGCAAGTG,ACAGTTGACGGACAG,-0.00017176933335057558,0.0,664,1244,1152,1191
CCCGCATAGACATACCCACATACAATAG,CTCGCTAATACTCCT,0.0010050635505683009,0.0,578,1259,971,1074
GGGACAGATACATGGACAGTTGCAGCAC,TATATTGAACTTTAC,0.015410306762995865,14.936817594223612,393,1206,1033,1125
CTAGCAGGAGCATAATCAAAGGCATGAT,CTCGCTAATACTCCT,0.0054351583323501386,0.0,499,1069,1042,1059
TCGACATACCCACACACACTAACACGCG,TCTTGGAGGTGAATG,-0.0014330238741971854,0.0,458,982,831,791
TGTGCATAAGCAGTGACAAAGCCAGAAT,CCAACACAGGCTTCG,0.010051780800349372,0.0,400,868,806,975
GGCGCAAGATCATTAGCAAAGACAAAGG,AGAAGACGACGATGA,0.0009399162021629456,6.764569854255569,433,922,830,803
ATCACACCCACAGAGTCAAAGCCAGTTA,CAATCTTGAATTGAT,0.015050455906734919,0.0,339,791,865,960
AACCCAGGGTCAGGATCAAGTTCATCAT,GGTTGCCCAGAAGTA,0.010318250803243808,0.0,361,904,811,887
TCTCCACGCGCACGGGCAGCTTCACGGC,TTTTGCATTTAGGCG,0.00690392507836964,0.0,381,940,731,845
GGTACAATAACACAAGCACCGGCATTTC,CCAGGATGTACCGCC,0.01214675172403439,25.954529422582254,319,873,732,828
AACGCACGGTCAACCACATTAACAGCAC,TCAACAACCTATGCA,0.0069279138145578395,0.0,360,733,737,799
AAGTCACCCTCAATACCACGACCAATCC,TCAAAGCATGAAAAA,0.0010469006366978565,0.0,387,823,691,720
AGTTCAAATACAGGAGCAACTGCAAATG,TCAAATGATGAGGAT,-0.0005308436257294609,0.0,368,729,699,653
GCTTCAGACTCAATCGCAAAGTCAGCAG,CTCGCTAATACTCCT,0.0019758639369909102,0.0,345,768,643,660
ACGTCATCCTCAAATGCACTGGCAAACG,ACAGTTGACGGACAG,-0.005832857392948653,0.0,370,762,662,560
GCGCCAATATCACGTACAAGGCCAACAG,AAAAGAAAAATGTAT,-0.00013992536795965878,0.0,347,791,614,623
CCTGCATACTCATAAACAGTGGCATTTT,AGAAGACGACGATGA,-0.0044541313490292405,0.0,381,766,629,601
CGCACATCATCACAACCAGCAGCATGTT,TCTTGGAGGTGAATG,0.004939314775046513,0.0,319,756,598,667
GGAACATTGCCACTTACACGTCCAAACG,TTTTGCATTTAGGCG,0.009437365923180932,0.0,285,812,544,682
AGGTCAACTACAGAGTCATTACCATCCG,AGTGTATGATAATAT,-0.020031788437489012,0.0,436,752,561,431
GAAACAGCAGCAGTAACACGGCCAACAT,CTCGCTAATACTCCT,0.015742941061775834,7.712069110732045,230,697,612,665
GAGACATGTGCAGGCACATAACCACTAA,CCAACACAGGCTTCG,0.0014622430918960795,0.0,327,667,578,616
CTGGCACATGCAGCAACAGGAACATTAC,CATTGTCGGACGCTT,0.008068508185619253,8.301034788150275,273,700,579,627
CATTCAATGTCACAGGCAAGTACAGGTG,TTAGTCTTTCCATCA,-0.0005233815294163636,0.0,342,621,601,607
TCGTCAAGAGCAGTAGCAGTCGCAGTTC,CAATCTTGAATTGAT,0.01781347360450741,0.0,235,614,601,723
GTGACAGGGACAGGAACAGATCCAGTAC,ACAGTTGACGGACAG,0.008934357732394609,0.0,266,694,536,627
GCCCCACTACCAAATGCACACACAACCT,TAGACGGACATCTTC,0.027039003380911128,5.539509016438842,191,548,600,775
TGGACATATTCAGCTGCAGCTCCAATAA,GGTTGCCCAGAAGTA,0.001149862970374678,0.0,299,635,579,558
ATAACACCGACAGCCTCAACTACATGCT,TCAAATGATGAGGAT,-0.0076853716319902786,0.0,366,641,534,524
TGGACAACCACAGGGTCAAGCTCAATAG,TCGATAGAATTTACT,-0.00017849045816635718,0.0,329,592,528,590
GACGCAGTGCCATAACCAGGGGCACATG,ACAACCTACCTGCTA,0.0031203183504992173,0.0,298,638,505,590
CTGACAACTTCATCCCCAGCGACATGAG,CCAACACAGGCTTCG,0.011506811710386373,0.0,227,563,585,578
GGCCCAACCTCAGCAGCATTTTCAGGCT,TCAAATGATGAGGAT,-0.004601022635862684,0.0,305,598,554,479
CCCGCAATGGCAGGGTCACCCGCAGAA,CTCGCTAATACTCCT,0.005714089781730418,0.0,257,654,454,550
CAAACAGACACACCAGCATTGTCAAAAC,CAATCTTGAATTGAT,0.01631300538308486,0.0,187,532,588,550
CCCCCAGTCACATCGCCAAGTCCACTAA,TCTTGGAGGTGAATG,0.002864101868235144,0.0,255,612,464,501
ATTCCATGGTCAACAGCAATGTCAAGTA,ACAACCTACCTGCTA,-0.0004899964180815758,0.0,291,603,414,517
AGCGCAACTCCAATATCAATGCCAAGCA,TCAAATGATGAGGAT,-0.004234875316644674,0.0,296,571,462,470
ACGGCACGGCCAACGTCAAGGCCAACAG,CCAACACAGGCTTCG,-0.00023946663711302044,0.0,281,523,497,503
TATTCACTGCCAGCCGCAGCATCAAACT,TGATCATCACGGGAC,-0.014380508357871176,0.0,333,626,445,390
GGTACAAATGCATGAACACGCGCATACA,TCAAAACGGAGTGTT,0.0033172382714739437,0.0,238,565,504,474
TAGTCAAGCGCAGGTACAACTTCAACTA,GGTTGCCCAGAAGTA,-0.002667448964099605,0.0,280,620,422,466
CTAGCAGTAGCAGTCGCAACAGCATGCG,TATATTGAACTTTAC,0.0025370837882529255,0.0,257,536,500,500
GGATCACATTCAGTGCCAATTCCATGTC,ACAACCTACCTGCTA,0.003261702406385887,0.0,256,500,464,509
TCTACAGAGACAATTACACTGACAGGAA,GGTTGCCCAGAAGTA,0.007399447261158561,0.0,235,488,528,529
AACACAAAGTCACCCCCATTGTCACAAA,GTACAAGAAATTTTG,0.00964444375585686,0.0,228,490,506,549
CCTGCACTTCCAGGTACAGAATCAAAGA,CTCGCTAATACTCCT,0.0023323066918535438,0.0,241,572,491,466
AGCACAAGCTCACGAGCAGTTCCAGACT,CAATCTTGAATTGAT,0.021675712901621045,0.0,165,490,556,570
AGCACACCGGCAGCATCATTGACAAGTG,GGTTGCCCAGAAGTA,0.012083590397341243,0.0,215,543,459,557
TGATCACTCTCATGTCCTCTCACTGG,TTTATAAATCAATAG,0.013497725948810548,0.0,202,486,530,546
GTAACACCCACAACGACATTGACATGCA,CTCGCTAATACTCCT,0.0064808080717124435,0.0,237,527,475,519
GGTGCACTTGCATTGACAATGACACGGA,TTTTGCATTTAGGCG,0.010265819936782735,0.0,203,543,475,498
CATGCACGGCCAGGGCCAGCCGCAAGTT,AGAAGACGACGATGA,-0.010114845659091968,0.0,293,568,438,390
CCTGCATTATCATCGGCAGTTACAGGCG,ACAGTTGACGGACAG,0.010895707733159052,0.0,222,485,425,555
GTGCCATCTCCAGTTCCAATCCCATCTC,TCTTGGAGGTGAATG,-0.003661547320583242,0.0,299,492,423,483
TGCACACGCGCATAATCAAGATCAGCAA,CTATCAAGGCTTAAT,-0.02066733134427003,0.0,365,553,396,354
CTCGCAGATTCATTGCCAATACCATCTC,TTTATAAATCAATAG,0.004042399677715706,0.0,226,549,438,460
CTGCCAAAGGCACTCACATGCCCACTCG,TCAAAGCATGAAAAA,-0.02617445789059376,29.08082417442438,388,542,362,319
AGCCCATTACCAGCCTCAATGCCAGTCA,CTCGCTAATACTCCT,0.001878940354723439,0.0,227,573,421,433
GAGACAATGGCAACTCCAACGACAAAGT,ACAGTTGACGGACAG,-0.00021210031175554941,0.0,259,554,362,464
GTGACAGCATCACCGTCAACAACACGCC,TAGACGGACATCTTC,0.014622087932762927,0.0,186,432,465,520
CGCTCAGAGTCAAGTCCAATTCCACAAG,GGTGGAAGTAGCAGT,-0.021602274232029706,0.0,316,565,368,298
GACGCAGAGACAAGAGCACGCGCATTTT,AGAACATCATCTACA,-0.009935589951288026,0.0,272,567,352,364
GGTGCAAGGACATATACAGCGGCAAAGT,AGTGTATGATAATAT,-0.014320394124566161,0.0,277,551,323,325
GGGCCACGAGCAGGCACATTACCAAGGG,TTTTGCATTTAGGCG,0.00703522336370203,0.0,203,482,419,452
ACCACACTAACAGGGCCAACTACATTCG,TCAAAACGGAGTGTT,0.009145106590377476,0.0,172,507,425,408
CAATCAGAAACACGAGCACGCTCATGGC,TCAAATGATGAGGAT,-0.004899639917924948,0.0,239,492,382,372
TCGTCACTCGCATATACATCACCACCAC,TAGACGGACATCTTC,0.005122620369531846,4.474192733607197,205,417,390,431
GCTGCATAGCCAAGCGCACCCACATACC,GTCACCGGCACTAAC,0.01834180918621667,32.16155514577167,167,371,460,522
TCAGCACTAACACAAACATCCGCATGGC,ATGAAGTTCATAATG,-0.020927287760463997,0.0,292,504,362,281
CCGGCAGGCACAAATACAAGTACAACGA,GTTCAGCTTTGATCG,-0.04038974469508908,0.0,354,505,341,190
CCGCCAAGTACATATGCAACGACAGGCT,GGTTGCCCAGAAGTA,0.00997868607042521,0.0,199,406,386,484
GGTGCAGGACCAACACCAAAGCCAACCGT,CAATCTTGAATTGAT,0.01585017976016836,0.0,161,435,408,467
AAGTCACTATCATAAGCAAACCCAACGA,TAACCTCGCGCTGAG,-0.0020894462021039096,0.0,212,491,352,359
TTTGCACACACATATACAAGATCAAACC,TATATTGAACTTTAC,0.0016464443239077476,0.0,208,436,343,394
TCGACAGGGACAGACACACTTCCAATGT,CCAGGATGTACCGCC,-0.008169106894242172,0.0,253,455,320,357
ATCTCACCAACAAAGGCATCGTCATGGG,TCAAAACGGAGTGTT,0.0018657749794887355,0.0,193,450,361,368
AGCCCAGTTACATTAACACAGGCAATGG,GGTTGCCCAGAAGTA,-0.00195970829390711,0.0,210,466,317,357
ACGCCAATGCCACTTGCAACGCCAGATT,ACAAGTTTTACAGTT,-0.0075635259655606165,0.0,222,495,323,319
CCCGCAGGGTCAATTCCAGAGACATGAA,TCAACAACCTATGCA,0.0062944563436881625,0.0,197,382,354,429
AGGTCATGTACAGATCCACCTGCACAGC,ACAACCTACCTGCTA,-0.012236872287372129,8.270929898338636,241,434,361,301
ATTGCATTGCCAGAAGCATGTGCATTCT,ACAGTTGACGGACAG,-0.0013480703383005558,0.0,216,406,347,374
CACACATTAACAGCATCAACATCAATCC,AGTGTATGATAATAT,-0.014976804605616975,0.0,246,436,338,283
ATAGCACAATCAGAAGCACTTCCATCCA,TCAAAGCATGAAAAA,0.0007821105745842165,0.0,188,441,330,347
ATGGCATAGGCAGCCTCACGGCCATAGG,AGAACATCATCTACA,-0.004519043695197785,0.0,195,398,346,307
AGATCAGAGGCAAAGTCAGGGTCAATTT,CCAGGATGTACCGCC,-0.013902883365631169,0.0,218,405,371,259
TCTGCACGTCCAATCCCAAGATCAAAGG,TCGATAGAATTTACT,0.0024404045584870346,0.0,183,367,353,355
TCCACAAGGCCATATGCACAGTCAACGA,CATCACCGTGCTCAT,0.03305992816374884,0.0,115,263,320,559
CACACAAATTCAGAGACACGCTCATGAA,CGATGATGATGATGA,0.007603713345609897,0.0,151,400,324,342
GGCACATGGGCAGACACACACACACCGA,TCAAAGCATGAAAAA,-0.013773095611764171,0.0,192,452,319,229
ATCCCAGGTGCACAAACACAGTCAAGTA,CTCGCTAATACTCCT,0.017817019892433863,11.921299078609081,130,343,349,400
GTACCACGTCCACAGACAACCACAATCG,TCAAAGCATGAAAAA,-0.010411899875168787,0.0,213,398,286,281
TGTTCAACGCCAAATGCAGACTCACGGA,AAAAGCGACATTTCT,-0.013100440106789672,0.0,235,373,306,286
TGGACAAGTTCAGAGTCAGATTCAAGAA,AGTGTTAATCAGACC,0.006597163191342077,12.673246827164121,162,337,327,356
CTGACAAAGTCATGCGCATGTTCAGAAG,TATGCCCTTCTTCTG,-0.008477839617767291,0.0,206,400,258,288
ACGACACATGCACGTTCAGTAACACGAG,TATATTGAACTTTAC,-0.014988585250140839,14.320968665554119,220,421,280,253
AAGTCACTGTCAGCAGCAATCCCAGAAA,ACAGTTGACGGACAG,0.00178811920943834,0.0,174,363,280,331
AAAGCATTAACACAGACATGCTCAAAAA,CTACTTACAACGGAA,-0.008059132088668175,0.0,178,367,346,252
CACGCAAACCCAATTGCACGTGCACACT,CTCTTGAGAATACTT,-0.046025290220618076,0.0,278,436,234,126
CATGCATGAACAGTTCCACAGCCACGAA,GTTGGGCGCTTAAAG,0.005786578688034924,0.0,152,360,293,326
GGGACAGTCCCATGCCCAAGTTCACGCA,TCAAAACGGAGTGTT,0.0035677822938353643,0.0,151,354,279,303
AACACAAGTCCAGGACCATAGTCAATCC,CTCGCTAATACTCCT,0.010801678521770991,0.0,142,293,308,354
ACTTCACCGCCAGGCGCAAAGACAAAAC,TTATATTTATTTGCT,0.03271289998047602,1.0471189281524858,95,218,286,457
GTGTCACCGCCAGCTTCAACCTCACCAT,AAAAGAAAAATGTAT,0.0028421872613608734,0.0,164,318,263,322
CGCTCATGGGCAGTTGCAGCTGCAGACA,TCAAAACGGAGTGTT,-0.006011258376701029,0.0,184,348,246,277
GTGACAGCCACAGACACAACGTCATAAC,AGTGTATGATAATAT,-0.014078847173873933,0.0,187,373,256,221
GACGCAGGTGCATAAGCAGTTACATACC,ATGGCGATGGTCTTG,-0.015259143570749095,2.1279534931300077,199,317,295,227
TGCCCAAGAGCATTACCACGCGCAACGC,AGTGTATGATAATAT,-0.021325779534166617,0.0,224,337,256,213
CCTGCATGAGCAAAGACAAGCACACGAC,TAACCTCGCGCTGAG,0.007516651763272569,12.427861624026946,139,275,291,314
TAGTCATGAGCATAGGCAGTAGCAGGGC,AGAAGACGACGATGA,-0.009697550377446231,0.0,161,380,253,217
GCCCCACACCCAGGAACATTGGCAACGT,GAACTCAGGTTCCAT,-0.025384562883303225,0.0,234,302,224,197
CTGGCAGTGCCACGTACAAACTCAGCGC,CAATCTTGAATTGAT,0.013046991771078056,0.0,123,276,263,328
AGCACATCACCATCTCCAGGGGCACACA,TCGATAGAATTTACT,0.013806872707490868,1.3405550105653674,103,337,273,281
GTTGCATTACCAACAACACAAGCACAGA,GTTGGGCGCTTAAAG,0.009242476361846653,0.0,124,270,280,295
GCCACAGGCGCAACTGCAGGGACACAAA,CCAACACAGGCTTCG,0.013350484004175378,0.0,123,255,254,331
GTACCAATTACAAATACAGAAACAATGG,CTCGCTAATACTCCT,0.005937532357814017,0.0,123,338,237,265
TCCTCAGGAACACAAGCAAACTCATATG,TCTTGGAGGTGAATG,-0.008888203587211083,0.0,168,308,248,232
AGAACACGTGCATTAGCAATGCCAGTGC,CTCGCTAATACTCCT,0.016081177987305895,4.231030935962735,101,295,253,295
GGGGCAACATCAGGTTCAATGGCAGGAG,AGAACATCATCTACA,-0.006276426445660584,0.0,154,282,253,230
GAGGCAACGGCAAGTGCAGTTACATCAA,ACAGTTGACGGACAG,0.00012147407078598402,0.0,126,283,264,228
ATATCAGTGCCACACGCAAGGTCAAAGA,CAATCTTGAATTGAT,0.022000522617443636,0.0,86,261,256,300
TCGTCAGGATCAAAGCCAGCTCCAAGAA,TCAAATGATGAGGAT,0.012345211464483677,10.727887040539827,108,264,236,282
GCAACAAATTCAGGGACATTATCAAGGG,TCTTGGAGGTGAATG,-0.00030863942374429663,0.0,117,312,242,209
GTTACATTCACAGCCACAATGCCATTAG,GCCCTCGAAACCTAT,-0.036036154196876634,0.0,224,270,174,137
CGGTCAGCACCATCGACAAGAGCATAAC,CAATCTTGAATTGAT,0.00734969428120668,0.0,109,259,213,245
GCACCAAAACCATATGCACTCGCAAAAG,ACAGTTGACGGACAG,0.003457589356018727,0.0,118,264,229,236
TCGTCACGTCCAAGACCACACCCAGTCC,AAAAGAAAAATGTAT,-0.013122497425109625,9.21925778491277,148,307,194,180
GCTTCAGGGGCAGTAACAGCCTCACATA,GTACAAGAAATTTTG,0.011695992401559342,0.0,107,238,226,274
AGCTCATAGTCAATACCACCGTCAAGAA,TTTATAAATCAATAG,0.009204790282837086,0.0,93,266,223,221
AGTTCAGCCTCATTGCAACGTCAATGA,TCAAAGCATGAAAAA,0.001838433684400147,3.1551439112618027,116,237,235,221
ACGCCATGCACAGGTCCATACACATCAG,GTTAAATCAACAGTT,-0.004489444758814573,0.0,132,260,196,208
ATAACACAAACACGTGCAACGACACAGA,TAGACGGACATCTTC,0.01761290786816243,0.0,86,223,235,263
GGTACAGGACCAGATTCATAGACAGTCA,CAATCTTGAATTGAT,0.02008269077374276,0.0,75,249,224,247
GGTGCAATTGCAGCCGCACAAACAAAAG,ACAACCTACCTGCTA,0.0006713654857431797,0.0,106,266,216,195
GAGTCAGTGACAACGACACGGCCATTCA,AGTGTATGATAATAT,-0.04197154687437434,14.748706659055188,211,241,188,108
GCTTCATCTTCAGCGACACTAACACCCA,TCTTGGAGGTGAATG,-0.0028390949070478413,0.0,122,247,207,202
ATATCATAGGCAAGGTCAATGCCACGGA,TTTATAAATCAATAG,0.018753118850528033,3.069928489567701,79,224,227,250
GCTGCATAGCCACGCACAGCTACAATCA,AGTGTTAATCAGACC,-0.010559176826404776,0.0,134,213,176,176
AATACAGCTACAACCCCAGGGCCATGTG,ACAGTTGACGGACAG,0.012025759455681762,1.2492617757989137,87,257,203,225
TGGTCAACTACAGTATCAGATACAGCCT,TCAAAACGGAGTGTT,0.002052228995209464,0.0,109,241,188,209
CGACCACTAGCAGGCGCAGATGCATCTT,TCAACAACCTATGCA,-0.006338212067304678,0.0,108,264,219,161
ATGGCAAAATCATCGGCAACGTCAACAG,ACAAGTTTTACAGTT,-0.0035087374398518278,0.0,114,220,194,185
ATGACAGGTCCAGTCCCAATATCACGCT,CTCGCTAATACTCCT,0.004764946461128084,0.0,100,196,184,208
GAGACAGCCTCAAGGCCAGTTACATGTG,TCATAGGTATCTCGC,-0.03396126163366802,0.0,169,248,155,110
ACCACACTGTCAATAGCACTAACATGGA,TCTTGGAGGTGAATG,0.011644802928227657,6.487266048036872,88,203,192,225
CAACCACGGACACTAACACGACCATGTA,AGTGTATGATAATAT,-0.021320308146774634,0.0,143,246,166,136
ACGGCAGGGGCAACATCACCTGCACACT,AGAAGACGACGATGA,-0.001781930094728364,0.0,110,185,222,188
ACGTCAACACCAGAGGCATTGGCATCTG,ACCACCGGTCCTGCC,-0.02335483783298692,0.0,152,226,178,136
CAGCCAATCTCAAGGTCACAATCAGGGA,TCAAAACGGAGTGTT,0.008885048058708293,0.0,82,201,231,193
GGCGCAACAGCAGCGCCAGAAGCAGTGC,TATATTGAACTTTAC,0.0019592097606098307,0.0,91,201,210,174
TTCACAGGGTCATCAACAGTGCCATACC,TATATTGAACTTTAC,-0.00020143284849390673,0.0,101,233,161,181
GATGCAGCTCCACGCGCAAATACAAGAG,ATTATCAAGTGCCAG,-0.00022320456446038873,0.0,110,210,176,197
CGGGCAGGCACAAGGCCAACAGCACATT,TCTTGGAGGTGAATG,0.00017625359557698014,0.0,96,220,156,174
TCGGCAGATCCAAGAGCATAGGCAAATA,TCAAATGATGAGGAT,0.008802344358524708,4.3366478459356586,92,210,149,216
ACCTCAGAGGCAGCATCAAATCCATGTA,TTTTGCATTTAGGCG,0.0018043579847062986,0.0,93,217,177,177
CAAACAGACACAGTGGCATAGACATTCC,TAACCTCGCGCTGAG,-0.012439879713658245,0.0,116,249,150,144
CTGCCAGCCCCATGGCCAGATGCAAGGG,AGTGTATGATAATAT,-0.030011947816514378,5.142299672491845,116,274,158,85
CATTCACGCCCACTATCAGGGACAAGGC,TCAAAGCATGAAAAA,-0.02215896457070568,6.106965839283475,124,201,162,115
CAAACACAAGCACCGACACGGTCAGAAA,ACAGTTGACGGACAG,0.010092456013857021,0.0,84,194,166,205
ACATCAAACGCATACGCACTGACACCCT,CTCGCTAATACTCCT,-0.003980529021121626,0.0,100,216,147,160
CGAGCAACAGCATCTACAAGCACATATG,TCTTGGAGGTGAATG,-1.586989498134535e-05,0.0,96,198,127,173
TTCGCATAACCAGATTCATCGGCAAGTC,ATGGCGATGGTCTTG,-0.007697045828632998,0.0,109,189,171,156
CTACCATTTACAAAAACAGGGTCAACGA,TTTATAAATCAATAG,0.001145551762768656,0.0,97,185,159,181
GCGACATGAACACGTCCAACGACATTCC,ACAAGTTTTACAGTT,-0.00483894555786876,0.0,118,174,132,184
GCTGCATAAGCAGTTCCAAGTACATTGC,ACAAGTTTTACAGTT,0.0011036704488869434,0.0,88,190,152,164
TAAACAACGGCAAACCCAACGGCAACGT,TCAAAACGGAGTGTT,-0.02052072907578024,8.178110941899831,116,180,178,113
CACGCAAGACCATGGGCAAGCACACAAC,TATATTGAACTTTAC,-0.0013437229847458685,0.0,82,224,160,142
GGAGCAACTACAGCATCAGCTTCAGATA,TCAAATGATGAGGAT,-0.007846765120242042,0.0,113,164,167,161
TTGTCAGTAACAGTCTCAGTGACAGTTG,CGATGATGATGATGA,-0.008283097096959667,0.0,96,212,146,135
GCGACATCCTCAGGGCCATTATCATGTG,AGTGTATGATAATAT,-0.015332047754749922,0.0,123,177,124,140
GGCTCAGCATCATCAACATTGGCACACA,ACAACCTACCTGCTA,0.00016272820146430835,0.0,85,194,148,154
AAGCCAAATCCAAAATCATGATCAGGCA,TATGCCCTTCTTCTG,-0.005575317106634971,0.0,99,202,124,151
GCTACATCTACATTCTCAAAGCCAACCA,AGTGTTAATCAGACC,-0.014944696720649258,0.0,99,207,151,114
TACACAACGGCAAGGACAGTGCCATCAC,ATGGCGATGGTCTTG,-0.006997662605815985,0.0,104,152,162,152
ACTCCAGGTCCACAATCACATACAGCAG,TCAAAACGGAGTGTT,-0.003933214132647401,0.0,88,193,150,141
AAGTCAATAGCAGCTACACGCCCAGTGA,ATGGCGATGGTCTTG,-0.002931324617721032,0.0,86,186,139,142
GGGACAATGTCAGGAGCACAAACAGCGT,GTACAAGAAATTTTG,0.006678483878987775,0.0,69,181,169,152
AACGCACCGCCAAGGGCAAGTGCACCAT,ACAGTTGACGGACAG,-0.0027827953802528186,0.0,82,178,156,136
GGGCCACTTCCAAAGCCACACACACGAA,TCTTGGAGGTGAATG,-0.004093332287262955,0.0,74,199,162,118
CATACAGCCTCAATGCAGGGACACAAG,CGATGATGATGATGA,-0.0009934570647987275,0.0,64,179,138,112
GATACACCAGCACAGACAAGGGCACCTC,CTTGCAAGTGTAATT,-0.026336339844717838,0.0,121,198,105,99
GGTACACCGCCAGTGGCAAGCGCAGGAT,CTCGCTAATACTCCT,0.003240433321978919,0.0,77,169,147,153
GGGCCATCGGCACACGCACAACCATGCT,TCAAAACGGAGTGTT,0.0009188773238332308,0.0,75,180,140,139
AGGCCAGTTACAAGTGCATACACACGTC,AAAAGCGACATTTCT,-0.01543117842567545,0.0,89,201,141,101
AAACCAGGCGCAGAGGCAGCGACATTTG,GTTGGGCGCTTAAAG,0.005944618149057876,0.0,71,178,112,153
GGCCCATAGTCAACCTCAATCTCATCCC,GAACTCAGGTTCCAT,-0.027016635565758073,0.0,121,166,126,97
TATGCAGGAACAGCGGCAGAAGCATGGC,ATGGCGATGGTCTTG,-0.0030994204521830903,0.0,70,169,145,115
GAGGCAAAGGCAGAGTCACTATCAGCAA,TCAAATGATGAGGAT,0.0008832110914857097,0.0,74,160,137,137
GAGCCAGCGACAGGTGCAGTGGCACAGT,GAACTCAGGTTCCAT,-0.04468513126965596,8.948316749351306,142,182,91,67
GCAACAGTGCCAGTGACACTTACACCAC,TCAAAACGGAGTGTT,0.01656658385649692,4.4390735701003905,55,153,136,163
CAGTCAATATCACGGGCAAGAACAACTC,TCAAATGATGAGGAT,-0.008431575441939022,0.0,85,154,129,119
TAACCACCGCCACAGCCAGGAACAAAGC,CTATCAAGGCTTAAT,-0.00035608901657277134,5.93215677983153,74,173,111,132
TCTTCAAGTGCACTGTCACATGCACCAA,CGATGATGATGATGA,0.0068861688706756295,0.0,60,164,127,133
CATTCAGTATCAAAAGCAGGATCAAGGC,AAAACATTATCAAAG,-0.027006911250037822,0.0,106,178,91,85
GACACACGGGCAGTGGCACTACCAACCC,TATATTGAACTTTAC,-0.006410754714724535,0.0,80,158,137,119
CTTGCACACCCAGACGCAGACACAATAC,CAATCTTGAATTGAT,-0.007233841801070243,12.055205385630416,82,152,127,119
CTCTCAAGCACATACCCAAACTCAATAA,ATTATCAAGTGCCAG,0.002654337636716698,0.0,63,169,116,123
TCGCCAGATCCAGGTTCACGGGCAGGAG,GAACTCAGGTTCCAT,-0.034033191733041125,0.0,97,187,86,63
TCTCCAGTTGCATGCTCAACATCAGTGA,TTTATAAATCAATAG,0.01078623855978605,0.0,61,130,119,152
CGAACATACCCAGGGGCACTGCCACTGT,GTTGAACTGGTTGTT,-0.03617357487602781,0.0,110,138,106,67
GTGCCAAATGCAAGCACACCGACACAGA,TCAAATGATGAGGAT,-0.006737890361813676,0.0,74,131,131,109
AGCGCAACAGCATGCTCAGTAGCACTAA,ATTATCAAGTGCCAG,-0.01964731666264612,8.309108818189088,93,146,103,93
GGGCCAAAAACAAAAACAGAGACAACGT,AAAACATTATCAAAG,-0.03484128313777211,0.0,112,143,64,71
ACATCATATACATTAACAGGGTCAAAAA,AGAAGACGACGATGA,-0.0099539100030453,0.0,80,124,130,107
AGAGCATCAACAGACGCAGCCGCACTAG,CCAACACAGGCTTCG,-0.007106134336205254,3.579604405173768,81,129,109,118
TAAGCAGGGCCAGCTGCATCACCATGAC,TCATAGGTATCTCGC,-0.03316282026625161,0.0,96,148,102,64
TGCGCAAGGCCATTGGCAAAAACAGCAC,TTTTGCATTTAGGCG,0.0004623783852900117,0.0,64,122,121,117
AACCCAATGACATGTCCATGGACAGCAA,GAACTCAGGTTCCAT,-0.036219767815901555,0.0,97,134,100,59
ACGACATCCACAACTGCACCAGCACGTT,TGATCATCACGGGAC,-0.014508960668404182,0.0,72,165,84,84
TGAACAAAATCACATGCAAGCGCAACGC,GCTGCTTATGAGGAT,0.007520583276319955,0.0,54,131,100,122
AAACCACAAGCAAAAGCACTCGCATCGA,TATATTGAACTTTAC,0.00015959109418861006,0.0,69,105,91,125
TTCGCACTTCCAAAGACAGAGACAGCTC,TTAGTCTTTCCATCA,-0.003293219447697116,0.0,60,140,96,98
CTGTCAAGCGCACAGCCAACGGCATTGA,TATGCCCTTCTTCTG,-0.0056068678267693324,0.0,63,122,116,96
ACTCCAGCAGCATGAGCATAACCATTAA,GAACTCAGGTTCCAT,-0.020524560273225252,0.0,77,140,88,75
CTTGCATTAGCATGTGCACTGGCATCGG,ATTATCAAGTGCCAG,1.1644207557545694e-05,0.0,56,112,123,101
GTACCACCTGCACAAACAGAATCACTGC,TCAAAGCATGAAAAA,-0.012029503331009916,0.0,74,130,89,93
AGCTCATTTTCAAGGCCACGTGCAAGGC,ACAGTTGACGGACAG,0.008789744345774656,0.0,49,123,115,115
GTTACACGGGCAGCACCATGGGCACTTG,ACAGTTGACGGACAG,0.0008418688413021803,0.0,53,142,89,98
TTGGCATGCACATATGCAGGGGCAACGG,TCAAAGCATGAAAAA,-0.006131813059040661,0.0,66,130,93,99
TCTCCATGCTCAAGCCCACGCCCACACT,ACAGTTGACGGACAG,-0.012549916754557078,7.605680806741702,59,153,82,73
TCGCCACATTCACAAGCAAGGCCAATGA,TCAAAACGGAGTGTT,-0.018286583511970957,6.328300870306521,72,133,107,75
CAATCATCCTCAGAAACAAGGTCAACGC,GTTAAATCAACAGTT,-0.007126911830696691,0.0,68,117,91,99
GCGACAGGGACATGGTCATAGACAACTA,GAACTCAGGTTCCAT,-0.026882800170573724,0.0,82,128,77,66
AGCACAGCAGCAGGTACAGCGCCATATA,ATGAAGTTCATAATG,-0.011150908341686467,0.0,62,118,103,80
TGTGCAATAGCACGGTCAATCGCATTCT,ACAAGTTTTACAGTT,-0.02100804981332131,2.072861228811462,75,116,113,72
CACGCATATTCATCCTCAAAGACATAGA,AGTGTATGATAATAT,-0.029985814272774112,1.0769051436025165,90,108,99,66
CCGACATAAACAATCACACGGACATGAC,TATGCCCTTCTTCTG,-0.01762649593543163,1.3969207700956758,80,127,87,85
CTGGCAGTATCAGGGCCAAGATCATACA,GAACTCAGGTTCCAT,-0.017248200008476496,0.0,67,130,97,72
GTTGCACTTTCAACCGCACGGGCAGGAT,AGTGTATGATAATAT,-0.015662478307653358,0.0,63,126,110,71
TGGCAGGAACAGCAACAAAAGCAAAAG,TTTTGCATTTAGGCG,-0.002972532848131003,0.0,57,139,79,94
AGGCCAGTGGCAATAGCATAGCCAATCT,GTTAAATCAACAGTT,-0.012326363022420612,0.0,57,134,112,71
AACACAACATCACGAGCATGAACAAGCT,ATAGAGCGGCGTTGA,-0.04988592493967552,0.0,109,123,56,44
CCAACATGATCAGGGTCAGATTCAATCG,AGTGTATGATAATAT,-0.022547695895633792,0.0,60,129,84,55
AGCCCACCGCCAAATGCAATTACAGATC,CCAACACAGGCTTCG,0.0227848725311168,1.1210043800463154,35,121,89,125
TCGACAACGGCAAATCCAGGACCACATA,GGTTGCCCAGAAGTA,-0.0005783416957558073,0.0,57,95,111,101
CGCCCACCAGCACTAACAGCTGCACCGA,AAAACATTATCAAAG,-0.026982712821872867,0.0,81,133,72,65
GTGACAATCACAGTTCCACAATCAGTGC,TCTTGGAGGTGAATG,-0.03046385151512938,13.760239633309084,83,117,80,60
GGAACAGGACCAATTTCACAGCCATTGC,ACAGTTGACGGACAG,-0.0038938362977863675,0.0,48,132,94,77
AGGGCAAACGCATGAACAAACTCATCTA,TCAAATGATGAGGAT,0.012927731059481959,6.252770454243546,35,91,136,93
CGACCATCAGCAGCCACATAGCCACAGA,AGTGTTAATCAGACC,-0.0688442006562987,28.97779897593341,70,129,40,16
ACACCACAGTCAAACGCACGGGCAACAG,CTATCAAGGCTTAAT,-0.022498055777251513,0.0,61,117,78,56
AAATCACCCTCATGTACATTGCCATGGC,ATCGTTGGCATTTGG,-0.05347167681889303,0.0,80,122,66,29
CCTACAGGAACAGGTACATCATCATGGT,TCAAATGATGAGGAT,-0.019647316662646148,3.9369390146016485,67,114,81,67
ATTCCATGGGCATATACATGCTCAGCGA,GTTAAATCAACAGTT,-0.034713487454081364,9.64607227608542,77,116,75,49
GATGCATAGTCAGGCGACTGACATAAG,TCGATAGAATTTACT,0.0019069221681889438,0.0,44,104,90,84
TTCCCATATCCATCACCACGTGCAGAGA,TTTATAAATCAATAG,-0.0013926634330225628,0.0,48,90,94,83
GGAGCACCAGCACAGTCATATGCACTGG,AAAACATTATCAAAG,-0.049396652768660704,3.5917165991505726,83,130,52,34
GTTCCACGAACAAGTTCAGCCTCACGAG,TTAATTAGAGGTATG,-0.019647316662646117,0.0,59,93,96,59
CATCCATATGCAACCCCAAAGCCATGCT,ACAGTTGACGGACAG,0.007283439842432997,0.0,37,108,82,83
CACTCAGTCTCACTACCAGAGACAGGGG,GTTGAACTGGTTGTT,0.024920127074457454,33.16677395419151,26,80,108,99
CGTGCAAAAGCACGGTCACGTACAACTG,ACAGTTGACGGACAG,0.02211144895386612,2.698304403958673,28,99,78,98
GCCACAAGCACACTCCCATCTACACGCG,TCGAAAGCACAGTAG,-0.04725804862691938,0.0,87,112,43,38
TATACAGGTCCAAGGGCAAACTCAGCAG,GAGAATGAAGGACAG,-0.04720326910212839,0.0,64,108,85,28
CCTGCAGACACACAAACACGAGCAGGCG,TCAAAACGGAGTGTT,0.025547188458526604,6.893343939461602,25,82,98,97
TAACCAAAGACATCGACAGGATCAATGG,GTTCAGCTTTGATCG,-0.05075692693740367,2.312918702964339,89,89,51,35
CTTGCAGAAACACGTGCAATTTCAGAGT,GTTGGGCGCTTAAAG,-0.002619795870446436,0.0,45,112,60,75
AGGGCATCAGCATCCACAATCCCAATGG,CGATGATGATGATGA,0.004206684551087332,0.0,44,78,85,90
AATACACCCTCAGTCACATATCCAACGG,CTTGCAAGTGTAATT,-0.044990199442565236,0.0,77,108,38,36
TCGCCAAGCGCAAGAACAAATGCAGCAC,ATTATCAAGTGCCAG,0.0034575893560186977,0.0,37,70,97,74
ACTACAGGTGCAGGCGCAGTATCAATAG,TATATTGAACTTTAC,-0.006965189799221218,0.0,54,83,61,79
GGGGCAAAATCAATCCCATAGTCAAGCT,ATTATCAAGTGCCAG,0.012580783705253425,0.01364096986549157,27,103,72,71
ACAGCAAAGACAGTAGCATAGTCACCGT,CTCGCTAATACTCCT,0.005811508263150483,0.0,41,78,67,88
GTAGCACTGGCATACTCAGAGTCAGTAA,CGATGATGATGATGA,-0.015196270241828723,4.238304350617682,56,93,57,64
AGGACATTCACAGGCGCAATAGCACGCA,TCAAAACGGAGTGTT,-0.003980529021121624,0.0,30,97,80,48
ACGGCACTAACACGGTCAGGAACATAGA,AGTGTATGATAATAT,-0.0004685118325273967,3.580872290565594,45,83,52,80
CCGTCATCCACATGGGCATTTGCAGGCA,TATATTGAACTTTAC,0.006850345833016795,0.0,28,80,52,62
GCGACACTATCAACGACACGCACAGATT,TGATCATCACGGGAC,0.01363697767439144,8.425553572205331,28,72,58,76
GTGTCATCTTCAACTCCACATACATACG,AAAAGAAAAATGTAT,-0.018898221467577515,6.852443202553559,44,103,55,45
CAATCACGCCCAAGGCCATTCACAATCC,TCAAAACGGAGTGTT,0.02392458468939278,6.352874596135052,23,64,73,85
GTCCCACGGACAGAGTCATTAACACGTA,GAGAATGAAGGACAG,-0.019647316662646117,3.91910406740692,56,81,50,56
GAACCAGCTACAATTTCATATGCAGGAG,GTTTAGCTTCCGTTG,-0.03969998289712796,0.0,73,82,37,40
ACGGCAACAACAAAGCCATGCACAATTG,AAAAGAAAAATGTAT,0.00762969412115225,0.0,30,73,81,68
TGCGCATAAACAAAACAAAATCACAC,GAACTCAGGTTCCAT,-0.04533749715950682,5.36158763671699,67,93,41,31
ACAACATATGCACACACAGCGGCATTCA,AGATTCATCCCATGG,-0.07647225307059365,0.0,66,99,21,12
ACCTCATGGCAAAGTCACAGTCAAGTA,TCAAATGATGAGGAT,-0.006721798962353986,0.0,38,80,72,56
ATGTCATATGCATGACCACAGACAGCCA,CAAGGATCCCCGTAG,-0.050741317790158315,0.0,61,91,53,24
ATACCAACGCCAAAAGCAGGCTCAAGGC,ACAAGTTTTACAGTT,-0.019647316662646117,3.4146364848247686,54,84,44,54
ACTGCAGACTCAAGACCACAGACAATCT,AGATTCATCCCATGG,-0.08117487301259049,0.0,76,55,47,12
ACATCAGAAGCAATCACACACGCAAAAA,CTCGCTAATACTCCT,-0.01819781293132146,4.311160924942442,45,76,64,47
TCTTCAGGTTCAACGACAGGAGCAGCGG,ATAATTTTCATCCAC,-0.014877288541290341,0.0,39,93,57,45
CAAACAACGCCAGTGCCAGTCCCATATT,GAGAATGAAGGACAG,-0.02298343194787889,1.6922817196133337,42,103,49,38
CCAACACATGCACGGACAAGTTCACACG,TTATATTTATTTGCT,0.05510205563483191,2.659034395266417,12,34,82,113
TCGACAGGAGCAAAGGCACTTACAAACC,CCAAGACCGTGTAAA,-0.02441734478400187,0.0,45,76,67,39
GGATCAGCACCAATTGCACGGTCACCTC,TCATAGGTATCTCGC,-0.03354377679370568,0.0,44,100,54,29
AGGACAAGGGCAGTTCCATCATCACCAG,TCTTGGAGGTGAATG,-0.007098064288149073,0.0,35,66,44,51
AATACACATCCAATAACAGGCGCACCAA,GAGAATGAAGGACAG,-0.0681568910828742,1.840494165944449,60,91,48,14
CCTACAACGGCAACAACAGTCTCAAAGG,AAAAGAAAAATGTAT,-0.02708543503978647,9.056300161778609,50,82,48,40
TAATCACCACCAAAAACACACTCACTAA,TATATTGAACTTTAC,-0.014508960668404186,1.9104611791641446,48,66,50,56
TGGTCAGGTACATTTTCACAGTCATTGT,TATATTGAACTTTAC,0.008874887005944512,0.29004087818032076,17,56,63,40
TACACATGAGCAACTACACAACCAGGTA,TTTATAAATCAATAG,0.007843467948976014,0.0,32,47,49,73
GCTTCATCTGCAGATGCATATCCAGGCG,CGATGATGATGATGA,0.02048511014821841,2.2744911818606397,21,64,46,70
ATTGCAATTCCAGGGCCAACGTCAAGCC,AGTGTATGATAATAT,-0.012528179986044177,0.0,21,79,56,26
ACCACCGACACAGTCAAGGGCAAGCT,ACAACCTACCTGCTA,0.026143202634454892,9.073053816792367,20,43,60,79
GACGCAACTCCAATCCCAGCCGCATGAT,TCGATAGAATTTACT,-0.007550466873000518,0.0,32,71,47,46
GCCCCAAGGACATGGCCAAAGGCACTAT,AGATTCATCCCATGG,-0.037054257877873975,0.0,47,51,40,8
TCGTCACATTCACTCGCACCGCCACCCA,ATGGCGATGGTCTTG,-0.006833593365635046,0.0,32,74,31,47
CAAGCACGACCAAAAGCACATGCATCAG,ACAAGTTTTACAGTT,-0.020613567891754562,1.880455108655383,35,73,57,34
GACGCAGGAGCATGATCATGGCCAAACC,GAACTCAGGTTCCAT,-0.02123491829562131,0.0,43,61,50,41
GCGTCATCATCAGTTACACTCACATACA,CTTGCAAGTGTAATT,-0.06140608227915839,4.6999279965027085,56,79,28,16
TCTACAATCACAGGGTCAAAATCACCTT,TCATAGGTATCTCGC,-0.037407467678804984,0.0,46,71,42,27
AGATCACAAGCATTGCCACTTACAAAGT,TCATAGGTATCTCGC,-0.0464597438516518,1.4181112501591997,38,79,31,17
GACCCATGTCCAGTTGCAATGTCACTAG,TCATAGGTATCTCGC,-0.06640810543168281,5.019662644122036,61,65,41,15
CCTTCAATGACAGCATCACCCGCACTGC,CAAGGATCCCCGTAG,-0.024001322743214953,0.0,49,47,31,43
GGCACAAATGCAGGTCCATGGTCACCTA,GTTCAGCTTTGATCG,-0.021402107778826868,1.5642448160160711,39,53,31,37
AAGGCAATCACATAGCCACAGGCATGCT,TCAAAGCATGAAAAA,-0.03502550221273346,10.506408849467789,46,72,31,29
TCATCAAAATCAGTATCACCCACAATAG,TCAAAGCATGAAAAA,0.006634595349496219,0.3311201595473676,20,61,44,44
GTAGCAGGCACATCTCCACGAGCACTAA,ATCGTTGGCATTTGG,-0.06071877270573387,0.0,48,65,31,14
ATTGCAGCTACAACTGCACAATCAAACC,TATATTGAACTTTAC,-0.0026197958704464405,0.0,12,76,53,20
AGAGCAGCTACATGAACATATACATGTG,CTAAGCAGTCTTCTC,-0.04062196526150562,0.011390013519104514,53,46,42,9
GTGGCAAGCGCAACGACAGGTACAATTC,GAGTGCTTCAAAGTT,-0.024098363083463543,0.0,32,47,54,28
AGTCCAGGTCCACTTACAGTGGCAGAAC,AAAAGAAAAATGTAT,0.023050478186089348,2.3837775431148884,15,52,49,54
AGGGCATAAGCATGGTCACTCGCAACAG,ATGAAGTTCATAATG,-0.019647316662646117,0.0,32,56,43,32
GAGCCAGGCTCACGTCCAGGTGCACTTA,CTTGCAAGTGTAATT,-0.060439831050049984,2.0041693677492276,51,48,35,15
AACGCAGGTCCACTCCCAATCACATGGA,AAAAGCGACATTTCT,-0.016311201377413376,0.0,38,49,24,42
ACTTCAGATACAACGGCAAGAACAGTAC,TCATAGGTATCTCGC,-0.04417087649527085,0.0,48,35,41,23
CGGGCACCTGCATAAACATAGTCATCAG,CGATGATGATGATGA,-0.015560572592901717,2.504576081697678,23,52,34,26
GGCGCAGCATCACGGACATGCGCAAAGT,CTTGCAAGTGTAATT,-0.0097717894578737,5.99235834972842,29,43,42,39
TGCCCAGTCGCATTGCCAGCACCATGTG,AAAAGAAAAATGTAT,-0.0033688910655150415,0.0,27,52,39,44
ATCCCATCACCAGTCCCAAAAGCAGTCC,ACAACCTACCTGCTA,-0.015560572592901717,1.448578558657573,23,52,49,26
CAGGCATGGACAGAATCATCGCCAGTAA,TTAATTAGAGGTATG,-0.02759435077747942,0.0,33,58,30,26
ATTTCAGTCACATGACCAAGAACAGAAC,ATTATCAAGTGCCAG,-0.0003780549701408725,0.0,23,40,35,41
CGCACAATGTCACGAGCAGCGGCACTAA,TTTAACTCACCGTAA,-0.03180208711557641,0.0,36,58,23,25
GCCTCATATACACCGTCAACCGCACCGC,TCATAGGTATCTCGC,-0.02729979805079615,0.0,39,48,22,31
GACCCACTACCACTTGCAGGCGCAAAGG,CCAACACAGGCTTCG,-0.018708287430422896,3.9805998200498607,35,37,31,36
ATCGCATAGTCATGTCCATCTGCACCGG,CTATCAAGGCTTAAT,-0.027875985927030316,0.0,32,52,22,25
TTCCCAATCACAGAACCAGTCTCACACC,TATATTGAACTTTAC,0.017705723183583367,1.1118398815081036,15,45,31,46
TGGTCAATAACAAGGTCAAAAGCAACCA,CTAAGCAGTCTTCTC,-0.08509798980198312,0.7296352418500192,43,56,14,9
CCGGCAATTCCATCATCAATGACACGCG,GTGTGATTACTAAAT,-0.008888203587211083,0.0,21,52,28,29
GTCGCATGAGCAAGTTCACACACACCGG,TTTATAAATCAATAG,0.007792693630958604,0.0,18,30,30,41
GCCTCAGTTCCAGCGACACAACCAATGC,GAGAATGAAGGACAG,-0.05293161099968368,0.0,38,38,34,14
CAAACAGTTGCAATGGCAACAACAAAGG,AGATTCATCCCATGG,-0.05196746696698995,0.0,38,42,24,7
TGCCCAACTGCAAGCTCACTACCATCTC,TCAACAACCTATGCA,-0.0037998601054769782,0.0,23,36,37,37
TTTCCAAGGCCATACCCACACACATCGC,AGAAGACGACGATGA,-0.011270169053282595,0.0,21,41,41,27
TAGTCAGCAGCAACATCAGCATCATGTG,ATTATCAAGTGCCAG,-0.020673038618204572,3.763146308323371,33,40,21,32
GTTGCACATCCAAACTCACGATCAGCCT,GAGAATGAAGGACAG,-0.05234162509637036,0.0,32,46,21,12
ACTACAGGTCCAAAAACATTGTCAGCTG,TTAATTAGAGGTATG,-0.033162820266251634,0.0,30,53,20,20
GGGGCAGACTCAATACCAATAGCAGCAG,AGTTTATAAAAAATT,-0.0016807666382232384,0.0,14,37,39,24
GCCCCAAGAACAATCTCAGGGTCACAAG,GTTTAGCTTCCGTTG,-0.044112955831986156,0.0,25,49,24,12
GCTTCATAGGCATCCCCAGCGGCAACAG,CTAAGCAGTCTTCTC,-0.04542031293709554,0.7133658855525766,26,38,26,12
CAGACACTCGCATCGGCACACGCAATTA,AAAACATTATCAAAG,-0.018165591243618332,0.9220503290251827,22,35,21,23
ATCCCAAGGTCAAGGGCAGTACCAATAT,ACAACCTACCTGCTA,-0.004771079908365473,0.0,16,38,28,25
TTCACAAGAACAAACTCATGGCCACCAG,AGTGTATGATAATAT,-0.002619795870446464,1.9208206290468297,21,31,25,35
TTCACAGACTCAGCAGCAACAGCAACAA,GTAATCTGACTCTAG,-0.05822907628568089,0.0,35,27,18,11
TGGGCAAAATCAATTACAGGGCCATAAC,TTTAACTCACCGTAA,-0.0141866190464058,0.001269105886365196,20,47,8,20
GCCCCAGCGTCACCTCCAAGGTCAAAGC,CGATGATGATGATGA,0.0008304735895412474,0.0,5,37,34,30
GTCTCATATGCACGGTCAAGCGCACCGT,GAACTCAGGTTCCAT,-0.029597082947846003,0.0,31,32,13,23
GGTTCATAACCAGGATCAAACTCACTGA,TCATAGGTATCTCGC,-0.03596559083993632,0.0,31,30,21,19
CAATCATGCCCACTAACAGTGACAATAC,ATGGCGATGGTCTTG,0.017817019892433866,3.74359164860698,13,27,31,40
AGATCAAATCCAGGCCCAGAATCAAGTG,GTTGAACTGGTTGTT,-0.041539967875615126,0.0,27,37,29,14
TAGGCATGGTCAGGTGCAGATACACTAG,TATATTGAACTTTAC,-0.022426703627281164,1.7519690353730084,25,29,28,23
TTCGCATTCGCAACCTCACCTACAGTGA,GAACTCAGGTTCCAT,-0.01784507595363696,0.0,18,35,25,19
AAAACACCCCCAACGTCACGGCCATCCG,CTCTTGAGAATACTT,-0.0940912645606284,0.0,34,30,8,8
AGATCACTGTCATGCCCACTCACAAAAT,TCTTGGAGGTGAATG,-0.010790544471545914,0.0,23,19,30,30
GTCGCATTTACAAGGGCAGCCGCACAAC,GAACTCAGGTTCCAT,-0.028589449549135476,0.0,17,36,24,13
CTTGCAAGGACACGGACATTGGCATGTG,GCTAATTTCAAGAAT,-0.029236719077705503,0.0,16,55,15,12
GTCACAGTATCATGATCATGGGCAGCTC,AGAACATCATCTACA,-0.016135299474051953,0.0,18,36,19,20
GGGGCACCAGCACCCACAAGTCCAAGGC,TAACCTCGCGCTGAG,-0.030262441033263934,1.5057075717413682,22,29,25,16
AGCTCACCTACACTTACAACCTCAGGGA,CTATGCATTTACTCA,-0.03566742012929407,0.0,16,27,14,7
ACACCATTAACAGCAACAATTTCAAGTG,AAAACATTATCAAAG,-0.035667420129294074,0.0,16,36,14,9
GGCGCAATATCATCAGCAACGGCACGTG,CTAAGCAGTCTTCTC,-0.09699001824795356,0.5837069454008059,28,24,9,6
GGCTCAAATCCAAACACACGCACACTGA,TCGAAAGCACAGTAG,-0.044259932975627005,0.0,19,37,14,6
CTCTCACGGTCATGAACAAATCCATCCC,CTATCAAGGCTTAAT,-0.012603680207072601,0.0,17,26,19,21
CGGGCAGTTTCAATGACACTGCCAGGAA,AGTGTTAATCAGACC,-0.11130010261202089,30.801561025769843,35,26,4,1
GCTACAGGGGCATCCACAGATTCAAAGG,AAAACATTATCAAAG,-0.03967311201027716,0.0,31,13,14,17
CCCGCATAGTCAACGACACTGTCACATT,TCATAGGTATCTCGC,-0.02537565856020141,0.0,19,29,12,16
TCAACACAGCCATTACCAAATGCATCTG,TATATTGAACTTTAC,-0.006997662605815987,0.0,13,26,19,19
CGGGCATGGACAGCGCCAGATACACCTC,CATATGCATTCCTTG,-0.1308225987750072,0.0,36,22,4,4
CAAGCAAAGGCATACTCAGGATCACCCG,TTTAACTCACCGTAA,-0.028589449549135476,0.0,17,27,16,13
GGTTCAAGGGCAGAAACATAAACAGGCC,GAACTCAGGTTCCAT,-0.012209198285505768,0.01272940979544046,12,39,14,15
GAGGCACAATCATTTGCAGGGTCAGGGT,CTATGCATTTACTCA,-0.037583363344400864,0.0,19,37,16,5
TGTGCAAGCTCAGTATCAATGGCAACTC,CTTGATCAATCAAAA,-0.03804314313944319,2.7916779341553024,22,34,7,8
GCCGCACAACCACTAGCACCAGCAGCAT,CTATGCATTTACTCA,-0.03213709831069315,0.0,16,15,31,11
TCTTCAGAGACAACATCAAAGTCACAAG,ATGGCGATGGTCTTG,-0.00032003348754804556,0.0,14,18,20,25
TAACCAGGAACATCATCACGGTCATGGA,GTTGGGCGCTTAAAG,0.036266058444594095,1.332781493865241,9,17,19,28
AGAACAAAAACAGTCCAGGAACACACA,CAATCTTGAATTGAT,-0.0070697388676211675,0.36097018052441854,6,26,21,18
CGATCAAAGCCATGAGCATCTGCATCTG,TATATTGAACTTTAC,-0.028800823487602177,0.5624857819139493,8,29,17,13
CAGCCATAGGCATCCGCAAGAACAAATA,CCAGGATGTACCGCC,-0.024980350030502096,0.013696698178193856,8,31,14,15
GCTGCAAAATCACTCTCAACCCCACACT,ATCGTTGGCATTTGG,-0.06799877837554671,0.0,24,24,11,2
CTAGCAAGAACAGCCTCATTAACAACAG,CTTGATCAATCAAAA,-0.02282432265612364,0.0,11,24,16,10
TATACAGACGCACGGGCATGACCAGGTC,TATATTGAACTTTAC,-0.029230010672171722,0.773085930107527,8,27,14,12
CCAGACAGGCAATAACAGAAGCAAGCGT,AAAACATTATCAAAG,-0.05249103196035468,1.321690467737966,16,25,10,5
AAGGCACCCACAATCGCACGGACAACAG,CATTTATGGCTATCT,-0.005490669035781191,0.0,15,19,24,5
CTTGCAATAACAAGCACAGTTCCATCGA,GTAATCTGACTCTAG,-0.05552226305117645,0.0,17,21,10,4
GAGTCAGCCCCAATTACACCGGCAACAA,CGTCAAGACCTTCTA,0.005755218383133398,0.0,9,19,15,17
GCAGCACTGGCAGCGCCACATTCAAAGG,TCATAGGTATCTCGC,-0.037334925031385184,0.0,17,17,10,10
GTGACAGATCCAGGAACACAGGCAAATA,ATTATCATCGCCATC,,0.0,8,18,5,4
CAAGCATGGCCAACAACACACGCACAGT,CTAAGCAGTCTTCTC,-0.058882700535848966,0.0,20,12,11,5
GATACAGTCTCAACCTCAGATGCAAGAC,CGCGATCAATCCTCT,-0.055792039335017925,0.0,17,22,2,0
TTACCAGGTGCAAAATCATTAGCAGAGC,TTTAACTCACCGTAA,-0.011575515784657075,0.040401608204433614,12,16,17,6
CAGGCACATCCACGTACAGCAGCAGAAC,TATATTGAACTTTAC,-0.037334925031385184,3.8636236299567486,17,14,10,10
TCCCCATATACAGGTACACAACCATATT,TCATAGGTATCTCGC,0.003608966147281789,2.6481776237668555,8,14,16,12
GTGACAGATGCAATGGCACTCCCAGTTA,CATTGTCGGACGCTT,-0.04581446232912854,0.0,14,24,10,6
TTGGCAGGTCCATACGCAGACACATAGG,CTCTTGAGAATACTT,,0.0,23,5,1,0
ATCACATTAGCACATGCAAGGGCATATC,ACAACCTACCTGCTA,-0.003523656113755925,0.0,10,18,2,20
ACCACACATTCAACGTCACAGGCATGGA,AGTGTTAATCAGACC,,0.0,21,3,1,0
TAGGCACAGTCAAAAGCATAAGCATCAT,GAACTCAGGTTCCAT,-0.004191246276547255,0.7890001841315382,7,15,10,11
AACACATCGGCAGGGCCAATCACAGGTT,ATTATCAAGTGCCAG,,0.0,4,19,6,7
ATGCCATACTCAGCAGCATCATCATGGC,CTTGCAAGTGTAATT,,0.0,9,14,8,8
GCTTCAGGAGCAATGCCACATGCATAAG,CTAAGCAGTCTTCTC,-0.054748551605759754,0.0,13,17,8,5
TGAACATGCGCAAAAACATCGCCAGAAA,CTTGATCAATCAAAA,0.03929728953541578,7.485027635722119,1,12,11,21
CGAGCAAGTCAACTACAGCAACAGTGT,CTCTTGAGAATACTT,,0.0,16,5,2,2
ATGACAATTCCACGGGCATGAACAGAGC,TCAAAGCATGAAAAA,0.023593249269091787,0.0,5,12,12,9
GGTACATCAACAAATACAAGTGCAACTA,CATATGCATTCCTTG,-0.0026431771776571633,0.0,8,13,10,1
AACCCATCTTCAGCAGCAGTTCACCGA,CTCGCTAATACTCCT,0.04914044017628687,7.558275403943981,1,12,5,26
TATACAGGAGCATCCACAGTCACAAGGA,GTTTAGCTTCCGTTG,-0.050559457434843844,0.0,11,15,6,3
CAGCCAACTTCAAGCCCAAAGGCATTGC,CGTCAAGACCTTCTA,-0.044237478165050685,0.0,17,9,13,1
GACGCAGAAACATTCACAGGCTCATCCG,TTTAACTCACCGTAA,-0.08157495026522783,0.0,10,10,7,9
GGATCAGATTCAGTAGCAGCCTCAACTC,CATTGTCGGACGCTT,-0.08157495026522765,0.0,12,12,9,5
ATCCCAAGGCCATCAACACATTCACGCG,AGTGTTAATCAGACC,-0.000522956412596854,0.0,7,14,11,4
GGGCCAACCGCATTTACAGACTCAAAAT,TATATTGAACTTTAC,0.00459179398179368,0.0,0,18,5,16
CCTCCAAGCTCATGTACATAAACATTAG,GAGAATGAAGGACAG,0.03312426724952435,0.0,5,10,11,9
AAACCATAATCAATAGCAGCTACAGGAT,ATCGTTGGCATTTGG,-0.0553385238184787,0.0,10,13,8,2
CAATCCCGTCATAATCACAAACAATGG,AGTGTATGATAATAT,,0.0,3,3,23,5
AAATCAAGGTCAAGTGCAGGTGCAAACA,AATGATACCATTTTT,,0.0,2,5,23,2
AGGGCAGGGACAAATACACACACAACGA,ACAACCTACCTGCTA,,0.0,2,21,4,6
ATTGCACTTGCAGGTCCACAAACAAGCA,CTTGCAAGTGTAATT,0.02253904860545728,0.0,3,11,2,14
TTTGCAACTACACTAACACAGGCAAAAA,TCAAAACGGAGTGTT,,0.0,7,12,6,6
TCAACATATTCAATAGCACTGCCAGGCG,GTAATCTGACTCTAG,,0.0,8,10,6,1
TTGTCAGGAACATGGTCAAGCGCAGTGT,TTAATTAGAGGTATG,,0.0,5,10,5,2
TGTTCAAATTCAGGTCCATGCCCACCAG,ATTATCATCGCCATC,,0.0,8,4,9,5
AGGGCAAGTGCATACCCATGCTCACGGG,AGTGTTAATCAGACC,,0.0,6,2,0,0
GTGGCAAGGTCAATATCAAGAGCATGCG,GTTTGTTTTGGGAAA,,0.0,9,7,0,0
CCACCATCAGCATGGTCAAAAACACTGG,CAAGGATCCCCGTAG,,0.0,11,3,7,4
AATGCACCTACAAGAGCATGTGCAGGTC,ATTATCATCGCCATC,,0.0,7,11,1,1
TTATCAAACACAGCATCAACGGCAAAGT,AGTGTTAATCAGACC,,0.0,9,7,0,0
TTAGCACAATCATCTTCAGCCCCAACGC,GCTGCGGAGCCTCAG,,0.0,9,7,1,2
TGTGCATTCACACCGGCATCTCCATCCG,GTAATCTGACTCTAG,-0.09110596824566022,0.0,11,10,0,0
TCGCCAAGTCCAAGTTCATGCACACGAG,CATTGTCGGACGCTT,,0.0,6,4,6,0
TCGACACCGACACTTACATACGCATGGG,CTTTCTTGTGTATTT,,0.0,9,3,0,0
CGACCATAACCACGCGCATACACAAGTA,ACCACCGGTCCTGCC,,0.0,7,5,4,0
CTGGCACGTACAGGATCACCTCCACGAC,CATTGTCGGACGCTT,,0.0,9,5,1,1
GGCACAGTTGCAGAGCCATGGTCATTAG,ATTATCATCGCCATC,,0.0,4,11,2,0
AGAGCAGAGACACCAGCAACGCCAAAGG,CGTCAAGACCTTCTA,,0.0,3,5,3,2
GATCCACAGCCAAAGGCAATAGCATCGG,TAATATTGTTTTGCG,,0.0,10,1,1,0
AACCCAATAGCATTGCCACTCACACGAG,ATCGTTGGCATTTGG,,0.0,7,1,7,2
GAAACAGCGACAGTCGCATGTACATTTG,TAACCTCGCGCTGAG,,0.0,7,5,4,2
AGTACATGGACATGTCCAGGATCACACA,TCTTGGAGGTGAATG,,0.0,2,1,14,2
ACCCCATGAACAAACGCATCAGCATGAA,CAAGGATCCCCGTAG,,0.0,8,7,0,0
GGAACAGAAGCATGGACACACCCAGCGA,CTTGATCAATCAAAA,,0.0,4,5,4,5
TGTGCAAGCACACCGACACATACAGGAC,CGCGATCAATCCTCT,,0.0,8,5,0,0
TTAGCATATACATCGACAGTTCCACCCC,CGTCAAGACCTTCTA,,0.0,2,4,7,2
GGGGCAGCAGCAGCGACAAGTCCAAGGC,ATTATCAAGTGCCAG,,0.0,1,7,3,4
GTGGCATAGCCAACGACACCAGCAAACG,ATCGTTGGCATTTGG,,0.0,0,1,12,2
ATGTCATTTGCATTGACAAATACATAAC,GTTTAGCTTCCGTTG,,0.0,0,6,3,4
GCTGCACCCTCAAGTGCACTTACAACTA,CTAAGCAGTCTTCTC,,0.0,2,3,0,0
GAGTCATATCCAAAGGCATGGACACTTG,CTTGATGGCTGAAAG,,0.0,4,2,1,0
GCTACAGAGCCAAACACAATCTCATATC,TCGAAAGCACAGTAG,,0.0,1,1,0,0
CATACACAACCAATGGCAACATCATCAC,CAATCTTGAATTGAT,,0.0,0,8,2,1
ATCACAATGACAGGCGCAGTGTCACGGA,TTTAACTCACCGTAA,,0.0,4,6,2,0
TAAACAGCCCCATAAACAAGAACACCAT,CGCGATCAATCCTCT,,0.0,3,4,2,0
AAAGCACGTTCACGTGCACGAACATGCA,CCAACACAGGCTTCG,,0.0,2,2,2,5
CATTCAGCATCAGGTTCATGGCCATACA,GCTGCGGAGCCTCAG,,0.0,6,0,0,0
GAGGCAAAGACACGCTCAAAAGCACTAG,TCGAAAGCACAGTAG,,0.0,3,0,1,0
TCCGCAGGAACATAAACAGCGGCACCCC,CGTCAAGACCTTCTA,,0.0,3,5,2,0
CAGGCACCTTCATCAACAGAGACAAAGA,GTAATCTGACTCTAG,,0.0,4,1,0,0
TTTTCAAAAGCAAGCGCAGCTTCAGCTG,CTTGCAAGTGTAATT,,0.0,1,6,0,0
GAATCACTGGCAGCGACACTTTCACGGT,ATCGTTGGCATTTGG,,0.0,3,5,0,0
CATACATAAGCAGGCCCAAACGCACCTT,ATTATCATCGCCATC,,0.0,5,2,1,0
CTAACAATGTCATGAACATGACCATACA,CGTCAAGACCTTCTA,,0.0,0,4,2,3
ACGGCAGCTTCATACTCAACGTCAATCT,GTACAAGAAATTTTG,,0.0,0,1,7,1
GATGCACTTACAGCGTCAGTGACAATGC,AAAAGAAAAATGTAT,,0.0,0,1,6,2
GCTCCAGCAACAAACCCAGGCGCACGTT,TCATAGGTATCTCGC,,0.0,2,0,3,0
AAAACAGAAGCAAAGTCATTCGCAAACA,GAGAATGAAGGACAG,,0.0,3,0,1,1
AATACACTCACACAAGCAGAGGCACTTT,CTCGCTAATACTCCT,,0.0,2,0,0,0
GTCGCACTGGCACGTACAAGCGCAGTCT,CCAACACAGGCTTCG,,0.0,0,2,1,1
TACCCAACTCCATGTACAGTGTCAAGGC,AGTGTTAATCAGACC,,0.0,1,0,0,0
GCCGCAGCGACAGGCCCATCTGCAGTGC,GAACTCAGGTTCCAT,,0.0,2,2,0,0
TTTACAGCCTCAGATGCAGTGTCAGCAC,GAGAATGAAGGACAG,,0.0,4,1,0,1
CTTGCAAATACACCAACATTGCCATAGG,TCAACAACCTATGCA,,0.0,2,0,0,0
TGCTCAGATTCAGCTACAAGTTCAGGTC,ATCGTTGGCATTTGG,,0.0,2,3,0,0
TGTGCAACGGCAAGAGCACAATCAAAAA,CTTGATGGCTGAAAG,,0.0,0,4,0,1
AAACCAAGGGCAACTTCAGAGCCAGCTC,GCCCTCGAAACCTAT,,0.0,1,1,0,0
TTTACAGTCTCAACGCCATCAGCAGGTT,CGTCAAGACCTTCTA,,0.0,1,0,3,0
AGGGCACGGCCATGGACAGATACACGAC,CCAAGACCGTGTAAA,,0.0,0,1,1,0
AGCGCACAATCAGGCTCACCTTCAACGT,TATATTGAACTTTAC,,0.0,0,1,1,0
GACACAAAAGCACTACCAATGTCAGTGG,TCAAATGATGAGGAT,,0.0,2,0,0,0
GGGACAATGGCATTTCCAACTGCACATG,ATCGTTGGCATTTGG,,0.0,0,1,1,0
GAATCATGGACATCTCCAATAACATTAG,CTTTCTTGTGTATTT,,0.0,2,0,0,0
TTTACACGAGCACTCGCATCTACACAAA,TTTAACTCACCGTAA,,0.0,0,2,0,0
GATCCACATACAGGTGCAAATCCACCAT,TTTATAAATCAATAG,,0.0,1,2,0,0
ACATCAGAATCAGGTCCAAGGGCATTCG,CATTGTCGGACGCTT,,0.0,0,3,0,0
CGGGCACGATCAATGTCAAGTACATCAG,TGATCATCACGGGAC,,0.0,0,0,3,0
TGCACACGTTCATGAACAAGCTCAGTTC,ATGAAGTTCATAATG,,0.0,2,0,0,0
AGGACAGTCGCAGTGACACACTCACCTG,ATGAAGTTCATAATG,,0.0,2,0,0,0
AGCCCATAAGCAGTAACATCATCACGCT,CTTGATCAATCAAAA,,0.0,2,0,0,0
TCCTCAGGCACAGTTACAACAGCAATGT,CTATGCATTTACTCA,,0.0,0,0,0,2
TGTTCATAACCAACAGCACGTTCACAGT,TTTAACTCACCGTAA,,0.0,1,0,0,0
CACACATTTGCACGGACAGGGGCAGGTT,GTTTGTTTTGGGAAA,,0.0,1,0,0,0
ATCCCACTAGCACTAACAATAACAACCG,TCAAATGATGAGGAT,,0.0,0,1,0,0
GGTCATAGACATGGGCAAAAACAATAA,TTAGTCTTTCCATCA,,0.0,0,1,0,0
GATCCATAATCAGCGGCAGAAGCACCGA,CGAACAGAAACACAA,,0.0,0,0,1,0
CTAGCAACATCAGCCTCACGAACAAACT,ATTATCATCGCCATC,,0.0,0,0,1,0
TACCCATAGACATTGACATGTTCAACAA,CTTGATCAATCAAAA,,0.0,0,0,1,0
GACACAGTTACACATTCATCAACATCGG,TATATTGAACTTTAC,,0.0,0,0,1,0
GAGCCAGCCGCAAAGGCAATAGCAGGAA,GCTGCTTATGAGGAT,,0.0,0,0,1,0
GAAACAGTATCACGGACAGTATCAACTC,ACCACCGGTCCTGCC,,0.0,0,0,0,1
GCTGCACAACCACGTACACAGTCACATA,GCTGCGGAGCCTCAG,,0.0,0,0,0,1
CAGACAAAATCACATCCAAAAACACCTC,ATTATCAAGTGCCAG,,0.0,0,0,0,1
GCAGCAGCGGCAGGGCCATTATCACAAC,AAAAGAAAAATGTAT,,0.0,0,0,0,1
CAGGCAGGGTCATCAGCAGCATCAGGTA,GTACAAGAAATTTTG,,0.0,0,0,0,1
ATAGCAAGATCAAAACCATGGCCAGAAC,TTTTGCATTTAGGCG,,0.0,0,0,0,1
GGCACATAAGCATAGCCACTAACAAATG,CATATGCATTCCTTG,,0.0,0,0,0,1
