BC,Edge,s,LL.ratio,TP2-2-T0,TP2-2-T1,TP2-2-T2,TP2-2-T3,TP2-2-T4
TATGCAAATTCAACAACATATACAGTAG,CCAGGATGTACCGCC,0.011752865131403367,0.0,10520,10217,5952,7956,8656
AAGACAATCCCAACCGCATATGCAGCCG,TCAGAGCATTGGCCT,0.03723570986680491,0.0,2487,2734,2006,4025,5671
ACTCCACCCGCAGTCCCACAAGCACTGT,GTACAAGAAATTTTG,0.020001347456971783,0.0,3524,3371,1988,3709,4033
GCAGCACCGGCAGGGCCAATTCCAACTT,CCAGGATGTACCGCC,0.009962405472292924,0.0,3653,3670,1986,2737,2798
ATTACACCCCCAAACACATCTGCACAGT,ACAACCTACCTGCTA,0.006753451624749818,0.0,3803,3364,1656,2590,2562
CTAACAGGGGCACGGACACAATCATTCG,CTCGCTAATACTCCT,0.013491684947494264,0.0,3231,3280,1800,2527,2850
TACACAAGATCACTATCAGCAACACACT,ACCACCGGTCCTGCC,0.005694870611068636,0.0,3681,3152,1757,2191,2377
AATCCAACACCACCCCCACCGTCATGAC,CCAGGATGTACCGCC,0.014812959963372563,0.0,2741,2680,1418,2423,2549
GACGCAGTCACACAATCAGGTACAACTC,GTTGGGCGCTTAAAG,0.005985547858182572,0.0,3242,2838,1385,2042,2118
CCTCCAAGGACAAGGTCATAAGCAACCC,GTTGGGCGCTTAAAG,-0.0008588599674700711,0.0,3319,3002,1540,1459,1649
TATACACGGGCATAGCCATCGGCACGAG,ACAGTTGACGGACAG,0.007417990029911271,0.0,2716,2490,1307,1886,1879
CCGCCACACCCACTTACAAAGCCATTAG,CTCGCTAATACTCCT,0.011159497236530348,0.0,2504,2546,1460,1702,2012
GTTCCAATGCCACACACACGTGCAGAAC,TTTTGCATTTAGGCG,0.00377958712092682,0.0,2879,2475,1220,1651,1722
GATGCATGCTCATCTCCACACGCACAAC,AAAACATTATCAAAG,-0.0009859879760323877,0.0,3079,2328,1086,1638,1522
ATACCAGGTCCAGCACCAGCGCCACGCC,TTTATAAATCAATAG,-0.002296273138831639,0.0,2878,2522,1226,1517,1350
GGAACAGGCGCAAAACCAATTGCAATCT,CGATGATGATGATGA,0.0013447959493049551,0.0,2757,2244,1185,1524,1496
AATCCACACTCAGGCGCAATGACACGTA,CCAGGATGTACCGCC,0.0181645658473504,0.0,1941,1982,1097,1856,2064
GCCGCACTAGCACGTCCAATCTCATGCC,TTTTGCATTTAGGCG,0.001762040491609518,0.0,2570,2120,1162,1543,1418
TTAACATTTCAAGGGCAGAGACACAAG,CGATGATGATGATGA,-0.006922967891471543,76.60804464535795,2791,2308,1197,1056,1088
GCGTCAGCTACAATACCAACTGCAAACT,ACCACCGGTCCTGCC,-0.0011447193093637618,0.0,2610,2154,1067,1287,1282
CGCCCAGGTGCAAATCCAGGTACATCCA,TCAAAACGGAGTGTT,0.0034035918265867496,0.0,2388,1993,958,1454,1407
AACTCAAAATCAGTAGCAAATACAGATA,GTTGGGCGCTTAAAG,-0.003312831748757083,0.0,2600,2103,1155,1030,1171
CCGACATATCCAAACGCAACGTCAAACA,TCAAAACGGAGTGTT,-0.0015967688574798694,0.0,2498,1986,1026,1198,1205
GCCACAATTCCATCGTCATATACATGGG,ACAGTTGACGGACAG,0.007070872183912636,0.0,2134,1866,966,1431,1456
AGGTCAGAGGCATTGTCAACTGCACAAG,TCATAGGTATCTCGC,-0.0041284711662018195,0.0,2544,1936,994,1135,1109
CCCGCAGGCGCACTTTCAAGCCCAGCAT,AGTGTTAATCAGACC,-0.010681283458285862,0.0,2564,2230,1060,890,860
GAGCCAGTGACAGAATCAAATGCACTTT,GCTGCTTATGAGGAT,0.004016090043680743,0.0,2100,1851,931,1325,1268
CAAGCATTGGCAGCCCCAAGATCACCCC,GTTGGGCGCTTAAAG,0.0020156687726105792,0.0,2135,1957,1014,1094,1190
TGCTCATGGTCAAGGTCATCAACATTGA,TCATAGGTATCTCGC,0.0023108133096643503,0.0,2172,1641,787,1190,1225
TTGTCAGGTCCAGGGGCAGGTCCAGAGT,ACAGTTGACGGACAG,-0.011556749993999749,238.66323469200506,2325,2089,1113,668,753
CCAGCATCATCAAAGCCAAGACCATGTA,TCATAGGTATCTCGC,-0.013227596097451578,104.85214485954202,2489,1915,937,762,754
GCTACACAGACAGTCTCAAAGACATGAT,GTTGGGCGCTTAAAG,-0.001545697228991083,0.0,2135,1766,876,978,1032
GGAACATGTGCATCCTCAGGTGCACCAT,TATATTGAACTTTAC,0.010483851559940081,0.0,1675,1508,797,1382,1310
TGGACAACACCAGCGGCAATCCCACTTC,TCTTGGAGGTGAATG,-0.01221738722424327,0.0,2308,1820,854,810,728
GAGACACTATCATCAACAGCTCCAATAA,TCAAAACGGAGTGTT,-0.004582401849392259,0.0,2051,1692,867,910,878
CTGGCACTTACAAGGGCATTATCACACT,ATGGCGATGGTCTTG,-0.01037393329985107,0.0,2194,1729,826,757,745
AGATCATCATCACCTCCACGCACACACA,TATATTGAACTTTAC,0.009118660972415836,0.0,1557,1408,653,1214,1153
CCCGCAATACCATGTCCACAACCAGTTT,TCGATAGAATTTACT,-0.0036347230534635394,0.0,1869,1622,726,851,831
GCAGCAACAGCATGAACACACTCACGTT,ACAACCTACCTGCTA,0.005836680593151467,0.0,1643,1375,699,1100,1067
GTTCCAGCCACAAACCCAAGGTCATCTC,ACCACCGGTCCTGCC,-0.0035587655788754335,0.0,1814,1622,766,857,809
GTACCAGCCGCACTGGCAGCATCAAGTC,TCTTGGAGGTGAATG,-0.0032308842117822036,0.0,1932,1437,698,875,873
ATTTCACGGTCAAGGGCATGAACAGTAC,TCATAGGTATCTCGC,-0.0004668940667372002,0.0,1920,1339,665,904,969
ACATCAATCCCACTCACAAGTGCATGTC,TCAAATGATGAGGAT,-0.025220908577752464,0.0,2512,1562,563,662,471
AACGCAGTTGCAAATGCAACTGCAGTCC,TGATCATCACGGGAC,-0.03227162590769807,0.0,2489,1724,756,395,352
TGGGCACGGACATACTCAATGTCAGCTA,GTCACCGGCACTAAC,0.004584745093392784,0.0,1627,1341,659,1014,1005
ATGTCATACCCAATTTCAGAGTCAGGTG,ACAGTTGACGGACAG,0.007313303687779593,0.0,1437,1273,711,921,990
CCGTCAAAGACATGACCAGTGTCATAGT,TTTATAAATCAATAG,-0.005725237888384205,0.0,1675,1486,722,718,685
GAGACATCCGCAGTAACAATGGCAAAAA,TCAAAACGGAGTGTT,-0.002738342443314513,0.0,1686,1361,789,670,777
GAAGCAAGCCCATGACCACAGGCATGAT,ACAGTTGACGGACAG,0.0016988162818686872,0.0,1539,1321,714,796,847
CGCTCAGGTACAATTGCATCCTCAAGAG,CTCGCTAATACTCCT,0.01601410461031839,0.0,1071,1109,623,801,1045
TGTGCATACGCAGTTCCAGGAGCATGGG,TCGATAGAATTTACT,-0.012224298447101746,0.0,1630,1348,625,529,514
TGGACACGGCCAACTACACCGACACAAC,AAAACATTATCAAAG,-0.0028180286067800544,0.0,1502,1174,544,654,690
GAATCAATAGCACTGGCAAAGGCACATC,TATATTGAACTTTAC,0.005670107887972342,0.0,1237,1050,552,809,798
CACGCAGGGACATTATCAAACCCACGCC,ATGGCGATGGTCTTG,-0.004004865122921963,0.0,1381,1136,572,649,605
CAGTCAACACCAGGGTCATTCCCATTCT,ACAAGTTTTACAGTT,-0.03725653801849057,0.0,2037,1257,426,335,236
GTTCAATTACATAGCCAAAGCCAATCG,GTTGGGCGCTTAAAG,0.002323394391940614,0.0,1299,1034,526,661,733
CCGCCAACCTCAATACCAGTCACACGGC,TTTTGCATTTAGGCG,0.0017132709236068796,0.0,1184,1071,516,639,652
TACCCACGAGCAGAGTCAAGCACATAGA,ACAACCTACCTGCTA,-0.009167724551171352,0.0,1347,1138,547,528,480
GAAACATCTACAAACTCAGTCGCAACAG,AATGATACCATTTTT,-0.008075010667067806,0.0,1327,1097,529,540,494
GGACCACCCGCACTGACAATACCACATC,AATGATACCATTTTT,0.0009811284227698612,0.0,1150,986,460,726,615
ACGGCATTACCAGGGACATATTCACCCT,AGTGTTAATCAGACC,-0.011530552778985969,0.0,1425,1039,418,575,462
AAAGCACACCCAACGACAGGCTCATGCA,ACAGTTGACGGACAG,0.0030703949909052786,0.0,1118,948,531,657,650
AGATCATCCACAGATTCAGGTACAGGTG,TATATTGAACTTTAC,0.0046878134026294375,0.0,1106,921,484,679,686
ATTGCACAACCAAGAACACGTGCATAGG,TATATTGAACTTTAC,0.0041467919487986,0.0,1061,909,528,639,644
GCACCACACTCATATTCAGCTACACTCA,TCATAGGTATCTCGC,0.002198976680483489,0.0,1163,853,420,687,653
AGTGCATCATCAGCACCATAGTCAAGTC,TCTTGGAGGTGAATG,-0.00992174048072475,0.0,1368,902,435,523,473
AAGACAAGTACAAGCGCACCACCAGAGT,ATGGCGATGGTCTTG,-0.017135266286717278,0.0,1374,1032,469,356,356
GGGTCAACTTCAGTAGCAATAGCAGTGT,GTTCAGCTTTGATCG,-0.024394253038706938,0.0,1517,932,363,395,294
AGAACAACGCCAAGTGCACCCGCAAACT,TCAAAACGGAGTGTT,0.0006233832292956596,0.0,1030,855,437,523,543
GCTGCATCGGCAGATTCAGTGACAACGT,GTCACCGGCACTAAC,0.010220792322025296,0.0,889,791,424,595,688
AATTCAAGCACATGAACAGGATCATGCT,GTTGGGCGCTTAAAG,0.0046331836432199295,0.0,963,818,451,527,596
ATCCCAATTTCAAGACCAAAGCCAGTCC,GCTGCTTATGAGGAT,-0.00392881276949103,0.0,1040,925,451,414,457
TTCACACATTCAAAGCCACAGTCAACAG,AGTGTATGATAATAT,-0.009807115994998051,0.0,1094,915,484,345,380
GAGGCATAGCCAAGATCAAGTTCAGTCC,TCAAAACGGAGTGTT,-0.000700177252459311,0.0,956,791,440,534,478
GGCACATTGCCAGCTTCAGTTTCACGGG,GAGTGCTTCAAAGTT,-0.019834847456103456,0.0,1234,873,375,424,287
CACGCATGCGCATGACCATGGACATATG,ACAAGTTTTACAGTT,-0.03397378390337746,0.0,1476,838,311,306,195
TAAACATGTGCATCTGCAAGAGCAGGTC,AGTGTATGATAATAT,-0.012628769336939627,0.0,1012,903,449,396,314
GGTCCAGTGTCACAGGCATGTGCACGGC,TCGATAGAATTTACT,-0.005157612414815038,0.0,992,796,329,516,415
CGCGCATGGACACAATCATGGTCAGCAT,ACAGTTGACGGACAG,0.009871244018041549,0.0,798,675,357,589,609
ACATCAACGACATAATCAGGCGCACTCC,AAAAGCGACATTTCT,-0.013965883529013567,0.0,1105,835,361,385,325
GGATCAAATTCAATCCCAAAGGCAAAAA,TCAAAACGGAGTGTT,-0.0050444091269252435,0.0,978,816,411,335,411
CTACCAGCCGCATAAACAAGACCAATCT,GTTGGGCGCTTAAAG,-0.013107691790864252,55.37469879026321,1048,811,425,316,319
TCATCAGAACCACACCCAGTACCAGGTA,AAAAGAAAAATGTAT,-0.012033205484604282,0.0,1070,799,394,311,340
CCATCAGCAACACAATCACGGCCAGTGT,ACAGTTGACGGACAG,0.007489157784517764,0.0,774,702,356,523,537
GCGCCAATCGCAGGTTCACCGACACCTG,TGATCATCACGGGAC,-0.01266454170076673,0.0,1078,724,333,401,334
CTCTCATTCGCACTTCCATGCACAAATA,CTAAGCAGTCTTCTC,-0.06990528035050823,0.0,1593,856,209,133,50
GGTCCAGCTTCACAAACAAGGCCACGAT,TCAACAACCTATGCA,-0.009174561423442607,0.0,960,796,376,357,342
CCAGCAACTACATGTTCATCATCAGGCG,GTTAAATCAACAGTT,-0.049887185802225745,14.71906675446644,1359,843,325,198,95
ACCGAGATGCAAGGTCATCGTCATGTC,AAAACATTATCAAAG,-0.001983910918165643,0.0,939,627,362,439,446
ACGACAGCGGCACCCACAGTGGCACTAC,GGTTGCCCAGAAGTA,0.002201217866905048,0.0,837,704,334,425,470
TGGCCAGATGCACCTCCAAGGTCACTAG,TTAGTCTTTCCATCA,4.229177615943064e-05,0.0,763,711,310,410,393
TAAGCAATTACAGTCACACAATCACTCC,AAAAGAAAAATGTAT,-0.006747712962078466,0.0,861,683,300,373,338
AGGCCAGGTCCAGCACCATCTACACCCT,TCAACAACCTATGCA,0.0023568106432178782,0.0,715,664,301,468,404
CCACCACAGCCAACTACATTCTCAGCAA,GCTGCTTATGAGGAT,0.002955731360785541,0.0,743,584,331,391,430
ATGTCACGCCCAAAGTCACCTCCACAGG,AAAAGAAAAATGTAT,-0.007892229063753831,0.0,808,736,292,338,303
GGACCAAAGGCACTTACACACTCATCAG,ATAGAGCGGCGTTGA,-0.045769008188965905,0.0,1189,667,216,175,98
GCCGCAAGCGCAGTCACAGGAGCATATC,AATGATACCATTTTT,-0.015370465521057109,0.0,820,697,314,248,228
TGCGCATTTGCACAAACACCCCCATCCA,TCAAAGCATGAAAAA,-0.025709092218310005,0.0,1017,620,194,259,187
TGTGCATCATCACGGGCATTTCCATCGC,ATTATCAAGTGCCAG,-0.008884594030877501,0.0,788,573,253,302,284
GCAACACACACACCACCAGCGGCAAGCA,TCGATAGAATTTACT,0.0026092447544831306,0.0,650,482,253,438,371
GACTCACTGACAAAATCAGAGTCACAAG,GCTGCTTATGAGGAT,-0.0038369139669728004,0.0,653,604,328,286,288
AGGTCATGAGCACAGCCACCTACAGCTA,ACAACCTACCTGCTA,0.0003466745593171507,0.0,608,530,255,355,317
TAAACACTCCCAGCCACAGAAACACCAG,CGAACAGAAACACAA,-0.0512652464985485,0.0,1043,588,194,109,69
ACACCAAAGACAAACCCATGGACAATAG,ATTATCAAGTGCCAG,-0.01829201709113263,0.0,764,568,261,195,189
GGCACAGCCCCATCAGCACTGTCATACG,CGATGATGATGATGA,0.005963605018083384,0.0,550,413,230,397,359
GAGCCAGGTTCATGCGCATGCCCACGCA,GTTAAATCAACAGTT,-0.03731932666649395,0.0,848,556,220,195,98
ATAGCAAGCGCAAGCGCAGAAACAGTAG,AGTGTATGATAATAT,-0.015319655848413405,0.0,664,531,257,202,185
TTCGCATCTCCAGTGGCATGAACATGGG,TTAATTGCACTTATG,-0.01982603750429083,0.0,692,518,250,185,161
ATGCCACGCACAGGAGCACGAGCATGAC,TCAAATGATGAGGAT,-0.025608513241151598,0.0,780,437,207,185,144
GTTCCACTAGCACTTACACCAACAGGCA,CTTGATCAATCAAAA,-0.02124081488578623,0.0,705,433,191,218,155
TGTGCATGGACACACACACCAACAGTAC,CGATGATGATGATGA,0.008427668062155634,0.0,472,337,192,361,340
GGGGCAATTGCAAGAGCAAGCACAGATG,ATTATCAAGTGCCAG,-0.012078052671258933,0.0,640,409,205,217,203
ATGCCAGGCCCACTCGCACCGACAGACA,TAACCTCGCGCTGAG,-0.02167666185091345,0.0,685,430,170,190,148
CACACAGACTCAGATTCACCACCATGGC,TAACCTCGCGCTGAG,-0.031022555896016404,0.0,713,470,172,156,106
TGAGCAGTTTCAAAATCATGGGCAATGC,CTTGATGGCTGAAAG,-0.034315718870442366,0.0,752,473,171,115,98
CAGCCAAGGACACGAACACGAACACACC,ACAACCTACCTGCTA,0.00954333389650487,0.0,389,393,222,295,293
GCGCCAGTCTCATGCGCACGCGCAACTT,GAGTGCTTCAAAGTT,-0.031514967493249016,0.0,638,456,234,137,93
GCAGCATCAGCACCCTCAACGCCAGCAC,TCTTGGAGGTGAATG,-0.011941957267775817,0.0,555,406,214,184,177
GCCACAAAATCACGGTCACACACAAGAC,TCAAAGCATGAAAAA,-0.03264382472710624,0.0,689,471,156,122,96
ATTCCAGTGTCAATGGCAACTACAGGGC,TTTTGCATTTAGGCG,-0.008786084814034279,16.076476987953356,503,357,199,204,182
CCCACATAAGCAAGGTCATAAGCAAAAG,TAACCTCGCGCTGAG,-0.045005793832644615,9.79213491367409,659,437,165,105,56
TATGCACGAACATGCACACTCGCAGCAT,ACCACCGGTCCTGCC,0.005524442309993106,0.0,382,309,161,261,245
ACTGCAGTGCCAAGGTCACCGACACTTT,ACAACCTACCTGCTA,-0.0049180748709137245,0.0,438,352,161,202,185
ACAACACCTCCAAGAACACACGCAAGAA,GTTAAATCAACAGTT,-0.0293895051490546,0.0,586,400,151,107,93
AGGCCATTTCCAATAGCAACCCCAATAC,TCGATAGAATTTACT,-0.0057169446390130775,0.0,440,336,174,204,180
AGTACACATGCACAGACAAGCGCAGATG,ACAAGTTTTACAGTT,-0.027070418902702245,0.0,603,382,141,85,105
GGGCCATTCACAGGAGCAGAGTCATCTG,AGAAGACGACGATGA,-0.034335317024107116,0.0,599,380,137,101,78
GACGCACACGCACCAACATTCGCAGACA,CTTGCAAGTGTAATT,-0.07319985766734949,0.0,836,290,49,54,23
GAGTCAAGTCCAACCTCAAACGCATCAA,CTTGATCAATCAAAA,-0.019659297724242433,0.2786098216056416,491,367,160,115,115
AAGCCAAGCGCACGTCCAGTTACATAAG,AGTGTTAATCAGACC,-0.011075470252252917,0.0,421,342,151,156,139
GAACCAGGAGCAACAGCATTAACAGTAC,TCAAAGCATGAAAAA,-0.025172032706857382,0.0,511,352,121,113,96
TGTGCATTGACAGGTGCAAACTCATTAA,TTTAACTCACCGTAA,-0.04690298739693898,3.9496161713898346,584,310,103,81,46
GTGGCACGGACAGTGCCACTTACAACCA,CTTGATGGCTGAAAG,-0.047079709644098106,9.440543881830308,537,345,107,66,42
GGTCCACCCTCAGCAGCACGGACAGGTT,CTAAGCAGTCTTCTC,-0.06464847187253156,0.0,568,310,86,66,22
AAATCACGGTCATGGGCATCCGCACGAT,AGAAGACGACGATGA,-0.034822183917861155,0.0,462,293,106,98,59
GCCACAGTAGCAGATCCACCAACATCAT,AGTGTATGATAATAT,0.0020326499968819417,23.962538830824087,303,239,120,182,169
CGCGCACTAACATGTGCACTACCATACC,AGAAGACGACGATGA,-0.030799497360607705,0.0,460,283,92,86,69
ACAGCACCGACATGCACAACGTCACGTA,TCAAAACGGAGTGTT,0.00889295078433464,15.62976304177755,248,241,100,217,182
GCGACAATCACAATTCCACGAACATTGG,CCGTTAGTATCGCTA,-0.1284959910446857,0.0,730,224,24,5,2
GCATCACTTGCACAACCAACCCCATAAC,TCAAATGATGAGGAT,-0.024971959756916583,0.0,433,249,105,104,82
GGGGCAGGGTCATCTCCACCATCACTCG,TCATAGGTATCTCGC,0.0010011593286660793,0.0,284,236,127,170,152
TAAACATAGACAGCACCAAAGTCATGGA,GAGAATGAAGGACAG,-0.024827199653548966,0.0,462,269,77,69,88
CTTACAATGACAAAGGCATTCCCACAAC,CTAAGCAGTCTTCTC,-0.06501548300763697,0.0,524,296,73,41,20
AGGTCAACCGCATCTACATAATCACCAT,GAGAATGAAGGACAG,-0.01714715329552149,16.622300986818118,390,239,91,114,101
TTGCCAAGCGCAGGAGCAACTCCAGGCT,CTTGATCAATCAAAA,-0.0450615203057209,11.19818238152402,401,294,135,53,34
GCATCACGACCACCATCACCCTCAGATG,CTTGCAAGTGTAATT,-0.08184475919716244,0.0,565,212,50,34,11
GACACAGTGTCAAAACCAACCACAATGC,TAATATTGTTTTGCG,-0.10748491374394982,0.0,627,179,17,13,5
ATGGCAAAGCCAACTGCATTAGCACATA,TCGATAGAATTTACT,0.0032179729876654507,0.0,277,178,96,114,162
CGGACATGGACACGAACATCAGCATTTA,AAAAGAAAAATGTAT,-0.020058189017553484,0.0,295,219,93,92,68
AATCCAGTCACACCGTCACAGTCAACAA,TTTAACTCACCGTAA,-0.03556051439141917,0.0,371,202,66,81,46
GGGTCATGGACATGTGCAATTGCAACAC,TCAAAACGGAGTGTT,0.013270693821349476,22.758892974320588,183,171,80,171,160
GCATCAACAGCACCTGCATGAGCACCAG,CTTGATCAATCAAAA,-0.012837872647001834,2.412111842557806,312,201,64,88,96
TGCGCAACTGCAACCGCAAGCGCATGGC,CTAGTTGTATAGCCA,-0.14727956327615507,0.0,620,117,14,4,0
GTGTCAGTACCATGGTCAACCACAAGAA,CCAACACAGGCTTCG,-0.04632650718564728,0.0,397,191,80,55,32
GTACCAAGAGCAGGTACATGGGCAACTC,TCAAATGATGAGGAT,-0.04496782875321487,17.74462098711001,376,226,72,48,32
GGACCAAAGTCACATGCATAAGCATCGA,TCAAAGCATGAAAAA,-0.02264720934644139,0.0,332,200,68,75,69
GAGACAGCAGCAGGTACATAGTCAGTAA,TCAAAGCATGAAAAA,-0.03187598459711888,0.0,348,202,52,81,50
GATCCATGGGCAGTGCCAAAACCACTCT,ACAGTTGACGGACAG,0.008910115220298997,0.0,192,166,106,114,141
AAGTCACCTTCAGCTTCATAAGCATCAC,TCAAATGATGAGGAT,-0.04207638784461311,7.534372184486529,314,208,66,58,30
CTGTCAAAATCAGCTACAAAACCAACGC,CCAACACAGGCTTCG,-0.06003859797661758,5.908879493052154,365,207,72,12,17
TGAGCATCCACAAAGGCATGCCAATGC,CCAAGACCGTGTAAA,-0.0026242032808625367,0.0,216,157,88,103,100
CAGTCATTCCCAATAGCACAGTCAAACG,ACAGTTGACGGACAG,0.007496025601968593,0.0,183,176,70,94,127
CAAACAGGCTCAACATCACAGCCATCCA,GCTGCTTATGAGGAT,0.00685056076903875,0.0,173,146,82,122,117
GCATCAGTGCCACCTGCATCTACAACGT,TGGAGTCTTTGTTGA,-0.04006394358830082,0.0,338,155,61,44,35
ACGTCAGCGGCACATCCATCGACAAGTA,CTTGATCAATCAAAA,-0.03321213829083517,0.0,279,162,76,77,38
GGCCCAATCCCAAAAGCAATCGCATGGT,GCTGCTTATGAGGAT,-0.016519343991735255,20.803994536857317,241,171,62,72,64
ATATCAAAAGCAGCAGCATATACACTCC,CTTTCTTGTGTATTT,-0.21988138613578787,0.5220850715654706,551,51,5,0,0
CGCGCAGCGCACGTGCACCGACAGTTC,TGGAGTCTTTGTTGA,-0.04766189895895382,0.0,301,163,57,34,23
TAGGCACGAACAGGCACAACTTCAAAAA,TGGAGTCTTTGTTGA,-0.06824945612810498,10.399071791914821,328,150,46,14,11
AGGACACGTGCACCAGCAGGGACACGGA,TTTAACTCACCGTAA,-0.023398239307550285,2.5120893887442435,238,137,70,54,48
CTTGCACAGCCATTGTCACGCCCATAAA,GAGAATGAAGGACAG,-0.06534296097520845,4.7562718142889935,292,143,54,43,11
AGACCAACATCATTAACAGCACCAAGCT,CTTGATGGCTGAAAG,-0.03759784024769874,0.0,280,123,55,52,32
ACGTCAGCCTCACCACCAAAGCCACACA,TAATATTGTTTTGCG,-0.12278460507198033,0.0,407,116,15,2,0
TGATCAGGGACATACCCAGGTACACAAC,AAAAGAAAAATGTAT,-0.03068560194721121,9.662853445789551,219,151,82,54,33
GAACCAGGTGCACTACCATCGCCAATTT,GAGAATGAAGGACAG,-0.03650277468123891,0.0,268,140,51,32,32
CGCCCATAGACAGTGCCATTATCAAACG,AGTGTTAATCAGACC,-0.032953939766634,0.0,218,155,68,51,30
GGTTCAGACACATGAACACAGACATGCC,CTTGATGGCTGAAAG,-0.02863719657677163,0.0,214,122,72,77,35
CGAACAGGAGCATGTTCACAGACATTCG,TCGAAAGCACAGTAG,-0.12387820881291375,2.163005283937423,416,78,15,8,2
TAGGCATGAGCAGTAACAAAAGCAAATG,CCAACACAGGCTTCG,-0.06120938046872006,4.937457959987455,270,177,36,16,12
AAAACACGAACATCAGCATTACCATCTG,CTTGATGGCTGAAAG,-0.02944186373916916,0.0,221,130,46,53,35
AGTCCAAGAACACCCACATTTGCATGCA,GAGAATGAAGGACAG,-0.032448446555402646,0.0,235,124,43,49,33
TGCACAAGCACAGCGACAGGACCAGATC,TTTTGCATTTAGGCG,0.00793994075215284,0.0,109,154,43,90,77
TACCCAGTCGCAGGAACATAAGCAAGGA,TAACCTCGCGCTGAG,-0.03883067308621141,0.0,239,142,36,23,26
AATTCAGTGGCACAGTCAAGAGCACCAT,ACAAGTTTTACAGTT,-0.031080173925452315,0.0,209,121,56,46,31
AGGTCATAATCAGTATCACCCGCAATGT,GAACTCAGGTTCCAT,-0.018566511896982024,0.0,188,117,36,57,46
AGTTCACTCCCAAAAGCAAGAGCACGCG,TCAAAACGGAGTGTT,-0.002733818238808106,0.0,128,133,58,63,59
AGATCAATCTCATAACCAAGACCAGTAA,CTAAGCAGTCTTCTC,-0.0813197560835142,0.00760251818519464,220,149,43,10,7
TAGCCACGCGCAGACACAAGATCAAATC,TCAAAACGGAGTGTT,-0.048709598428713044,68.3563855274183,232,95,42,28,17
ATCCCACGGGCAAGCGCACTGACACAAT,CTAGTTGTATAGCCA,-0.12750237263424974,0.19112871853008073,328,50,11,1,0
TTTGCACGGTCAGTTACAAGCACAAAGG,AGTGTTAATCAGACC,-0.04151754661741852,0.0,174,129,41,25,17
CAACCAAACCCAGATGCAATCGCAACCA,CCAACACAGGCTTCG,-0.037902103638205134,0.0,186,117,37,14,21
GGTTCAAAAGCATAGTCACATTCACGTA,GAACTCAGGTTCCAT,-0.02627268892576963,0.0,178,94,31,35,32
ACCACAGCAGCACCGGCATGGGCATATG,ATCGTTGGCATTTGG,-0.03071872184607157,15.6960463819172,206,72,23,30,31
GTTGCAACCGCAAAAGCAATATCACCTC,ATTATCAAGTGCCAG,-0.008222484857173997,0.0,127,73,49,47,47
GCAACAAACACAGCGACATCAACAGAGT,CTAAGCAGTCTTCTC,-0.05926756913319268,0.0,193,96,25,17,7
CCTCCAGGATCATCAGCATGAACAGTAA,TCGAAAGCACAGTAG,-0.16326430608761208,0.0,276,45,8,1,0
AATGCACTTACACCCACAAAATCAACAG,CAATCTTGAATTGAT,-0.06239743865876357,0.0,212,71,23,17,3
CCGACAGCGGCACAATCAATTTCATGGG,AGATTCATCCCATGG,-0.06839510257017906,0.0,192,88,21,6,7
TTAACACTTGCATGTACATCGTCACGCG,CTTGATCAATCAAAA,-0.04765497662746837,5.167750942450311,157,73,27,34,12
GTATCATATCCAGGCGCATCTCCACCTA,CTAAGCAGTCTTCTC,-0.04312876457378946,4.2318812003186395,131,105,21,16,12
GGCGCAGAGACATTTACAGGTGCACGGG,GAGAATGAAGGACAG,-0.036483128314805456,0.0,159,72,17,14,19
TGGTCATTATCAATTCCAACGACAGGTG,GAGAATGAAGGACAG,-0.055037844071371904,1.8875612893674543,150,66,42,15,8
CAGCCAGTGACAGTCCCATGAACACCCT,ATTAATACTTTGCAG,-0.1214955220994546,0.0,206,51,6,7,2
ACACCACAGTCATCGCCAAAGCCAAGTG,CTTTCTTGTGTATTT,-0.20806677834030812,0.0,240,25,3,0,0
TCCACAGGACCAAGCCCATTCGCACGAT,AGAAGACGACGATGA,-0.04247846428844532,0.0,117,92,30,15,11
AGGACAATACCATGGTCATGCTCAATCT,CAATCTTGAATTGAT,-0.058963945259917994,0.0,135,86,22,12,8
TTTTCAAGCTCACTAGCACTCTCACTGG,CTAGTTGTATAGCCA,-0.19160458037085268,3.2899075687628283,228,28,3,0,0
TTATCATCCCCAGCAGCATTCCCAGTGG,TATATTGAACTTTAC,0.0003948883140005074,0.0,67,62,39,44,35
CATTCAAACACACTAACATGATCAACAC,AGATTCATCCCATGG,-0.059209948836505426,0.0,136,79,15,12,2
AGAGCAATTGCATCTTCAGCCCCATGGC,CTGATTTGTGCTGTC,-0.02893477593583088,0.0,99,72,29,26,16
TACACAATATCATCTGCAGGTACACCAC,CCAACACAGGCTTCG,-0.03630054679958718,1.7886691239255015e-08,114,73,21,20,6
GAGCCACCGTCAACATCAGAAACAAGAA,CTAGTTGTATAGCCA,-0.1390804678044326,0.0,183,38,4,1,0
CAGTCACAGGCACAGCCAATGCCAGATG,GAGAATGAAGGACAG,-0.00944755867629316,10.82666889627967,105,35,14,34,37
AGGTCAGCTGCAGAAACAGAAACACACC,CTTGATCAATCAAAA,-0.04017464487619413,1.5678663615975665,97,68,32,18,10
GTCCCACGCACAAAGGCACAATCAAAGG,CTTGATCAATCAAAA,-0.03721023558429962,0.0,112,57,15,16,13
GCTCCAAATTCACAAACATATCCATTTC,CTATCAAGGCTTAAT,-0.14889672191798262,0.0,170,32,2,1,0
GAAACAACGCCAGCTCCAGTGCCAACGA,GCTGCGGAGCCTCAG,-0.14847839082683426,1.3902487925880678,164,31,3,0,0
ACGGCAATAACAGTAGCAAGTGCACCCC,GTTGAACTGGTTGTT,-0.03472459108084934,0.0,78,59,22,25,10
TGGCCATTCTCACAAGCAGATCCAATGG,ATCGTTGGCATTTGG,-0.08084231243312619,0.0,129,42,11,4,4
GTCTCACCTTCAAGTCCAAATACAACTT,CTTTCTTGTGTATTT,-0.19411662237920532,0.0,167,20,1,1,0
GATGCACGCCCACGGGCACTGTCAAGCA,CTTGATGGCTGAAAG,-0.021157935340308087,4.227829566028845,68,49,25,27,15
GCCGCACTAACAGCCGCAATATCAATTA,TACACCAATTACACT,-0.13685241021524802,0.0,146,31,2,0,0
CACTCAGCAGCAGAATCACAGGCATCCA,CATTTATGGCTATCT,0.007216562980666518,0.0,51,35,19,33,35
TGTCCAATGTCATGGGCACTAGCATCGC,GCTGCGGAGCCTCAG,-0.1354234625209669,0.0,130,28,4,2,1
TGTACAGGTCCACGTTCATGAGCATATG,GCTGCGGAGCCTCAG,-0.11507108607651118,0.026058887212286663,125,33,3,2,0
GGGGCACGGGCAACCCCAAGGACAGGCC,CAATCTTGAATTGAT,-0.07116649193932521,0.0,105,43,7,3,3
GAAGCAATCCCAAGTCCAATCGCATAGA,GTTTAGCTTCCGTTG,-0.13057402752710595,0.0,115,26,0,0,0
AAAGCAGGTCCAGCAGCACTGGCATGTC,TCGAAAGCACAGTAG,-0.1568104539738549,0.0,115,20,4,0,0
GTGTCACACACAAACCCAGTGCCAGGGT,CTTTCTTGTGTATTT,,1.080117222899844,126,8,1,0,0
GTGTCAACTTCAACAACATAACCAAGGG,TCAAAGCATGAAAAA,-0.012376801250686765,0.3056235179695932,55,38,22,5,15
CACGCATGATCAACAGCAAGTTCAACAC,GTGTGATTACTAAAT,-0.08964635643995678,0.0,94,32,3,0,0
TAAACAAGTCCAGATTCAATGCCACGCC,GCTGCGGAGCCTCAG,-0.16290132928255413,2.9307206455919186,110,18,0,0,0
TAACCACATACACAGTCACGGTCAGAGG,CTTTCTTGTGTATTT,-0.18983462266091264,0.05076833836199057,112,14,0,0,0
AGCCCAGGGACAAAAGCAACGCCATGTA,AGTGTATGATAATAT,-0.01641539373801869,0.0,45,34,20,13,12
GGTGCACACACAGCTACAATGACAAATA,TATGCCCTTCTTCTG,-0.017502521536512137,0.0,47,37,13,15,12
AAGTCATAGTCATATACAGAAGCACTGT,TCAAATGATGAGGAT,-0.04196785453582201,2.3381488322621635,62,34,9,6,9
TGCCCAACTTCATAGACAACACCATTAC,AGATTCATCCCATGG,-0.036252013151827175,3.246751103335612,62,36,7,9,4
CTTGCACGCCCATAGTCAATGGCAACTA,CAATCTTGAATTGAT,-0.06298349011456193,0.0,72,32,7,6,1
TGTACACATCCATGTGCAGAGCCATCTT,AGATTCATCCCATGG,-0.059906324247886646,0.0,72,33,4,0,0
GCACCAGGAGCACAACCACGTCCAGGAG,CTCTTGAGAATACTT,-0.14045319486696722,0.0,83,17,2,0,0
GAGCCACCAACACTCGCAATCTCAAGGA,GCTGCGGAGCCTCAG,-0.11798812380648904,0.0,78,20,3,0,0
TTAGCAAGGTCAGCTTCAAAACCAGGGG,ATCGTTGGCATTTGG,-0.09319057110495006,0.0,70,23,7,1,0
AACACAGGTCCACAGTCATACTCACTGG,GAGAATGAAGGACAG,-0.054841950966011056,2.1155851745388077,56,27,8,2,5
TGGTCACACTCACACGCACAATCACCCA,TCAAAACGGAGTGTT,0.003368315715638403,0.0,37,27,17,8,8
CGTCCACAGGCACGTACAAAGTCATGAT,CTTGATCAATCAAAA,-0.0035609924486688753,1.5656441572383528,40,28,16,7,1
TGATCACTCACAGGCTCATTAGCATCTA,TCAAATGATGAGGAT,-0.007697980311519463,0.7504082770734612,29,26,14,12,6
GGACCAGCGGCATGTCCAGGTACAACAC,CTCTTGAGAATACTT,-0.16836892891722358,0.0,71,11,0,0,0
CTGCCAGAATCACGGCCAGTAACAATAA,ATCGTTGGCATTTGG,-0.11238534065952291,1.2195722938361087,59,16,2,2,0
ACCGCAAGGACATGCTCATAAACACAGC,TCAAAGCATGAAAAA,-0.083050559660777,0.39407147184522273,44,16,6,5,8
AAGTCACATCCAACCTCAGCACCAACAC,TCGAAAGCACAGTAG,,0.8167959810202206,69,8,1,0,0
TTACCACAAGCAGTACCATGACCAGGGA,ACAACCTACCTGCTA,-0.008716867152397079,0.0,34,26,7,8,3
GTAGCAGGTGCACGACCACTGCCAGCTG,ATCGTTGGCATTTGG,-0.07571743235222197,1.2638038669195453,46,18,4,8,0
ATCACAGGAACATATGCAACCCCAGGCC,ATCGTTGGCATTTGG,-0.09175169735973993,0.0,54,18,2,0,2
AAGGCACGCGCACGCCCAAATACAAACA,GCTGCGGAGCCTCAG,-0.07864887111909963,1.5727082055413177,50,19,4,1,0
TGTGCAGAGCCATATTCACCATCAAGTG,GTTTAGCTTCCGTTG,-0.15153539743530206,0.0,60,11,2,0,0
GGGTCATTGCCATCTCCAAGCTCAACTA,TAACCTCGCGCTGAG,-0.00565102604056471,1.8317495283733933,25,20,10,11,7
TTGACAAGAACAATAGCAATGGCAAGAA,GAGAATGAAGGACAG,-0.03297303086952823,0.0,35,21,4,5,3
TCTGCAGCAGCAAGACCAGTTACAAGCG,ATCGTTGGCATTTGG,-0.089341942201834,0.0,41,14,4,5,2
TCGTCAAGCGCAACTTCATAACCAGCTG,GCTGCGGAGCCTCAG,-0.12658236678656162,0.0,51,12,0,1,0
GCCTCAATCACAAGGGCATACACAGGAA,GTTTAGCTTCCGTTG,,0.0,52,9,1,0,0
AACCCAATAGCACTGGCACCGACATCCT,AGTGTTAATCAGACC,-0.03495329359914603,0.0,34,20,3,1,0
ATTACAATGCCACACACATAGACAGCCC,ACAGTTGACGGACAG,-0.010818103857476813,0.64452884167099,20,11,6,11,7
TACGCAACTTCACCAGCACCAGCAACGA,GTTTAGCTTCCGTTG,,0.0,46,8,1,0,0
ATCGCACTCGCAGAGGCAACATCAATGC,CTTGATCAATCAAAA,-0.0030213778596497325,0.06496472956840194,21,17,5,6,3
CTCGCACGACCAACTGCAGGGACATATT,CATTGTCGGACGCTT,-0.028152820687740207,0.0,27,17,3,0,0
CTTCCACGGGCAAGGGCAACTACAACCG,GTTTAGCTTCCGTTG,,0.0,42,3,1,1,0
CCACCCGGTCACTTGCAAATTCAAATC,CTTGATCAATCAAAA,-0.02984777651911781,0.0,21,13,4,2,2
GTCGCAGGCACAAACCCATTCGCACCGG,AGTGTATGATAATAT,0.012232692400439877,4.83969786993913,8,12,1,8,11
ATAACAGCAGCAGCCGCAGAGGCAGAAG,AGATTCATCCCATGG,0.018109531507070994,0.0,16,16,2,4,0
AACCCAATGTCATTAACAAGCTCAGTGC,GTTGGGCGCTTAAAG,,0.0,6,4,13,0,0
CAAACATGTTCAACAACACCGCCAACAG,CGTCAAGACCTTCTA,,0.0,13,5,0,1,0
CACGCAGTGACAAGTTCAGCATCAACGC,CTATGCATTTACTCA,,0.0,15,3,0,0,0
TGGCCAGAAACACAGTCAAAATCAAGGG,TTTTGCATTTAGGCG,,0.0,5,2,11,0,0
ACTACACTACCATAGCCATCGCCACGGG,GTGTGATTACTAAAT,,0.0,10,7,0,0,0
TGGTCAGTCCCACAAACACGATCAGCAA,ATGGCGATGGTCTTG,,0.0,2,6,2,2,4
GGCCCAGTATCAGGTGCATTGACATCCC,GTAATCTGACTCTAG,,0.0,12,2,0,1,0
TTATCAAATCCACTGCCAGCAGCATAGT,GTAATCTGACTCTAG,,0.0,13,1,0,0,0
GAACCACTATCACGTACAGATACAGAGA,ATCGTTGGCATTTGG,,0.0,11,3,0,0,0
ACGACACAAGCAGACACATTAGCAGGTA,GAGAATGAAGGACAG,,0.0,9,2,0,0,0
GTAGCAACGGCAACGACAATCTCAGCAC,CGTCAAGACCTTCTA,,0.0,6,4,0,0,0
GGTTCAGGCGCACGCCCACGGACATTGT,TCAAATGATGAGGAT,,0.0,8,2,0,0,0
TGATCACGGGCACAGACACGTACAAAAG,ACAGTTGACGGACAG,,0.0,3,0,7,0,0
AGAGCAACCTCAAATGCAAAGGCATTGC,GGTTGCCCAGAAGTA,,0.0,1,2,6,0,0
TTCCCAACGTCAAATCCATCACCAGTCC,CTCTTGAGAATACTT,,0.0,6,2,0,0,0
GTGGCACCTACAGGTTCACAAGCATCCC,TCAAATGATGAGGAT,,0.0,0,2,6,0,0
TAGACACTATCAAGCGCATCGACAGTGC,ATAGTCGATTAAGAT,,0.0,6,1,0,0,0
CCCCCAAACGCAAGAGCATCTACACAAA,CATATGCATTCCTTG,,0.0,6,0,0,0,0
TGCACACTAGCAGGAGCATGATCATGCG,CTCTTGAGAATACTT,,0.0,6,0,0,0,0
GCGACAGTCGCATACACACTGGCAACTG,CATATGCATTCCTTG,,0.0,6,0,0,0,0
GAAACAGGACCAGATGCAGCCACAATTA,GTGTGATTACTAAAT,,0.0,4,1,0,0,0
GAAACAAATCCAAAGACAATTCCACCAG,GTTGGGCGCTTAAAG,,0.0,5,0,0,0,0
CCAACAAACCCAAATCCAGTAGCAGCCG,ATCGTTGGCATTTGG,,0.0,3,1,1,0,0
GGAACATTAGCACAAACAGTGGCAAAGA,CATATGCATTCCTTG,,0.0,4,0,0,0,0
CCCGCATGTGCATCTCCACAAACACGGC,CTCGCTAATACTCCT,,0.0,1,1,2,0,0
GAATCATTACCATAGTCAGGAGCAGCAT,CATTGTCGGACGCTT,,0.0,4,0,0,0,0
CCCTCAGCTGCATTAACACCGCCACTCG,CATATGCATTCCTTG,,0.0,2,2,0,0,0
CCGCCATTCACATAAACAGAGGCAGATT,GAACTCAGGTTCCAT,,0.0,1,1,2,0,0
GTCCCAGAGCCAAGCCCAGCCACACTAC,ACAACCTACCTGCTA,,0.0,3,0,0,0,0
GTCCCATAAACAAATTCATTCGCATGCG,GCTGCTTATGAGGAT,,0.0,3,0,0,0,0
GAATCAACGTCACTTGCACGCGCAACGC,ATAGTCGATTAAGAT,,0.0,3,0,0,0,0
GGTGCACCGACATCATCACAGACAATAG,GCTGCTTATGAGGAT,,0.0,3,0,0,0,0
GGATCAAATCCAACGCCAAGATCAGTCC,ATAGTCGATTAAGAT,,0.0,3,0,0,0,0
ATGACACGGTCAGAATCAGTCTCAAACG,ATTAATACTTTGCAG,,0.0,3,0,0,0,0
CAACACCATCACAGGCATTAACAACAG,CAAGGATCCCCGTAG,,0.0,3,0,0,0,0
AGTACAATATCAGATACAAAACCAATGA,CTTGCAAGTGTAATT,,0.0,3,0,0,0,0
GGCACAGATCCATATTCATCGTCAATTA,CTCGCTAATACTCCT,,0.0,3,0,0,0,0
GGAGCACAGTCATGGCCAACATCAATCT,CTCGCTAATACTCCT,,0.0,3,0,0,0,0
GTGCAATCTCAGGTTCAACGTCAATAG,ATTAATACTTTGCAG,,0.0,3,0,0,0,0
GCTCCAGGGACATGTTCATACACACCGG,TGGAGTCTTTGTTGA,,0.0,3,0,0,0,0
GGTCCATCAACATGTCCATGCGCAGCAC,ATATTGAGTAAGTAC,,0.0,3,0,0,0,0
AGTACAGAGTCAAAAGCACTGTCATCGC,CATTGTCGGACGCTT,,0.0,3,0,0,0,0
GCAGCAAGAACACCTACAGTACCATCAA,TCTTGGAGGTGAATG,,0.0,3,0,0,0,0
CGTACATCTTCAGTACCACGGACAAGCC,CTATCAAGGCTTAAT,,0.0,3,0,0,0,0
GCCACATTAACACCATCACAGGCAGAGC,ACAGTTGACGGACAG,,0.0,3,0,0,0,0
GCTCCAGTAGCAAAATCAAAGGCAATTC,GAGTGCTTCAAAGTT,,0.0,3,0,0,0,0
CTCGCAGTAGCAGTTCCATGACCAACAC,CATCAATGAGGCAGT,,0.0,3,0,0,0,0
CCTGCACGGTCACTACCAAAACCAACAG,GTTTGTTTTGGGAAA,,0.0,3,0,0,0,0
CTCTCACCTACACAGGCACTTCCAATTG,GTAATCTGACTCTAG,,0.0,3,0,0,0,0
AGCGCAATTGCAAGATCATCAGCAGGAG,GAGAATGAAGGACAG,,0.0,3,0,0,0,0
CAGTCACTGTCACCCCCACTGGCACATA,AGTGTTAATCAGACC,,0.0,1,0,0,2,0
GGCACATAACCAGGGGCAAGTACAATTG,GAACTCAGGTTCCAT,,0.0,0,1,2,0,0
CCAGCAACGATAAACAAGGCCATGTT,GTTGAACTGGTTGTT,,0.0,2,0,0,0,0
GCTGCAACGCCAAGTGCATATCCATTGA,GCTGCTTATGAGGAT,,0.0,2,0,0,0,0
TTCCCAAGCACATTATCAAGGCCAGTTA,GTGTGATTACTAAAT,,0.0,2,0,0,0,0
TATGCAATCTCAGGGGCAGGAACACCTG,TCGATAGAATTTACT,,0.0,2,0,0,0,0
AAAGCAATTACAAGCACAGAATCAAGGT,GCCCTCGAAACCTAT,,0.0,2,0,0,0,0
AATGCAAGACCAGGTACAAAGTCACACC,CATCACCGTGCTCAT,,0.0,2,0,0,0,0
GGTTCACCGACATCTCCAGGCGCAACGT,TCAGAGCATTGGCCT,,0.0,2,0,0,0,0
TGCACATTAACAGGTCCATCTACACGAA,TTAATTGCACTTATG,,0.0,2,0,0,0,0
GAAGCATAACCAATAGCAATGGCACAGC,TTTAACTCACCGTAA,,0.0,2,0,0,0,0
TAAACATGGGCATGGTCAAACTCATGTG,TCTTGGAGGTGAATG,,0.0,2,0,0,0,0
TTGTCATAGCCAAGGACACGCTCACTAC,ATAGAGCGGCGTTGA,,0.0,2,0,0,0,0
ACAGCAGGCGCAGAAACAAGGTCAAGGC,GTTAAATCAACAGTT,,0.0,2,0,0,0,0
TTATCAAAAACATAGTCATAACCACGAG,TGATCATCACGGGAC,,0.0,2,0,0,0,0
CCTACAACCCCAAGCCCACCAGCACAAT,GCTGCTTATGAGGAT,,0.0,2,0,0,0,0
GACGCACACGCATCCTCACAGCCATCGG,GCTGCTTATGAGGAT,,0.0,2,0,0,0,0
GGCACAGAGACAATCACAGTATCAGTAA,TCAAAGCATGAAAAA,,0.0,2,0,0,0,0
AATGCAAGGGCAGATTCAGGCGCATATT,CTGATTTGTGCTGTC,,0.0,2,0,0,0,0
GGAACATATTCAGTGACAGCAGCACGGC,GTTGAACTGGTTGTT,,0.0,1,0,1,0,0
GTATCAAGGCCATGGTAACATCAAATG,TTTATAAATCAATAG,,0.0,2,0,0,0,0
CCTTCAATGACAACGTCATGCTCACGTT,TATATTGAACTTTAC,,0.0,2,0,0,0,0
ACGGCAAATCCAGATACACGAACACTTA,CATCACCGTGCTCAT,,0.0,2,0,0,0,0
TCACCAGCCACACGGGCAGATACACCCA,TGATCATCACGGGAC,,0.0,2,0,0,0,0
TATGCACAGCCAAATGCACAATCATTCC,GCTGCGGAGCCTCAG,,0.0,2,0,0,0,0
AGGTCAATCTCATTGGCATATCCAATCG,AGTTTATAAAAAATT,,0.0,2,0,0,0,0
TCGCCAATGACACGCACAAGGCCACGAA,GCTGCGGAGCCTCAG,,0.0,2,0,0,0,0
CCCGCAAAGTCACCAGCATCGGCAATCT,TTTTGCATTTAGGCG,,0.0,2,0,0,0,0
GACACAGCGCCAACCTCAGTTGCACCTG,TTTATAAATCAATAG,,0.0,2,0,0,0,0
AGCTCATAAGCAGGCGCAGATACATGAG,GAACTCAGGTTCCAT,,0.0,2,0,0,0,0
TAGTCAAGCCCATGCTCAATAGCAATGT,AGTTTATAAAAAATT,,0.0,2,0,0,0,0
CCAACAGGTCCATCGACACTTTCATCGG,GTTGGGCGCTTAAAG,,0.0,2,0,0,0,0
CAGGCATCCCCAGAAGCATGCTCAGCGT,CTATCAAGGCTTAAT,,0.0,2,0,0,0,0
GGAACAACAGCAATTTCAGCTGCACGTC,TATATTGAACTTTAC,,0.0,2,0,0,0,0
GCACCACAATCACTTTCATCAACAATTA,CTTGATGGCTGAAAG,,0.0,2,0,0,0,0
ATACCACTAGCATACGCATCTACACAAA,CAAGTTCGGCGAAAT,,0.0,2,0,0,0,0
CAGGCATGTTCAGCGTCACGCTCAGGCG,TCGAAAGCACAGTAG,,0.0,2,0,0,0,0
TAGCCAACGCCAAATACACGTGCAATGC,ACAGTTGACGGACAG,,0.0,2,0,0,0,0
GTTACAAGGCCATCTGCAGTTACATGGC,TCAAAACGGAGTGTT,,0.0,2,0,0,0,0
TCAACAACAACAGCCGCAGATTCAGTTA,ATCGTTGGCATTTGG,,0.0,2,0,0,0,0
CGCGCAGTCGCAGAAGCAAGCCCAACAT,TCAAAGCATGAAAAA,,0.0,2,0,0,0,0
TATTCAAAAGCAGCGCCAACGCCAGGAG,GGTTGCCCAGAAGTA,,0.0,2,0,0,0,0
GGTACATAGGCAAGGCCACAGGCATTTG,GCTGCTTATGAGGAT,,0.0,2,0,0,0,0
GCGACATTCACAACTTCATGAGCACGCA,GCCCTCGAAACCTAT,,0.0,2,0,0,0,0
GCTCCAGTCTCAGTGGCACTAACATTAC,CTAAGCAGTCTTCTC,,0.0,2,0,0,0,0
GAGTCAAGCTCACCATCACATTCACGCA,CATATGCATTCCTTG,,0.0,2,0,0,0,0
CAAGCAGAGTCAACCCCACGAGCAATCG,ACAGTTGACGGACAG,,0.0,2,0,0,0,0
ATGTCAGGAGCAGACTCAATGACAAACT,GTGTGATTACTAAAT,,0.0,2,0,0,0,0
AGCGCACCGCCAAATCCAATCACATCAG,ATAGTCGATTAAGAT,,0.0,2,0,0,0,0
GGTGCAATGTCATGATCAGATTCATGTG,GTACAAGAAATTTTG,,0.0,2,0,0,0,0
TGTACATACCCAAAAGCACGCTCAGGGG,TATATTGAACTTTAC,,0.0,2,0,0,0,0
GGAACACCTACAGCACCAGAGCCAAATC,TCGATAGAATTTACT,,0.0,2,0,0,0,0
CAGACCAGGACCATTCCCAAGGGCAACA,CGATGATGATGATGA,,0.0,2,0,0,0,0
CTTACAGATACACCATCAAATGCAACCT,GTAATCTGACTCTAG,,0.0,2,0,0,0,0
ACCACAGGGACATCGGCAGAATCAAAGT,TCAAAGCATGAAAAA,,0.0,2,0,0,0,0
TTAACAGTAACAAGGCCAGGCTCACCTG,GCTAATTTCAAGAAT,,0.0,2,0,0,0,0
GACACAGAATCAGGACCAACATCATTAG,AGAAGACGACGATGA,,0.0,2,0,0,0,0
CCAACAGGCTCAGCAACATTATCACGGG,CATATGCATTCCTTG,,0.0,2,0,0,0,0
GCTCCACAAGCACGTGCATTGGCAACGC,CATCACCGTGCTCAT,,0.0,2,0,0,0,0
CCTGCATATGCATGGTCAAGACCAACGA,TCAAAGCATGAAAAA,,0.0,2,0,0,0,0
CTAGCATAGGCATAGCCAGTACCAGCTC,AGATTCATCCCATGG,,0.0,2,0,0,0,0
AGTCCAGAATCAATCGCAGAGTCACATC,TCAAAACGGAGTGTT,,0.0,2,0,0,0,0
TGGACAGCAGCATTAGCAATACCATAAA,CTACTTACAACGGAA,,0.0,2,0,0,0,0
GCAGCACATACAGCGCCACTTACAAATT,CAAGTTCGGCGAAAT,,0.0,2,0,0,0,0
TGGGCAGTACCATCTACAATAACAATGA,TTTATAAATCAATAG,,0.0,2,0,0,0,0
TCCGCAGGGACACTGTCACCGGCATGCC,AGAAGACGACGATGA,,0.0,2,0,0,0,0
GCATCACCTGCAACCTCACTGGCAACAT,GCCCTCGAAACCTAT,,0.0,2,0,0,0,0
GTGACAGTGACACTAGCATCTCCACGTT,GTTTAGCTTCCGTTG,,0.0,2,0,0,0,0
CATACAAGCTCACGGACATGGACAGACT,TCAAAGCATGAAAAA,,0.0,2,0,0,0,0
ACCTCAGCACCACCAACACAAACATGAA,AAAACATTATCAAAG,,0.0,2,0,0,0,0
AGTGCACAAGCATAAACAAATGCAAGCA,AGTGTTAATCAGACC,,0.0,2,0,0,0,0
TATACACGCGCACCGTCACCACCAGGCA,TCAAATGATGAGGAT,,0.0,2,0,0,0,0
GATTCATGAACACATGCATCCTCAGGGC,GTAATCTGACTCTAG,,0.0,2,0,0,0,0
ATGGCAGGGTCAGCGCCATACACATAGG,CTATCAAGGCTTAAT,,0.0,2,0,0,0,0
AAGACAGAGACACACTCAGATTCAGCTT,CCGTTAGTATCGCTA,,0.0,2,0,0,0,0
CCCACATCTGCAAAGACATCCCCAGACG,TCAAAACGGAGTGTT,,0.0,2,0,0,0,0
AGAACAAATGCACCGCCATTAACACTAT,TATATTGAACTTTAC,,0.0,2,0,0,0,0
GTAACACGGGCACGGACAAAAACACCAT,ATCGTTGGCATTTGG,,0.0,2,0,0,0,0
CGCTCAGGGTCAACCGCAGGTTCAATCT,GCTGCTTATGAGGAT,,0.0,2,0,0,0,0
GGACCACTCCCATACACACCAGCAAGCG,CGTCAAGACCTTCTA,,0.0,2,0,0,0,0
TGCACATGATCAGATACAGTGTCAACCG,CTAGTTGTATAGCCA,,0.0,2,0,0,0,0
AAGACAAGGCCAGTTACATTCACACAGG,CATATGCATTCCTTG,,0.0,2,0,0,0,0
AAGCCACAAACAAAAGCAGCTTCAGGCT,ATAATTTTCATCCAC,,0.0,2,0,0,0,0
ACAACATACTCAAGGACAGCGTCACGTA,CTCGCTAATACTCCT,,0.0,2,0,0,0,0
CATCCACGGGCAGTCCCATACCCAGGTC,CTACTTACAACGGAA,,0.0,2,0,0,0,0
GCTCCAAAGTCAAGCTCACACACAGTGC,AAAACATTATCAAAG,,0.0,2,0,0,0,0
GAAACATAAGCAGCTCCAGGTACACTAG,TTAATTAGAGGTATG,,0.0,2,0,0,0,0
GGGCCAGTCCCACTTGCACACCCATCCT,CCAAGACCGTGTAAA,,0.0,2,0,0,0,0
AACACAGGGGCAGCTTCATACCCAGGTA,GCTGCTTATGAGGAT,,0.0,2,0,0,0,0
AGAACAGGAACATTAGCATACGCAGCAA,GTAATCTGACTCTAG,,0.0,2,0,0,0,0
TGGTCAGTAACAGTCGCACGCCCAAGCA,CATTTATGGCTATCT,,0.0,2,0,0,0,0
CTAACATCATCAGGACCAAGGTCACGGC,CTCTTGAGAATACTT,,0.0,2,0,0,0,0
ATTGCACCATCACAGTCAGCTCCAAGTG,TAATATTGTTTTGCG,,0.0,2,0,0,0,0
GGGACATACGCACACCCACGAGCAACAC,TCAAATGATGAGGAT,,0.0,2,0,0,0,0
GAAACACTGACAATCACAACCTCAACTA,ACAGTTGACGGACAG,,0.0,2,0,0,0,0
ACACCAGTGGCATCTCCAATTTCACAGT,GTTGGGCGCTTAAAG,,0.0,2,0,0,0,0
TCCTCACGCGCAGTATCAATCACAGACG,ATTATCATCGCCATC,,0.0,2,0,0,0,0
CCCACATGACCACGTACACGCACAAAGA,TACACCAATTACACT,,0.0,2,0,0,0,0
GAGGCAAGGGCACCGGCATTTTCAGGGC,GCAAGAAAGAAACCC,,0.0,2,0,0,0,0
TGGACATCGGCACGAGCATCGACATAAT,GTTTAGCTTCCGTTG,,0.0,2,0,0,0,0
GAAACAAAAACAAGCGCATGTGCACGCA,CTCTTGAGAATACTT,,0.0,2,0,0,0,0
TACTCATATGCAGTTGCATGCGCAACTG,CATTTATGGCTATCT,,0.0,2,0,0,0,0
CCAACACAACCATTTTCAGCAACACTGA,AGAAGACGACGATGA,,0.0,2,0,0,0,0
CGGGCAAGTACAAGTACAGCGGCACAAT,TCAAATGATGAGGAT,,0.0,2,0,0,0,0
CGATCAGACTCAGTCGCAGGCGCAGAAT,GCAAGAAAGAAACCC,,0.0,2,0,0,0,0
AATGCAGTAACAAGGCCATGGCCATTTC,AAAACATTATCAAAG,,0.0,2,0,0,0,0
TTGCCAGCACCAAGATCACCGCCACATT,GAGTGCTTCAAAGTT,,0.0,2,0,0,0,0
GGATCACACACAACTGCAGATCCACGGC,ATAGAGCGGCGTTGA,,0.0,2,0,0,0,0
CGGGCACTTGCAAGGACAGTATCACAAT,ATCGTTGGCATTTGG,,0.0,2,0,0,0,0
AAGTCAAGCTCAGGGTCATATGCACGTT,CCAAGACCGTGTAAA,,0.0,2,0,0,0,0
GGAGCAAGCGCAGAGGCACATGCACTTC,GCTGCTTATGAGGAT,,0.0,2,0,0,0,0
TCCTCATTGCCACTCACAAACCCAGGAC,GCCCTCGAAACCTAT,,0.0,2,0,0,0,0
CCGGCACGTACACAGTCACTCACAGGAA,CATCAATGAGGCAGT,,0.0,2,0,0,0,0
CAGGCAAAAGCACTGGCATTGTCAAAGG,GGTGGAAGTAGCAGT,,0.0,2,0,0,0,0
TAAACAGAGGCAAAAACAAGTCCACCCA,TGATCATCACGGGAC,,0.0,2,0,0,0,0
TACTCATATACAAAAGCAACGGCAGCCC,TTAGTCTTTCCATCA,,0.0,2,0,0,0,0
ATAGCATGGGCAGGCCCAGCCTCATTCG,GTACAAGAAATTTTG,,0.0,2,0,0,0,0
CTATCAGGATCATACACAGCACCAAGGC,CTCGCTAATACTCCT,,0.0,2,0,0,0,0
AGTGCATTGTCACCGGCAGGACCAACTG,TTAATTAGAGGTATG,,0.0,2,0,0,0,0
CGTGCCATATTCACTAACACAAACATCTG,GTTGAACTGGTTGTT,,0.0,1,1,0,0,0
TCGCCAGGGACAACGCCATAAACAGCCC,ATAGAGCGGCGTTGA,,0.0,2,0,0,0,0
CCTCCACGTTCAGCACCATAATCAAAGT,ATTAATACTTTGCAG,,0.0,2,0,0,0,0
TCAGCACGACCAGTCACAGATCCAAGCA,GAGTGCTTCAAAGTT,,0.0,2,0,0,0,0
GTAACAAGATCACACTCAAATCCAGCTC,TTAATTAGAGGTATG,,0.0,2,0,0,0,0
GGATCACGCGCACCGGCAGTTGCAGGAG,AAAACATTATCAAAG,,0.0,2,0,0,0,0
GTGACACTATCACCAACAAAACCACCTA,ATCGTTGGCATTTGG,,0.0,2,0,0,0,0
ATGCCATGAACAGAGGCATAAGCACAGT,CTTGATCAATCAAAA,,0.0,2,0,0,0,0
TTACCATTGGCATGAGCATCGGCAGCAA,CCAACACAGGCTTCG,,0.0,2,0,0,0,0
TAGTCATCGGCAATCGCAAAGGCAAATG,CAAGGATCCCCGTAG,,0.0,2,0,0,0,0
GTAACACGTACAGCTACATAGTCACCGC,TTTAACTCACCGTAA,,0.0,2,0,0,0,0
AGCTCACTAGCAAGCTCAGAATCAAGTG,CTACTTACAACGGAA,,0.0,2,0,0,0,0
TACCCAGGATCAAGCCCATAAGCATATA,CATATGCATTCCTTG,,0.0,2,0,0,0,0
CTTTCATATTCAGAGGCATAGCCATGCG,TCAAAACGGAGTGTT,,0.0,2,0,0,0,0
TGTACAGGACCAATGTCAGTCGCATCTA,AAAAGAAAAATGTAT,,0.0,2,0,0,0,0
GCGTCATGATCACAATCAGTTCCAGAGG,CTGATTTGTGCTGTC,,0.0,2,0,0,0,0
CTAACAGTCGCACGAACATATGCACATA,AAAAGAAAAATGTAT,,0.0,2,0,0,0,0
GTCTCACCTGCATTCTCAACCACAAAGT,AGAAGACGACGATGA,,0.0,2,0,0,0,0
GGCGCAGACTCACGTCCAATGCCAGAGT,CTTGATCAATCAAAA,,0.0,1,1,0,0,0
GCATCAACGTCACCAACATGTTCAACCA,AGAACATCATCTACA,,0.0,0,0,2,0,0
GATTCACCAGCAGCCACACCCGCATGTT,AGAAGACGACGATGA,,0.0,0,0,2,0,0
TCTACACTCACAAACCCATACCCACTAT,GTTAAATCAACAGTT,,0.0,0,0,2,0,0
GACGCACATTCAGAATCAGAAGCAGTAA,GTTCAGCTTTGATCG,,0.0,1,0,0,0,0
ACGTCACTCTCAGGATCATGCCCAGAAG,GAGAATGAAGGACAG,,0.0,1,0,0,0,0
CCCACAGTGCCAAATGCAGAAGCACCTC,ACAGTTGACGGACAG,,0.0,1,0,0,0,0
CCGCCATAGACAGCCTCAGGCACAGCTC,GCTGCTTATGAGGAT,,0.0,1,0,0,0,0
TCAACAGCACCATAACCAGGAACACTTA,ATTATCAAGTGCCAG,,0.0,1,0,0,0,0
CCGGCATTTGCAATCGCAAAGACATTGC,GCTGCTTATGAGGAT,,0.0,1,0,0,0,0
GGACCAAGGTCATGAGCACGCACACAGA,ATAGAGCGGCGTTGA,,0.0,1,0,0,0,0
AGCAAAGCCAAGCTCACTACCATTCG,GCTGCTTATGAGGAT,,0.0,1,0,0,0,0
TATACATACTCAGCCGCACGCTCAGGAC,ATTATCAAGTGCCAG,,0.0,1,0,0,0,0
TTAGCAAAACCAATGGCATGGCCAAGTG,TTATATTTATTTGCT,,0.0,1,0,0,0,0
CACGCAAGGTCACGCGCACGAACATTCT,TATATTGAACTTTAC,,0.0,1,0,0,0,0
CAGGCAACGGCAAAAACACAAGCATAAG,CTTGATCAATCAAAA,,0.0,1,0,0,0,0
GAACCACTGACATCATCAGCGACAAAAT,GTAATCTGACTCTAG,,0.0,1,0,0,0,0
CAGTCACTGTCATTACCAGGTACAGCAT,CTCGCTAATACTCCT,,0.0,1,0,0,0,0
GAAACAACAGCAGGATCATATCCAGATA,TCAAAGCATGAAAAA,,0.0,1,0,0,0,0
ACGGCACGGCCACGTGCAAAATCACTAC,GTAATCTGACTCTAG,,0.0,1,0,0,0,0
GAGCCACTCACAAGAACAGCTACAGTGT,AGTTTATAAAAAATT,,0.0,1,0,0,0,0
TCAGCACACCCATGTCCACCGTCAAGGC,ACAGTTGACGGACAG,,0.0,1,0,0,0,0
AACCCATTCGCAGAGGCACCTTCAGTTG,TCAAAACGGAGTGTT,,0.0,1,0,0,0,0
GGCCCATCTGCAAACGCACCTTCAACCG,TAATATTGTTTTGCG,,0.0,1,0,0,0,0
CTGCCAGCAGCATCAACAACATCACTAT,TCAAAACGGAGTGTT,,0.0,1,0,0,0,0
CTCTCATCGCCAAACGCATTAACAAACA,GAGAATGAAGGACAG,,0.0,1,0,0,0,0
CCGGCATTACCAAGTCCAGGGACAATTG,ATCGTTGGCATTTGG,,0.0,1,0,0,0,0
AGTACAGGATCATAGACACAAGCAGTCT,TCAAATGATGAGGAT,,0.0,1,0,0,0,0
GCGTCATTGACAAATGCACATTCAGGCG,GCTGCTTATGAGGAT,,0.0,1,0,0,0,0
AAACCACTCGCAACTCCATCAGCACGAC,TCAAAGCATGAAAAA,,0.0,1,0,0,0,0
GCAACAAAGTCATTAGCACTTGCAGGTG,TCAAAACGGAGTGTT,,0.0,1,0,0,0,0
CGATCAAAGGCAGAGACAGAGACAAGAA,CCAACACAGGCTTCG,,0.0,1,0,0,0,0
GCAACAATCCCAAAGTCACAACCAAAAT,CTATCAAGGCTTAAT,,0.0,1,0,0,0,0
TCGCCAATACCATGAGCAATAGCAGTTC,ACAACCTACCTGCTA,,0.0,1,0,0,0,0
CTAACAAAGGCATGTTCAGAGTCACCAC,GTTGGGCGCTTAAAG,,0.0,1,0,0,0,0
CGCACAGAATCAACACCATGATCAGTTC,ATAGAGCGGCGTTGA,,0.0,1,0,0,0,0
TAAGCACGATCATTACCACCAACAAGCA,GCTGCTTATGAGGAT,,0.0,1,0,0,0,0
AATACAGAGACAGAGGCACCAACATGTT,GCTGCTTATGAGGAT,,0.0,1,0,0,0,0
TCATCACTGGCATGCCCACAACCATTCG,TTTAACTCACCGTAA,,0.0,1,0,0,0,0
CAGCCATCTTCAATAGCACGGACAAAAG,GCTGCTTATGAGGAT,,0.0,1,0,0,0,0
AGCTCACCATCACGCACACTCTCAGTAT,CGAATGCCATACAAA,,0.0,1,0,0,0,0
GAGTCAAATTCACCACCAGCGCCAAGAT,GCAAGAAAGAAACCC,,0.0,1,0,0,0,0
GTCGCACTAGCACTTCCATAACCATGAA,ATGGCGATGGTCTTG,,0.0,1,0,0,0,0
TGGTCAGCCACATAACCAGCGCCATGCG,GTGTGATTACTAAAT,,0.0,1,0,0,0,0
CTCTCAGTTCCAGGTTCAAACGCATCAA,TCAAAGCATGAAAAA,,0.0,1,0,0,0,0
GGCGCACCGTCAGCGTCACCAACAGTAC,ATTATCAAGTGCCAG,,0.0,1,0,0,0,0
GTGCCAAGTCCAACCACATCGACATTAC,TCGAAAGCACAGTAG,,0.0,1,0,0,0,0
TACGCATGATCAGCACCAGGATCATTGA,GCTAATTTCAAGAAT,,0.0,1,0,0,0,0
GAAGCAGAGGCAGTGTCACTCCAATCT,AAAAGCGACATTTCT,,0.0,1,0,0,0,0
ATTTCACTGACAGTGGCAAGACCAGTCC,CGCGATCAATCCTCT,,0.0,1,0,0,0,0
GCTCCAGCATCAGCGCCAGGATCAAAAT,CTTGATGGCTGAAAG,,0.0,1,0,0,0,0
AGGCCAACTGCATGAACAATGGCAAAGT,GCCCTCGAAACCTAT,,0.0,1,0,0,0,0
TGGTCATTTGCATACACAGCACCAAGGT,CTAAGCAGTCTTCTC,,0.0,1,0,0,0,0
ATTGCACCGGCACGGACAACAACAAGAT,TCAAAACGGAGTGTT,,0.0,1,0,0,0,0
CAGGCATCTCCATGAGCAAGCGCACGCT,AATGATACCATTTTT,,0.0,1,0,0,0,0
TACACATAGCCCAATCGCAGCCACAAAAA,CTAAGTGTGAAGGAG,,0.0,1,0,0,0,0
TAGACATCGGCATTCGCAAGCGCAATCG,GTTTAGCTTCCGTTG,,0.0,1,0,0,0,0
CCGTCAATATCAAGCTCAAGCGCACAAC,CAAGTTCGGCGAAAT,,0.0,1,0,0,0,0
GTAACACTGCCAACGGCAGATTCAAGCT,TTATATTTATTTGCT,,0.0,1,0,0,0,0
ACCGCATCAGCAGGCGCAAATCCAGTGT,CATTGTCGGACGCTT,,0.0,1,0,0,0,0
GGATCACGTACAATGGCACTGGCAGAAC,GAGAATGAAGGACAG,,0.0,1,0,0,0,0
GCGGCAGTACCACCTGCAGCGACAAGCC,CTAGTTGTATAGCCA,,0.0,1,0,0,0,0
GCATCAAAGCCAAAGCCATAATCACAAA,TTATATTTATTTGCT,,0.0,1,0,0,0,0
TCTGCAACCCCAAAGACAGGCCCAATCA,AGTGTATGATAATAT,,0.0,1,0,0,0,0
TAAACAATAGCATTTGCAAACGCAGCAG,AATGATACCATTTTT,,0.0,1,0,0,0,0
GAGGCAGGTTCACATTCAGGATCAGGGA,GCTGCTTATGAGGAT,,0.0,1,0,0,0,0
ACGACAGTATCACGGGCACCGACAGTAC,GCAAGAAAGAAACCC,,0.0,1,0,0,0,0
CGGGCACGACCAAGCGCATTAACACAGG,GAGAATGAAGGACAG,,0.0,1,0,0,0,0
TGCGCAATCGCAACCCCATGAACACCCA,ACAGTTGACGGACAG,,0.0,1,0,0,0,0
ATAACACGGGCATGACCAAAGACAGTTA,CTGATTTGTGCTGTC,,0.0,1,0,0,0,0
GAAGCAGGCGCAAGCGCAACGGCAATAG,ACAACCTACCTGCTA,,0.0,1,0,0,0,0
CCGGCACGATCACATTCATAACCAGAGA,TTATATTTATTTGCT,,0.0,1,0,0,0,0
AGAGCACGGGCAAGCACAGGCGCAACAA,AGAACATCATCTACA,,0.0,1,0,0,0,0
GGACCATCACCAGACACAAATACATAAG,CAATCTTGAATTGAT,,0.0,1,0,0,0,0
GTTACACAGTCAGGGGCACACCCACGAA,TCAAAGCATGAAAAA,,0.0,1,0,0,0,0
AGTGCAAGTGCACTTTCAGGCACAGCAG,CAAGGATCCCCGTAG,,0.0,1,0,0,0,0
TGAACAAATCCACTTCCAGCGACAAAAC,CTACTTACAACGGAA,,0.0,1,0,0,0,0
TAGTCAACGACAGGCCCAGCCACATTAG,CTGATTTGTGCTGTC,,0.0,1,0,0,0,0
CTGTCATGGCCAGAGGCAACCCCAAAGC,GCTGCTTATGAGGAT,,0.0,1,0,0,0,0
GTCCCATGAACACTCGCATTCGCAGAAA,CAATCTTGAATTGAT,,0.0,1,0,0,0,0
CTACCAGCGCCAGCGGCAACGTCACGTT,CTACTTACAACGGAA,,0.0,1,0,0,0,0
GTGCCAGTGACAATTACAGGCGCATCTT,ATAGAGCGGCGTTGA,,0.0,1,0,0,0,0
CTAACAGCATCACGTGCATGGCCAAAAG,AGTGTTAATCAGACC,,0.0,1,0,0,0,0
AAACCACGATCAAACGCACATTCAGTGT,AGTGTTAATCAGACC,,0.0,1,0,0,0,0
CGAACAGAAGCACAGACACGAGCATAGT,TAATATTGTTTTGCG,,0.0,1,0,0,0,0
CAGGCAGCGACAACTCCAAATTCATGGG,TCAAAGCATGAAAAA,,0.0,1,0,0,0,0
GTTTCAGCAGCAGGGCCAATCGCAAGAA,ATAGAGCGGCGTTGA,,0.0,1,0,0,0,0
TACACAAATGCACGAACAAACACAGTGC,ATAATTTTCATCCAC,,0.0,1,0,0,0,0
CGATCACTCGCATGCCCAATCTCAGCAT,AAAAGAAAAATGTAT,,0.0,1,0,0,0,0
ACTACACCACCAGAGGCATTGACACACT,TTTATAAATCAATAG,,0.0,1,0,0,0,0
CACACAACCCCAATTGCAAATACAGCGT,AGAAGACGACGATGA,,0.0,1,0,0,0,0
GTTCCAACCTCACGTGCAATGGCATTGT,ACAGTTGACGGACAG,,0.0,1,0,0,0,0
GTGACAACGGCAGCGGCATCTCCAGACG,AAAAGCGACATTTCT,,0.0,1,0,0,0,0
CTTGCACCCACATCATCAGGACCATGGC,ACAAGTTTTACAGTT,,0.0,1,0,0,0,0
CCATCATTAGCAGGATCAGTTGCATGTA,CCAGGATGTACCGCC,,0.0,1,0,0,0,0
TGAGCAGGTTCATGTGCACGACCAATAT,ATAGAGCGGCGTTGA,,0.0,1,0,0,0,0
GTTTCAAGGACACATACAAGAACAGAGC,CTATCAAGGCTTAAT,,0.0,1,0,0,0,0
ATGCCACGGGCAGAGACACATCCACGCT,TCAAAACGGAGTGTT,,0.0,1,0,0,0,0
CTGGCAGGTTCAACCCCAGATACAAGAC,TTAATTAGAGGTATG,,0.0,1,0,0,0,0
GATCCAGCACCAACCCCATGCACAGTAA,TGATCATCACGGGAC,,0.0,1,0,0,0,0
TCAACAATATCATACGCAGGCACATAAT,CCGTTAGTATCGCTA,,0.0,1,0,0,0,0
AGGTCAACCACACAAACACGGGCAGGGT,CATTTATGGCTATCT,,0.0,1,0,0,0,0
ATGGCAATAGCACGCTCAGTGGCAGACG,CAAGTTCGGCGAAAT,,0.0,1,0,0,0,0
TCAACAAAACCAGAGACACTGACAGCAT,AGAAGACGACGATGA,,0.0,1,0,0,0,0
AGTCCAGGTTCACTCCCACGAGCAACAC,TCTTGGAGGTGAATG,,0.0,1,0,0,0,0
GTCTCAATATCAAAAGCAAGAGCAGAGA,TCAAATGATGAGGAT,,0.0,1,0,0,0,0
ACGCCAGTAGCAAAACCAATAACAGGCA,CCGTTAGTATCGCTA,,0.0,1,0,0,0,0
GGAACAGAAACATCAACATAGCCATGTC,CGAATGCCATACAAA,,0.0,1,0,0,0,0
CTCCCAAGTTCAGGTACAATGACAGTGA,ATTATCATCGCCATC,,0.0,1,0,0,0,0
GTAACAACACCAGTCGCACCTGCAATCT,GCTGCTTATGAGGAT,,0.0,1,0,0,0,0
GTAGCATACCCAGCCACATGTTCATACT,GCCCTCGAAACCTAT,,0.0,1,0,0,0,0
ACACCAGCCTCACCTCCATCCGCAATCG,CTAAGTGTGAAGGAG,,0.0,1,0,0,0,0
ATGGCAGTATCAACGGCACGGTCATCCA,ATTATCATCGCCATC,,0.0,1,0,0,0,0
CCTGCAATATCAGACACAAAAACAACAT,ATATTGAGTAAGTAC,,0.0,1,0,0,0,0
CCCACACGGCCAAAATCATAAGCAACGT,AGAACATCATCTACA,,0.0,1,0,0,0,0
GAACCACTTACAGATGCAATCCCATCGG,CTAAGCAGTCTTCTC,,0.0,1,0,0,0,0
CAATCAAGCGCAAACGCAACTCCAGTGC,TCTTGGAGGTGAATG,,0.0,1,0,0,0,0
CGACCAGGATCAACACCATCTCCATGAC,ACAGTTGACGGACAG,,0.0,1,0,0,0,0
ATAGCAGCCTCACGATCAATTGCAGAGT,GCTGCTTATGAGGAT,,0.0,1,0,0,0,0
CCATCAGTTCCATAACCAGGTCCACACC,GCAAGAAAGAAACCC,,0.0,1,0,0,0,0
CCGACATACACAAGTTCAAAAACAACCG,CTATCAAGGCTTAAT,,0.0,1,0,0,0,0
GGCTCACTCACAGAAACAACGCCAGTAC,TCAAATGATGAGGAT,,0.0,1,0,0,0,0
TCGCCAAGGTCATCGGCAATAGCAAGAG,CTTGCAAGTGTAATT,,0.0,1,0,0,0,0
AAACCAATATCATGAACAACGACAAATA,TCAACAACCTATGCA,,0.0,1,0,0,0,0
TCAACAGACTCAATGCCAACGCCATGAC,GCTGCGGAGCCTCAG,,0.0,1,0,0,0,0
ACACCATACTCAACATCAGCCCCATACC,GTTAAATCAACAGTT,,0.0,1,0,0,0,0
GTTCCAAGTCCACAGCCAACTCCACTTA,TCAAAGCATGAAAAA,,0.0,1,0,0,0,0
GGAGCAGGTACATAATCAAGAGCATCAT,CTATCAAGGCTTAAT,,0.0,1,0,0,0,0
GCCGCAGATGCACGGACAAATGCATAA,TACACCAATTACACT,,0.0,1,0,0,0,0
TGAACAGAGGCATTGGCATAGTCACCAG,GAACTCAGGTTCCAT,,0.0,1,0,0,0,0
GAGGCAGGGCCAAACGCACAGGCAATAA,TCAAAACGGAGTGTT,,0.0,1,0,0,0,0
GTACCAGCCCCAGCTGCATGGCCAATTA,TCAAAACGGAGTGTT,,0.0,1,0,0,0,0
ATAGCAAGGGCATCGTCACTAACAGCAG,ACAGTTGACGGACAG,,0.0,1,0,0,0,0
CTTCCAAGACCAGTGTCACGAACAGGCA,GTGTGATTACTAAAT,,0.0,1,0,0,0,0
GGCCCAGGTTCAAAGACAAGTCCACACA,ATAGAGCGGCGTTGA,,0.0,1,0,0,0,0
TGGGCAAAAACATTGTCAGTCTCAATCG,TTAATTGCACTTATG,,0.0,1,0,0,0,0
ACTGCAATGGCATACACATGTTCAGGGA,GCTGCTTATGAGGAT,,0.0,1,0,0,0,0
TTTTCAGGCGCAGCGTCACCAACAAGTG,TGATCATCACGGGAC,,0.0,1,0,0,0,0
AAACCAATGACAAAATCACCGGCAAAAG,CTAAGTGTGAAGGAG,,0.0,1,0,0,0,0
ACCGCAGGTCCAGCTGCACTCGCAATCC,ATCGTTGGCATTTGG,,0.0,1,0,0,0,0
TATGCAGAGCCAGAAGCAAACCCAAGGG,GAGAATGAAGGACAG,,0.0,1,0,0,0,0
TGACCAGTTGCAACTACAGAGGCAAAGT,GAGTGCTTCAAAGTT,,0.0,1,0,0,0,0
GTGGCACCTACATCAGCATAAACAACCA,GTTTAGCTTCCGTTG,,0.0,1,0,0,0,0
GTACCACAGACAATATCATGGCCACTTG,GCTGCTTATGAGGAT,,0.0,1,0,0,0,0
TCGGCAAGGACACCTCAAACACATCAC,TGATCATCACGGGAC,,0.0,1,0,0,0,0
GGTCCATGACCACTCTCAGTGTCACATT,GCTGCTTATGAGGAT,,0.0,1,0,0,0,0
TAAACACGAACAACGTCATAGTCAGGGT,ACAAGTTTTACAGTT,,0.0,1,0,0,0,0
TAAGCATATACAGTACCAATGACAACTG,CATATGCATTCCTTG,,0.0,1,0,0,0,0
CTCCCATGTGCACTGTCACTCTCACGTG,GAACTCAGGTTCCAT,,0.0,1,0,0,0,0
AAGGCAGTGTCAGTCGCAAATCCAAGAA,CCAACACAGGCTTCG,,0.0,1,0,0,0,0
AGCGCACAACCATGTTCACGAACACGAG,TTTTGCATTTAGGCG,,0.0,1,0,0,0,0
AGGTCATGTCCAGTCGCACCATCAAGTG,CTATCAAGGCTTAAT,,0.0,1,0,0,0,0
AACCCACTGGCAAAGGCAGGGTCAAACG,TCAAAACGGAGTGTT,,0.0,1,0,0,0,0
CGGGCAATTACATGGCCAACCGCAATAC,GTTGGGCGCTTAAAG,,0.0,1,0,0,0,0
CACGCAGGGACAATAACACCTGCATGCA,CTAAGTGTGAAGGAG,,0.0,1,0,0,0,0
GGTCCATGGACACACACAGTGACAACTG,TGATCATCACGGGAC,,0.0,1,0,0,0,0
GAAGCACGCGCAACAGCAAGGGCATAAT,CAAGGATCCCCGTAG,,0.0,1,0,0,0,0
TGGCCAGACTCACGCTCAGTATCATGGG,TTAGTCTTTCCATCA,,0.0,1,0,0,0,0
ATGCCAGAACCATCCTCAGTTCCACAAC,ATAGTCGATTAAGAT,,0.0,1,0,0,0,0
TACTCAAAGGCACGAACATGAGCAGAAG,GGTGGAAGTAGCAGT,,0.0,1,0,0,0,0
TAAACACTCCCAATAACAATCCCATACT,GTTGAACTGGTTGTT,,0.0,1,0,0,0,0
TGTTCATCCGCATGAGCAGTCGCAAGCA,CGTCAAGACCTTCTA,,0.0,1,0,0,0,0
ATCACAGTACCAGGTTCACGCTCACACA,GAGAATGAAGGACAG,,0.0,1,0,0,0,0
CACGCAGCATCAGAGGCATCGCCAGGAG,CTAAGCAGTCTTCTC,,0.0,1,0,0,0,0
GCGCCAAGGGCAGAGACATGCTCACATC,GCTGCTTATGAGGAT,,0.0,1,0,0,0,0
GGGTCAAACTCAGAGGCAAGTTCACGGC,CCAAGACCGTGTAAA,,0.0,1,0,0,0,0
GTCGCAGTCTCAAAAGCAGATGCAACAT,TTTTGCATTTAGGCG,,0.0,1,0,0,0,0
GCGGCACGATCATGAACAATGGCACGGG,AGATTCATCCCATGG,,0.0,1,0,0,0,0
GCTGCACACGCACAGACATACTCAAACC,ATATTGAGTAAGTAC,,0.0,1,0,0,0,0
GGCACACCAGCAGAGGCAATTCCAGGAG,ACAGTTGACGGACAG,,0.0,1,0,0,0,0
ATCGCAGGCACATCCACATGATCAGTGT,CATTTATGGCTATCT,,0.0,1,0,0,0,0
TTAGCATTGGCAACGACACCGACAATGA,AGATTCATCCCATGG,,0.0,1,0,0,0,0
CTAGCAGGGTCAGGTACAAAGGCAAAAC,TCAACAACCTATGCA,,0.0,1,0,0,0,0
CAAACAATTTCATAAACAACAGCAGGAG,AGTGTTAATCAGACC,,0.0,1,0,0,0,0
AGAACACCGACATCGTCATGTGCAGTAC,ACAAGTTTTACAGTT,,0.0,1,0,0,0,0
AAGCCAATGACATACTCAGAGGCAACTC,CCAACACAGGCTTCG,,0.0,1,0,0,0,0
ATAACAGCGACAACAGCAGTCTCACAGG,ATCGTTGGCATTTGG,,0.0,1,0,0,0,0
GGGCCAACGGCAGCAACAGATGCAAAGT,CTTGATCAATCAAAA,,0.0,1,0,0,0,0
TAGCCAGTGCCAGAGGCAAGAACAACTA,CCGTTAGTATCGCTA,,0.0,1,0,0,0,0
GCCCCATCTGCAAGAACAGTTGCACCTA,GTTAAATCAACAGTT,,0.0,1,0,0,0,0
ACAACATTGACACCATCAGTCCCAGAGA,GTAATCTGACTCTAG,,0.0,1,0,0,0,0
AATACATAAGCAAGTACACTTTCAACAT,CGATGATGATGATGA,,0.0,1,0,0,0,0
AACTCATTGACAATCACATTGTCAACGG,TCGAAAGCACAGTAG,,0.0,1,0,0,0,0
CCGACACCTTCATCGGCAAACTCATCAA,TCAAAGCATGAAAAA,,0.0,1,0,0,0,0
TAAGCACTTGCATGGTCAAAACCATGCG,TTTATAAATCAATAG,,0.0,1,0,0,0,0
CACGCACGCACAAAATCATTCGCAATCG,AGTGTTAATCAGACC,,0.0,1,0,0,0,0
ATTGCACCTTCATTGGCAGCCACAGGAG,GGTTGCCCAGAAGTA,,0.0,1,0,0,0,0
AGCTCAACAACACTGCCAGCGGCAGCGT,AGAACATCATCTACA,,0.0,1,0,0,0,0
AGGACACGGACACGTACAGGCACACTTG,AATGATACCATTTTT,,0.0,1,0,0,0,0
GAGCCATGATCAATGCCACGGACACTGT,TCAAAACGGAGTGTT,,0.0,1,0,0,0,0
ATTTCAGATGCATAGGCAACGGCAAGTT,CTCTTGAGAATACTT,,0.0,1,0,0,0,0
GACACAGTTACAGAATCATAAGCATGAA,ATGGCGATGGTCTTG,,0.0,1,0,0,0,0
AGCTCAAAGGCACATTCAGGTCCAGTCA,AGTGTTAATCAGACC,,0.0,1,0,0,0,0
ATAGCACGGACAGTTTCAAGAACATATA,TCTTGGAGGTGAATG,,0.0,1,0,0,0,0
CAGGCAATCTCAATGACACACGACACCGC,ACAGTTGACGGACAG,,0.0,1,0,0,0,0
AGATCACGTACACAGTCATAACCACAAC,TCTTGGAGGTGAATG,,0.0,1,0,0,0,0
AATGCATATGCACGATCATAGACAACAC,GTAATCTGACTCTAG,,0.0,1,0,0,0,0
ACACCAAACCCAAACTCAGCCGCACCAG,TTTTGCATTTAGGCG,,0.0,1,0,0,0,0
TGCCAGCATCAGTGCCACGTTCAATGT,TCAAATGATGAGGAT,,0.0,1,0,0,0,0
CTCCCACTGTCACCAGCACGCACACAAT,TTTATAAATCAATAG,,0.0,1,0,0,0,0
AGGTCAATGGCACTTACAAAATCACTGA,AGAAGACGACGATGA,,0.0,1,0,0,0,0
TCTTCAGTGTCAATGGCAGCATCATTCG,CTAAGCAGTCTTCTC,,0.0,1,0,0,0,0
TATCCATTACCATAACCAGCGTCAAAGG,AGTTTATAAAAAATT,,0.0,1,0,0,0,0
ACCCCAATCTCAACTACAAAGGCAGGGG,TTTAACTCACCGTAA,,0.0,1,0,0,0,0
AATGCAGAAACACGCTCAAGAACACGTT,CGTCAAGACCTTCTA,,0.0,1,0,0,0,0
TTCGCAAGATCACTCACACGGGCAAGTA,GTAATCTGACTCTAG,,0.0,1,0,0,0,0
TCTTCAAAAACATAACCAGAAACAAAGC,GTCACCGGCACTAAC,,0.0,1,0,0,0,0
CTGTCACGAGCAAACTCAGGAGCATGAA,ATTATCATCGCCATC,,0.0,1,0,0,0,0
TGACCAAATTCACACTCATGCTCAAGGG,TCTTGGAGGTGAATG,,0.0,1,0,0,0,0
TTTGCAATGCCAGCCACACAAGCATGGT,CTACTTACAACGGAA,,0.0,1,0,0,0,0
GGTTCATGCACAGGAGCAGATTCAAGCG,GTAATCTGACTCTAG,,0.0,1,0,0,0,0
TGTTCATGGACAAATGCACACACAACAG,ACAAGTTTTACAGTT,,0.0,1,0,0,0,0
AATTCACAGGCAGAGGCAGGGGCAATCA,TCATAGGTATCTCGC,,0.0,1,0,0,0,0
CGGCCAGAATCACGCACAAGCACAGAGT,CATATGCATTCCTTG,,0.0,1,0,0,0,0
GAATCATGGTCATCTGCAATTGCAGAAA,GCTGCTTATGAGGAT,,0.0,1,0,0,0,0
GCCACATAGACATCAGCAAACTCAGTAT,TCTTGGAGGTGAATG,,0.0,1,0,0,0,0
CAATCACCACCACCGACATGGGCATTAG,CAATCTTGAATTGAT,,0.0,1,0,0,0,0
CCCACAATCACATAAGCATAATCAGCAA,ACCACCGGTCCTGCC,,0.0,1,0,0,0,0
CCGACATTGACATACCCACTGCCAGTGT,CCAAGACCGTGTAAA,,0.0,1,0,0,0,0
CAGCCAAAATCAGTCGCATTCTCAGGGA,ACAGTTGACGGACAG,,0.0,1,0,0,0,0
GCAGCAAGGGCACACTCATAACCAAACA,CGATGATGATGATGA,,0.0,1,0,0,0,0
TAGTCAGGTGCATTGGCAGATCCATGTA,TTTATAAATCAATAG,,0.0,1,0,0,0,0
TCACCACCTCCAGCTCCAATAGCACACA,TCATAGGTATCTCGC,,0.0,1,0,0,0,0
CATTCAAAGACACGGTCATTGACATCGC,ATAGAGCGGCGTTGA,,0.0,1,0,0,0,0
CCGTCACGATCAACGTCAATCGCAAAGA,GCTGCTTATGAGGAT,,0.0,1,0,0,0,0
TATTCACGTCCAGAGCCATGAACACAGA,CTTTCTTGTGTATTT,,0.0,1,0,0,0,0
CTATCAGTGCCACACGCACTGGCAGGAT,ATAGAGCGGCGTTGA,,0.0,1,0,0,0,0
GTCCCATGTCCAAGTTCAGTGCCAACGT,GCTGCTTATGAGGAT,,0.0,1,0,0,0,0
TGTCCAAGCCCAGGTGCACTCTCACTAC,TAACCTCGCGCTGAG,,0.0,1,0,0,0,0
AGGTCAAGCACAATAGCACACACAAGTA,ATATTGAGTAAGTAC,,0.0,1,0,0,0,0
GCCTCACCTACACTTACAATTGCAGTAA,AGTGTATGATAATAT,,0.0,1,0,0,0,0
GGCGCATGGCCAAAGTCATGTACATCAC,TAACCTCGCGCTGAG,,0.0,1,0,0,0,0
TGGCCACGACCAGCACCATGAGCAGAAA,TTTAACTCACCGTAA,,0.0,1,0,0,0,0
TGAGCAGCCCCACGCACAAGTGCAACCA,TTAATTAGAGGTATG,,0.0,1,0,0,0,0
GTCCCAGTCGCATTGTCACATACATACC,TCAAAGCATGAAAAA,,0.0,1,0,0,0,0
GCTGCACGTCCACCACCACACTCAACTG,TCAAAGCATGAAAAA,,0.0,1,0,0,0,0
GCAACAAGACCATGCTCAACAACAGCCT,GCTGCGGAGCCTCAG,,0.0,1,0,0,0,0
TAGGCAGGTGCAGATGCACGGTCAGAAT,ATGGCGATGGTCTTG,,0.0,1,0,0,0,0
GTTACACCAGCAAACCCACAGTCACGAG,GCAAGAAAGAAACCC,,0.0,1,0,0,0,0
TCCCCAAAATCACAACCATCTTCAACAG,GCTGCTTATGAGGAT,,0.0,1,0,0,0,0
TGGCCACTGACATAGGCACGAACAGTAT,TGGAGTCTTTGTTGA,,0.0,1,0,0,0,0
AGCCCAGTCCCATAGGCATACACAGCCG,TCAGAGCATTGGCCT,,0.0,1,0,0,0,0
CTAACAACGGCAAGCGCATTACCAAAAT,GCTGCTTATGAGGAT,,0.0,1,0,0,0,0
GTATCAGGGGCAAAACCAAATGCAGCAA,GCTGCTTATGAGGAT,,0.0,1,0,0,0,0
ACGTCAGTTACACTTACAGTCCCAAGCC,GAGAATGAAGGACAG,,0.0,1,0,0,0,0
GTCTCATGCTCACGAACATAGTCACACT,GCTGCTTATGAGGAT,,0.0,1,0,0,0,0
AGTGCAAAATCAAGCCCAGAAACAGAGA,GCTGCTTATGAGGAT,,0.0,1,0,0,0,0
CCCCCATCAACACAACCACGGACAATCG,GTTGGGCGCTTAAAG,,0.0,1,0,0,0,0
GCCACAATATCACTTACAAATCCACTTT,ATGGCGATGGTCTTG,,0.0,1,0,0,0,0
GTCACACTAGCATACCCAGATACACGCC,GCTAATTTCAAGAAT,,0.0,1,0,0,0,0
GCACCAGAGCCACACACAAACACAACGA,GCTGCTTATGAGGAT,,0.0,1,0,0,0,0
AGGTCAGCGTCAATTCCATCCACAGATC,TCAAAACGGAGTGTT,,0.0,1,0,0,0,0
TTACCACATACAGCTGCACACTCAAAAC,CTTGATCAATCAAAA,,0.0,1,0,0,0,0
GGGACAAAGACAAGCGCAAGCGCAGTAG,CTAAGCAGTCTTCTC,,0.0,1,0,0,0,0
ATACCAAAAGCAAAACCAAATGCAGTCT,TTAATTAGAGGTATG,,0.0,1,0,0,0,0
ACATCAGCAGCAGGCTCAGTCCCAGCAA,CATCAATGAGGCAGT,,0.0,1,0,0,0,0
TCTACATGGTCATTGTCAGCTGCAAACG,GCTGCTTATGAGGAT,,0.0,1,0,0,0,0
CACACACAGACAGTACCAATGCCACCGA,TCTTGGAGGTGAATG,,0.0,1,0,0,0,0
TTGTCATCAGCATGGTCACTCTCAGGCG,ACAGTTGACGGACAG,,0.0,1,0,0,0,0
GGTCCAGATACACGCTCAGGTACAGCGA,CTGATTTGTGCTGTC,,0.0,1,0,0,0,0
TTGTCACGGGCATGGTCAAGGTCATACT,TTATATTTATTTGCT,,0.0,1,0,0,0,0
ACCTCAAACTCACCATCATGATCACGAA,GCTGCTTATGAGGAT,,0.0,1,0,0,0,0
GAAGCACGAGCAGCTTCACTAGCAAGTT,TCGAAAGCACAGTAG,,0.0,1,0,0,0,0
GAAGCACACACAGCACCACGTTCAGGTG,CTATCAAGGCTTAAT,,0.0,1,0,0,0,0
AAACCATGGACAACCGCAGCTACACACA,ATAGAGCGGCGTTGA,,0.0,1,0,0,0,0
AGTACAATCACAGTCACACTTACATCAG,GCTGCTTATGAGGAT,,0.0,1,0,0,0,0
CTAGCATAAGCACTTACATCCGCATGGA,ATAATTTTCATCCAC,,0.0,1,0,0,0,0
GATACACTTCCATTAACACTTCCATTGA,CTTGATCAATCAAAA,,0.0,1,0,0,0,0
TGTACAAACGCATGAACAAGTCCACCGA,TCAAATGATGAGGAT,,0.0,1,0,0,0,0
TATGCATGACCATACGCAAGGCCAGCCA,ATAGAGCGGCGTTGA,,0.0,1,0,0,0,0
GACTCAGGTGCACGCTCAATAACATGCC,GTGTGATTACTAAAT,,0.0,1,0,0,0,0
GGGGCATGAACAATGCCAACGACAATAC,TTAATTAGAGGTATG,,0.0,1,0,0,0,0
CCTTCAGGTTCATGACCAGAAGCACTCT,CGAATGCCATACAAA,,0.0,1,0,0,0,0
CAGGCATGGCCAATGACATGGGCATATA,AGTGTTAATCAGACC,,0.0,1,0,0,0,0
CTCCCAGGGACAATAACATCTACACATG,CAAGTTCGGCGAAAT,,0.0,1,0,0,0,0
TCTACAAACTCAACGACAGAAGCAAATA,GTTTGTTTTGGGAAA,,0.0,1,0,0,0,0
GGACCAAGGACAAGAACAATCCCAATTG,GGTGGAAGTAGCAGT,,0.0,1,0,0,0,0
AACACACCCTCATTAGCAAGCTCATGAC,CTTTCTTGTGTATTT,,0.0,1,0,0,0,0
TGGCCAGTGCCATAGGCAAATCCAATAG,CCAGGATGTACCGCC,,0.0,1,0,0,0,0
CGGACAGCTACATGGGCAGGTGCAAAAC,TCAAAACGGAGTGTT,,0.0,1,0,0,0,0
GACTCAATGCCAGCAGCATATGCAACGC,ATAATTTTCATCCAC,,0.0,1,0,0,0,0
GTGCCAAGCACAGGTACATACCCAGGTG,CAAGGATCCCCGTAG,,0.0,1,0,0,0,0
TAGCCAATCGCACAAACAAACTCACAGT,TAACCTCGCGCTGAG,,0.0,1,0,0,0,0
CTTACAACAACAACTACACGCGCAATCC,CTAAGCAGTCTTCTC,,0.0,1,0,0,0,0
GGGTCACTGGCACTAGCAATTGCACTGT,CTTTCTTGTGTATTT,,0.0,1,0,0,0,0
GGGGCAATAACACTGACAGATGCATGGA,TTATATTTATTTGCT,,0.0,1,0,0,0,0
GGCACACCTACACATGCATCTACATGGC,GCTGCTTATGAGGAT,,0.0,1,0,0,0,0
GGCGCATGCTCAATTTCACGGTCATTGC,TTTATAAATCAATAG,,0.0,1,0,0,0,0
TCGACACCACCATTAACATGGACACCAC,CATCACCGTGCTCAT,,0.0,1,0,0,0,0
ATATCACTGTCAAGAGCATGGCCATCGT,ATTATCAAGTGCCAG,,0.0,1,0,0,0,0
ACACCAATTCCAGGCACAAAAGCACCTC,GCAAGAAAGAAACCC,,0.0,1,0,0,0,0
ATGTCACGAGCATCACCAATATCAACCA,ACAGTTGACGGACAG,,0.0,1,0,0,0,0
TACGCAAAACCAAAAGCAATCACAAAGG,TTTATAAATCAATAG,,0.0,1,0,0,0,0
GATGCACACGCATGTACAAGGGCATCTG,CTACTTACAACGGAA,,0.0,1,0,0,0,0
GCACCAGCTCCATCTGCACTGCCAAGGG,GTCACCGGCACTAAC,,0.0,1,0,0,0,0
GTTTCAGCTTCAGCTACAACGCCACTAC,GCTGCTTATGAGGAT,,0.0,1,0,0,0,0
TCGACAAGGGCAATGGCAGCATCAAGGT,TTAGTCTTTCCATCA,,0.0,1,0,0,0,0
GGCGCAGGGTCAGTGTCATTGCCAATGA,ACAGGGCAGCTCCCG,,0.0,1,0,0,0,0
GGTGCACATGCATCACCACGCCCAAAAA,GCTGCTTATGAGGAT,,0.0,1,0,0,0,0
TCCACAGTTTCAATCTCAAAAGCAGCGT,CTATGCATTTACTCA,,0.0,1,0,0,0,0
TACACAGGGTCACGTTCAAACGCATGAT,GCTGCTTATGAGGAT,,0.0,1,0,0,0,0
AACGCATTTTCAGTCCCAGGAGCAGAAA,GTTCAGCTTTGATCG,,0.0,1,0,0,0,0
GACTCAAGACCAGCGCCAGGTTCACGAT,ACAAGTTTTACAGTT,,0.0,1,0,0,0,0
CCTACAACATCACACTCATTACCAAGTG,TTAATTGCACTTATG,,0.0,1,0,0,0,0
GCTACACTCTCATCTACAGTCGCATCGA,TGATCATCACGGGAC,,0.0,1,0,0,0,0
GAGACAATCCCATTTGCACACGCAGGCT,GCTGCTTATGAGGAT,,0.0,1,0,0,0,0
CCTTCACTTGCAAGGCCAGATCCACAAG,CTGATTTGTGCTGTC,,0.0,1,0,0,0,0
AAGTCACTGGCACAAATATCCTCAGCAT,AGTGTATGATAATAT,,0.0,1,0,0,0,0
GGGTCAATGGCATAGTCATTTACAGCAA,GTAATCTGACTCTAG,,0.0,1,0,0,0,0
TAGACAGGCTCACCCACACAAACATCAG,ACAGTTGACGGACAG,,0.0,1,0,0,0,0
GCATCATCAGCAAAGACAGGTACAAAAC,CTATCAAGGCTTAAT,,0.0,1,0,0,0,0
ACTGCATTGTCACAGACAATCTCAGAGG,ATTATCATCGCCATC,,0.0,1,0,0,0,0
ACCCCACTGGCATAAACATAGCCATGGC,CTATCAAGGCTTAAT,,0.0,1,0,0,0,0
GTTGCATCGACATTGACACGGACAGGTC,TATATTGAACTTTAC,,0.0,1,0,0,0,0
GGACCAGGAACATTTCCACGAGCAGACT,GTTGAACTGGTTGTT,,0.0,1,0,0,0,0
CCGTCACGTGCACGATCATCAACATCCC,CTAAGTGTGAAGGAG,,0.0,1,0,0,0,0
GACACAAAAGCAGCCTCAACAGCAGAGA,TTTATAAATCAATAG,,0.0,1,0,0,0,0
CGAGCAAGTTCACGAGCATAACCACCAG,TTATATTTATTTGCT,,0.0,1,0,0,0,0
CGGGCAACTACACCTGCAGCTTCACACC,TCTTGGAGGTGAATG,,0.0,1,0,0,0,0
TAACCAGGAGCAAGTGCATTCGCAGTAT,GCTGCTTATGAGGAT,,0.0,1,0,0,0,0
GACGCATTTACATGAACACCGGCATGAC,ATAGAGCGGCGTTGA,,0.0,1,0,0,0,0
GTGCCAGTTACAACCACACATCCAGAAG,GCTGCTTATGAGGAT,,0.0,1,0,0,0,0
TGTACAAGGGCAACGGCATGCCCAACAT,ATAGAGCGGCGTTGA,,0.0,1,0,0,0,0
GGTTCAATATCAAAATCAGTCGCACCCT,CTACTTACAACGGAA,,0.0,1,0,0,0,0
GTGACATGCGCATGCATCGCCACGGA,GTTGGGCGCTTAAAG,,0.0,1,0,0,0,0
CAGACAGCTACATGGACAATCCCATGAG,TCATAGGTATCTCGC,,0.0,1,0,0,0,0
GTGTCAACCCCATCAGCACCCACACCAA,CGTCAAGACCTTCTA,,0.0,1,0,0,0,0
GGGTCACCACCATCTGCAGCATCACAGT,CTTGATCAATCAAAA,,0.0,1,0,0,0,0
AGGTCAAGAGCACTCTCACAACCAGAAC,ACAGTTGACGGACAG,,0.0,1,0,0,0,0
CCAGCAATCACATCCTCAGCAACATATG,GCTGCTTATGAGGAT,,0.0,1,0,0,0,0
GGGCCAGGAACATAGACAGATACATGCC,ACAGTTGACGGACAG,,0.0,1,0,0,0,0
GTACCATGCACATTGTCAACGACACATG,TCAAAACGGAGTGTT,,0.0,1,0,0,0,0
TAAACATTTGCAATAACATGGGCAGGCG,ACAGGGCAGCTCCCG,,0.0,1,0,0,0,0
CCGCCAAGGGCAGAGGCAGGCTCAGCGA,GTTGGCAACTAATCT,,0.0,1,0,0,0,0
CCACCAAAGGCAGCAGCATAGCCATTAC,GCTGCTTATGAGGAT,,0.0,1,0,0,0,0
GTCGCACTCCCATCTTCAAGGACAAGGT,GTACAAGAAATTTTG,,0.0,1,0,0,0,0
AAAGCGCACACACATGGTCACAAACACTAC,CTAAGCAGTCTTCTC,,0.0,1,0,0,0,0
GCGTCAACTCCAGCACCATAAACAGCGG,CTACTTACAACGGAA,,0.0,1,0,0,0,0
CGGGCAGGCGCAAGTCCATATCCATGCA,GTTGAACTGGTTGTT,,0.0,1,0,0,0,0
TTTCCAGCGGCAACATCAGTCACACTGA,ACAAGTTTTACAGTT,,0.0,1,0,0,0,0
GCCTCATGTACAATATCAGTCTCACTGC,GAGTGCTTCAAAGTT,,0.0,1,0,0,0,0
CTGCCAAACGCACAACCATAGGCACGGT,CTAAGCAGTCTTCTC,,0.0,1,0,0,0,0
GGATCAACCTCACTCTCAAACACAAGAT,CGAACAGAAACACAA,,0.0,1,0,0,0,0
GCTGCACTCTCAGTGGCAACTGCAGGTC,GCTGCGGAGCCTCAG,,0.0,1,0,0,0,0
TCGACATAGCCAACAGCATCGCCACTCA,GCTGCTTATGAGGAT,,0.0,1,0,0,0,0
GTAACAATCGCAACTACATTGGCACCTC,GAGAATGAAGGACAG,,0.0,1,0,0,0,0
GTCACACGTGCAACAGCAGGGACATCTC,GAGAATGAAGGACAG,,0.0,1,0,0,0,0
GGGACATGGCCACGTGCAGTGACAATCG,TTTAACTCACCGTAA,,0.0,1,0,0,0,0
GGGGCAGAGTCAACCCCATGCCCATTAA,GCTGCTTATGAGGAT,,0.0,1,0,0,0,0
TCCCCAACGTCACAGTCAAGGTCAAGCG,TCAAAGCATGAAAAA,,0.0,1,0,0,0,0
GCACCAAGCGCAGAAACACCTACAATCA,AGTGTTAATCAGACC,,0.0,1,0,0,0,0
GGAACAGTGCCATAAACACTCACACAAA,ATATTGAGTAAGTAC,,0.0,1,0,0,0,0
ATTGCAGATACAGAGACAATGCCATTAC,GTTAAATCAACAGTT,,0.0,1,0,0,0,0
AGTACAACGTCATTCGCAAATACAGCCG,GTAATCTGACTCTAG,,0.0,1,0,0,0,0
GGAACAACAGCACTCACACTAACAAACC,GTGTGATTACTAAAT,,0.0,1,0,0,0,0
GTAACACCGGCAGTCACAATAACAGGGA,ATTATCATCGCCATC,,0.0,1,0,0,0,0
ACTACACGCGCACGAACACCAACACTAG,TATATTGAACTTTAC,,0.0,1,0,0,0,0
TGCTCATGACCAATCGCAGCATCATGGT,CTCGCTAATACTCCT,,0.0,1,0,0,0,0
GCGTCAATCACACACTCATTATCAGCAA,TCAAAGCATGAAAAA,,0.0,1,0,0,0,0
TGCGCAAGTGCACTCGCACTGACATAGC,TGGAGTCTTTGTTGA,,0.0,1,0,0,0,0
TCCGCACGTGCAGCACCACGAACAAAAG,ATGAAGTTCATAATG,,0.0,1,0,0,0,0
AAGTCAGATGCATAAGCATTCCCAAGCC,TCAGAGCATTGGCCT,,0.0,1,0,0,0,0
GATACATTCCATGAGCACTCCCATAAA,GTGTGATTACTAAAT,,0.0,1,0,0,0,0
TGATCAACAGCACGTTCAAAGACAGTCT,CGTCAAGACCTTCTA,,0.0,1,0,0,0,0
GGCCCACCGTCAAAGACAGAAGCAGCAA,GTTGAACTGGTTGTT,,0.0,1,0,0,0,0
AAACCAGCTGCAAAGACAAGCCCAGTCA,GCTGCTTATGAGGAT,,0.0,1,0,0,0,0
CGAGCATACGCACGGTCAAGTACATGTT,GCTGCTTATGAGGAT,,0.0,1,0,0,0,0
TCGCAAGGTCAAACACAACGCCAGCCT,ATCGTTGGCATTTGG,,0.0,1,0,0,0,0
GGGGCACCGGCACTGTCAACTGCAGAGG,CGTCAAGACCTTCTA,,0.0,1,0,0,0,0
ACATCAGACTCACCCACAGCAACAGTTC,ATTAATACTTTGCAG,,0.0,1,0,0,0,0
GCGGCACTGTCATAGGCATGCGCAAAGC,CTTGATCAATCAAAA,,0.0,1,0,0,0,0
GGTGCATGGTCAGCATCAATAGCAAGGG,CTTGATCAATCAAAA,,0.0,1,0,0,0,0
AGGTCAATGACAACAACAAAGGCAGAAT,CAAGTTCGGCGAAAT,,0.0,1,0,0,0,0
ACACCATCTACATACCAGTGGCATGTC,TTTATAAATCAATAG,,0.0,1,0,0,0,0
ATTCCATTGGCATTGGCACGTCCAAAAA,GCCCTCGAAACCTAT,,0.0,1,0,0,0,0
ATAGCAAATCCAGTACCACCATCACGTA,ATGGCGATGGTCTTG,,0.0,1,0,0,0,0
TATACCGTTCAGTCTCAGGCTCAACAA,AGATTCATCCCATGG,,0.0,1,0,0,0,0
AAAGCATCTACATTCCCAGGGGCACTCC,TTAATTGCACTTATG,,0.0,1,0,0,0,0
CCTTCAATTCCACAAACACGCACAGTGC,TATATTGAACTTTAC,,0.0,1,0,0,0,0
AAAACAATTTCAGGTACACTCACAGTGA,GAGAATGAAGGACAG,,0.0,1,0,0,0,0
CAGCCATCAGCAGGGACATCTGCATAAA,ACAACCTACCTGCTA,,0.0,1,0,0,0,0
GGTGCACTCGCATACTCACGTCCACAAG,GGTGGAAGTAGCAGT,,0.0,1,0,0,0,0
CTGCCAGGGTCAATTACAGGTCCAAAAG,TGGAGTCTTTGTTGA,,0.0,1,0,0,0,0
GTCACACAATCAATCCCAGCAGCAGTAT,CTGATTTGTGCTGTC,,0.0,1,0,0,0,0
TCAGCACCAGCACTACCAATAACAGGGG,TCTTGGAGGTGAATG,,0.0,1,0,0,0,0
CAGGCATTGGCAGCAGCACGCGCAAATA,TCGATAGAATTTACT,,0.0,1,0,0,0,0
CCTCCAAGCGCAATTGCACGTCCAAGCG,AAAACATTATCAAAG,,0.0,1,0,0,0,0
TCGACATGGACAACACCAGGCGCAACCC,TCAAATGATGAGGAT,,0.0,1,0,0,0,0
CATGCAATTACAACGACAATACCACGGG,GTCACCGGCACTAAC,,0.0,1,0,0,0,0
GGCCCAGGTTCATCACCATTCGCAGCGT,AAAAGCGACATTTCT,,0.0,1,0,0,0,0
CGGTCACGATCAGAATCAAGATCATGGT,TCGAAAGCACAGTAG,,0.0,1,0,0,0,0
TTCGCAAAGTCAAAGACACGTCCAGGTG,CTTGATCAATCAAAA,,0.0,1,0,0,0,0
AAATCACTCTCAGAGTCAACCACAGGAT,ATAGAGCGGCGTTGA,,0.0,1,0,0,0,0
GGAGCAAGTGCACACACAAACTCACAGT,CATATGCATTCCTTG,,0.0,1,0,0,0,0
CTACCACAGCCATCGGCAGACGCACCTC,ACAAGTTTTACAGTT,,0.0,1,0,0,0,0
TAGACATGGCCACTAACAAGCCCATAGA,CATCAATGAGGCAGT,,0.0,1,0,0,0,0
AGTGCATTTCCAGCAGCACCATCAAAGG,TCAAATGATGAGGAT,,0.0,1,0,0,0,0
GCCACAGCCTCATGTCCATGCCCAATTC,TCAAAACGGAGTGTT,,0.0,1,0,0,0,0
ACACCAGTTTCAAGCTCATGGGCACCAA,CTTGCAAGTGTAATT,,0.0,1,0,0,0,0
GGCGCAAGCCCATGGCCACGCACAGATG,AAAAGAAAAATGTAT,,0.0,1,0,0,0,0
GGCGCACAATCAAGGACAAAGTCAAATG,TCTTGGAGGTGAATG,,0.0,1,0,0,0,0
GCGGCAGTACCAGAAACAGCCTCACTAG,TTTTGCATTTAGGCG,,0.0,1,0,0,0,0
ACAACAGTTGCATGGCCAGAAGCAGAAA,TCAAATGATGAGGAT,,0.0,1,0,0,0,0
TCCGCAGCGTCACGTCCACAGTCAAGGT,ACAAGTTTTACAGTT,,0.0,1,0,0,0,0
CATCCACGCACATTTACACGGCCACTAG,TAACCTCGCGCTGAG,,0.0,1,0,0,0,0
ACTCCAGCTACAGGAACACCAACAGATC,CTTGATGGCTGAAAG,,0.0,1,0,0,0,0
TAACCAGGGACATCCCCACAGTCATGAC,GAGTGCTTCAAAGTT,,0.0,1,0,0,0,0
GCGGCAGATACATCCGCACTGTCACATA,GCAAGAAAGAAACCC,,0.0,1,0,0,0,0
TTGTCACGATCAAGCGCAAGGCCAGATA,CGATGATGATGATGA,,0.0,1,0,0,0,0
CGGACAGGATCAAGGTCATGACCAACGC,TCAAATGATGAGGAT,,0.0,1,0,0,0,0
ATCGCAGTGTCAAGATCAATCTCAGTGA,TCAAATGATGAGGAT,,0.0,1,0,0,0,0
AACACAGCCACAGTATCATGAGCAAATG,AAAACATTATCAAAG,,0.0,1,0,0,0,0
AACGCACGAACATGTACATACTCAACGC,CTATGCATTTACTCA,,0.0,1,0,0,0,0
AAAGCATCAGCAGAAGCAACGTCAATAC,CCAGGATGTACCGCC,,0.0,1,0,0,0,0
AGGGCAGAGGCATTCTCACGTACAACGA,ATGGCGATGGTCTTG,,0.0,1,0,0,0,0
TAATCATCCACATTCTCAAGGCCACCTC,GTTTGTTTTGGGAAA,,0.0,1,0,0,0,0
AGGGCAGTTCCAGATACAAGTGCATAAC,ACAAGTTTTACAGTT,,0.0,1,0,0,0,0
CCTTCACATGCATTGACAGCAGCATGCG,TTTATAAATCAATAG,,0.0,1,0,0,0,0
TGTGCATAACCAGCATCAGTAGCATTTG,CTCTTGAGAATACTT,,0.0,1,0,0,0,0
AAGTCAGCCTCATGGCCAGGGTCACTGG,ATGAAGTTCATAATG,,0.0,1,0,0,0,0
TCAACAGATCCACCGTCAAAAACAGAAG,ATGGCGATGGTCTTG,,0.0,1,0,0,0,0
TACGCAAATGCACGATCACAAACAGACG,GAACTCAGGTTCCAT,,0.0,1,0,0,0,0
GTAGCATAGGCAAATCCAGAGTCATTAA,TCTTGGAGGTGAATG,,0.0,1,0,0,0,0
CTCACAGGGGCAGTAACACAAACACGGA,CTAAGTGTGAAGGAG,,0.0,1,0,0,0,0
TAAGCATAGCCATCCGCATAGCCATATA,GTACAAGAAATTTTG,,0.0,1,0,0,0,0
GGCCCAATGACACGTTCAGGGACAGGCC,CTTGATGGCTGAAAG,,0.0,1,0,0,0,0
GACTCATGAACAGTGGCAGAAGCACTTA,CGTCAAGACCTTCTA,,0.0,1,0,0,0,0
CTACCAGCGACAATAGCAGTTTCAGATG,GCAAGAAAGAAACCC,,0.0,1,0,0,0,0
GGTGCAGTTGCAGGCTCAATCCCAAGTT,TCAAAGCATGAAAAA,,0.0,1,0,0,0,0
GGAACAACATCATGCGCAAGGTCAAAAT,GTTAAATCAACAGTT,,0.0,1,0,0,0,0
TTCACAACGACAACGTCATTGGCAGCTA,GAGAATGAAGGACAG,,0.0,1,0,0,0,0
TGCGCATAAACAAGTTCAAGAACAGTAC,AGAACATCATCTACA,,0.0,1,0,0,0,0
TGAACAGGTGCAGTGACAATAACAAAAA,GTTAAATCAACAGTT,,0.0,1,0,0,0,0
ATTGCACATGCAAAGCCAAAAACAATTC,CTTTCTTGTGTATTT,,0.0,1,0,0,0,0
CACAACAAGATCATTGCCATCAGTCT,ACAGTTGACGGACAG,,0.0,1,0,0,0,0
GGATCAATTACAATACCAACGACAACGA,CTAAGCAGTCTTCTC,,0.0,1,0,0,0,0
TACGCAGTCTCACAAGCAAACGCAGTCA,TCGATAGAATTTACT,,0.0,1,0,0,0,0
GAAACATCCGCAAAGGCACTTCCACGTG,GTTTGTTTTGGGAAA,,0.0,1,0,0,0,0
CACCCATTGCCACGGGCATGTGCAGGAA,CTCTTGAGAATACTT,,0.0,1,0,0,0,0
GGTCCATTGCCAAGTACAGGAGCAGTCA,CTAAGCAGTCTTCTC,,0.0,1,0,0,0,0
TCAGCACTATCAACGTCACACTCACAGC,ATGAAGTTCATAATG,,0.0,1,0,0,0,0
GCAGCATGTGCAACTGCAACGGCACTAC,GCTGCTTATGAGGAT,,0.0,1,0,0,0,0
CCCGCAGGCTCATTCTCAGAGGCAACAC,GCTGCTTATGAGGAT,,0.0,1,0,0,0,0
GGCTCATGTCCAAAAACAAAGGCATGCT,CATTGTCGGACGCTT,,0.0,1,0,0,0,0
ACTACAGATTCAACCGCAAGCGCATCGA,GCTGCTTATGAGGAT,,0.0,1,0,0,0,0
GGGTCAGTGGCATACGCAGGCTCACGTC,ACAGTTGACGGACAG,,0.0,1,0,0,0,0
CAACCATTGACAGAAGCACACGCACCGA,GCTGCTTATGAGGAT,,0.0,1,0,0,0,0
GGTCCAGTAACACGGTCAGTGACATCTC,GCTGCTTATGAGGAT,,0.0,1,0,0,0,0
AGGGCAGCTCCAAAAGCACGAACACAAT,AATGATACCATTTTT,,0.0,1,0,0,0,0
GTGACACCGACAATCACATACACACAGG,AGTTTATAAAAAATT,,0.0,1,0,0,0,0
ACTCCAGAGGCATGGCCAGCGCCAGCTC,TTTTGCATTTAGGCG,,0.0,1,0,0,0,0
AATCCAGCGTCAAGCCCACCATCAGCGA,GAGTGCTTCAAAGTT,,0.0,1,0,0,0,0
AACCCACCGCCAGTTCCAACCCCAGGTA,CTAAGCAGTCTTCTC,,0.0,1,0,0,0,0
GTCCCATCGCCATGGTCAGGTTCAGCAT,TCAAAACGGAGTGTT,,0.0,1,0,0,0,0
GCTGCAGTAACAGGATCATGTGCAAACT,CTAAGCAGTCTTCTC,,0.0,1,0,0,0,0
AACGCAGCCTCAGGATCAGAATGCAACGC,CTAAGTGTGAAGGAG,,0.0,1,0,0,0,0
GCGACAAACTCACGGCCAGCCCCACAAG,TATGCCCTTCTTCTG,,0.0,1,0,0,0,0
GCGTCAAGAACAGGTCCATGAACATGCA,TCAACAACCTATGCA,,0.0,1,0,0,0,0
ACAGCACTAACAGACGCACTGTCACATC,GTTTAGCTTCCGTTG,,0.0,1,0,0,0,0
ACTACATACGCAAGAGCAACATCAGGTC,TGATCATCACGGGAC,,0.0,1,0,0,0,0
ATGGCATTTCCAGGTACACTATCAGGCT,TAACCTCGCGCTGAG,,0.0,1,0,0,0,0
TAGTCACGAACAGAGGCATGCTCAAGTT,TGATCATCACGGGAC,,0.0,1,0,0,0,0
AAGTCACCCACAGATGCACTCCCACACA,TCGATAGAATTTACT,,0.0,1,0,0,0,0
TCCGCACTCCCATTAACAAACACACTTT,GTTGGGCGCTTAAAG,,0.0,1,0,0,0,0
TGCTCAGTGTCAGTATCATGCCCAAGGG,CTTGCAAGTGTAATT,,0.0,1,0,0,0,0
TCGGCAAGTACAGAAACAACCACAGAAC,GTTCAGCTTTGATCG,,0.0,1,0,0,0,0
GGCGCAAGGACATGTTCAGCCACATTAG,TCAAATGATGAGGAT,,0.0,1,0,0,0,0
GCCGCAAGGGCACAAGCAGATGCAATGA,AAAAGCGACATTTCT,,0.0,1,0,0,0,0
ACACCAGGCGCACGCTCATTATCAGGAC,TCATAGGTATCTCGC,,0.0,1,0,0,0,0
TGAGCAGACGCAATAACACTAGCAGGCA,ATCGTTGGCATTTGG,,0.0,1,0,0,0,0
AGGTCAATCCCACAGGCATTGCCATATC,GCTGCTTATGAGGAT,,0.0,1,0,0,0,0
GCGTCACGCACATTGCCAGTAACAAACG,CTTGATCAATCAAAA,,0.0,1,0,0,0,0
TGGGCAACGTCATGACCATCTGCATCAA,ATAGAGCGGCGTTGA,,0.0,1,0,0,0,0
GCTGCATTGACAGAAGCAGTTCCACTCT,ATAATTTTCATCCAC,,0.0,1,0,0,0,0
TACACAAGCTCACACGCAACGACAAATC,GCTGCTTATGAGGAT,,0.0,1,0,0,0,0
CTTACAGCACCACTAACACCGGCATGCC,ACAGTTGACGGACAG,,0.0,1,0,0,0,0
GCAGCATCACCATTAGCACCCACACATA,AAAAGCGACATTTCT,,0.0,1,0,0,0,0
AAGCCACAGCCACTCCCAACTTCAGCCC,TCAAAGCATGAAAAA,,0.0,1,0,0,0,0
AGACCAGGCACACCCGCAACATCAATAG,TCGATAGAATTTACT,,0.0,1,0,0,0,0
TGTCCAGCCACACTGGCAGTAACAATCG,ACCACCGGTCCTGCC,,0.0,1,0,0,0,0
CGCACATGAGCAAGTGACAATGCCACGAC,CATTGTCGGACGCTT,,0.0,1,0,0,0,0
GGCCCAGCTACATATACATAATCACACT,CTTGATCAATCAAAA,,0.0,1,0,0,0,0
AGTACAAGGTCAAGGGCAATACCATGCA,TCAAATGATGAGGAT,,0.0,1,0,0,0,0
CCAACAAGGGCATGAACATTCGCATCAG,ATAGAGCGGCGTTGA,,0.0,1,0,0,0,0
GTCACAATCACAGAACCAGAGGCAGGGT,TTATATTTATTTGCT,,0.0,1,0,0,0,0
CCACCAACGTCATTACCAGCGCCAGGTT,AATGATACCATTTTT,,0.0,1,0,0,0,0
GCTACACCGCCACACACATGCCCATTTG,TTAATTAGAGGTATG,,0.0,1,0,0,0,0
CCCACAGCGCCACTAGCATGTCCAAGAA,TCTTGGAGGTGAATG,,0.0,1,0,0,0,0
GGGACACATGCAAAGGCAGAGACACCAG,GAGAATGAAGGACAG,,0.0,1,0,0,0,0
CAAGCACAGTCACAACCATTGACAGAGC,GCTGCTTATGAGGAT,,0.0,1,0,0,0,0
TAATCAAATACATCCTCAGTCGCACCCA,ATCGTTGGCATTTGG,,0.0,1,0,0,0,0
ATCGCACATCCACTGGCAAAGACAACTC,GCAAGAAAGAAACCC,,0.0,1,0,0,0,0
TGATCAGTAACAGACGCATAACCAGGCA,ATAGAGCGGCGTTGA,,0.0,1,0,0,0,0
GCGCCATGCCCACCCACATCCGCAAACC,GCTGCTTATGAGGAT,,0.0,1,0,0,0,0
TGATCAACCCCACGCTCAACGGCACCGA,TCAGAGCATTGGCCT,,0.0,1,0,0,0,0
GGCACAACTGCATAAACACGTTCAGGCG,TTAGTCTTTCCATCA,,0.0,1,0,0,0,0
GGGACAAGTCCACACCCAAACACAAACT,ACAGTTGACGGACAG,,0.0,1,0,0,0,0
CAACCAGATTCATCAACAAAGACAGTAC,CTTGCAAGTGTAATT,,0.0,1,0,0,0,0
TCAGCAGGCCCAGTAACAGGGGCAGGCA,GGTTGCCCAGAAGTA,,0.0,1,0,0,0,0
TGGACAAGGTCACCAACAGGGGCAGGGT,ACCACCGGTCCTGCC,,0.0,1,0,0,0,0
TACGCATCTCCACGGCCACATACAATGG,GCTGCTTATGAGGAT,,0.0,1,0,0,0,0
GGACCAGGCCCACCGGCATCTACAGCCT,CATTTATGGCTATCT,,0.0,1,0,0,0,0
TCGTCATCCACAAAGACATACACACCCG,CATTGTCGGACGCTT,,0.0,1,0,0,0,0
GCCGCAGGGGCAGGAACAATTCCAATAC,GTAATCTGACTCTAG,,0.0,1,0,0,0,0
TATGCAAAGACATTCCCAACCTCAGGGC,GTGTGATTACTAAAT,,0.0,1,0,0,0,0
CTTACAGGCACATGTTCACTGCCAGATA,TGATCATCACGGGAC,,0.0,1,0,0,0,0
ACAGCACAACCAGTCGCAATTTCAGGAG,TGGAGTCTTTGTTGA,,0.0,1,0,0,0,0
TAGTCAGCCCCATATGCAAGGACATCAA,CGAATGCCATACAAA,,0.0,1,0,0,0,0
CGCACAACCACAATAGCAACTTCACGTT,GAGTGCTTCAAAGTT,,0.0,1,0,0,0,0
TATTCATGGGCATGTCCAGGGACACTGA,GTAATCTGACTCTAG,,0.0,1,0,0,0,0
TCGGCACTGCCACCTACACCCAACAA,ACAGTTGACGGACAG,,0.0,1,0,0,0,0
ACTGCAGTACCACATACATCTTCAGAAA,ACAGTTGACGGACAG,,0.0,1,0,0,0,0
GCACAGCGACAGAATCAAAGACACATG,GCAAGAAAGAAACCC,,0.0,1,0,0,0,0
TATGCAGGCCCAGAGGCACGAGCATGTT,AATGATACCATTTTT,,0.0,1,0,0,0,0
ATGTCAAGAACAGTGACACACTCAATAC,TTAATTAGAGGTATG,,0.0,1,0,0,0,0
GCTTCACAGACATTTCCAGATGCACATA,CTTGCAAGTGTAATT,,0.0,1,0,0,0,0
TAGTCAGTACCATGAGCATGCCCAGGCA,GGTGGAAGTAGCAGT,,0.0,1,0,0,0,0
GCCGCACAGGCAGTTGCAGGGTCACTAT,ATATTGAGTAAGTAC,,0.0,1,0,0,0,0
GTTACAAGAACAAGCCCAGAATCAATAG,AAAACATTATCAAAG,,0.0,1,0,0,0,0
TAGGCAAAATCAACAGCACAAACAATAG,GCTGCTTATGAGGAT,,0.0,1,0,0,0,0
GGGGCACCCTCAATACCAATTCCAGGCC,GTTTGTTTTGGGAAA,,0.0,1,0,0,0,0
GTACCACGCCCATGGCCATCTTCAAGGA,AAAAGCGACATTTCT,,0.0,1,0,0,0,0
AAGCCACGAACATACGCAAGTTCATGAG,GCAAGAAAGAAACCC,,0.0,1,0,0,0,0
TATGCAGGGCCACGGTCACGCGCACATC,AGTTTATAAAAAATT,,0.0,1,0,0,0,0
GAGTCACTCTCATGGACAACCCCAATGG,GTTGGGCGCTTAAAG,,0.0,1,0,0,0,0
GAAACAATCGCAAACGCAATCTCAGAGG,TCAGAGCATTGGCCT,,0.0,1,0,0,0,0
GGGTCACAGCCATCGTCACCACCACCAC,CAATCTTGAATTGAT,,0.0,1,0,0,0,0
GCCGCACAGGCAGGGCCATTAACAGTGA,ATCGTTGGCATTTGG,,0.0,1,0,0,0,0
ACTACAGCAACACTTCCAGCTTCATCGG,TACACCAATTACACT,,0.0,1,0,0,0,0
CCACCAGGGTCATACACACAATCAAGTA,GGTGGAAGTAGCAGT,,0.0,1,0,0,0,0
TCTCCAGGGACACAACCAGGCACAAAAA,CTATCAAGGCTTAAT,,0.0,1,0,0,0,0
TTGACAGGGGCACCAGCAATAGCATCCG,ATTAATACTTTGCAG,,0.0,1,0,0,0,0
ATACCATGCGCAGACTCAGGGGCAGTAC,GAACTCAGGTTCCAT,,0.0,1,0,0,0,0
TACCCAATACACGGTCAAATGCAGCGA,ATTATCATCGCCATC,,0.0,1,0,0,0,0
CATACAAGTACAGTGCCACGTCCAGGGA,CATTGTCGGACGCTT,,0.0,1,0,0,0,0
CAACCAGCTGCATTGCCAAAGGCACTTG,CGATGATGATGATGA,,0.0,1,0,0,0,0
GTCCCAGAGGCACTAACATGAGCAACTC,CTTGATCAATCAAAA,,0.0,1,0,0,0,0
ATCTCATGAGCAACCGCACGGGCATAGC,GTTTGTTTTGGGAAA,,0.0,1,0,0,0,0
CTCGCATAGCCAGGTACAATGGCAACTA,GCTGCTTATGAGGAT,,0.0,1,0,0,0,0
AGACCAACGACACTATCACCCGCATCAC,ATGAAGTTCATAATG,,0.0,1,0,0,0,0
TGGTCAGGAGCATTCGCAGGTTCAATGT,CGATGATGATGATGA,,0.0,1,0,0,0,0
CGACCACAGACAAAGACAAAGGCAGGTC,GTTTAGCTTCCGTTG,,0.0,1,0,0,0,0
ATCGCAGGACCAGTGTCACACTCAAAGC,ACAGTTGACGGACAG,,0.0,1,0,0,0,0
GATTCAAAAGCATCCACACCACCACTGA,TTTTGCATTTAGGCG,,0.0,1,0,0,0,0
GGGACAGAGTCAGCTGCAATCCCATCTG,GCAAGAAAGAAACCC,,0.0,1,0,0,0,0
GAAGCAAACTCATCCCCAGTACCAACAA,GCTGCTTATGAGGAT,,0.0,1,0,0,0,0
CAAACAGAGACACACGCAAGTGCAGTTG,TCAAAGCATGAAAAA,,0.0,1,0,0,0,0
GAGCCATTCACAGAGGCAGCCGCAGTAG,CTAAGTGTGAAGGAG,,0.0,1,0,0,0,0
GAGACACGTCCACACACAAAAGCAATTA,CATCAATGAGGCAGT,,0.0,1,0,0,0,0
CACCCATAGCCATTGCCAACAACAGTTG,ATAGAGCGGCGTTGA,,0.0,1,0,0,0,0
ACGACATTACCAACCTCAAGCTCAGGAG,AGTGTTAATCAGACC,,0.0,1,0,0,0,0
AGGGCATTCACACCGACATCCCCAAAAC,GCTGCTTATGAGGAT,,0.0,1,0,0,0,0
TTCCCAGGTCCAAAGTCACACGCACGAT,CTACTTACAACGGAA,,0.0,1,0,0,0,0
TTGACATAAGCAGTTTCAACTGCACGGC,TCAAATGATGAGGAT,,0.0,1,0,0,0,0
GGGGCACCCTCAGCCACAGCAGCAACCA,ACAGTTGACGGACAG,,0.0,1,0,0,0,0
ACAGCATCCCCACCATCACTATCAGTAA,ATTAATACTTTGCAG,,0.0,1,0,0,0,0
AGGCCAATGGCAGGGTCAACAGCATTAG,CTGATTTGTGCTGTC,,0.0,1,0,0,0,0
GTTTCAGTCACAGGATCAGCTACAGTGG,GCTGCTTATGAGGAT,,0.0,1,0,0,0,0
TGAACAATTGCAGGGGCAATGACAGGGC,TAATATTGTTTTGCG,,0.0,1,0,0,0,0
TGTACAAAGTCAGTTTCACAGGCAATGT,ACAAGTTTTACAGTT,,0.0,1,0,0,0,0
CTACCACGCACAAACGCATGTACACGAT,ATTATCATCGCCATC,,0.0,1,0,0,0,0
TATCCAGATACAGCGACAACTTCAGAAC,CTAAGCAGTCTTCTC,,0.0,1,0,0,0,0
GCGGCACTGACATTTCCATATGCAAAGA,CATATGCATTCCTTG,,0.0,1,0,0,0,0
AAAGCAGTGCCATTGTCAAAGCCAACGC,CTATCAAGGCTTAAT,,0.0,1,0,0,0,0
TCCCCATAGGCAAAATCACACGCAAAAG,TTTAACTCACCGTAA,,0.0,1,0,0,0,0
CAACCAGTCCCACAAACAGGCTCAATAA,TATATTGAACTTTAC,,0.0,1,0,0,0,0
CAATCATAATCAGCAGCATCCGCATACC,GTTAAATCAACAGTT,,0.0,1,0,0,0,0
GTAGCAGCCGCAGCCTCAAAGTCAACAG,TCAAATGATGAGGAT,,0.0,1,0,0,0,0
TGTTCAGCGTCATAGACAGAAACAGTGA,CGATGATGATGATGA,,0.0,1,0,0,0,0
ATCCCAACGCCACGGACAAAGGCAAATT,TTAATTAGAGGTATG,,0.0,1,0,0,0,0
AGAGCAACCCCATAAGCACCGACAAGGA,ATGAAGTTCATAATG,,0.0,1,0,0,0,0
GCTGCAGCTACAAACACATGGACATGCC,GGTTGCCCAGAAGTA,,0.0,1,0,0,0,0
TAAACACGTGCAGCGGCAAGAGCATCCT,ATGAAGTTCATAATG,,0.0,1,0,0,0,0
AACGCACCGCCAATGGCAATCCCACAGT,GCTGCTTATGAGGAT,,0.0,1,0,0,0,0
TAAACACTGTCATGTCCACCCGCACCAT,CTCTTGAGAATACTT,,0.0,1,0,0,0,0
ACGACACACACAAATACAGAATCAGCCT,CTAAGCAGTCTTCTC,,0.0,1,0,0,0,0
AATACATGACCACTAGCAACCGCACTCT,CATCACCGTGCTCAT,,0.0,1,0,0,0,0
GCCGCAAGCGCAATTCCACCTCCATCGA,AATGATACCATTTTT,,0.0,1,0,0,0,0
TAAGCATCGACACCTGCACTTGCACTGG,TCAAATGATGAGGAT,,0.0,1,0,0,0,0
GGGTCACACACAGTGCCAAATCCAGCGT,AATGATACCATTTTT,,0.0,1,0,0,0,0
AAGGCAGCCCCACTTACATCGCCAAAAG,AAAACATTATCAAAG,,0.0,1,0,0,0,0
GTTGCAAGCGCAAAAACAGTTGCATATG,GTTCAGCTTTGATCG,,0.0,1,0,0,0,0
GTTGCACAGCCACACTCAGTGCCATAGA,CCAACACAGGCTTCG,,0.0,1,0,0,0,0
AGGTCATAGCCATTGTCAAGCACAGATT,CATATGCATTCCTTG,,0.0,1,0,0,0,0
AACGCACGGCCATTCACACGGGCAGACA,GCTGCTTATGAGGAT,,0.0,1,0,0,0,0
CATGCACGCGCAAGCTCACACACAATGA,ATCGTTGGCATTTGG,,0.0,1,0,0,0,0
ATTGCAACCACATGAGCATCATCAATGG,CTAAGTGTGAAGGAG,,0.0,1,0,0,0,0
AGTTCAAGCGCAGGTGCACTAGCATGGT,TGATCATCACGGGAC,,0.0,1,0,0,0,0
GACGCAAACCCATACTCAAAAACACCGG,TATATTGAACTTTAC,,0.0,1,0,0,0,0
CCACCATATGCAGCAGCAGCATCAGTTA,GTAATCTGACTCTAG,,0.0,1,0,0,0,0
CAGGCACCGACAAAGACAATGGCATATT,AGATTCATCCCATGG,,0.0,1,0,0,0,0
GCCCCAATGCCAGGTCCATGCTCACGCT,ACAGGGCAGCTCCCG,,0.0,1,0,0,0,0
GGTTCATAGTCAGCGCCAAAGGCAGTCA,TCAAATGATGAGGAT,,0.0,1,0,0,0,0
TGTACACGCGCACTCACATACGCATCGC,CTACTTACAACGGAA,,0.0,1,0,0,0,0
CGTGGCAGAGGCAATGTCATACGCAGGA,CTGATTTGTGCTGTC,,0.0,1,0,0,0,0
AAGGCAAGTACATTTCCAGCCTCACCTG,ACAGTTGACGGACAG,,0.0,1,0,0,0,0
AGAGCACTCCCATCTTCAGGCGCAAGAT,GCTGCGGAGCCTCAG,,0.0,1,0,0,0,0
TGGGCACCATCATGCACAAGTTCAGCGT,GCTGCTTATGAGGAT,,0.0,1,0,0,0,0
AATCCATCGACAATGCCAGCACCAGCTA,CATATGCATTCCTTG,,0.0,1,0,0,0,0
TCTTCATTCGCAACTACACTCCCATCTG,ATTATCATCGCCATC,,0.0,1,0,0,0,0
GACACAGGTCCAAAGCCAGACACAATTC,CCAACACAGGCTTCG,,0.0,1,0,0,0,0
CTTCCAGGTTCAACCCCAGCACCACATG,TCAAAGCATGAAAAA,,0.0,1,0,0,0,0
GGCCCACGTTCAGCCTCAGAGTCACTAG,TTAATTGCACTTATG,,0.0,1,0,0,0,0
ATTCCATGTCCAACGGCACGTGCAATGT,ATTATCATCGCCATC,,0.0,1,0,0,0,0
TAGTCAAGGGCAGTGTCATGGCCAACCA,TTTTGCATTTAGGCG,,0.0,1,0,0,0,0
AGCGCACGATCACCACCAGTTTCACTCT,TCAAATGATGAGGAT,,0.0,1,0,0,0,0
AGGGCAAGACCAGCACCAGCACCATGTG,GCTGCGGAGCCTCAG,,0.0,1,0,0,0,0
CGGACAAGTGCAATGGCATTGACAAGAT,CTGATTTGTGCTGTC,,0.0,1,0,0,0,0
CGAACAAGTGCACAAGCATCGACACTGA,CTTGATGGCTGAAAG,,0.0,1,0,0,0,0
GGTGCAGATCCAAGCACAAGCTCAATGA,CTGATTTGTGCTGTC,,0.0,1,0,0,0,0
GTCGCATGAGCAGCAACAGTTCCACTAG,TCAAATGATGAGGAT,,0.0,1,0,0,0,0
GCCCCAAGGTCACATTCAGTAACAACAA,ATCGTTGGCATTTGG,,0.0,1,0,0,0,0
AGTACATATACAGAACCAAGCCCAGGCT,GTTTAGCTTCCGTTG,,0.0,1,0,0,0,0
TCCCCAAAGACAAGGGCAGCTACATGGA,GTTGGGCGCTTAAAG,,0.0,1,0,0,0,0
AACTCAAGTCCAGCTGCACAACCAGCAA,ATAGTCGATTAAGAT,,0.0,1,0,0,0,0
GCGGCAAGTCCAAAATCATTGGCATCAC,CGATGATGATGATGA,,0.0,1,0,0,0,0
CGCGCAACCCAACGGCACGCTCACATT,TACACCAATTACACT,,0.0,1,0,0,0,0
TCTTCAGAATCACCGTCATACCCACTGC,TCAAAGCATGAAAAA,,0.0,1,0,0,0,0
CGGGCAACTACATGCGCAGATACAACAC,CATTTATGGCTATCT,,0.0,1,0,0,0,0
CACTCAGCGCCACTTCCATCCGCACAAT,CTTGCAAGTGTAATT,,0.0,1,0,0,0,0
TGGCCAAGGCCATAAGCACGAACACTAC,TATGCCCTTCTTCTG,,0.0,1,0,0,0,0
AGATCAGCACCACCATCACGATCACCGA,GCTGCTTATGAGGAT,,0.0,1,0,0,0,0
AACACATGCCCACTTCCACTAACAGAAG,TCAAAGCATGAAAAA,,0.0,1,0,0,0,0
CACGCACAACCAGCCACAGGAACATGTC,GTTGGGCGCTTAAAG,,0.0,1,0,0,0,0
CTCTCAAGAACATATGCACAGTCATGCC,CCAAGACCGTGTAAA,,0.0,1,0,0,0,0
GCCACAGATACATCGCCACGGACACCTA,GCTGCTTATGAGGAT,,0.0,1,0,0,0,0
TTCACAAAAACAGGGGCAGTCTCACTCA,CTTTCTTGTGTATTT,,0.0,1,0,0,0,0
GTGTCAGAGGCACATGCATGAACAAACA,GGTTGCCCAGAAGTA,,0.0,1,0,0,0,0
TCCGCAGGCTCACGCCCATAATCAGTAC,GCAAGAAAGAAACCC,,0.0,1,0,0,0,0
CGCCCACAGGCATTAACAGTTTCATTCT,ATAATTTTCATCCAC,,0.0,1,0,0,0,0
GCTCCAACGACAGCATCAGCATCAGGTA,ACAGGGCAGCTCCCG,,0.0,1,0,0,0,0
TGGCCACATTCAGCGCCACTCACACGGA,TATATTGAACTTTAC,,0.0,1,0,0,0,0
AAGACAATGACAGGGAAGCGCCATTAT,GCTGCTTATGAGGAT,,0.0,1,0,0,0,0
TAACCATGGCCACGATCAGTACCAAGAG,ACCACCGGTCCTGCC,,0.0,1,0,0,0,0
AATACAGCAACAAAGTCACCGGCAGAAG,GCTGCTTATGAGGAT,,0.0,1,0,0,0,0
ATAGCAGCTACAACACCAACCGCAATAA,TCAAAGCATGAAAAA,,0.0,1,0,0,0,0
GGTGCAGCCACAGAACCAAGTGCAAGGA,GCTAATTTCAAGAAT,,0.0,1,0,0,0,0
TGGCCAAGCGCAATTCCACTTGCAACTG,GTTGGGCGCTTAAAG,,0.0,1,0,0,0,0
ATGACACGCCCAGTCACAGTGACACGAC,GTACAAGAAATTTTG,,0.0,1,0,0,0,0
GTGTCAAGTACACGACCAATATCAATGC,CAAGTTCGGCGAAAT,,0.0,1,0,0,0,0
GCACCACTTGCACATGCAAAGACAACAA,ACAGTTGACGGACAG,,0.0,1,0,0,0,0
GCGGCAGCGGCAGCGCCAAGATCACTGT,GCTGCTTATGAGGAT,,0.0,1,0,0,0,0
GTCACACAGCCAGAGACAAAGACAACGA,GAACTCAGGTTCCAT,,0.0,1,0,0,0,0
AATGCAAATTCAAAGGCAGCAGCAGTGG,TCGAAAGCACAGTAG,,0.0,1,0,0,0,0
AGTTCACGCGCAGGGTCATCGTCATGCT,AGAAGACGACGATGA,,0.0,1,0,0,0,0
TGATCAGATACACGACCAAAAACAAATC,ATAGTCGATTAAGAT,,0.0,1,0,0,0,0
CTATCAGTATCATTCGCAATGTCACACT,ACAGTTGACGGACAG,,0.0,1,0,0,0,0
GCGGCACGGACATAAGCAGCCCCAGTGA,TCAAAACGGAGTGTT,,0.0,1,0,0,0,0
ATCGCAATGTCACGCGCAACCGCAAATT,TAATATTGTTTTGCG,,0.0,1,0,0,0,0
CATACACTAACACCTACAACTGCAGCAC,AAAAGAAAAATGTAT,,0.0,1,0,0,0,0
CTTGCACACGCACTCGCACGACCAGTAA,TTTTGCATTTAGGCG,,0.0,1,0,0,0,0
ATTCCAGTGTCATACACATGCTCAGCAG,TCAAATGATGAGGAT,,0.0,1,0,0,0,0
GAAACACTCGCACGAGCAAGTTCAGAAC,AATGATACCATTTTT,,0.0,1,0,0,0,0
TACTCAGCGACACGGACATTCTCAGGAT,CGTCAAGACCTTCTA,,0.0,1,0,0,0,0
GGCTCACGTGCATAATCACATTCAGGAC,CTACTTACAACGGAA,,0.0,1,0,0,0,0
GAACCATTGGCACTTACATACGCAGCTG,TCGAAAGCACAGTAG,,0.0,1,0,0,0,0
CTATCAACGCCAATGTCACAGCCAAAAG,ACAGTTGACGGACAG,,0.0,1,0,0,0,0
CCCCCAAGAACAATGCCAAGTACATCTG,CCGTTAGTATCGCTA,,0.0,1,0,0,0,0
CGCCCAGTAACACATTCATCAGCAGAAC,ATATTGAGTAAGTAC,,0.0,1,0,0,0,0
GGCCCAGGCACAAGTGCACTACCAGGCC,GCAAGAAAGAAACCC,,0.0,1,0,0,0,0
TGACCAAACGCATAAGCAACTCCATGAA,TTATATTTATTTGCT,,0.0,1,0,0,0,0
AGGCCAGTAGCAAAAGCATATCCAAGTC,ACAGTTGACGGACAG,,0.0,1,0,0,0,0
TAAACAGAGTCACCGCCATGCCCACACA,TCAGAGCATTGGCCT,,0.0,1,0,0,0,0
GTAACACAGGCAAACGCAGTTTCAAATA,CTATCAAGGCTTAAT,,0.0,1,0,0,0,0
CAGGCAGCGCCACTCGCAAAAGCACGTA,ACAGTTGACGGACAG,,0.0,1,0,0,0,0
GCAACATTTGCAGCTGCAAACGCAGCAA,GCTGCGGAGCCTCAG,,0.0,1,0,0,0,0
TGGGCAACATCAGTGCCACCGACACGAC,ACAGTTGACGGACAG,,0.0,1,0,0,0,0
AAGTCATCGACATTGGCAATCACAGAAT,CGAACAGAAACACAA,,0.0,1,0,0,0,0
TGGTCACCCACATTCTCACGACCAATTC,CTATCAAGGCTTAAT,,0.0,1,0,0,0,0
CTAACAAGGTCAGTGCCAACCTCAGTCA,CTCGCTAATACTCCT,,0.0,1,0,0,0,0
TTGGCAGGGCCACAAGCACCCCCACGAA,GAGAATGAAGGACAG,,0.0,1,0,0,0,0
CTCTCAACGCCAAACTCATTCACAACCT,CTTTCTTGTGTATTT,,0.0,1,0,0,0,0
TCTACAGAACCAAAGCCAACTTCAGCCT,ATTATCATCGCCATC,,0.0,1,0,0,0,0
TACGCAGGTGCAGGTGCATCAACAATTA,AGTTTATAAAAAATT,,0.0,1,0,0,0,0
TGGGCACACACATACACAGGCACACGCC,ATAGTCGATTAAGAT,,0.0,1,0,0,0,0
CCGACAACCTCAGGCTCAGCAGCATGAA,TCAAATGATGAGGAT,,0.0,1,0,0,0,0
GGCCCAGCGTCAAAGTCAGGCTCAGAAG,GTTCAGCTTTGATCG,,0.0,0,1,0,0,0
TCCACAAGACCATAAGCAAAGCCAATTC,CTCGCTAATACTCCT,,0.0,0,1,0,0,0
TACACAAATGCACTCCCAACGACATTCG,CTTGATCAATCAAAA,,0.0,0,0,1,0,0
GTCACACTTCCAATGGCAATCGCAAAAC,TATGCCCTTCTTCTG,,0.0,0,0,0,1,0
