BC,Edge,s,LL.ratio,TP1-2-T1,TP1-2-T2,TP1-2-T3,TP1-2-T4
TATGCAGAGGCAAATGCAATTCCAGGGG,CTTGATCAATCAAAA,0.026297816965238224,0.0,48407,58078,21668,17014
TGTTCACGACCACACTCAGGGCCACCAG,TTAGTCTTTCCATCA,0.04371014589523999,452.01411346536406,18537,22235,12778,10985
GGCACATGGACAATGCCAAAGTCACAAC,AGTGTTAATCAGACC,0.0415971608439537,0.0,10347,11499,7325,5755
ATCGCAGTCCCAAGCGCACGAACATAAC,AGTGTTAATCAGACC,0.04034626988981949,0.0,7840,9375,5092,4200
CTGCCACGAACAGGGTCACCTGCACTAT,CCAAGACCGTGTAAA,-0.0013238217525933585,0.0,11012,9392,3053,1690
AGGACAGAAGCAATATCATTGGCAAAAT,CTAAGTGTGAAGGAG,0.0021014431899197966,0.0,6938,6073,2130,1180
CGCCCATCCCCACGGACATGGGCAGTTA,CGATGATGATGATGA,0.0016346665374193184,0.0,3983,3247,1205,668
CTCGCACCTGCAATTGCAACGGCAGGGG,CTCGCTAATACTCCT,0.01336482122949971,88.45570813679115,2554,2614,809,609
AAAGCATGTCCATTCCCAGGGACATCCG,CTCGCTAATACTCCT,0.025395081390159484,0.0,1447,1363,729,495
GGACCAACACCAAATGCACTCACAGTAC,CTCGCTAATACTCCT,0.03528842660458597,0.0,1360,1385,980,626
ATCGCATCTGCAATACCATTGCCAAAAC,CATTTATGGCTATCT,-0.0018016920963046998,0.0,2102,1831,535,318
GGTGCATAATCACAGTCACACGCAAACA,AGTGTATGATAATAT,0.009532241291239306,73.28396773684472,1976,1369,724,420
CGGTCAAAGACAAGTACAACTGCATTAG,CTAAGTGTGAAGGAG,-0.002171279999332533,0.0,1564,1224,444,234
ACGGCATCGCCAAAGACAACAGCAACTT,AGTGTATGATAATAT,-0.021087925775731844,0.0,1957,1472,327,166
CCGACATAGCCAGCAACAGTAACATTAC,GGTTGCCCAGAAGTA,-0.0064848416588881045,0.0,1491,1111,361,196
ATGACAGTGCCAAACGCATTCTCAAGGA,TTAGTCTTTCCATCA,-0.014882616977020896,0.0,1468,1080,310,150
GAACCAACGTCAGGTACAAGGTCACCAC,TTTATAAATCAATAG,0.005949372574971211,0.0,1383,1152,440,264
ATTGCACTTGCATAACCAACGACAAACC,ACAGTTGACGGACAG,0.008414701583240964,0.0,1299,1175,477,267
TGACCACATTCACCGTCATCATCACGGG,CCAGGATGTACCGCC,0.01569407888954089,0.0,876,729,353,224
GAGACAGTTACATTGTCAACTACAGCAG,GTTAAATCAACAGTT,-0.006853441065409811,0.0,1023,718,297,133
CATACAGAGACAAGTACACGTGCAGCCG,TATATTGAACTTTAC,-0.006027777209083276,0.0,1058,799,238,141
GCTACACTATCACACCCAATTTCAAGCG,TCAAAGCATGAAAAA,-0.009119291453559565,0.0,955,624,208,116
CACACAACATCAGGGTCACGCCCATACC,TGATCATCACGGGAC,-0.014157554770652017,0.0,881,618,193,92
GGAACACACTCAGCCTCAAACACAATAG,ACAGTTGACGGACAG,0.023120099324153747,13.061018697959298,748,631,317,239
ACAACATAGGCAGCTCCACATACATGCC,GTCACCGGCACTAAC,0.01738870567395779,0.0,617,559,241,166
GTCTCAAAGGCAGCAGCACCATCAGAGA,GTCACCGGCACTAAC,0.0007911580522943032,10.816159930772756,636,565,164,104
CCTTCAAACACAGTGGCAAAGGCACCAT,CGAATGCCATACAAA,0.013738101333519069,4.436429708841388,564,527,193,136
TAGACAGCGACAACACCAATTGCAACTT,TGATCATCACGGGAC,-0.014740732920157484,0.0,497,352,79,51
GTTCCACCGCCAAAGTCAATCGCACAAA,CCAGGATGTACCGCC,0.0037911557503935846,0.0,408,308,113,73
ACCCCAGTGCCAGGATCATGGACAACCA,GTACAAGAAATTTTG,0.016360255302216128,0.0,299,309,132,78
GTACCAGCGCCACACTCATATGCACAAG,CGCGATCAATCCTCT,-0.0669846319239001,0.0,460,148,37,6
GGTACACTGACACACGCAATTGCATTAC,TTTATAAATCAATAG,0.012920780761041757,8.844799753644565,425,260,224,100
CAAACAATGTCATCAACAGTATCACACG,CTACTTACAACGGAA,0.006421576106203211,1.4254947619224367,501,383,189,97
TGACCAAGCACACCTTCAGGAGCACAAA,GTTGGGCGCTTAAAG,-0.018166790945419866,4.996005310254532,486,316,89,45
AAACCACGGACACAGTCATATCCATTGG,TGATCATCACGGGAC,-0.005238077489089297,0.0,447,303,123,61
ATCTCAGGATCATGCTCATGCTCACGAG,GTCACCGGCACTAAC,0.013003733935333939,0.0,301,308,112,71
GTATCATGTGCAAGACCATTCGCATTCG,TTATATTTATTTGCT,0.03430156618457356,0.0,367,391,208,164
ATAGCACATTCAGAGGCAGTGACAACTC,TTTAACTCACCGTAA,-0.054889922785603784,0.0,455,238,60,14
ATACCAAAATCAATGCCAGCTGCAAAGG,TTAATTGCACTTATG,0.0018496529269545793,0.0,391,312,123,66
GCGACAAGTACAGGGTCAGCCGCACACT,TTATATTTATTTGCT,0.030558301466962933,0.0,333,361,174,133
GCGGCACACTCAACATCATTCGCAGCAT,TCAAAACGGAGTGTT,0.01882606203012129,3.106021650081516,356,276,163,100
ACGCCAAACCCAGTCCCACAGTCAGTCA,GTTGGGCGCTTAAAG,0.01148832146610868,3.228045213765199,315,232,112,71
GGTACACGAGCATGGGCAACATCAGTAA,ACAACCTACCTGCTA,0.021120150171226527,4.175882140916201,329,297,151,99
TGCCCAACGACATTCACAGCAACACGTT,TCTTGGAGGTGAATG,0.0159998914320756,0.0,186,257,58,48
ATCGCATCAACAAGACCAGTCACATGAG,ACAACCTACCTGCTA,0.0071136151190095325,0.0,258,234,79,51
ATTGCAGCCGCATATGCAAGTTCACAGA,GTTGGGCGCTTAAAG,-0.0022216968168646094,0.0,328,250,74,49
TTTTCAGTTCCATACGCAGGCACAAGCT,CGAATGCCATACAAA,0.001213104614691737,0.0,314,363,60,52
GCACCATTTGCATCATCACCTCCACTTC,TTATATTTATTTGCT,0.021369077454693047,0.0,221,240,114,67
AATACAACCTCACATGCACGTGCAGTGT,ATTATCAAGTGCCAG,0.013756770240942538,0.0,315,194,158,76
AGTACATGGTCAAGGTCAGCACCATAGC,TATATTGAACTTTAC,-0.011077035789744746,0.0,227,172,67,26
CGCTCAGCGTCATCAACAATTTCACGTT,CTACTTACAACGGAA,-0.02630301511740159,7.72154949197818,193,143,25,14
GGCGCAATGACATCGTCATTACCAGGGT,CAATTTCAACGTTGT,-0.018457913611045016,0.0,207,143,57,19
CATACAACGTCAAAAGCACGAGCAATAT,TTTATAAATCAATAG,-0.03599480761108199,17.98543414199412,295,226,47,16
ACCACAGGCACAAATCCATAGACACTCT,ACAGTTGACGGACAG,-0.0018629530322502006,0.0,298,238,77,45
GAAACACGTGCAGCAACAATAACAAGGT,TTATATTTATTTGCT,0.009630533535947729,8.04676779147394,258,283,109,55
GAGGCACATACACGGGCAAGGACAACTT,AAAAGAAAAATGTAT,-0.0011067656812799598,0.0,246,184,54,38
GTGCCAAAGTCACCCACAGGATCAGTAA,GCTGCGGAGCCTCAG,-0.1085854794680932,0.0,149,39,2,1
GGTCCATTTGCACAGTCAGTTTCAAAAC,TTAGTCTTTCCATCA,-0.028744483157883565,0.11404744122842203,178,120,44,12
AAGACACAAGCAGGACCATCGTCACGAC,TCAACAACCTATGCA,0.01086768039744797,0.0,226,205,90,50
GAATCATTTCCAACAGCAGTAACAATGC,TATATTGAACTTTAC,-0.005467049225771895,0.0,273,149,76,37
GACTCAGTTCAGGGGCATCCGCACCAA,AGTGTATGATAATAT,-0.016318296414914373,0.0,235,158,64,23
CTGCCAATTCCAGGTCCAGGGGCAAAAC,GGTTGCCCAGAAGTA,-0.06157656785723294,9.154450674338705,212,194,19,6
TTAACATCCACACGGCCAGGATCACGCC,AGTGTTAATCAGACC,-0.029793768716512598,0.0,199,91,40,13
CAGCCACCTACAATTGCAGTCCCAGCAA,CTACTTACAACGGAA,0.002556149607173495,0.0,261,202,92,45
AGTGCAACATCAGCATCAAGTCCACAAG,TGATCATCACGGGAC,-0.007744011790179917,0.0,237,153,56,30
AGATCATAGCCAGAATCACAACCATCTA,TTTATAAATCAATAG,0.0007788283560807239,0.0,208,170,80,34
AAAGCAGATGCACAGGCAGGCACACGGT,CTTGATCAATCAAAA,-0.016813677713244737,0.0,280,158,39,27
AACACATCATCAGGCGCAGACGCAAATA,GCTGCTTATGAGGAT,-0.023584088595345675,7.217619135550763,216,148,36,17
TGTACAGGAGCAGGAACAGGTTCATCGC,TTTATAAATCAATAG,6.536473397559389e-05,0.0,150,126,40,24
GTTACAGCTACAGAGACATCATCATGCG,TGATCATCACGGGAC,-0.007744011790179889,0.0,158,114,67,20
AACTCATTCTCAAACTCAGTGCCAGTAA,GCTAATTTCAAGAAT,-0.06272084852326154,0.0,128,53,9,6
TGGTCACTGTCAATGTCATAGTCACTAG,CTATCAAGGCTTAAT,-0.1285915175812268,0.0,140,30,3,0
TGAACAAGGCCAGAGGCAGAACCAGTTC,CTTGCAAGTGTAATT,-0.04436984537476498,0.0,87,42,11,2
AATGCATAATCAGGGTCATGGTCACACG,TATATTGAACTTTAC,-0.002434962632853286,0.0,128,122,47,19
ATAACAATGACATCATCACCCTCACGGA,GAACTCAGGTTCCAT,-0.023877407060407297,0.0,141,80,29,11
AGGACAACGGCATGAACAATCGCAGATG,TTATATTTATTTGCT,0.030811023998993516,0.0,164,127,83,66
TAGTCAAAAACACGGTCAAACTCAAGTT,CTTGCAAGTGTAATT,-0.05262153747430505,0.0,155,71,6,2
AGGACATAGGCATTCACAACGACAATAG,CTCGCTAATACTCCT,0.031259875665546444,0.0,76,117,35,31
TATGCACACTCATGGCCATGCTCAGACT,TCAAAGCATGAAAAA,-0.010068584991740187,0.0,144,97,30,17
GACACAAAAACATCGACATGGTCATAGA,TTTATAAATCAATAG,-0.0007251861532682503,0.0,160,143,39,25
GGAGCACAAACATGCACAATTACACTGC,GCTGCTTATGAGGAT,0.015167591054435561,0.0,147,114,46,37
CCGTCATTCGCACCTGCATTCACAGTGG,TCAAAACGGAGTGTT,0.0029211167568291632,0.0,109,89,41,19
GAGGCACGACCACCGACATAAGCAAGGA,ACCACCGGTCCTGCC,-0.018269513163333476,0.0,130,94,31,12
CATTCATCTTCACCTACAATAGCATGAA,CTCTTGAGAATACTT,,11.918466781368068,52,5,0,0
TAACCAAGTACATATCCAAGTGCAGGTA,TCAAATGATGAGGAT,-0.05744383037765279,0.003557424048864277,113,64,11,3
ACAGCAATCGCACGTTCATAGACAGGGC,CCAACACAGGCTTCG,-0.04589368991448077,0.0,106,57,13,7
GAGGCAGGTTCACTAACACGGGCAACAG,AGTGTTAATCAGACC,0.002511970232471182,0.0,151,116,40,26
ATCTCAGTGACACTTTCACTGCCAGAAG,TGATCATCACGGGAC,-0.023568652923232267,0.010889546614407664,127,100,37,10
TGCGCAAACCCACTGCAAAGTCAAACT,TTAGTCTTTCCATCA,-0.013640072906784454,0.0,132,71,25,14
ACAGCAATTGCAGTCTCACGGACATATA,CGAACAGAAACACAA,0.00013339687542686038,0.0,76,59,8,3
AAGACATACGCAGCTACATATGCATTAA,AGAAGACGACGATGA,-0.06384135027422841,0.0,127,52,6,1
CAATCAGTTTCAGGCGCAAAGCCAAGAA,GAACTCAGGTTCCAT,0.004255961441879563,2.6388718920997007,89,72,2,3
GGCACAGGCTCAATTACAATTGCACACG,GAACTCAGGTTCCAT,-0.015665454347567102,0.0,49,31,11,0
TATCCATGACCATCGCCAAAGACATGAC,CTACTTACAACGGAA,-0.00551449881860037,0.0,133,115,28,18
ACCCCATAAACAAGGACACGTACATAAA,TTTATAAATCAATAG,-0.009421315463170155,0.0,108,117,32,13
TGTCCAGGTGCATGTACATTGACAGAAG,AGTGTATGATAATAT,0.013473330299358889,2.5174939320028216,97,68,39,9
GGTGCATATCCAACACCAACGGCAAGCC,TATATTGAACTTTAC,-0.010929868516107515,0.0,113,57,25,13
ATGACATTTACACGAACACAACCAATCC,CAATCTTGAATTGAT,-0.050031088443040425,0.0,117,55,9,5
GGGGCAAATACAGAGCCATTCCCACACG,ACAGGGCAGCTCCCG,0.010606497213316338,0.0,82,70,33,18
CTGACAGAGTCAAATGCAAATCCAACCA,GTTGGGCGCTTAAAG,-0.004651287341814351,0.0,108,82,43,15
TTCCCAGGTTCAACATCACAGTCAGTAG,GAACTCAGGTTCCAT,-0.014757495974739248,0.0,117,79,26,12
AAGTCAAGAGCAGCTCCATAGTCAAGAG,ATGGCGATGGTCTTG,0.009201093563710572,1.0849062336220072,80,68,7,4
GTCTCAACACCATATGCAAATCCACCGG,TCTTGGAGGTGAATG,-0.025002614561751544,0.0,106,64,6,5
ATGTCACAGTCAGGTACATCGGCAAATC,GAGAATGAAGGACAG,0.017465328879446126,0.0,89,69,40,24
ACCCCATTGTCAGAAGCACGATCACGCC,GGTTGCCCAGAAGTA,0.011807716476003116,0.2699961280407024,90,71,35,8
GATACAGAAACAAAGCCACCAGCAGGTG,CGAATGCCATACAAA,-0.015093524297328468,8.873021103624808,96,64,6,5
ACTACAGGGCCAGGGTCATTTCCAGGGG,AGTGTATGATAATAT,-0.013731774019180791,0.0,104,85,28,11
TCGACAGCGTCATAATCAGGACCAGATA,TTTTGCATTTAGGCG,-0.0388111640613294,0.0,92,60,13,3
CAGCCACTTTCACAGGCACTAACACACC,CAATCTTGAATTGAT,-0.054624797961742994,0.0,49,22,1,2
CGCACATCGACAGAAACATATCCATATG,TCAACAACCTATGCA,0.007549826058987795,0.0,70,49,25,8
GGCACATTATCATAAACAGAGGCAAACC,CAATCTTGAATTGAT,-0.07699744513795075,0.00820101872432133,39,14,7,0
GATCCATGGACACTTACAAACCCAATGA,GAGAATGAAGGACAG,0.008864216261791107,0.0,48,41,15,10
AGCGCAACATCATGTCCAAGTTCAAGCC,CGCGATCAATCCTCT,-0.058522078961694035,0.0,44,19,2,0
GAAACACGGACACTAGCAGATGCTCAA,CTTGCAAGTGTAATT,-0.050530868992373704,0.0,62,29,5,3
ACGGCAACAGCAGGCACAGAACCAGAGA,TCAAAACGGAGTGTT,0.0011581574834935039,0.0,35,34,11,2
TTTCCATGCTCAGGGACAAACCCATACG,GGTTGCCCAGAAGTA,-0.02295636617842571,0.0,67,50,13,4
TCGTCAACAGCAATTGCAACAGCACCGT,TTTTGCATTTAGGCG,0.025452986513487996,0.0,62,62,9,2
GGCACAAAGGCAGGAACAGCAGCACAAA,GTTTAGCTTCCGTTG,0.000940740710189656,0.0,23,18,2,0
GGACCAAAGGCACTCACGAGTCATTGG,AGTGTATGATAATAT,-0.016173072920767972,0.0,81,44,18,7
TCACCATTAACACCAGCAATTACACC,ATGGCGATGGTCTTG,-0.0038712043617648685,0.0,95,72,27,5
GCGACAGGAACAATCTCATCGACATGCA,TCAAATGATGAGGAT,-0.04246310734503246,0.0,71,36,7,3
GACCCACGCTCACACTCAGTTTCAGCAG,TCAACAACCTATGCA,-0.004081288704449883,0.29950488066390335,53,66,15,8
AGCTCACCAGCATGTACACGGGCAAAAA,CATTTATGGCTATCT,0.010731810644113186,0.0,59,58,25,13
CGAGCATGAACAGTTGCAACTTCAGCGA,GTGTGATTACTAAAT,,0.0,31,9,0,0
CACACAGTTTCACTCCCATAGGAGGCA,TATATTGAACTTTAC,-0.004881968769966858,0.0,87,72,29,12
GTTACAAGAACATGGGCACTTGCAGAGG,ACAGTTGACGGACAG,-0.009031062115684916,8.360687714353844,48,34,5,0
CAGTCAAAGGCATGGTCAAGGACAAGGA,AGAAGACGACGATGA,-0.03433071356207407,0.0,60,33,5,1
ATTACATTGACAAATTCATCGGCACGAC,ACAAGTTTTACAGTT,-0.02776869486124287,0.0,63,37,3,3
ACAACAACCGCATGTACAATGCCAGCTT,ACAAGTTTTACAGTT,-0.03920972997901728,0.1611367558326151,63,33,4,1
CATGCATAAGCACGGACACCGTCAGTGA,ACAGTTGACGGACAG,0.034297241392698075,3.1236624068468473,47,52,18,21
ACCGCAGGGCCACTCACATTAGCACATT,TGATCATCACGGGAC,0.006373301188478057,0.00013129926333022013,43,23,15,3
GTCACAAGACCACTCCCATCAGCATTGT,TATATTGAACTTTAC,0.04512401593809354,1.9427310812402538,23,28,5,9
GTGGCAATTGCAGACTCAAATCCAAAGT,CGATGATGATGATGA,0.025452986513487905,0.0,35,35,9,0
CCTTCAAGATCATTCGCAGCATCAGGTC,GTCACCGGCACTAAC,0.01891982674267513,0.0,71,46,29,20
CTTGCATTATCAGAAGCATAGGCAGTCA,GAGAATGAAGGACAG,-0.084408242353323,5.520183167087566,60,20,6,8
GGATCACAACCAATTGCAAAAGCACCTA,GCTAATTTCAAGAAT,-0.113176449598501,0.0,48,12,1,1
GGTCCATAAGCAGCGGCACTCGCAGATT,TTAGTCTTTCCATCA,0.0039621921793578044,0.42431522599173377,53,37,8,11
AATCCATTGCCATAGTCAGGTTCAGCGA,TTAATTAGAGGTATG,0.029138946880264634,0.0,20,15,11,3
AGATCACCTACAGATCCACTCACAACAC,CTTGATCAATCAAAA,0.013807983206688164,0.0,42,30,17,9
TTAGCACCGGCAGTCTCACAAGCATGAT,ACAGTTGACGGACAG,0.001969027405747781,0.0,43,34,7,4
GTTACAAACACAGAATCAGGTACAATAA,GTTAAATCAACAGTT,-0.0172720182567067,0.0,46,23,10,4
TAATCAAGTTCAGTGCCAAATGCACACG,CTATCAAGGCTTAAT,,0.0,29,8,0,0
GGCACAAGCTCAACAGCATATGCACAAT,CGTCAAGACCTTCTA,-0.0732856788423005,0.0,51,19,6,3
CCAGCATACCCACCCGCACTCTCACGAG,CTCTTGAGAATACTT,-0.026426392828028614,0.0,42,25,7,1
TACGCAGCAGCAAAAGCAAGTCCAGTCA,ACAAGTTTTACAGTT,-0.023382290277905147,0.0,44,27,4,0
ATCGCAGCGACACCGCCAAAAGCAACCG,TTTATAAATCAATAG,-0.025629575863111143,0.0,20,12,1,0
GTGCCAACAGCAGGGGCATTGCCAAATA,GAGAATGAAGGACAG,-0.0023101871463399697,4.401088869273394,33,25,3,2
GCTGCATCACCAATGTCAAGTACATCAA,CGTCAAGACCTTCTA,,0.0,30,3,1,0
ACGGCATTGGCACTTTCACCCTCAGCCC,TCAAAGCATGAAAAA,,0.08713539468521958,31,3,8,4
AGCCCAACGTCATCGACAACTACAAGAA,TTAATTAGAGGTATG,-0.00111733005981254,0.0,30,23,0,0
GTATCAGTGCCATGAACACGCACATGGG,AGTGTATGATAATAT,-0.03814589015851162,0.7037235044869021,51,27,6,4
ATCTCAAGTACAGAGACAGGGGCAACAC,ACAACCTACCTGCTA,-0.025629575863111143,0.0,20,12,6,0
GGTACATTCTCAAATGCATTGGCACAGC,CAATCTTGAATTGAT,-0.024190702117901,1.476186086739034,46,28,9,2
AGGGCAATTGCAGTTGCAAGCCCAAACG,AGTGTTAATCAGACC,,0.0,31,7,0,0
AACGCAATAACATTTGCACACGCACTGC,GTTTAGCTTCCGTTG,,0.0,24,8,0,0
ACCTCAGCAGCATCAGCACATTCAACCG,CGTCAAGACCTTCTA,-0.07570710465436008,0.0,33,12,6,4
AAGGCACCCGCAGCAGCAAACTCATGAG,AGTGTTAATCAGACC,-0.0871481397721345,0.0,37,12,2,0
CCCTCAAACAAATGCAGATCCAGTTT,ATTATCAAGTGCCAG,-0.025629575863110963,0.0,50,30,7,2
ATATCAGGTCCAACCTCACGCCCAACAC,GTTTAGCTTCCGTTG,,0.0,18,4,0,0
CACCCAAGTTCACATCCAATGGCATCAT,TATGCCCTTCTTCTG,-0.01653239804253843,0.0,35,23,5,1
GTGTCAGGTACAATAACAAGGGCATCGA,TCAAAGCATGAAAAA,0.020323657074732892,0.8162917936451777,40,38,5,1
GGCTCAAAGGCAGGCTCAAGTGCATGAT,GCTGCGGAGCCTCAG,,0.0,17,3,0,0
CAAGCACGGGCAATTCCAGAGTCAGGC,CTACTTACAACGGAA,-0.00360735150672269,0.0,35,33,10,4
CTCGCAGCCACAAGAACACGCACACGTC,CTTGCAAGTGTAATT,-0.0007834399332612221,0.0,13,10,0,0
GAGGCAATGACAATGCCACGTGCAGGAG,TCAAAGCATGAAAAA,-0.034017724261181215,0.1325867585036633,29,16,7,2
TCCACATGGGCACGGTCACGAACATAAT,CGTCAAGACCTTCTA,0.04368514219288357,0.0,15,18,2,0
GGTTCAGGATCATCAGCAGAAACATGCG,TTTATAAATCAATAG,0.018553699364792918,0.0,15,14,4,0
TAAACATAGTCAGGCTCAGAATCAAGGC,CTATCAAGGCTTAAT,,0.0,26,4,0,0
CAGTCACCTGCATACGCAGCCACATGGG,TCAAAGCATGAAAAA,0.004689050035663556,0.0,16,13,0,0
GGGTCAGCATCAGTTACAAATTCAACCC,GAGAATGAAGGACAG,0.007549826058987841,0.0,28,24,10,7
GATCCACTCCCACGCACAGTGGCAAAAG,CTAAGCAGTCTTCTC,,0.0,10,5,1,0
ATGGCATTCACAAGTGCATATACAGAGG,TGATCATCACGGGAC,0.022733946748898882,0.5566167169221217,31,29,15,2
CAATCAGGTGCATCATCACAGGCATCCG,GCTGCTTATGAGGAT,0.03378539512325829,1.7827391288218166,25,31,13,11
CCTACAGGAACAACTGCAAGATCAGAGC,ACAAGTTTTACAGTT,-0.009686802170300799,0.0544347997025767,27,19,1,0
CAGTCACTCTCACCACCAAAAACACGGG,GTTTAGCTTCCGTTG,,0.0,11,2,0,0
AACACAGAAACAGAGTCATTACCACAAT,CGTCAAGACCTTCTA,,0.0,16,8,4,0
AGGGCAAAAACACATACAAATGCACATC,AGTGTTAATCAGACC,-0.07469186750795806,0.0,49,18,2,0
GTGACAATCCCACCCGCACGGTCACTCG,ACAAGTTTTACAGTT,-0.0006653265055760194,2.3586907755993423,33,10,10,4
TTAACATAAACAGTGCCATTAGCACAGC,CGATGATGATGATGA,,0.0,15,0,0,0
CCGACATTTACAGAAACACTAGCACAAC,AATGATACCATTTTT,0.006731832304673269,0.0,41,34,8,1
GCTCCACACACAATCTCACTCGCACCAA,TTTAACTCACCGTAA,-0.024756207866235513,0.0,38,23,4,6
CAAGCAGGCACAAACGCACTCTCAAAGG,TTTATAAATCAATAG,0.016751848814524982,1.3581188150316166,36,33,6,3
GTTGCAAGGTCAGGGACAAGGACACTCA,TCAAATGATGAGGAT,-0.003315220731690084,0.0,16,12,3,1
GCAACATAGCCATAGACATGGGCAAACT,AGTGTATGATAATAT,,0.0,6,1,0,0
TGTCCACCGACACTGGCACTACCAGCCT,AGAAGACGACGATGA,,0.0,18,4,1,0
GGACCAGGTACACGTGCACATGCAGTAG,CGCGATCAATCCTCT,,0.0,10,2,2,0
TACACAAACTCAGTCTCATTGGCACATG,CAATCTTGAATTGAT,,0.0,12,6,0,0
GATACAACTTCAAACCCATGTCCACTAA,CCAACACAGGCTTCG,-0.0021723511493277683,0.0,29,22,5,2
GAGGCACATGCATCCGCACGGCCAAACG,CAAGGATCCCCGTAG,0.03000777227969152,0.0,28,16,11,11
AGTTCAGCGACAGAAACAACCGCAGATT,CGTCAAGACCTTCTA,-0.05186600230986009,0.0,26,12,0,0
GGTTCAGTAACAAGCGCAGTCTCAACGG,ATGGCGATGGTCTTG,-0.02890855814541009,1.4570909162774797,31,18,3,1
GGTGCATCCCCAGCTACACGCACAGCAG,GAACTCAGGTTCCAT,-0.0007834399332612221,0.0,13,10,7,2
TAATCAGGCACAGTCTCACACCCATTAG,TTTAACTCACCGTAA,,0.0,24,6,0,2
TAAGCACGGACAAATACATCACCATCTA,TAATATTGTTTTGCG,,0.0,2,2,0,0
TGATCAACAGCACATTCACTGTCATCGC,CGTCAAGACCTTCTA,0.04086805449621398,0.0,12,14,8,0
TGTGCAGCTACAGAATCAGCGCCAAGCC,GTGTGATTACTAAAT,,0.0,6,1,0,0
ACCGCATTCCCAGTCCCAGTCACATAGG,CAAGGATCCCCGTAG,-0.005912769372016059,0.0,26,19,5,4
ACGGCACAGGCAAGTCCAGAAACACGCT,CGAACAGAAACACAA,,0.0,10,8,4,0
ACGTCACTGACATCTGCAGTGTCACTAG,CTTGATCAATCAAAA,-0.008194237148633297,0.0,21,15,3,2
ATAACATGTCCAATCGCATGGGCACGCT,TTAGTCTTTCCATCA,,0.0,12,0,0,0
TAGCCATTCGCATTCTCACGCGCATAAC,GCTGCTTATGAGGAT,0.010037918530762191,0.0,14,12,1,0
CAGCCACGCGCATGTTCAATTCCAACCC,CTCTTGAGAATACTT,,0.0,11,3,1,0
ATGACAGGGGCACGAACATGCACAGTCG,CCAAGACCGTGTAAA,0.0434638051568469,0.0,17,19,12,10
CAGACACGCACATACGCAAGAACAAGTA,GAGAATGAAGGACAG,0.037713218722721285,1.1486359875019048,23,26,7,1
TAAGCATTATCATATACAGAAGCAGCCA,CTTGCAAGTGTAATT,,0.0,5,0,2,0
ACCCCATAAACACATGCACCTACAAGAA,GTTTAGCTTCCGTTG,,0.0,1,0,0,0
GCTGCAACCACAAAGACAGCGGCATTTA,CTCTTGAGAATACTT,,0.0,15,0,0,0
GACTCAGTATCAACCTCATGTACAGCTA,TTTAACTCACCGTAA,,0.0,12,8,1,0
AATGCAGCATCACAGTCACCTTCAATCC,GTTGAACTGGTTGTT,,0.0,3,3,0,0
CACACAGAGGCACAGGCAGCATCAGGCC,TCAAATGATGAGGAT,,0.0,20,2,0,2
CGATCAACGCCACAGTCAGGCACAAAAG,AGAAGACGACGATGA,,0.0,9,6,0,0
TGAACAGCCACACCCACAGTTACATGTG,CTTGATCAATCAAAA,,0.0,11,9,4,1
TTTGCAAGTGCATCGGCATGGTCAGCTG,TTAGTCTTTCCATCA,,0.0,2,0,1,0
GATACAGTCCCAATCACAAGGCCACAGG,GTTTAGCTTCCGTTG,,0.0,8,0,0,0
CTACCAATCGCAAGTGCATGCTCAAGAA,ACAGTTGACGGACAG,,0.0,3,4,1,0
GGTTCAGTGACATTCCCAGCTACATAGG,CAAGGATCCCCGTAG,,0.0,0,2,0,0
GATCCACTTGCAGAGACAGGCTCACTGT,TCAAAGCATGAAAAA,,0.0,9,6,1,0
AATTCAGTCGCAGGCACATGCTCAAGTA,TGATCATCACGGGAC,,0.0,10,4,5,0
ATTACACACGCAGGATCACAGGCACACA,AGTGTTAATCAGACC,,0.0,5,2,0,0
GAGTCAGAATCAGAGTCAGCTTCAAAAT,GCTGCGGAGCCTCAG,,0.0,6,1,0,0
CCGACACACTCATCTACATATACAAGTC,GTTGGGCGCTTAAAG,,0.0,8,9,5,2
CAGTCACCAACACCGGCAAGAGCATTTA,AAAACATTATCAAAG,,0.0,7,1,0,0
AACGCAAGATCAGCTACAAGTCCAGGGT,GTTTAGCTTCCGTTG,,0.0,1,1,0,0
GGAGCAGAGGCACAATCATGTACACGCT,GAGAATGAAGGACAG,,0.0,5,0,1,0
GCCGCATAACCAACTGCACGTACAACGC,TATATTGAACTTTAC,,0.0,3,2,1,3
AAGCCATTAACAAGATCAACGACAAAGC,TTAGTCTTTCCATCA,,0.0,3,4,1,1
CAGACAAGCGCAAAATCACCAACAAAAC,CTTTCTTGTGTATTT,,0.0,5,0,0,0
ATGGCATAACCAATGCCACACACACCTA,CGTCAAGACCTTCTA,,0.0,4,3,0,0
TTGGCATCAGCATAAGCAACCGCAAAAC,TTTAACTCACCGTAA,,0.0,8,2,0,0
ACGACAAGTACACTGCCAAATACAACTA,AGAAGACGACGATGA,,0.0,4,0,0,0
TCGACATGTGCATGGTCATGTCCAGAAC,CTATGCATTTACTCA,,0.0,6,0,0,0
ATTGCAGCTTCATCTACAGCATCATGTT,TGGAGTCTTTGTTGA,,0.0,4,1,0,3
GTCGCACGCCCATGGGCAGCGTCACCAT,TTTAACTCACCGTAA,,0.0,8,6,1,0
ATGACATTGTCAACGTCAAAAGCAGGCA,GTAATCTGACTCTAG,,0.0,1,0,0,0
TACGCACGTACACGGCCAGAGACATGCT,CTTTCTTGTGTATTT,,0.0,0,2,0,0
GATACACAATCACCACCATCTTCAAGGG,GTGTGATTACTAAAT,,0.0,0,2,0,0
AAAACACCAACAGGTACAAGGACAGACT,TCATAGGTATCTCGC,,0.0,4,2,0,0
TAGCCAATATTATCGCCATGGGCACACC,GTTTAGCTTCCGTTG,,0.0,2,0,0,0
AAAGCAGCGCCAAGGGCAGGCTCATATC,AGAAGACGACGATGA,,0.0,1,2,0,0
CGGGCAAACTCAAAGACAACCACAACAC,AGTGTTAATCAGACC,,0.0,3,3,0,0
TGCGCAGAATCAACGACAGCGCCACTTG,ATCGTTGGCATTTGG,,0.0,2,1,0,0
GACTCAGTGGCAAGCCCACCATCAATAA,AAAACATTATCAAAG,,0.0,2,0,0,1
TAGGCACTGTCACGAACAACTCCATGAA,GTTGGGCGCTTAAAG,,0.0,1,0,0,0
AACGCAGCCTCATGGACACTTGCACCTC,CGCGATCAATCCTCT,,0.0,2,1,0,0
GTTTCACCATCACGTACAGCCTCACACG,CGAATGCCATACAAA,,0.0,0,1,0,0
GGGACACAAGCAAGCGCATGAACATATT,CAAGTTCGGCGAAAT,,0.0,1,0,0,0
GGCGCAAGTCCAGTATCACAGGCAATGG,TCAAAACGGAGTGTT,,0.0,1,0,0,0
AAAGCACCTCCATGGACATATCCAGAGC,CATTTATGGCTATCT,,0.0,1,0,0,0
TGGGCATAAGCAGCATCAACAACATGTG,TCTTGGAGGTGAATG,,0.0,1,0,0,0
CTTGCATGCACATGTGCAGACACAACCC,GTTCAGCTTTGATCG,,0.0,0,1,0,0
ACGTCATTGCCATTGCCAATACCAGCGA,TTAATTAGAGGTATG,,0.0,0,1,0,0
ATTGCAGGTTCAGAACCACTGGCAGAGA,TGATCATCACGGGAC,,0.0,0,0,1,0
