BC,Edge,s,LL.ratio,TP1-2-T1,TP1-2-T2,TP1-2-T3,TP1-2-T4
TTATCATAGCCAGCGTCATTCCCACTCC,TCTTGGAGGTGAATG,-0.01857677990389126,0.0,6999,6915,2321,1665
CGAGCAGCACCAAGAAGCAAATTCAGGG,GTCACCGGCACTAAC,-0.01877336492061894,40.112499468157694,4664,5881,1630,1103
CGATCAGAGACAGGAACATCGTCAAAAC,TTATATTTATTTGCT,-0.009568970069165296,0.0,5717,7394,2323,1782
CCGGCAGTGACATTGGCACCCTCACCTA,TCAGAGCATTGGCCT,0.03451456898112607,0.0,3287,4484,3775,3845
CGCCCAGCCACATCCGCACAACCATTCC,TTTATAAATCAATAG,0.015277756657752809,90.91551164965495,3462,3910,2711,2274
GACGCAACGCCAGGGGCACATACATGGA,GTTGGGCGCTTAAAG,0.00252962300764968,0.0,3622,4206,2168,1623
GTGTCAAAACCAGCATCAACGGCACATG,ATGGCGATGGTCTTG,0.00852319464238535,0.0,3190,3447,2200,1711
CTCACAGGCGCACTTGCAAGGCCACTAT,AGTGTATGATAATAT,-0.024001216003991716,21.31764347369426,3789,3793,1038,766
TGTGCAAACGCATTGTCATACGCAGGCA,GGTTGCCCAGAAGTA,0.00023849381473487136,0.0,2204,2261,1226,922
GTCTCAGGACCAACTCCAATGGCAGCCA,TTATATTTATTTGCT,0.01784933223908814,324.96685152549617,2761,3444,2244,1959
AGACCAGCTTCATGAGCACACTCAGTCG,ACAGTTGACGGACAG,0.009793885367596643,8.595737207751881,2762,3065,1952,1539
GGTGCAAAGACACTATCATCAGCACGCG,TCAAAACGGAGTGTT,0.01549163344636139,0.0,2384,2515,1918,1576
ATTGCACTATCAGGATCAGGCACACTGA,CTACTTACAACGGAA,0.018274238304957845,0.0,2303,2505,2173,1655
CATGCACCGCCAGGCGCAAGGGCAGAAA,TATATTGAACTTTAC,-0.02178041625534742,91.96128753257108,2175,2295,681,470
TTTCCACGGTCAATGACACAGGCACAAT,CGATGATGATGATGA,-0.00436931672352019,0.0,1990,1984,1025,725
AACCCAGGAACAGTGCCATGAACAGCTG,TCAAAACGGAGTGTT,0.00978212485634787,0.0,1912,2290,1293,1065
AAGGCATAGACATAGCCAATCCCAGTAA,CCAAGACCGTGTAAA,-0.013296201414776209,0.0,2167,1879,954,604
AGGCCACAGTCAATGACAGCAACAAGTG,TTTATAAATCAATAG,0.00970025753895074,0.0,1285,1355,886,714
TTTGCAGAGACAGTCCCAGGGCCAAAAT,CTACTTACAACGGAA,-0.01830236300857425,269.1304714748803,1405,1490,394,337
AACTCACGTACAGGGTCAACGCCATATG,CTACTTACAACGGAA,0.005912205771813165,56.5403674573372,1730,2009,995,858
CTTTCATTGCCACACACAGGGACACGGA,CAATCTTGAATTGAT,0.008602549262590594,51.94359389832084,1408,1793,972,757
CAGTCTCTCCAGCAACACAGTCAGCAT,GTACAAGAAATTTTG,0.014215578854804933,0.0,1534,1791,1140,976
GGCACACGATCAGTTCCAGCGCCAGCCA,TATATTGAACTTTAC,0.005125581673186107,0.0,1313,1362,983,636
GAGGCACGCACAATTTCAACTTCAGCAG,AGTGTATGATAATAT,0.002869364458224026,42.29575586737701,1173,1117,743,531
CAGTCATTGTCACCCACACCTCCATTTC,ATGAAGTTCATAATG,-0.015532763452035513,0.0,1692,1476,725,441
TACGCATGCGCACGAACATTCGCAAGGC,TTTATAAATCAATAG,-0.0096952537879235,0.0,1739,1843,690,540
CGGCCATGACCACCGCCAATCGCACTGT,TTTATAAATCAATAG,0.007528958035785926,0.0,1529,1567,880,796
CCGTCATCAGCAGTCGCACGTACACGAA,TCTTGGAGGTGAATG,-0.009429306338495902,0.0,1591,1660,768,498
CAATCAAGCCCAGAAGCAGCGCCACAGC,TTTATAAATCAATAG,-0.012352888580622216,57.125846610219014,1552,1807,523,445
CGGCCAATCCCATGTCCACTGGCAGGAC,CTACTTACAACGGAA,0.01606899297863545,0.0,1231,1446,1018,828
ACGCCACGAGCACGGACATATACATCAA,TTAGTCTTTCCATCA,0.013421569668929994,1.8299671393375547,1072,1183,929,666
TGGACAATTGCAACGTCAAAAGCACCTC,TATATTGAACTTTAC,-0.00939400856605704,0.0,1484,1484,589,465
TACACACGTACATTTACAGCTGCATCGG,CATTTATGGCTATCT,-0.010141454350333933,0.0,1126,898,505,345
AGGTCAGGCACAATAACACTGGCAAGTA,TCTTGGAGGTGAATG,0.0005036304880107421,0.0,766,806,531,323
GACACACGGGCAATAACAGAGACAGCAG,TATATTGAACTTTAC,-0.0003979869195802916,0.0,1267,1292,682,520
CCTTCATGCACAACCGCAACTGCATACG,CCAGGATGTACCGCC,-0.007565901929572968,0.0,1003,904,512,332
AAGCCAGGTTCATCAACAAGCGCATGCA,AGTGTATGATAATAT,-0.017137914585460778,0.0,1393,1193,471,346
AATGCATAGGCAGTCACAACCGCACGGA,GAGTGCTTCAAAGTT,-0.006255818009323763,0.0,1249,1183,561,430
ACAACAGGCACATCCCCACTTGCATACA,TATATTGAACTTTAC,0.017971054028063038,107.56481572946359,990,1110,1056,705
AGACCAGGCTCACAATCATGAACAACGC,TCAAAGCATGAAAAA,-0.024503546949114104,0.0,1396,1240,458,278
CGGTCAGTTACAACTGCACAGACAACCT,TCAAAACGGAGTGTT,0.0019971424405036712,0.0,1127,1174,690,497
TTCTCAGTGGCAAAATCAGTTCCAGCAC,ATATTGAGTAAGTAC,-0.04689904620152185,0.0,993,764,181,101
ACTCCAAGCGCAAGTACACGCTCAGGGA,CTACTTACAACGGAA,-0.002080522978699317,71.75290640069761,879,1006,422,343
TGCTCAAACTCAGGAACATGTGCAGGGG,ACCACCGGTCCTGCC,0.03045630260126041,0.0,841,1440,769,871
CAGACAGTTACAAATGCAGGGCCAATAT,TATATTGAACTTTAC,-0.004977838901097175,0.0,1093,1142,534,391
ATATCATTAGCAAGATCAAGAACAGGGC,ACAACCTACCTGCTA,-0.018125353486791635,46.892913181098265,1128,1304,429,272
GGCCCACTTGCAGCGTCACCGGCACTAT,TCAAAACGGAGTGTT,0.012094186529374232,0.0,938,1054,647,560
GACACACGAACACAGACATACCCAAACA,TCGATAGAATTTACT,0.012480460714120649,0.0,755,780,590,456
AAAACACAGGCAGTACCAGCGCCAAAGA,ATGGCGATGGTCTTG,0.0036049595738250947,0.0,1048,1159,580,485
AAAACAATAACACCGGCATCGCCATTGG,CTCTTGAGAATACTT,0.00970910200899775,136.14366181470643,950,1009,543,528
TACCCAGTTTCAAGTCCACCGGCAGTGA,CCAAGACCGTGTAAA,-0.013566093610539523,0.0,727,652,322,201
CTTCCACCCACACTATCACAATCAACTA,TTTATAAATCAATAG,5.697010548943252e-05,0.0,959,964,542,399
GAAGCACGGACATCGACATTACCAAAAA,TTTATAAATCAATAG,-0.012153847312269435,34.84224324015668,1099,1105,408,317
TAGTCAAAGGCAACGGCAAGATCAGCCC,ACAGTTGACGGACAG,-0.012941895620924923,1.9603014279264244,962,1006,391,271
AGATCAGACGCAAGCGCATAAACAGAAA,TATGCCCTTCTTCTG,-0.04177069800600866,0.0,1079,900,199,128
TGAGCATGGCCAAATTCAACTCCATTGT,TTTATAAATCAATAG,0.003199775292683693,0.0,549,652,367,251
TCAACATGAACAGGTGCAAATACAATGT,AGTGTATGATAATAT,-0.008693184067670265,0.0,600,633,306,192
GTGGCATGGCCAATGACAAACTCAGACA,TTTATAAATCAATAG,0.0044846417808128555,0.0,463,496,311,220
TCTCCAGCCACAGCAGCACGTACAGCGT,AGTGTATGATAATAT,0.0042461316597010535,34.321103355549894,744,852,476,351
AATCCAACGCCAGCGACATCAGCAAAGA,GTCACCGGCACTAAC,0.002179558072692374,0.0,539,725,326,239
AGAACACTACCACAAACATACACATGTC,ATGGCGATGGTCTTG,-0.009991007829847978,30.246874932471655,874,753,408,269
TTTGCATAGTCAATGGCATCTCCAGCTC,TTTATAAATCAATAG,-0.011271824386557999,21.603957392871052,628,625,218,186
ACTACAAAGCCAACCACAGGTACATGTG,GAGAATGAAGGACAG,-0.06668532320465942,5.238810001187346,801,383,85,45
GAAGCAGAGTCACCCGCAATCCCAAAGA,TTAGTCTTTCCATCA,-0.01751651726966547,5.064284342214023,509,592,158,125
GGTCCACAGCCACCTCCAAAAGCAGTGA,GTTGGGCGCTTAAAG,-0.0034553333277609496,0.0,454,514,246,170
AGTGCACCTTCAATTTCATACACAACCA,AAAAGAAAAATGTAT,0.004434017628695278,0.0,626,690,323,297
GCCGCAGGCTCAGGTTCAAGTTCAACTG,TTTTGCATTTAGGCG,-0.02256767234631753,0.0,706,704,254,149
GTTCCAGATGCATGATCAAGATCAGGCA,ATGAAGTTCATAATG,-0.007603675630097111,0.0,617,538,269,204
GCTTCATAATCAGAGGCACCCTCAACGA,AGAACATCATCTACA,-0.04188571133574909,0.0,719,612,191,85
GGAACAAATTCACAAACATTGGCATCTC,CCAACACAGGCTTCG,-0.03787547531280024,0.0,690,469,170,92
AATACAGTGCCACACGCACCATCAGGAT,ATGAAGTTCATAATG,-0.01788810456116285,0.0,630,569,272,153
TATACACTTACAAGCCCAGCACCACTAC,AGTGTTAATCAGACC,-0.11065421157113815,0.0,394,110,24,1
CTGCCAGACTCAAGTCCAAATTCAGAGA,TTATATTTATTTGCT,-0.021389045712661193,8.03738982341838,590,789,189,129
CGCACAAGTGGCACAAACACAGTCAAATG,CTACTTACAACGGAA,0.021320728689591947,0.0,254,338,238,200
AACCCAACAACAAAATCACAATCAAACC,TCAAAACGGAGTGTT,-0.0011592342876766066,12.026189881176833,521,569,303,209
CAGTCACGCTCAAGCGCATATACAATAC,TAACCTCGCGCTGAG,-0.002862725127051479,0.0,446,522,209,170
ACTACATGACCAGGTACAAAGGCATTGC,GTTGGGCGCTTAAAG,0.01035003751726903,0.0,383,430,291,217
AAGTCATAATCAGCAACAGGACCAATAT,AATGATACCATTTTT,-0.021037348969514934,0.0,353,306,136,78
GTGGCAACTGCATCGTCAAATCCAAGTG,GGTTGCCCAGAAGTA,-0.0001395604807116861,0.0,191,154,97,79
TCGCCAGGAGCACCTGCATACCCATGAG,TCAAAGCATGAAAAA,-0.029140707615201992,0.0,479,428,157,83
AATGCAGAAACAGTACCATGAGCATGAC,TTTATAAATCAATAG,0.0007555939839208513,0.0,386,396,225,164
AAATCAGTGACAGCTGCAGAGGCATGAT,TCAAAGCATGAAAAA,-0.023526594969014172,0.0,395,350,125,81
TCCCCAGTGTCAAGCTCAAGGGCATCCG,TCGATAGAATTTACT,-0.01852216063826647,23.75208944635233,256,197,101,61
AATCCACTCGCATAGACAACAGCAGCTC,GTCACCGGCACTAAC,0.013242505670752774,5.20511377615594,301,353,216,186
CCTTCATGCACACAGCCAATGCCATCAT,GAACTCAGGTTCCAT,-0.01862490870397814,0.0,261,207,117,62
GGGCCACTCTCATCTCCAAGGACACACT,CATTTATGGCTATCT,-0.018148985769478303,0.0,166,132,83,40
CAAACAATATCAGGGACATACACACGGC,TTTAACTCACCGTAA,-0.04534776420378209,0.0,366,277,112,39
CTGCCATTTACATAGCCAGAGTCAACCG,AATGATACCATTTTT,-0.04516511534496125,5.006738622637727,168,82,50,18
GTTACATAACCAAAGTCACGAACAGTCG,ATTATCAAGTGCCAG,0.003006046693132921,0.0,198,213,125,90
CATGCACAGGCATGAGCAAGTGCATTGA,CTAAGCAGTCTTCTC,-0.12475384070274151,0.0,370,138,17,5
ACGGCAGTCCCAACCGCAAATACAGTCA,ACAACCTACCTGCTA,0.0086686758698607,0.0,310,254,237,167
ACAACATAGACAAGCGCAAACACATGGC,CTAAGCAGTCTTCTC,-0.14301146179663435,0.0,439,153,14,8
GCGGCAGCTACAATGGCAGCCTCAGTGG,ATGAAGTTCATAATG,-0.016290919669203804,0.0,314,236,123,80
TTTACAATCCCAAGCGCAGTGACATTGG,CAATCTTGAATTGAT,-0.0867533776059145,2.7346983693288394,325,164,28,10
AGACCACTGACATAGTCAAGCTCAACTT,TATATTGAACTTTAC,-0.0002709843816525101,0.0,267,270,128,110
GTGCCACGGACACTTCCAATCTCACCGT,ACAGGGCAGCTCCCG,-0.03817046248869964,0.0,227,156,38,30
TGACCAAACCCAAAGACAAGAACACTCA,GAGAATGAAGGACAG,-0.10844112334084044,2.5048793412130976,267,137,17,9
CTTTCAAATGCACGTACAAGCACATAGA,GAGAATGAAGGACAG,-0.08575169274193258,0.0,105,47,2,0
GGCGCATGAGCATTAACACCTCCAAAAC,ACAGTTGACGGACAG,-0.0019224962197001844,0.0,227,265,98,89
GAAGCATGGTCATAATCAGGGCCAGAGA,TTTATAAATCAATAG,-0.0029746446502130065,0.0,179,203,85,68
AATCACCCCATACTCATGAACACTAT,ACAACCTACCTGCTA,0.007324158408018485,0.0,201,218,126,104
GCGACATGGGCAATCCCATTTTCAAACC,CTCGCTAATACTCCT,0.0007840750884418787,0.06143823036381946,214,209,113,91
AATTCATCGCCACACGCATAAACAATAA,TCGATAGAATTTACT,0.0029372472191045475,0.0,194,199,103,88
CCAACACATGCAGCACCAGCGGCATTCG,AGTGTTAATCAGACC,-0.010000541172779619,0.0,91,153,57,28
AGTCCACCGGCAGAGACATGCGCATCTA,ACAGGGCAGCTCCCG,-0.03406411893061986,0.0,194,145,51,29
GGACCAGGACCAGGGACAATAACAAAAA,TTTAACTCACCGTAA,-0.05434940489167792,4.801296136716587,209,144,32,17
GGAACATTGTCATCATCAATGCCAAGAA,TTTAACTCACCGTAA,-0.022546835973668123,3.6715242637104666,161,161,63,34
TGGACATGGACATAAGCACAGCCATTGC,GAACTCAGGTTCCAT,-0.022650195229609718,0.0,133,90,23,28
GGGCCACTCTCAAGTACAACCGCAGCAC,CGAACAGAAACACAA,-0.0187460166550293,0.0,169,150,66,40
AAGCCAGCGTCATACACAATAACACTAA,TTTATAAATCAATAG,-0.01607792639924475,5.41936518566763,195,165,93,50
CCAGCACAGGCAGTTGCATGAGCAAGGA,CATTTATGGCTATCT,-0.05569354699224377,17.59576043344032,192,167,44,15
TCGGCACTGTCAACCGCAGGTTCACATT,CTCTTGAGAATACTT,-0.13823328982419422,0.0,219,58,6,2
TCTCCACCAACAGAGCCATATCCAGGGA,AATGATACCATTTTT,-0.016531985339948044,0.0,170,145,53,43
GAGACAACTGCATATCCAGGCACAAGGC,GTTAAATCAACAGTT,-0.11145761396571237,0.0,104,36,8,1
ACAGCACCTGCATTAACACCGCCAGGAT,TTTAACTCACCGTAA,-0.034458289861947065,0.0,176,152,47,26
AATGCAAAAGCATCAACAGGTCCAGGAA,CATTTATGGCTATCT,-0.014512794491333778,0.0,60,97,25,5
AGACCACTCACAAGTTCACCCTCAACGC,GTTCAGCTTTGATCG,-0.01730509366044268,0.0,80,71,7,7
TCTCCAATCTCAAAGGCATTAACATTGC,TATATTGAACTTTAC,-0.02118296571571726,7.2848827744339815,100,87,23,22
AATGCACAGTCATTAGCACATGCAGAAC,CTACTTACAACGGAA,0.02638757947228762,1.111897354015582,72,75,65,66
ATTCCAGGGTCAATTCCATGAGCAGACA,CAATCTTGAATTGAT,-0.05155489720973185,0.0,146,83,29,6
GGACCATGGGCACAACCAACAACATTGG,AGTGTTAATCAGACC,0.0007062843102345317,0.0,99,104,62,42
AAAGCAACCACAAAGTCATAAACATATC,CATTTATGGCTATCT,-0.028702144870458152,1.8858025850540798,131,110,53,23
TGAACAAAGGCACCTGCAGGCCCAACAC,AGTGTTAATCAGACC,,0.0,24,7,0,0
TTCTCACTAACATCGCCAAATCCACCAA,ATGAAGTTCATAATG,-0.008221392486400437,0.0,114,105,50,37
AGGGCATAGCCAGAACCAACCGCAGCGT,TTAGTCTTTCCATCA,0.00010566746014525202,0.0,48,82,38,20
AACACACAAACAAAGGCAGTGGCAAATG,GCTGCTTATGAGGAT,0.010550661433490543,0.0,100,112,77,57
GAATCACTGGCATTGCCATCCACAGCGG,CTCTTGAGAATACTT,,0.0,34,2,1,0
CTTTCATGCCCATGGTCACGACACGGT,CTCTTGAGAATACTT,-0.1515221961329339,0.8587799244721168,69,16,0,0
GTAGCAAGCGCACAGTCATGGACATCCC,CTCGCTAATACTCCT,0.012469425013528745,0.0,53,53,40,32
ACAACAAGGACACGCGCAGTCCCAAAGG,AGTGTATGATAATAT,-0.011619696844398198,0.0,58,69,33,17
CAGCCATGCACAGGCCCAAGCGCAGAGG,GTTAAATCAACAGTT,-0.15476292042841175,0.0,49,11,1,0
CCACCAGGGTCAAGTCCAAATCCAGTAT,CTCTTGAGAATACTT,,0.0,29,2,0,0
CCAACAGCTGCACACACATAGGCAGAGC,AGTGTTAATCAGACC,-0.07126179113328296,0.0,112,52,15,4
TGCTCAAATACATGCACAGCAACATTGG,AGAAGACGACGATGA,-0.02162231084696362,0.0,20,17,9,4
CAATCAGGTACACAAACACTCACAAGGT,ACAGGGCAGCTCCCG,-0.03258864097357899,0.0,64,52,19,10
TTGTCAGGAACAATCGCAGTCTCAAAGG,GAACTCAGGTTCCAT,0.04928395273962085,0.0,11,19,1,0
TTGCCATGCGCACGCACAGTCACACAGC,TTTAACTCACCGTAA,-0.04005407567963326,0.0,44,55,11,7
CCGTCAACATCACTAACATAGGCATAGT,ATAGAGCGGCGTTGA,,0.0,28,8,0,1
AATACAGATGCACCTGCACAATCAATGC,CTTTCTTGTGTATTT,-0.09410073739727648,0.0,34,14,2,0
GAGGCAATCCCATCGACAAGGACACGAG,ATGAAGTTCATAATG,0.006183052686610382,1.960977568759688,34,20,18,17
ACCCCAACTGCACTTCCAAGGGCAAACA,AGAAGACGACGATGA,-0.05819935036410171,0.0,69,42,12,5
GCTGCAATAGCAAAGCCAGCTACAGGAT,ATGGCGATGGTCTTG,0.0061830526866103845,0.0,36,55,24,18
CGCTCACGCACATACTCAAAGGCAGACG,ACAAGTTTTACAGTT,-0.015709598526358597,0.0,54,28,21,14
CATACAGGATCAAACGCAATTGCACTTG,TATATTGAACTTTAC,0.018495056135478666,2.147849276965758,47,53,23,34
GAGCCAGTAGCATACACAAACACACACG,CTCTTGAGAATACTT,,0.03395638958153313,33,6,2,0
TGGGCAGGGGCAGACTCATTGTCATAGA,CTCGCTAATACTCCT,0.018552551009397258,0.0,37,47,6,4
CCAGCACTAACAAGTCCAGCGTCACGTC,CATCAATGAGGCAGT,,0.0,7,1,0,0
GGCGCACGGACAATCCCAGCCCCATCGT,TCAAATGATGAGGAT,-0.001114456455306545,0.0,23,24,3,3
GCAACATCGTCAAGGCCATGATCAAGGG,AGATTCATCCCATGG,,0.0,40,8,5,0
GATCCAAACACAACGACATTGCCACATT,ACCACCGGTCCTGCC,0.014777356330013716,0.0,17,10,18,11
ATACCAGCCACAGGTTCATGCCCAGGGC,TTTTGCATTTAGGCG,0.010525969904290732,0.0,16,11,11,3
ATGTCATGGGCAGGCTCAAGATCATGCA,CTATCAAGGCTTAAT,,0.0,16,5,1,2
GGGCCATCGACAGTGCCAAGTACATGAG,AGTGTATGATAATAT,,0.0,9,0,0,0
CGCACACCCGCACACACAACCGCATGAT,TACACCAATTACACT,,0.0,15,5,0,0
CGGGCAAGGTCACACTCAGGTACAGCTA,GTTTGTTTTGGGAAA,,0.0,10,4,0,0
TCCCCAAAATCAATGGCACGTGCAGCGC,TTAATTAGAGGTATG,-0.02236032157672589,0.0,32,27,1,1
TGAACATGTGCATAAGCACCCTCATCAG,CTCTTGAGAATACTT,,0.0,2,0,0,0
CCTACACGCCCAATCACATGCTCACTTT,ATCGTTGGCATTTGG,,0.0,24,4,0,0
GACCCAAGAGCAATGGCAAAGTCACGTG,CTTGATCAATCAAAA,-0.005370417897185931,0.0,13,13,7,4
CTCCCAGTAACACCCACACTCCCATGCC,ACAAGTTTTACAGTT,,0.0,14,8,3,0
CGAGCAATTTCAATGCCAACAGCATGCC,CATCAATGAGGCAGT,,0.0,6,0,0,0
TGTACAGGGCCACGCGCATAAACAGATG,CATATGCATTCCTTG,-0.005370417897186109,0.0,11,11,2,0
CAGGCACTCACATATACACCTGCATGCT,TTTATAAATCAATAG,,0.0,17,6,0,0
AACTCAGATCCAACGCCACACACAAAAC,CTATGCATTTACTCA,,0.0,2,0,0,0
ACATCAGGTACAGACTCACTATCAAGGG,TCATAGGTATCTCGC,-0.029486623578874924,0.0,14,11,0,0
TACGCATACTCAGAATCAGTTGCACTAC,AAAACATTATCAAAG,,0.0,9,6,3,0
GTTCCACCTGCATCTGCAACTCCACTTG,CATCAATGAGGCAGT,,0.0,2,0,0,0
AAACCATCGTCACGAGCACATACATAAA,CATTTATGGCTATCT,,0.0,8,5,2,0
AACTCAAAACCACTCACAGGGCCAAACG,AAAACATTATCAAAG,,0.0,9,1,0,0
GGGGCACCCGGCACGCACAAGTTCAATTA,TCATAGGTATCTCGC,,0.0,1,0,0,0
GTGACAAACACAGGCCCATGGCCACCTG,TCATAGGTATCTCGC,,0.0,3,0,1,2
TTTCCAGTACCATCCTCAGTTGCACCCG,CATTTATGGCTATCT,,0.0,2,0,0,0
CGCACAATCACAAACACAGCGACAAGGG,TCATAGGTATCTCGC,,0.0,7,0,1,0
ACCACATGGCCAACTACATGGGCAGGCT,TCATAGGTATCTCGC,,0.0,2,1,0,0
ATGACAATTTCAGGAGCATGGTCAAAAT,CATTTATGGCTATCT,,0.0,1,0,0,0
GGGGCAAGGCCATGTGCAGGTTCAACAT,CGTCAAGACCTTCTA,,0.0,1,0,0,0
AGAGCAGTAGCATTTTCAACCACACACA,TGGAGTCTTTGTTGA,,0.0,1,0,0,0
CACGCACGCGCAGCCGCACGGCCACTAC,GTTGGGCGCTTAAAG,,0.0,4,0,0,0
TAACCACAATCACGGGCATTTACAGAGC,CATTTATGGCTATCT,,0.0,1,0,0,0
TTTACAGCTGCAAGCCCAGAATCAGGGA,CATTTATGGCTATCT,,0.0,0,1,0,0
CCGGCATAGCCAGATTCAACTGCAGCCC,CATTTATGGCTATCT,,0.0,1,0,0,0
CCAACATGGGCAGTGGCACGAGCATTGG,TATGCCCTTCTTCTG,,0.0,1,0,0,0
GAGTCAGCTCCACCGACAAGCGCACATG,CTCGCTAATACTCCT,,0.0,1,0,0,0
GGTCCAGATACATAAGCATTATCAAGTC,ATTAATACTTTGCAG,,0.0,1,0,0,0
AAGGCAGTTCCAGGCGCAATTCCACAGT,AGTGTTAATCAGACC,,0.0,1,0,0,0
CTTACACGCGCATCACCATAGCCAACGC,CTTTCTTGTGTATTT,,0.0,1,0,0,0
GCCGCATCGTCACGAACAGGGGCACAGG,TCAAAACGGAGTGTT,,0.0,1,0,0,0
GCGGCAGCGGCAGTCACAAGAACATACA,CTACTTACAACGGAA,,0.0,1,0,0,0
GACTCAATAACAAACGCAAATACACGGT,TCAGAGCATTGGCCT,,0.0,1,0,0,0
ATCACAAACGCACAGGCAAAGCCAAACT,TTTATAAATCAATAG,,0.0,1,0,0,0
TCCGCAGCAGCAAGTACAATAACAGAAT,TTTATAAATCAATAG,,0.0,0,1,0,0
TACACAAGAACAACGACACCTACACGCC,TCGATAGAATTTACT,,0.0,0,0,1,0
