BC,Edge,s,LL.ratio,TP1-2-T1,TP1-2-T2,TP1-2-T3,TP1-2-T4
ATAACAGGACCAACAACACAAACATCGA,TCGATAGAATTTACT,-0.0033791094299211386,0.0,18342,18329,9469,6606
TGATCAGTGCCACAAGCATCATCAACGA,TCGATAGAATTTACT,-0.0014971960517794047,0.0,13538,14712,7126,5159
TTGCCACAATCACCAGCATGCTCATTCA,CTACTTACAACGGAA,0.005300820358607623,0.0,10469,11500,6031,4892
AGGTCATGGACAGGTTCACAACCAAACT,TTTATAAATCAATAG,-0.0048197288257125406,0.0,10469,10419,4833,3611
ATAGCAGAAACAGGATCATTGACAACGC,GGTTGCCCAGAAGTA,-0.012457473384616965,0.0,9942,11122,3840,2727
CATACAAACGCAAATGCATCAGCACTGC,GTCACCGGCACTAAC,0.032178946482373454,0.0,4852,7067,5029,5078
TGGCCATAGCCAGGTTCACGGGCAGGGT,TATATTGAACTTTAC,-0.01922167077054989,0.0,7092,6797,2217,1588
GGCACAGAGCCACTCCCATCTCCAAAGG,TTAATTGCACTTATG,-0.005825185234643852,0.0,6463,6650,2898,2163
GGGGCAAGCTCAACTCCATGAACACGAT,ACAGTTGACGGACAG,0.0016256258796552969,0.0,5902,6134,3255,2470
GCACCAGGTTCATAGTCAGCAACAGGAA,GGTTGCCCAGAAGTA,-0.0007444010140832258,0.0,5988,5935,3284,2334
GCTACAGTCCCAAGTTCAGCCACACTCC,ACAGTTGACGGACAG,0.011171365976410308,0.0,4077,4408,2719,2272
TTCGCAGCATCAAGGTCATCCGCATGGC,GTCACCGGCACTAAC,-0.0006907390417811044,0.0,4024,5022,1666,1571
ACTTCAAGATCATCGGCAGCCGCACCTT,AAAAGAAAAATGTAT,-0.0023009285245693726,0.0,3871,4035,1831,1440
ACGTCACCCACAACTACAAATGCATCTT,ACAGTTGACGGACAG,0.00236157762856568,0.0,3146,3289,1703,1346
TTGGCATCGGCAGCCACACGAGCATGTG,AAAAGAAAAATGTAT,-0.009506661641477345,0.0,3120,2909,1255,935
CTTACATCCCCAGTTGCAACTCCACTCC,ACAGTTGACGGACAG,-0.007968562826525222,0.0,2957,2751,1173,928
ATCCCATACTCAAAGGCAGCTCCAGGAT,ATGGCGATGGTCTTG,-0.025920428766819822,0.0,3347,3236,876,613
ATCTCAAGGACAGGACCAAAAGCAACAT,TCAAAGCATGAAAAA,-0.02331711489403085,0.0,3040,2822,912,602
AAAACACGCGCAGTTTCAATTACAGGCA,TTTTGCATTTAGGCG,0.0009549446617286734,0.0,2833,2952,1723,1162
ACATCACGAACAGAGGCACGTCCACCTT,CTAAGTGTGAAGGAG,0.02383564126581174,0.0,2090,2798,1844,1703
CAGCCAAGAACATTTCCACACACATTCC,TCAAAACGGAGTGTT,0.0008554208001265486,0.0,2460,2411,1369,1006
GCGGCACCGCCATAGGCAATACCATCTA,GTTGGGCGCTTAAAG,0.009249208575497757,0.0,2150,2181,1587,1131
GGAGCAACGCCATGGACAGTAGCATGAT,TTTATAAATCAATAG,0.006959040184055672,0.0,1914,2060,1161,940
ATTCCAAGGCCATGTTCAAGAGCATGTT,CCAGGATGTACCGCC,0.004619581806676949,0.0,1743,1789,883,798
TAACCATACACAGAGCCAGCAACATCAC,CGATGATGATGATGA,-0.002680409830301231,0.0,1906,1950,999,701
GGGGCAGTAACAGTCGCAGAAGCAACGT,GAACTCAGGTTCCAT,-0.010353271266805188,0.0,1927,1729,796,563
ATTGCACATGCATCTGCAGTTCCAGAAC,CCAACACAGGCTTCG,-0.07282643311218988,0.0,2074,1156,245,93
AAGCCAGAGTCATTGTCATTAACACAGT,CCAGGATGTACCGCC,0.017108999572905497,22.531953984821484,1356,1762,912,903
CCAACAGAATCAACCGCATGAGCAGAAG,TCAAAGCATGAAAAA,-0.02118207510267926,0.0,1582,1463,453,334
CTGTCAGCTACACGACCATGGTCATGTA,ACCACCGGTCCTGCC,0.002981745917762101,0.0,1427,1620,737,622
GGTTCAATGGCACTGTCAACGGCCACTAC,ACAACCTACCTGCTA,0.0019096205715659464,0.0,1277,1391,819,539
CCTTCAGCCTCACTGGCACTTACACAGA,AGAACATCATCTACA,-0.038559556601089985,0.0,1420,942,308,178
GTCCCAATGGCAAAGTCACACCCACTGA,GTTCAGCTTTGATCG,-0.010800841423939,0.0,1287,1143,589,371
CGGTCAACCCCACGGTCAACCGCACTAT,GTTGGGCGCTTAAAG,-0.005012239813689391,0.0,1076,1020,574,369
TGATCACGAGCATATGCACCGGCAGGAT,TATGCCCTTCTTCTG,-0.018225532858424248,0.0,1231,1102,422,284
GGTCCACACACATCAGCACAGTCAATGC,GAGAATGAAGGACAG,-0.02811974126364297,0.0,1079,701,304,185
TGAACAGATGCACCAACAAGGACAAACC,AGAAGACGACGATGA,-0.026120831993728524,0.0,1170,841,355,213
TTGTCAGGCACACAAACAAGGCCATCTG,CTTGATCAATCAAAA,-0.025866234657959133,0.0,1172,1013,315,215
AATACACAGCCACATACATTGCCAGGTT,TTTTGCATTTAGGCG,0.006776459718198771,0.0,735,904,423,359
TCCGCATGCCCAAAGTCACAAACAAGCG,TCAAATGATGAGGAT,-0.050601195063879556,0.0,893,737,157,78
ATGTCATATCCAGCATCATGCGCACGGC,AGTGTATGATAATAT,-0.027844228903457325,0.0,1101,831,4,6
GGTGCAACAACAAGGACAAGAACAGGCA,AGTGTATGATAATAT,-0.015466615662926763,0.0,814,713,297,204
TTTACAAAACCAAGATCAGATACAGCAA,TTTAACTCACCGTAA,-0.046091439690784164,0.0,670,492,125,67
GTAACACTTTCAGTCGCATACCCAAGGG,CAATTTCAACGTTGT,-0.04670307764639072,0.0,550,370,125,54
ACCCCATAGACAAAACCATGATCAGATC,TCAAAGCATGAAAAA,-0.015939197418180964,0.0,429,400,174,106
TGAACATCTCCAGTATCATTTCCACTGG,ACAAGTTTTACAGTT,-0.03699587346856281,0.0,510,348,122,67
CAACCAGGTGCAGATGCATGTGCAGAAA,AATGATACCATTTTT,-0.042124663288730414,0.0,364,225,100,41
AGTGCATGTACAGAATCAGTATCAGAGC,TCATAGGTATCTCGC,-0.03228481342155355,0.0,304,224,80,46
TGCGCAGTGTCATGAGCAACGCCATGAG,CAAGTTCGGCGAAAT,-0.10391227612059879,0.0,292,103,7,2
ATCGCAGGTGCATGTCCACTCGCAGCTA,GTTTGTTTTGGGAAA,-0.029637656527955168,0.0,293,194,75,48
TGACCATAGACATGGGCAGGAGCATGTT,CTATCAAGGCTTAAT,-0.10864275664040961,0.0,187,42,12,2
GACTCAGGTACATCGCCAGCGGCAAGTT,CGAACAGAAACACAA,-0.050972394148562424,0.0,301,169,39,26
ATCGCAGAGACATCCACAACCCCAGTAC,ACAGTTGACGGACAG,-0.00689804211214283,0.0,324,286,122,105
ACCACACAGGCAACACCATAAACAGCTA,TTTAACTCACCGTAA,-0.04282542607877742,0.0,136,103,32,15
TACTCACCGACACCCACACTCCCATAAC,GCTAATTTCAAGAAT,-0.07207780931419352,0.0,180,116,24,9
ATCGCAATCGCAATCTCAGAGACAGAAG,ATAGTCGATTAAGAT,-0.14634350159607692,0.0,52,12,2,0
AGCACAGAGACAGGGCCAATACCACTCT,TTAATTAGAGGTATG,-0.021094773119037676,0.0,137,113,47,29
GGTGCAGTGTCACACTCAACGCCAAAGT,CTTGATCAATCAAAA,-0.021625800521444156,0.0,96,106,29,20
AAGCCATTGGCATGACCATCAACAGTTA,AATGATACCATTTTT,0.001878311865444529,0.0,83,77,58,35
CAAACAAATGCAACGACAGTATCAAATG,GTTTAGCTTCCGTTG,-0.1597802179632688,0.0,114,23,4,1
GAGACAAAGCCAGTGGCAACAGCAGTTG,ATAGTCGATTAAGAT,,0.0,26,6,1,0
CCACCACCGGCACTACCATACTCATGCC,CCAGGATGTACCGCC,-0.004789302219543952,0.0,84,66,33,29
TAACCAGTATCAATCACAACTTCACTCG,AAAACATTATCAAAG,-0.022986533672119346,0.0,90,65,30,18
GTTTCAAGCGCAACTCCAGCAACAATGA,GAGAATGAAGGACAG,-0.0638626567496297,0.0,70,63,11,3
CTCTCAGGTACAGGTCCATAAACATCTT,GAGTGCTTCAAAGTT,-0.027250992702730948,0.0,54,41,4,6
TTGCCACAGACAACCCCAACGCCAAACC,TCGATAGAATTTACT,-0.01894117177197706,3.7609770576393657,62,67,14,14
AAGTCAGGGACAATCTCACGTGCAAGCA,TAACCTCGCGCTGAG,-0.12257633640836492,0.0,41,12,2,0
AGATCATTAGCAAGGGCAAGGGCACGAC,CTAGTTGTATAGCCA,,0.0,21,1,0,0
CATACAGGGTCACAGGCATAGGCATTGA,GTTAAATCAACAGTT,,0.0,13,0,0,0
ATCACAATAGCAGAAACATTGTCAGCTA,GTGTGATTACTAAAT,-0.10746568266376179,0.0,47,16,0,2
AGCGCACCGCCATGTGCAGCAACAGAAT,TAACCTCGCGCTGAG,-0.059493494792296174,0.0,20,11,1,0
GAGCCAGTACCACCAACAAGAGCAGACG,ATCGTTGGCATTTGG,-0.04848011535124792,0.0,57,35,8,1
AATCCACGTCCACATACAGAAGCATGCC,ATTAATACTTTGCAG,,0.0,32,3,0,0
GGTCCATTCCCATCAACACTTGCAGTCT,ATTATCATCGCCATC,-0.10675393588687551,0.0,35,12,3,0
TGGCCACGTACACGAACAGCTTCACTAC,CGTCAAGACCTTCTA,0.007524499171918019,0.0,29,31,19,1
CTTGCACGGGCACTTCCACCGCCAACTT,GCTGCGGAGCCTCAG,,0.0,32,3,0,0
ACGGCAGCAGCAGAAACACGTTCAACGA,ACAGTTGACGGACAG,0.020585367679919555,0.7389050682346578,23,27,11,17
ACAACATATGCATGAACAAATTCAAAGT,GTTTAGCTTCCGTTG,,0.0,18,5,0,0
GCACCATACGCACGAACATCACCACTAG,GCTAATTTCAAGAAT,,0.0,6,0,0,0
GTACCATGGTCAATGGCAGTTGCATCTA,TCAAAGCATGAAAAA,,0.0,1,0,0,0
TCCGCATTTCCAGTGACAGTGGCATCGA,TCAAAGCATGAAAAA,,0.0,0,0,1,0
AAATCACCCGCAAACCCAGCGCCAGTGG,ACAGTTGACGGACAG,,0.0,1,0,0,0
ACTGCAGTGTCACGGACACTCTCAAGGT,TCATAGGTATCTCGC,,0.0,2,0,0,0
GAATCAGGGCCACGCACAGCACCATGCA,GTTTGTTTTGGGAAA,,0.0,0,1,1,0
