BC,Edge,s,LL.ratio,TP2-1-T0,TP2-1-T1,TP2-1-T2,TP2-1-T3,TP2-1-T4
CAGGCACAGCCATACACAACTGCACAAC,GGTTGCCCAGAAGTA,0.026079289979536905,2176.852037661949,17018,7818,35731,11327,44731
AAACCAAACGCATTAGCAAAACCAGCAT,GTACAAGAAATTTTG,0.019323899023764732,0.0,11854,5012,21119,6400,23780
ATTCCAGAGTCAATCGCACATTCATTTT,TATATTGAACTTTAC,-0.0018972754276706696,0.0,9881,3485,12090,2867,8482
ACAGCAAGTGCAATTCCATCATCAACGT,ATTATCAAGTGCCAG,-0.0006890656363041702,0.0,8589,3047,10651,2555,7738
ACTACATGGCCAAAGACACTACCACAGA,TCAAAACGGAGTGTT,-0.0012060995473042679,0.0,8407,2859,10231,2382,7419
GAATCAAGTCCAAGGTCAATTGCAAGAA,GTTGGGCGCTTAAAG,-0.0007851698311086949,0.0,7529,2611,8887,2183,6757
AAGCCAGTCACAGTTACACAATCAACTA,TCATAGGTATCTCGC,-0.011018705956368741,0.0,7339,2279,7284,1645,4374
TATGCAGCCCCAGGTTCAATCCCAATGC,AAAAGAAAAATGTAT,-0.0030908060557874708,0.0,6360,2113,7030,1774,5205
GGGTCACTTGCAACGCCAGTGGCACCGG,TATATTGAACTTTAC,0.0007530837001544612,0.0,5726,2027,7163,1830,5465
GGAGCACCCGCACGTTCACGGACACGTA,TCTTGGAGGTGAATG,0.0071711975700114285,0.0,4851,1862,7186,1925,5985
AGGACAGGCACACGTTCAAATCCATTGA,ACAGTTGACGGACAG,0.004807675509674054,0.0,5136,1909,7035,1851,5765
CCGCCAAGGCCAGATACAGACGCATGTA,CGATGATGATGATGA,-0.001096176111260966,0.0,5685,1913,6770,1719,5039
GGACCACGACCAACACCAGTTTCAGCAA,ATGAAGTTCATAATG,-0.011616621788192066,0.0,6611,2148,6715,1473,3847
TCCTCAACGCCACCAACATCTTCATGAA,TATATTGAACTTTAC,-0.0006241096229291419,0.0,5117,1808,6357,1442,4622
CCCCCATTCCCACAGCCACTCCCATAGC,CTACTTACAACGGAA,0.011384857278139409,0.0,3926,1433,5936,1569,5733
AGGACATAATCACAAGCAAATCCATGAC,ACAACCTACCTGCTA,-0.0005020938804747575,0.0,4907,1733,5993,1455,4454
CCTTCAAGGTCAACGCCAAAGTCAGTTC,GGTTGCCCAGAAGTA,-0.009502437016892767,0.0,4101,1414,4310,894,2597
CGAACAATTGCATTACCAGGCTCACAAA,TCTTGGAGGTGAATG,0.005502514766866423,0.0,2985,1116,3963,1004,3445
GCAGCAAAGGCATCGGCAATAGCACGCA,TTTATAAATCAATAG,-0.0009063808673724863,0.0,3097,1163,3989,968,2766
TAAACAGGTACAACTACACAGGCAAATC,CCAAGACCGTGTAAA,-0.015536291290109899,0.0,3749,1127,3460,697,1865
GAGTCAAGATCAATGTCAAGCCCACCGT,AGATTCATCCCATGG,-0.05217087343261058,0.0,4856,1108,2225,333,558
AGCCCAGCCACAGCTACAAATCCATAAA,TTTTGCATTTAGGCG,0.0017998713679810152,0.0,2306,969,2800,566,2295
ACAGCAGGTGCAAAAACATCTCCACACC,GTCACCGGCACTAAC,0.006835371624695325,0.0,1988,729,2802,730,2420
CGAACAACTACACCACCTTTGCAGTAG,TTAATTAGAGGTATG,-0.028810245121944293,0.0,3521,938,2265,382,1030
TGGTCAAGGACACACACAAGCACACCTG,ATTATCAAGTGCCAG,-0.004921490173658433,0.0,2168,731,2353,549,1649
GAACCATTGCCATTGACAGATCCAGCCT,CCAGGATGTACCGCC,0.014845928094548329,0.0,1375,566,2326,689,2306
TTAGCAAACCCATGCTCACATCCATCAA,TCAACAACCTATGCA,-0.008726249548456239,0.0,2059,704,2217,473,1345
AGTACACGCACAAGCCCAATGGCATGTC,AGATTCATCCCATGG,-0.05259549278820583,0.0,3638,806,1654,205,411
TGTGCACCCACAACTGCACGTGCACTTG,GTTCAGCTTTGATCG,-0.02651252397429406,0.0,2663,738,1879,321,854
CTCGCACATCCAGATACAGCTACATACT,AGATTCATCCCATGG,-0.05346993207377039,0.0,3355,765,1528,189,366
CGTCCAGCATCATTTCCACGGACAAACA,ATCGTTGGCATTTGG,-0.12336944946886047,0.0,4354,746,846,55,29
AACACACATGCACGACCAAGTCCAACCA,GTTAAATCAACAGTT,-0.06344291092679248,0.0,2855,695,1328,142,209
GGGGCAGGAACATCCTCATAGGCAAGTC,GGTTGCCCAGAAGTA,-0.008336548845180551,0.0,1575,570,1635,349,1045
AATACATTGCCAAGCCCAGTCTCAGCAA,ATTATCAAGTGCCAG,0.0015022378567146229,0.0,1269,431,1437,348,1248
GATGCAGTTACAACGCCAACGCCAGAAG,CGTCAAGACCTTCTA,-0.030178673781420754,0.0,1809,450,1219,217,501
GACTCAACCTCAGAATCAAATACACTAC,TCAAATGATGAGGAT,-0.027849550801904446,0.0,1704,411,1137,200,518
GCGGCATTGGCAAGTACAAGCGCAACCG,CTTGATCAATCAAAA,-0.014892602767444656,0.0,1293,460,1241,260,660
CAGCCAACCCCATACCCACGTACACGAC,ATCGTTGGCATTTGG,-0.11250163070185097,0.0,2819,493,460,23,29
TCAGCAGCTGCAACTCCAATCACATCAT,AGTGTATGATAATAT,-0.014995275786683176,0.0,1078,359,1043,221,548
CCACCATCAACAGGTTCAACCTCAAGTA,AGAAGACGACGATGA,-0.033268520621816816,0.0,1381,348,878,145,338
GCTAACAACTGCACAGCCATCAGCAGACA,AGTGTATGATAATAT,-0.014724988767755338,0.0,973,309,865,218,500
TAGCCAGGGCCACGGGCATAATCATGCA,CTTGATCAATCAAAA,-0.015000094251053503,0.0,909,302,873,147,462
CTCTCATCCGCAACCACAAGTTCAATAA,TATATTGAACTTTAC,-0.00392799775092178,0.0,748,220,798,209,592
TGGACACATCCAATCACATACACAAAGC,GAACTCAGGTTCCAT,-0.02964520684350671,0.0,972,263,686,119,275
GCTGCACGTGCATCGCCAACATCACTCT,ATCGTTGGCATTTGG,-0.08937079065657759,0.0,1580,253,312,33,41
GGGCCATCCACAACTGCACATTCACAAG,AGTTTATAAAAAATT,-0.04828350819510764,0.0,1028,222,549,95,138
GACGCAACGACACTTACATAGTCAAAGA,TTAGTCTTTCCATCA,-0.017239353788240992,0.0,680,206,676,133,316
CCCCCAGGAGCAGGACCAAGTCCAGTAA,ACAGGGCAGCTCCCG,-0.0576380995446716,0.0,1018,228,452,69,94
CACACACTAGCAACTACAGTGGCAAGCC,AGTGTATGATAATAT,-0.020949067703228394,0.0,644,217,567,111,258
GCGCCATCCACAAGCCCAGCAACATTAG,TCAAATGATGAGGAT,-0.03011709666876778,0.0,760,175,525,95,211
AGGTCACGGACATGTGCAAAGCCAATTC,GTTAAATCAACAGTT,-0.09183919065316241,78.96408120669048,1191,225,258,22,28
AGACCAGAAACACTTCCAAACTCAAGTG,CAAGTTCGGCGAAAT,-0.13711129737993705,0.0,1297,132,103,4,0
AGAACAGGATCACGAACAGACGCATTGA,GTACAAGAAATTTTG,0.023717529049319258,0.0,212,106,509,170,507
AGGTCAGGTTCAATAACATAGTCAATCA,TTTTGCATTTAGGCG,-0.00224449109077866,0.0,365,140,518,135,309
TAGTCACCGACACCCACAGTTCCAAAAA,ATCGTTGGCATTTGG,-0.09102524470619636,0.0,1042,178,208,8,4
ACAGCAGGTCCAGGGTCAAGCACACTTT,CTTGATCAATCAAAA,-0.013207231986421791,0.0,467,151,443,95,255
TCGCCACTCGCAACAACATCCTCACTAG,TCATAGGTATCTCGC,-0.006934884516675361,0.0,399,142,414,98,280
GGTCCATCGCCACTTGCATCTACAGAGA,CATATGCATTCCTTG,-0.05166160840708609,0.0,631,150,282,41,74
ACCGCACATACACGACCAAGCACATGTA,TGGAGTCTTTGTTGA,-0.07529343934878392,0.0,790,132,200,11,36
GTGACAGGCGCAGCCACATATTCAATGC,TCTTGGAGGTGAATG,0.00649604402000999,0.0,224,85,315,74,269
GATACAATTACAGACGCAAACGCAATGG,ATGGCGATGGTCTTG,-0.02936626324747564,0.0,374,103,221,45,107
GGGACAAGAGCATGGGCAGCCCCATCCT,CTAAGCAGTCTTCTC,-0.04725192224617394,0.0,386,89,141,23,54
GGGTCACGCTCACTAGCATAGGCACGGC,TCATAGGTATCTCGC,-0.0013319173798649279,0.0,205,58,207,41,180
GACCCACGTACAGGTTCAGATACATGGA,AGTGTTAATCAGACC,-0.03916147147409479,0.0,331,68,185,38,64
TGTGCATAATCAAACGCATCTGCACCCA,TAGACGGACATCTTC,-0.061554935950116886,0.0,418,72,101,16,33
GTCACATTTCCAGATGCAGCTGCAGGGG,ACAGTTGACGGACAG,0.056418980098882854,141.01599074930755,39,24,163,60,345
GATGCATTCGCAGGGCCAGCTACAAGGG,TTTAACTCACCGTAA,-0.061605492084636074,0.0,330,78,126,21,26
ACCCCATAGGCATCTGCAGTGGCAAATC,GTTGGGCGCTTAAAG,-0.0012446572563707232,0.0,143,51,157,41,126
TAGACATTAGCAAGTACATTGGCATGAC,CTATGCATTTACTCA,-0.04686921259415738,0.0,261,64,126,9,9
AGGACAAAGACATTACCATCTCCAATAG,GTTGGGCGCTTAAAG,0.0030933354035342746,0.0,104,53,131,32,109
ATATCAAAGGCACTAGCAACGACATGAA,AAAACATTATCAAAG,-0.005121583123555459,0.0,110,26,166,37,83
CGCTCATTGGCAGGCACATTTGCACCGT,CCAACACAGGCTTCG,-0.0650317414473906,0.0,220,45,85,4,13
TGCTCAGATACAGTACCACAACCAGCCG,GTCACCGGCACTAAC,0.024728447169696625,0.0,51,44,103,25,127
ACGCCAAGAACACTAGCATGCTCACAGC,GTTAAATCAACAGTT,-0.05877429507236126,0.0,136,44,96,15,12
AGGACACGCTCATGAGCAATAGCAGATC,GAACTCAGGTTCCAT,-0.023401709151161746,0.0,99,21,80,9,34
TGTACATAGCCAGCGACAAACACATTTA,TAGACGGACATCTTC,-0.0659045891645954,0.0,149,13,37,6,13
AGTTCACCAACAAGCTCAAAAGCAGTAG,CTTGCAAGTGTAATT,-0.08175902206406684,0.0,154,21,37,3,3
ACCACAAGAACACCAACACTCCCAAGTA,GTTCAGCTTTGATCG,-0.01879790598756423,0.0,71,12,61,14,31
TTAGCAACTCCACCGGCATTCTCAGTGA,CATTTATGGCTATCT,0.0046247504423458305,0.0,35,12,71,18,39
CATCCAGTCGCAATCACAGGGCCACAAG,ATGGCGATGGTCTTG,-0.027371524765735004,0.0,71,23,46,10,22
GTAACACAGTCATGATCACTGGCATCAA,GTAATCTGACTCTAG,-0.10969856584084597,0.2007442097120702,131,19,18,3,0
TAACCACTCACACGCACACGACCATAAT,GTAATCTGACTCTAG,-0.09811451923061043,0.0,127,12,22,1,3
ATGGCATTGACACGCTCACGGCCAGGTG,GAGAATGAAGGACAG,-0.08954660663077617,0.0,107,11,22,0,3
CCGCCAGTGTCAATTCCAACAACACGGA,ACAGTTGACGGACAG,-0.019672848923399055,4.628143577784499,44,11,28,9,24
CATACATGAACAACGCCATAAGCATTAA,GAGAATGAAGGACAG,-0.08181310535760392,0.0,75,16,18,0,3
AAGGCATCCGCATTCGCAGCCGCAAGGG,TCAAAGCATGAAAAA,-0.09155030919722952,0.0,81,11,16,0,0
AAAGCATTACCATATCCAGGGCCACCGG,GTAATCTGACTCTAG,-0.07532381596030704,0.20773536258445802,74,9,20,1,0
TGGGCATCTTCAGATACAGCGTCATCTA,ATTATCAAGTGCCAG,0.01571315616098765,4.56968548130169,20,2,23,9,34
CCGTCAGGTACAGTTACAGAAGCATGGG,ACAAGTTTTACAGTT,-0.043781234249485775,0.0,37,12,19,4,9
TCCCCATACACAATCGCAGGTCCAGATT,TCAAAGCATGAAAAA,-0.0369509762022943,1.3934697766825366,41,10,9,1,2
CTAGCATCAACAAGATCAAACAAGAT,CTAAGTGTGAAGGAG,0.007094540755301937,0.0,6,6,21,8,18
AATCCACACCCATGAACACAACCAAAGG,TCAAAGCATGAAAAA,-0.08166140124226424,0.0,42,4,10,0,0
CGCGCACAGGCAAGAGCAATCCCAGTTT,GAGAATGAAGGACAG,-0.04610311693913309,1.1212350003935114,33,5,16,1,0
GAATCAAGATCAAAGGCAGACACAACAC,CTTGATGGCTGAAAG,,0.0,32,8,7,0,0
AGATCAGGGACATATGCAGGGTCATTTG,CCAACACAGGCTTCG,,2.127567024486865,34,6,6,1,0
GGTACAGATCCATCGACAAGTCCAATAC,TTAATTAGAGGTATG,-0.01616533212549842,0.0,17,6,15,1,7
AACGCAGACGCACATGCAATGCCATCGA,CTAAGCAGTCTTCTC,,5.125370969725566,32,4,6,0,0
GACGCATACTCAGACTCAAGTTCACAAA,AGTGTTAATCAGACC,,0.0,9,3,14,4,9
AATACATCGACAGCCTCACGCGCAATAA,TCTTGGAGGTGAATG,,0.0,6,2,4,3,17
ACTGCACGCGCAAGCCCAACTCCAAACC,CTTGATGGCTGAAAG,-0.033407356440084926,0.0,16,5,10,0,0
GCACCAATCGCATCAGCAGTGCCAGGCA,CATTTATGGCTATCT,,0.0,24,3,3,0,0
GAAACAAACCCAACGTCAGCAGCACCTA,ATGGCGATGGTCTTG,-0.001554470744639813,0.0,11,2,13,0,0
GAATCAAAGACATGACCAGAAACAATCT,GAGAATGAAGGACAG,,0.0,11,0,5,2,3
TATACAGAAACATGGTCACAACCAGGGC,TCAAATGATGAGGAT,,0.0,14,3,2,0,0
CCCTCACGGTCACCTTCAAAGGCAATAG,GTGTGATTACTAAAT,,0.0,15,2,1,0,0
TTGGCACAGACACATACAAAGTCAATAG,TATATTGAACTTTAC,,0.0,4,6,3,0,3
ACTTCAAGGTCACGGACAAACGCAAATT,GTTTAGCTTCCGTTG,,0.0,11,2,2,0,0
GTCACACGGACATACGCAATCCCAACTA,ACAGTTGACGGACAG,,0.0,9,0,0,3,1
AGCACACGACCATTTGCAAGTCCACCAG,CAAGTTCGGCGAAAT,,0.0,7,2,3,0,0
CGTACAGGCGCATCTTCAGTTGCACTCA,CCAGGATGTACCGCC,,0.0,10,0,1,0,0
GGGGCAGCTACAAGGGCACCTACAGAAC,CTACTTACAACGGAA,,0.0,10,0,0,0,1
TGCCCAAATCCATGTCCAACCGCATCCA,TTTAACTCACCGTAA,,0.0,5,1,2,1,1
CTAGCAACAGCACGAGCAACTCCAATGA,TTATATTTATTTGCT,,0.0,4,0,4,1,0
ATGGCACGGGCACTCCCAGCCTCATCGA,GTCACCGGCACTAAC,,0.0,0,0,2,4,2
CAGTCAGGATCAATGGCAAACACATCAA,ATTATCATCGCCATC,,0.0,6,1,0,0,0
TTGCCACCACCACCTGCAAGCGCAATCA,AGTGTTAATCAGACC,,0.0,6,1,0,0,0
TCGGCAGGAACACGCACAATAGCAACAC,CTTGATCAATCAAAA,,0.0,5,1,1,0,0
GGATCATAGGCACCTTCAATGACAGTTA,CTATCAAGGCTTAAT,,0.0,6,0,0,0,0
ATTTCACATACACCGCCAAAAACAGCGA,TTATATTTATTTGCT,,0.0,0,1,3,1,1
CAAGCATGAGCAGCACCAAAACCATTCT,TCAGAGCATTGGCCT,,0.0,0,0,2,1,3
TGGTCATAAGCAAATCCAGGAACATGGT,ACCACCGGTCCTGCC,,0.0,5,0,0,0,0
CTGTCAGTCACACGCCCAATTGCAGGCT,GTTGGGCGCTTAAAG,,0.0,1,1,1,1,1
AATACAATCACATCACCAGGAGCAATGT,TATATTGAACTTTAC,,0.0,4,0,1,0,0
CGTACAGTCGCATTCGCAGGTGCACCTT,TCAGAGCATTGGCCT,,0.0,5,0,0,0,0
GAAACAGATACAAGCGCACGTTCAAGAT,TCAAAACGGAGTGTT,,0.0,5,0,0,0,0
GACACAATCCCATCCACACCACCACAAA,ATTATCAAGTGCCAG,,0.0,4,0,0,0,1
GGATCATTGACAAAATCAGTACCAACGC,AGTGTATGATAATAT,,0.0,2,0,0,0,3
TCCACAATAACATGGGCAGGAACATGCG,TCAAATGATGAGGAT,,0.0,2,0,0,1,2
TAGACAGAATCAAGAGCAGTGGCAGCTA,GCTAATTTCAAGAAT,,0.0,3,0,2,0,0
GTCTCAATGCCAGCCTCAAGCTCAGATG,CTCGCTAATACTCCT,,0.0,0,0,1,1,3
GTGCCACAGGCAACGTCAAACGCAGGTC,TCAGAGCATTGGCCT,,0.0,0,0,1,3,1
GGTACAGTGACAGGAACATCTTCACCC,GTAATCTGACTCTAG,,0.0,4,0,0,0,0
AAGGCAGGACCATTGTCATATTCAGGCG,CATTTATGGCTATCT,,0.0,4,0,0,0,0
TACACAGTTGCACCACCACTACCAACAG,TATATTGAACTTTAC,,0.0,3,0,0,1,0
TCAGCAACGACATCCACACCATCACTGT,ACAACCTACCTGCTA,,0.0,4,0,0,0,0
CATGCACATACAGCACCAGTGTCAGCAA,CCAAGACCGTGTAAA,,0.0,4,0,0,0,0
TCCGCAAATTCAGACTCAGAAACACATC,CTCGCTAATACTCCT,,0.0,0,1,1,1,1
CTGTCAGTGCCACAGCCAACAACAATCA,GGTTGCCCAGAAGTA,,0.0,0,1,2,0,1
ATAGCACCTTCAGGCTCAATTTCACCCT,ACAACCTACCTGCTA,,0.0,0,0,0,2,2
CTAGCACTTTCAGCAGCACGAACATATC,GTTTGTTTTGGGAAA,,0.0,3,0,0,0,0
GTAACAACGTCACGTGCAAACGCACATG,TCAAATGATGAGGAT,,0.0,3,0,0,0,0
TGGCCACATTCAGTCTCAGCTCCAGATA,GTAATCTGACTCTAG,,0.0,2,0,0,0,1
AAGACAACATCAACTGCAATCGCACAGC,GCTAATTTCAAGAAT,,0.0,3,0,0,0,0
GAAGCATATGCATACACAGATACACACC,ACAGTTGACGGACAG,,0.0,3,0,0,0,0
ATCCCAAAGTCATCCTCACTGACATAGA,ATTATCAAGTGCCAG,,0.0,3,0,0,0,0
CCCTCACTTTCACGAGCACTCTCAAGGA,TAGACGGACATCTTC,,0.0,2,0,0,1,0
GCCGCAAATTCAGCGACACACGCAATAA,CTAAGCAGTCTTCTC,,0.0,3,0,0,0,0
GTGCCACATGCAAGCGCAATGTCAAGTG,CGAATGCCATACAAA,,0.0,3,0,0,0,0
GAATCAATGCCAAATCCATGGCCATGTT,TTTATAAATCAATAG,,0.0,3,0,0,0,0
CCAACATATCCAGGTTCAAAGGCATTGT,CCAACACAGGCTTCG,,0.0,2,0,0,1,0
AAATCATCTCCAGGGACATTATCAACCC,AGAAGACGACGATGA,,0.0,2,1,0,0,0
CACCCAGGGCCAAAGGCATTCACACGAT,GTTGGGCGCTTAAAG,,0.0,1,0,2,0,0
GCAACAGGCACACCAACAGGGGCAATTG,ACAGGGCAGCTCCCG,,0.0,2,0,1,0,0
TGGCCAAGAACAGAGGCACTTCCATATA,CCAGGATGTACCGCC,,0.0,1,0,1,1,0
TCGTCAAGTCCATATTCAAAGTCAAGAA,TATATTGAACTTTAC,,0.0,0,1,0,1,1
GTTCCATTGGCAGTACCAACGTCAAGTC,TTATATTTATTTGCT,,0.0,0,0,3,0,0
TACGCAGTTGCAGCCTCATGAGCACCAA,AGTGTATGATAATAT,,0.0,0,0,0,1,2
GTGTCAGGACCAAAGGCAAGGTCAAATC,GTACAAGAAATTTTG,,0.0,0,0,0,1,2
CATGCAATCACATACCCACCGGCACAAC,CTCGCTAATACTCCT,,0.0,0,0,0,0,3
CCGGCATGCCCATAAGCAAGCCCAATGA,TAATATTGTTTTGCG,,0.0,2,0,0,0,0
TAAGCAAGGGCACAGACATTCTCAAAAA,TCAAATGATGAGGAT,,0.0,2,0,0,0,0
TTATCAGGCTCACCATCACCCACAAAAA,TTAGTCTTTCCATCA,,0.0,2,0,0,0,0
TACGCAATGTCAGGGTCAGCTACAAGGT,GCCCTCGAAACCTAT,,0.0,1,0,0,1,0
AATACAAACCCAGGGACAGGTCCACGCA,ATAGAGCGGCGTTGA,,0.0,2,0,0,0,0
ATGCCAATGGCATAGCCATCCACAACCA,TAGACGGACATCTTC,,0.0,2,0,0,0,0
GTTGCAAACACAGAAACATAATCATTTA,CTCTTGAGAATACTT,,0.0,2,0,0,0,0
TAGTCACTGCCAGTGACAAATGCATAGA,ATAGAGCGGCGTTGA,,0.0,2,0,0,0,0
AGTGCATAGCCACAGCCAGTAACACTAC,GTTAAATCAACAGTT,,0.0,2,0,0,0,0
TGAGCAGGCCCAATGCCAAAACCAAATA,GTTAAATCAACAGTT,,0.0,2,0,0,0,0
CAGACAGGAACATTGTCATATCCATCGG,CAATCTTGAATTGAT,,0.0,2,0,0,0,0
TTCAATGACAACTTCAAGTGCATCGC,TCATAGGTATCTCGC,,0.0,2,0,0,0,0
ATGGCAGTCACATTCACATCAACAGGGC,AATGATACCATTTTT,,0.0,2,0,0,0,0
CCAACAAATGCAACGGCAATTTCAAGGA,TTTAACTCACCGTAA,,0.0,2,0,0,0,0
ATCGCATGAGCACACTCACCGACACCAC,TGATCATCACGGGAC,,0.0,2,0,0,0,0
AGCACAAGTTCATAAGCAAAGACAGCTC,GAGAATGAAGGACAG,,0.0,2,0,0,0,0
GGAGCACATACACTGACAAGTACAACTC,CATTTATGGCTATCT,,0.0,2,0,0,0,0
ACCGCAGCCTCAAAGGCATACACATCGT,TCTTGGAGGTGAATG,,0.0,1,0,1,0,0
ATCCCAAGTACACGAACACGTACACGTC,GCTGCTTATGAGGAT,,0.0,2,0,0,0,0
AAAACAATTACAGCAACAGGCACAGTGT,ACAGTTGACGGACAG,,0.0,1,0,0,1,0
GCTTCAAACACATAGCCACCTGCATTAC,GTACAAGAAATTTTG,,0.0,1,0,0,0,1
CCCGCAAGACCACCGACAGTTACATCGG,ACAACCTACCTGCTA,,0.0,2,0,0,0,0
TTTGCAACCGCAACATCAGTACCACCAG,TAACCTCGCGCTGAG,,0.0,2,0,0,0,0
GCCCCAAAACCAGGAACAATCTCAAACT,AGTGTATGATAATAT,,0.0,2,0,0,0,0
GATGCAAAAACAGAGTCAAGGAATAT,ACAACCTACCTGCTA,,0.0,1,0,0,0,1
CCTGCATAGGCAACTTCATCAGCAACCT,GCCCTCGAAACCTAT,,0.0,2,0,0,0,0
GGGGCAACTCCATTGACATCTTCAGAAT,CATCAATGAGGCAGT,,0.0,2,0,0,0,0
TACCCACAAGCACAACCACACACAATCT,GCAAGAAAGAAACCC,,0.0,2,0,0,0,0
ACTACATCGGCACATCCAGGCCCATCGA,TTTTGCATTTAGGCG,,0.0,2,0,0,0,0
GTACCAAGTTCACCCTCAGCTGCATTCC,CAATCTTGAATTGAT,,0.0,2,0,0,0,0
GGGACAAGGCCAGGTGCATTCTCAACCG,TTAGTCTTTCCATCA,,0.0,2,0,0,0,0
CAGCCAGTAGCACGGACAGCTTCAGAGG,CGAACAGAAACACAA,,0.0,2,0,0,0,0
TGGACACCGACAAAAACACAGACAAGTC,GTAATCTGACTCTAG,,0.0,2,0,0,0,0
CTTGCAGTTGCAATGTCAGTCACAACCG,CTAAGCAGTCTTCTC,,0.0,2,0,0,0,0
AGCACAGCCGCATCCGCAATCACAACTT,GAACTCAGGTTCCAT,,0.0,2,0,0,0,0
ACCGCAGCGCCAGGGACATCAGCAGAAG,GCTGCTTATGAGGAT,,0.0,2,0,0,0,0
AGGACATCTTCAAAAACAGTGTCAATAG,CTATGCATTTACTCA,,0.0,2,0,0,0,0
TTTGCAGCGCCAACAGCAGTTACAAACT,CATTTATGGCTATCT,,0.0,2,0,0,0,0
ACTTCAATATCAATGGCAACAGCAGTGA,TCAACAACCTATGCA,,0.0,2,0,0,0,0
AAAACACCCACAAGTGCACAGGCACCTC,TCAAAACGGAGTGTT,,0.0,2,0,0,0,0
CCAACACTTACAAAAACAAGCTCAAATT,GTACAAGAAATTTTG,,0.0,2,0,0,0,0
ATATCACGCTCAAGTACACCTGCATGTC,CTTTCTTGTGTATTT,,0.0,2,0,0,0,0
AACACAGGAACACATCCATCAGCAGTCA,GAACTCAGGTTCCAT,,0.0,2,0,0,0,0
GTCTCACCATCACGTGCAGGTGCACCAT,GAACTCAGGTTCCAT,,0.0,2,0,0,0,0
AGTCCATTGACAAAACCACGCACATCGG,CTCGCTAATACTCCT,,0.0,2,0,0,0,0
GCAACAATTGCACATACAATGGCAAGTC,AAAAGAAAAATGTAT,,0.0,2,0,0,0,0
TTTCCATGCGCAAGATCAAAAGCACCTG,AAAAGAAAAATGTAT,,0.0,1,0,0,1,0
GCACCATTGGCATCAACATATCCATCGT,GCTGCTTATGAGGAT,,0.0,2,0,0,0,0
GAATCACGGACAAGTACATTCCCACGTG,CTATGCATTTACTCA,,0.0,2,0,0,0,0
GGTACATAACCAGGCTCAACGCCACCAG,TCAACAACCTATGCA,,0.0,2,0,0,0,0
AAGGCACAGACAGCCGCAGCGCCATTCG,TCGAAAGCACAGTAG,,0.0,2,0,0,0,0
CAGACAATCGCATGGTCATCACCACAGA,TAGACGGACATCTTC,,0.0,2,0,0,0,0
TCTCCACGTCCAGGAACACGAACACCTG,GTCACCGGCACTAAC,,0.0,1,0,0,0,1
TAGTCAGACGCAGCGACAGTTACATGCA,AAAAGAAAAATGTAT,,0.0,1,1,0,0,0
TGAACAAACACATGAACATGAGCACAGG,CTCGCTAATACTCCT,,0.0,2,0,0,0,0
TCACCACAATCAGTCACAGTAGCACTAG,TCAAAACGGAGTGTT,,0.0,2,0,0,0,0
TACACAGGTGCAAGCTCATCGACAGAGA,CTATCAAGGCTTAAT,,0.0,2,0,0,0,0
GACTCACCGCCACACGCAAAGCCAAATT,TGATCATCACGGGAC,,0.0,2,0,0,0,0
CGAGCATAGTCATGGTCAAGTGCACAAA,CGAATGCCATACAAA,,0.0,1,0,1,0,0
CTTGCAAAGTCAGTGCCAAGTGCATACT,ATATTGAGTAAGTAC,,0.0,2,0,0,0,0
ATCACACTTCCACTTGCACTTGCATCAG,TAGACGGACATCTTC,,0.0,2,0,0,0,0
AACCCACATCCATGGTCAGGTGCATGCA,CTTGATCAATCAAAA,,0.0,2,0,0,0,0
GTGGCACTTGCACTTTCATGCGCAAGTT,GTTTAGCTTCCGTTG,,0.0,2,0,0,0,0
GGGACACTCGCAAGTTCAACCACAAATT,GAGTGCTTCAAAGTT,,0.0,2,0,0,0,0
GTTTCAGCTTCACCCCCAACGGCACAGC,TATGCCCTTCTTCTG,,0.0,2,0,0,0,0
GCCCCACCCACAACGTCATAGTCAGCAA,CCAACACAGGCTTCG,,0.0,1,0,0,0,1
GGGCCACCATCAGAAGCATTCACAGGAA,ACAGTTGACGGACAG,,0.0,1,0,0,0,1
GACACACCATCAGATACACTGTCATCGC,CCAACACAGGCTTCG,,0.0,1,0,0,0,1
CCCCCAGCCTCATGCTCACCCTCAGAAA,ACAGTTGACGGACAG,,0.0,1,0,1,0,0
ATAGCATCGTCATGGTCAGCTGCACCTG,TCAAAACGGAGTGTT,,0.0,1,0,1,0,0
TAGCCAAATTCGGTGACAGGGGCACGAT,CTTGATGGCTGAAAG,,0.0,1,0,0,0,1
TGACCAGAGTCAGTTTCAAGAACATCGA,CTAAGCAGTCTTCTC,,0.0,1,0,0,0,1
GACACAGACGCATGAACACACCCAGACC,AAAAGAAAAATGTAT,,0.0,2,0,0,0,0
AAGGCACCGGCAGATGCAAAACCACCGA,TCAGAGCATTGGCCT,,0.0,0,1,1,0,0
ACATCAGATTCAGCAACACGCCCAACAC,ACAAGTTTTACAGTT,,0.0,0,0,1,0,1
ACCGCAATCACATAGTCAAAAGCAAAAC,CTACTTACAACGGAA,,0.0,0,0,1,0,1
CGCGCAACCCCAGTCTCAATATCAGACA,CTACTTACAACGGAA,,0.0,0,0,1,0,1
TCGGCAAATACACGGTCAACACCACAGA,TCTTGGAGGTGAATG,,0.0,0,0,2,0,0
GACACACAACCAGCATCATGTTCAAGAC,TATATTGAACTTTAC,,0.0,0,0,0,2,0
GAACCAGGGACAGGGGCATGTACAACAA,TCAAATGATGAGGAT,,0.0,0,0,0,2,0
AGACCAGTGGCAAAGGCAGCACCAACTT,ACAACCTACCTGCTA,,0.0,0,0,0,1,1
AAGACAACCGCAGGAGCATGAGCACAGG,ATTATCAAGTGCCAG,,0.0,0,0,0,2,0
GGGGCAATCGCATGGTCACATCCACGGA,TTTATAAATCAATAG,,0.0,0,0,0,1,1
GCTACAGAGTCAAAGCCACTACCAAGTC,GTGTGATTACTAAAT,,0.0,0,0,0,1,1
AGGGCAAGAGCAGGAACAGGATCAGCAC,TCAAATGATGAGGAT,,0.0,0,0,0,1,1
TGAACAAGGCCATACACACGATCAGGGT,GTTAAATCAACAGTT,,0.0,0,0,0,1,1
GCATCAAGGGCACATACAAGACCAAAGG,TCAAAACGGAGTGTT,,0.0,0,0,0,0,2
AGCCCACTAACAAAACCACGTACAGTGG,ATGAAGTTCATAATG,,0.0,0,0,0,0,2
ACCGCACGCGCAGGTACAAAAACAATAA,TTTTGCATTTAGGCG,,0.0,0,0,0,0,2
CCCCCATTGCCAATGCCAAGGACAGCCA,TTAGTCTTTCCATCA,,0.0,0,0,0,0,2
TCCGCACATGCAGTGCCATGTACATAAC,TATATTGAACTTTAC,,0.0,0,0,0,0,2
TGTACATGTCCACACGCAACGACAAGCC,CCAGGATGTACCGCC,,0.0,1,0,0,0,0
AGTACAAACTCAGGACCAGAGGCAATGA,CATCAATGAGGCAGT,,0.0,1,0,0,0,0
TAGCCAGGTCCAAGGACACGAACATAGA,GAACTCAGGTTCCAT,,0.0,1,0,0,0,0
GTAACAAATACATCCACACACTCAAAGC,TAACCTCGCGCTGAG,,0.0,1,0,0,0,0
AGTACATCATCAGTCACACCTACATTCC,CGATGATGATGATGA,,0.0,1,0,0,0,0
GCAGCAAAAGCACGGCCATGGGCACGCG,TTATATTTATTTGCT,,0.0,1,0,0,0,0
CGCACAGCACCAGATGCAGAGTCAAGCG,GCTGCTTATGAGGAT,,0.0,1,0,0,0,0
TGTGCATCCTCACGATCAGCGCCATCAA,GCTGCTTATGAGGAT,,0.0,1,0,0,0,0
CGAACAGATCCACATACAACGGCACCGT,TCATAGGTATCTCGC,,0.0,1,0,0,0,0
GGTCCAGTACCAAAAACAACATCAATCA,ATGGCGATGGTCTTG,,0.0,1,0,0,0,0
CATCCAAAGACAGACACAAAAGCAAAAT,CAATTTCAACGTTGT,,0.0,1,0,0,0,0
GCACCATCCCCACGTGCAATTACAAAGC,TCAGAGCATTGGCCT,,0.0,1,0,0,0,0
GACGCACGAACAGTGACATATGCACTCT,TCTTGGAGGTGAATG,,0.0,1,0,0,0,0
GTTACACCCGCATTCGCAACGCCATTTC,GCTGCTTATGAGGAT,,0.0,1,0,0,0,0
TGTACAGGCGCAGCCCCATATTCACAGA,TTTATAAATCAATAG,,0.0,1,0,0,0,0
CATTCATTGGCAGGCGCAGTTCCATAGC,TCGAAAGCACAGTAG,,0.0,1,0,0,0,0
TCTTCAGTAGCAACGGCAAGAGCAGGTA,GCTAATTTCAAGAAT,,0.0,1,0,0,0,0
GAGCCAAGTACAGCAACACTACCAATAG,AAAACATTATCAAAG,,0.0,1,0,0,0,0
GATACAAAAACACGGACATCGTCAACGC,ATAGAGCGGCGTTGA,,0.0,1,0,0,0,0
GTCACATGGTCATTATCAGCAACAATGG,TCTTGGAGGTGAATG,,0.0,1,0,0,0,0
ACCACAGGGGCACCTACACACACAGGTT,TAACCTCGCGCTGAG,,0.0,1,0,0,0,0
CTCGCACTGCCACAAGCAGTCGCACACG,TTTATAAATCAATAG,,0.0,1,0,0,0,0
AACGCATGGACAGCCCCATCCGCAGAGG,TCGAAAGCACAGTAG,,0.0,1,0,0,0,0
TAGTCAGGGCCACAGTCAGTGGCACACT,TTTATAAATCAATAG,,0.0,1,0,0,0,0
TAGGCACGATCAGGGTCAACAACAAGAG,TATATTGAACTTTAC,,0.0,1,0,0,0,0
CAACCATATCAAGTACACGCGCAGGCA,TCTTGGAGGTGAATG,,0.0,1,0,0,0,0
ATCCCAAGGGCACTAACATTAACAAATT,TATATTGAACTTTAC,,0.0,1,0,0,0,0
GGTGCAGCTCCACGTTCAAACGCATTAA,GGTTGCCCAGAAGTA,,0.0,1,0,0,0,0
CCTGCATGATCATTTTCAGCAGCAGAGG,CGTCAAGACCTTCTA,,0.0,1,0,0,0,0
ACAACAACACCAGCAACAAACCCACACT,GCTGCTTATGAGGAT,,0.0,1,0,0,0,0
CTGCCAAAGCCAGTGCCAGGTGCATCCG,CTCGCTAATACTCCT,,0.0,1,0,0,0,0
ACCGCAGGACCAGCGACAGTAACATGGC,ACAGTTGACGGACAG,,0.0,1,0,0,0,0
GCAACACTAGCACGCGCATGGTCAGCTT,TCGATAGAATTTACT,,0.0,1,0,0,0,0
TTCCCAACATCACAGCCATTAGCAGCCT,ATTATCAAGTGCCAG,,0.0,1,0,0,0,0
GTGTCAAAAACACCGTCACAGGCATAAC,TTTATAAATCAATAG,,0.0,1,0,0,0,0
GGTTCAGTCGCACTGACACACACACGGA,ACAGTTGACGGACAG,,0.0,1,0,0,0,0
GGCGCAATATCAGAGTCAGTAGCAAACC,GCTAATTTCAAGAAT,,0.0,1,0,0,0,0
CCCGCATTTCCAAGGCCACTGCCAATCT,TCGATAGAATTTACT,,0.0,1,0,0,0,0
ATCTCATGTACATGGACATGTTCATTAC,GCTGCTTATGAGGAT,,0.0,1,0,0,0,0
CACTCAATTTCAAAGCCAAAGCCACAAA,GTTTAGCTTCCGTTG,,0.0,1,0,0,0,0
GAGGCAAATGCACAATCACACACAGAGA,GAGAATGAAGGACAG,,0.0,1,0,0,0,0
TCCTCACACACACGGGCAAGAGCACGAC,ATAGAGCGGCGTTGA,,0.0,1,0,0,0,0
TCTTCAGCGTCATGGCCATGGTCAACGA,TTTATAAATCAATAG,,0.0,1,0,0,0,0
AGGACAATATCAGGTGCAAAAGCAAACA,ATTATCATCGCCATC,,0.0,1,0,0,0,0
CCATCAAAAACAATCTCAGTGGCACGCC,GCTGCTTATGAGGAT,,0.0,1,0,0,0,0
CTCACAATAGCATAATCACGTCCAGCAG,CATCAATGAGGCAGT,,0.0,1,0,0,0,0
AAAGCAGCCGCAAGTACACGTGCAAGAT,TCATAGGTATCTCGC,,0.0,1,0,0,0,0
TACGCAGAGGCACCTACACTTACACAAA,CTCGCTAATACTCCT,,0.0,1,0,0,0,0
GGACCAAATCCAGAGACACTGACATAAG,CATCAATGAGGCAGT,,0.0,1,0,0,0,0
CTGGCAGGACCAGCAACAGTAGCAAAGA,CGATGATGATGATGA,,0.0,1,0,0,0,0
GTGACAGCTTCAAGCCCATCATCAGGCA,TCAAAACGGAGTGTT,,0.0,1,0,0,0,0
CCAGCAAAGCCAAGAGCATGAACAAGGA,AGAAGACGACGATGA,,0.0,1,0,0,0,0
GAACCAACCCCAACATCACTGTCATAAC,TCGATAGAATTTACT,,0.0,1,0,0,0,0
ATGTCAACCTCAGTTCCAGCGCACACG,CTGATTTGTGCTGTC,,0.0,1,0,0,0,0
GGCGCAAGTCCAAGTTCAGTATCATCCG,ATAATTTTCATCCAC,,0.0,1,0,0,0,0
GTTGCAGGGTATACGCAGACACACTCT,TTATATTTATTTGCT,,0.0,1,0,0,0,0
AGGCCAGTACCACAAGCAGGCTCACGGT,CTTGATCAATCAAAA,,0.0,1,0,0,0,0
GCTACAATCCCAGCCACAGAAACACCCT,GCTGCTTATGAGGAT,,0.0,1,0,0,0,0
ATTACAGCCGCACAAACAAGTTCAACTC,TGGAGTCTTTGTTGA,,0.0,1,0,0,0,0
TTACCACCGGCAGCCTCAGCCGCAAAGA,ATCGTTGGCATTTGG,,0.0,1,0,0,0,0
CTGACAACGCCAGGTTCATAGGCACGGT,TTATATTTATTTGCT,,0.0,1,0,0,0,0
GGTCCACGGACATTCACACGGACATCCA,ACCACCGGTCCTGCC,,0.0,1,0,0,0,0
AGGACAGTGTCACCGGCATGAGCAAAAA,GTTGAACTGGTTGTT,,0.0,1,0,0,0,0
CTATCATAGGCAAAACCAATCACAGGTG,TACACCAATTACACT,,0.0,1,0,0,0,0
TAACCAATCCCAAGGGCAGTAGCACCTT,TACACCAATTACACT,,0.0,1,0,0,0,0
GCTGCAGAGGCAGCTGCACTTGCAAAAA,ATAGAGCGGCGTTGA,,0.0,1,0,0,0,0
TACCCAAAACCAGTCACAAATACATACT,TCAACAACCTATGCA,,0.0,1,0,0,0,0
GCCACACGACCAGAAGCATTAGCAACGG,AATGATACCATTTTT,,0.0,1,0,0,0,0
GAGGCATAGACATGGCCATTAACAAGAA,AGAAGACGACGATGA,,0.0,1,0,0,0,0
TATGCACCCCCACCTACAGTTACACGCA,ACAAGTTTTACAGTT,,0.0,1,0,0,0,0
ACCGCAATAGCAGCCGCAACCACAGCGG,TCAGAGCATTGGCCT,,0.0,1,0,0,0,0
TAAGCATACGCATATGCAGCAACAGCCG,ACAGTTGACGGACAG,,0.0,1,0,0,0,0
AATGCATTTGCAGGGCCATGACCAACTA,CCAACACAGGCTTCG,,0.0,1,0,0,0,0
TCACCAACACCACGTTCAAGGCCAAATA,GCTGCTTATGAGGAT,,0.0,1,0,0,0,0
CAGACACGGGCAGTCACAATTGCAGTGC,GAACTCAGGTTCCAT,,0.0,1,0,0,0,0
TAGTCAGGAGCAGGGACAGTTACACCGT,ACAAGTTTTACAGTT,,0.0,1,0,0,0,0
GGGGCAAACGCAAATACAGCCGCAATAT,CTTGATCAATCAAAA,,0.0,1,0,0,0,0
CCTCCATGGACAAGGCCAGTATCATAGG,CATCAATGAGGCAGT,,0.0,1,0,0,0,0
GGTTCAGTACCAGCACCAAGACCAACTC,GTTTGTTTTGGGAAA,,0.0,1,0,0,0,0
ATTGCACATACAGTAGCAAATTCAGGAG,ACAGTTGACGGACAG,,0.0,1,0,0,0,0
TCCACATTAGCAGTGCCAGGATCACAGG,AGTGTTAATCAGACC,,0.0,1,0,0,0,0
GAGACAACAACAAGCGCAATTCCAAGTC,GTGTGATTACTAAAT,,0.0,1,0,0,0,0
TTCGCAGTATCAACGACATAAGCAGATA,ATCGTTGGCATTTGG,,0.0,1,0,0,0,0
CCCTCAAGAGCATAAACACACTCATCCC,CTTGATCAATCAAAA,,0.0,1,0,0,0,0
GTCCCACACTCAGATTCAAATGCAGAAG,TATATTGAACTTTAC,,0.0,1,0,0,0,0
CTATCATCAACATAGACAGGCTCACCGC,TATATTGAACTTTAC,,0.0,1,0,0,0,0
ATGGCACGACCAGTAGCATAGGCATCAC,TAATATTGTTTTGCG,,0.0,1,0,0,0,0
GAGACAGAATCACTTCCAACTACAAGAA,GCAAGAAAGAAACCC,,0.0,1,0,0,0,0
CCTTCACTACCAGTGTCACTAACAACGC,ATTATCATCGCCATC,,0.0,1,0,0,0,0
TATGCATGGGCAATTGCACAGGCACAGC,CTATGCATTTACTCA,,0.0,1,0,0,0,0
CCGACAAATGCATGGCCAATCGCAAAAT,ATTATCATCGCCATC,,0.0,1,0,0,0,0
GGCACAAGCACAGCACCAGGGTCAATTC,CCAACACAGGCTTCG,,0.0,1,0,0,0,0
TCATCACTTACAGATACAGGACCAACAG,TGGAGTCTTTGTTGA,,0.0,1,0,0,0,0
CGAACAAATACAGAGCCATGTGCACACT,GCAAGAAAGAAACCC,,0.0,1,0,0,0,0
GGCACATATACAGCTGCAAGGTCAGGAA,ATGGCGATGGTCTTG,,0.0,1,0,0,0,0
CTTGCAGTCCCATCGTCATCGCCATGCT,TGATCATCACGGGAC,,0.0,1,0,0,0,0
TCGACACTCCCACATTCATAATCAGGGA,CTCGCTAATACTCCT,,0.0,1,0,0,0,0
AATGCAAGCACAAGGGCACTTCCATTCA,CTGATTTGTGCTGTC,,0.0,1,0,0,0,0
TAAGCAGGTCCATGAGCATAGACAAGGC,ACAGTTGACGGACAG,,0.0,1,0,0,0,0
CCATCATTCGCAAATACACAATCAACGA,CTACTTACAACGGAA,,0.0,1,0,0,0,0
CCTTCACTAACACCTTCAGCATCAATCG,ATCGTTGGCATTTGG,,0.0,1,0,0,0,0
GATACATCAACAGTCACAGTGTCAGTAA,GGTTGCCCAGAAGTA,,0.0,1,0,0,0,0
GCTTCAAAGTCACCTGCAAAACCAACAG,TCAGAGCATTGGCCT,,0.0,1,0,0,0,0
GACGCAATCGCAGCTTCAACACCACTCT,CTTGATGGCTGAAAG,,0.0,1,0,0,0,0
AGTCCACGGACATGGGCACAAGCACTTA,CCAGGATGTACCGCC,,0.0,1,0,0,0,0
AGGCCATCGACAAATTCAGTCGCAAACG,TATATTGAACTTTAC,,0.0,1,0,0,0,0
AAGACAAAGGCACCTGCAAGTGCAAGAG,TCGAAAGCACAGTAG,,0.0,1,0,0,0,0
GCCTCATGGTCATGGTCACTTCCACCAG,TCATAGGTATCTCGC,,0.0,1,0,0,0,0
CTTACAACAGCAAAGCCAAGCACAAGCA,GCTGCTTATGAGGAT,,0.0,1,0,0,0,0
CAACCAGATTCACTGTCAATATCAGGGC,GGTTGCCCAGAAGTA,,0.0,1,0,0,0,0
GATGCATGCCCAGGGGCAAAATCATTTG,TGATCATCACGGGAC,,0.0,1,0,0,0,0
TTAACAGCTTCAGTTACATATTCAGCAT,ATGAAGTTCATAATG,,0.0,1,0,0,0,0
ATAACAAGCCCAGTTACAATAACATCAC,GTCACCGGCACTAAC,,0.0,1,0,0,0,0
ATGACACTATCATCATCAACCACATATC,CAATCTTGAATTGAT,,0.0,1,0,0,0,0
GGACCAGTCACACAAACATGTGCAAATG,TCAACAACCTATGCA,,0.0,1,0,0,0,0
GCATCAGAGCCAACAGCAAAAGCACTCC,AGATTCATCCCATGG,,0.0,1,0,0,0,0
TAGCCACATGCAATGTCAGGTTCAATCG,GTCACCGGCACTAAC,,0.0,1,0,0,0,0
ATCTCACAGTCACAATCACAAACACCTG,TTTATAAATCAATAG,,0.0,1,0,0,0,0
TGATCAGAAGCACCTACAATTACATCTC,GCTGCGGAGCCTCAG,,0.0,1,0,0,0,0
CTTGCATGGACAATCTCAAGTACACGTG,TATATTGAACTTTAC,,0.0,1,0,0,0,0
AATCCAAGGGCAACCCCAGATTCACCTC,AGAAGACGACGATGA,,0.0,1,0,0,0,0
ATCTCATCGGCATTGCCACACACAACAC,TTTATAAATCAATAG,,0.0,1,0,0,0,0
ATCCCAATAACAAAAACAAACACACTAC,GCTGCTTATGAGGAT,,0.0,1,0,0,0,0
TGAGCAAGGCCAGGAACAGAAGCACTTC,CTCTTGAGAATACTT,,0.0,1,0,0,0,0
ACGGCAGTCTCAAGTACACTTTCAACAG,AGTGTATGATAATAT,,0.0,1,0,0,0,0
TCGACATTGACAGCGCCAGTGACATAGA,GTTTAGCTTCCGTTG,,0.0,1,0,0,0,0
ATCGCACGCCCACACGCATCGCCACATA,CCAGGATGTACCGCC,,0.0,1,0,0,0,0
GTCCCAATAACATGCGCAGATGCACTAA,TCGAAAGCACAGTAG,,0.0,1,0,0,0,0
CGTACACGTACATCACCAACGCCACCCC,TTTAACTCACCGTAA,,0.0,1,0,0,0,0
TCCCCACGCCCAAAATCATAAACAGAAT,AAAAGCGACATTTCT,,0.0,1,0,0,0,0
CTAGCAACAGCACAAACATCTCCAAAGA,AAAACATTATCAAAG,,0.0,1,0,0,0,0
AGACCAGGTTCATCGTCACTAGCAAGAG,ATAGAGCGGCGTTGA,,0.0,1,0,0,0,0
ATCGCATCTTCAATAGCAAGTGCAATCT,AGATTCATCCCATGG,,0.0,1,0,0,0,0
CCCTCAGGAACAAAAACATCTCCAAGTG,GCTGCTTATGAGGAT,,0.0,1,0,0,0,0
ATAGCAATCGCAGCAACAAGGGCACATG,GCTGCTTATGAGGAT,,0.0,1,0,0,0,0
TGACCATGTTCAATAGCATAGGCACACT,GGTGGAAGTAGCAGT,,0.0,1,0,0,0,0
GGCACAGATGCAGGTGCAAGATCATAAT,GCTGCTTATGAGGAT,,0.0,1,0,0,0,0
TGGTCAACAGCACAATCACTATCACGCA,CTAAGTGTGAAGGAG,,0.0,1,0,0,0,0
AAAACACACTCAAACGCAACATCAAGAC,ACAGTTGACGGACAG,,0.0,1,0,0,0,0
GGTACAGAGCCATCCGCACCTGCATCGT,ATAGAGCGGCGTTGA,,0.0,1,0,0,0,0
ATTCCAGGCTCAGCGACAGTGTCAATCC,ACAAGTTTTACAGTT,,0.0,1,0,0,0,0
TTGGCAAACCCAATTGCAGCACCATTCT,TAATATTGTTTTGCG,,0.0,1,0,0,0,0
CTAACATAGCCACCGACAGTGTCAATAG,TTTATAAATCAATAG,,0.0,1,0,0,0,0
GGATCAAGGCCAGGACCACAGCCAGCGA,CTACTTACAACGGAA,,0.0,1,0,0,0,0
CACACACTATCATGTCCACTGACAAGAA,ATTATCATCGCCATC,,0.0,1,0,0,0,0
GTATCAAAAACACATACACAGGCAACCA,CTAAGCAGTCTTCTC,,0.0,1,0,0,0,0
ATTGCACACGCACGTACACGTGCAGTCG,ACAGTTGACGGACAG,,0.0,1,0,0,0,0
CGGACACATACAGAGTCACTAGCATTGT,TAACCTCGCGCTGAG,,0.0,1,0,0,0,0
TCCTCAAGGCCATCTCCAAGTACAGGGG,GTTTAGCTTCCGTTG,,0.0,1,0,0,0,0
CCCCCATCGCCATTTGCACTGTCAATAA,TTTAACTCACCGTAA,,0.0,1,0,0,0,0
GCAGCACAAACACCGCCATTCGCAATTT,ACAACCTACCTGCTA,,0.0,1,0,0,0,0
CTTCCATATTCAAAATCAACTCCATGTC,TTTTGCATTTAGGCG,,0.0,1,0,0,0,0
ACCACAGCCTCACTTACATCTACAGTCG,ACAGTTGACGGACAG,,0.0,1,0,0,0,0
AAAACACCCGCATACCCAGTAACATGGA,CTAAGCAGTCTTCTC,,0.0,1,0,0,0,0
ATACCACGATCAACGTCAGTTTCATCAG,ACAGTTGACGGACAG,,0.0,1,0,0,0,0
TTGACAACAGCAGGTGCAACACCACCCC,CTACTTACAACGGAA,,0.0,1,0,0,0,0
ACAACACTCTCACTCGCAGTCTCAGATA,CTAAGCAGTCTTCTC,,0.0,1,0,0,0,0
GGTTCAAGGTCAAAATCAATGGCAGCCA,TGGAGTCTTTGTTGA,,0.0,1,0,0,0,0
TACACAGCGCCATGCACACAAACACATA,GGTTGCCCAGAAGTA,,0.0,1,0,0,0,0
GGCGCAACGCCACTAACATGCACACATG,TCAACAACCTATGCA,,0.0,1,0,0,0,0
TCTCCAGCGTCACAGACAGCCTCATAGC,GTGTGATTACTAAAT,,0.0,1,0,0,0,0
CTGGCATGCACATCAACAAGCCCATAGA,GGTTGCCCAGAAGTA,,0.0,1,0,0,0,0
TAGCCACCAGCAGATACACCGCCATGCG,ATGAAGTTCATAATG,,0.0,1,0,0,0,0
GGGCCAGACACATGTGCAATGCCACGGT,CTTGATGGCTGAAAG,,0.0,1,0,0,0,0
GAGCCATGACCATGGGCACCTCCAGTCT,CAAGTTCGGCGAAAT,,0.0,1,0,0,0,0
ATTACAGCGCAATCTCAAGTGCACCTG,CATATGCATTCCTTG,,0.0,1,0,0,0,0
GCCTCACGTGCATAAGCATACTCAGCTT,TGGAGTCTTTGTTGA,,0.0,1,0,0,0,0
CAGGCAAATTCATAAGCATCAACACAAT,CTACTTACAACGGAA,,0.0,1,0,0,0,0
ACCCCAATCGCATTTCCAACAACACGAA,GTTTAGCTTCCGTTG,,0.0,1,0,0,0,0
GCCACAGCTACAAGATCAATAGCAAAGG,GTTGGGCGCTTAAAG,,0.0,1,0,0,0,0
AGACCATCCACAAGAGCATGTGCAAGTA,AGTGTATGATAATAT,,0.0,1,0,0,0,0
CAGGCATTAGCAATTCCAAATACAAGAC,AGTGTTAATCAGACC,,0.0,1,0,0,0,0
TAGCCAGTTCCAACTCCAGTCTCATACG,GCTGCTTATGAGGAT,,0.0,1,0,0,0,0
TACCCATTCACACCTGCACAAACATCGG,TCAGAGCATTGGCCT,,0.0,1,0,0,0,0
TGTCCAGGCACATACCCAAGTACATGCT,TCAAAGCATGAAAAA,,0.0,1,0,0,0,0
GCCACAAGGTCACGCACATCTCCATACG,GCTGCTTATGAGGAT,,0.0,1,0,0,0,0
GCATCATTTGCAGAGTCACAAACAGGAC,GCTGCGGAGCCTCAG,,0.0,1,0,0,0,0
GGCTCACCGACACATACATGTCCAACAG,CTGATTTGTGCTGTC,,0.0,1,0,0,0,0
CGACCAACAGCATCGGCAGTGTCATATT,GCTAATTTCAAGAAT,,0.0,1,0,0,0,0
TTGGCATCGACACGTTCATATACAAGCC,TACACCAATTACACT,,0.0,1,0,0,0,0
AGGACAGGAGCAGGGTCACGTACACGGC,CAAGGATCCCCGTAG,,0.0,1,0,0,0,0
GTCCCAAGATCAACGACACTAACATTTG,CGTCAAGACCTTCTA,,0.0,1,0,0,0,0
TCTCCAATAACAGTGGCATCCCCATGCA,TCAAAGCATGAAAAA,,0.0,1,0,0,0,0
GTGCCATGCCCAGACGCAAACACAAAAA,CTTGATGGCTGAAAG,,0.0,1,0,0,0,0
ATCGCAGTCTCACATGCATAGTCACCCA,GCTGCTTATGAGGAT,,0.0,1,0,0,0,0
GGTGCAGCGACATGCACAGCCCCACGCG,CTAAGTGTGAAGGAG,,0.0,1,0,0,0,0
CGCTCAGACTCAGTCGCATTATCAGTGG,TCAGAGCATTGGCCT,,0.0,1,0,0,0,0
GCCACAGTTGCAGCATCAAAACCAGCTG,ACAGTTGACGGACAG,,0.0,1,0,0,0,0
AGTACATAAACAACGACAGTTACAACTG,CTTGCAAGTGTAATT,,0.0,1,0,0,0,0
ATGCCATCCTCAGGCTCAATAGCAGATC,GTTTAGCTTCCGTTG,,0.0,1,0,0,0,0
TGACCAGACACATGTCCAAACGCATATT,AGTGTATGATAATAT,,0.0,1,0,0,0,0
TGGGCACATGCAGGGGCAATGGCAGCTC,CTTGATCAATCAAAA,,0.0,1,0,0,0,0
CATCCAAATACAGAATCAATCACAACGG,GAACTCAGGTTCCAT,,0.0,1,0,0,0,0
TCTACAGAACCATGCACATTCGCATTGC,ATCGTTGGCATTTGG,,0.0,1,0,0,0,0
GGCCCAATACCACTATCAGTTCCAATAA,GCTGCTTATGAGGAT,,0.0,1,0,0,0,0
GGGGCACTACCAACGACAGAGACATTTC,ACAAGTTTTACAGTT,,0.0,1,0,0,0,0
GGTCCATTATCACCAGCACACACAGCCC,GCCCTCGAAACCTAT,,0.0,1,0,0,0,0
CCATCACGCACAGGTCCATGTACAGATC,CCGTTAGTATCGCTA,,0.0,1,0,0,0,0
CGAACAACCACACAACCACTAACATGCG,ACAGTTGACGGACAG,,0.0,1,0,0,0,0
GCCCCAGGACCATAATCATCAACAAAAG,TTTATAAATCAATAG,,0.0,1,0,0,0,0
CCGTCACTAGCAACCGCACAGGCACGGT,CGCGATCAATCCTCT,,0.0,1,0,0,0,0
CTGTCACAGTCAACTACACAGGCAGGCC,AGAAGACGACGATGA,,0.0,1,0,0,0,0
ACTACAGTCACAAGGGCAAATTCATGGC,CCAACACAGGCTTCG,,0.0,1,0,0,0,0
TCATCATGCGCAACACCATCACCAACTT,GCTGCTTATGAGGAT,,0.0,1,0,0,0,0
GGTCCAAAGCCACGACCACCATCAAAGA,AAAACATTATCAAAG,,0.0,1,0,0,0,0
GTTGCAAGAGCAGGGCCAATATCAAAAT,GTGTGATTACTAAAT,,0.0,1,0,0,0,0
GTAGCAGAACCAGTACATGATCAACTT,ATAATTTTCATCCAC,,0.0,1,0,0,0,0
TTAGCACTAACAAGTCCATGCACACTTG,TGGAGTCTTTGTTGA,,0.0,1,0,0,0,0
TTAGCATGGGCATGGACATGCACAACAT,ATAGAGCGGCGTTGA,,0.0,1,0,0,0,0
CACCCAAGTCCAGGTACATGATCATTCA,CTAAGCAGTCTTCTC,,0.0,1,0,0,0,0
GATCCAAAGCCAGCTGCAGTGGCAGTGA,CTTGCAAGTGTAATT,,0.0,1,0,0,0,0
ACGCCATGTACAACGACATAAGCACTGA,TACACCAATTACACT,,0.0,1,0,0,0,0
CAATCATCTCCACGGCCAGCGTCACAAC,TTTATAAATCAATAG,,0.0,1,0,0,0,0
CCTTCAGTCGCAGTCACAGAAACAGATT,GTTTAGCTTCCGTTG,,0.0,1,0,0,0,0
CGGCCACTACCAAATACAGCACCAGAGT,AGAACATCATCTACA,,0.0,1,0,0,0,0
TGGTCAAGAGCAGGTTCATTGGCAACTC,GTTAAATCAACAGTT,,0.0,1,0,0,0,0
AAACCATCTCCACCCGCAACTGCATACC,CATTGTCGGACGCTT,,0.0,1,0,0,0,0
CGGACACGGCCAGTTCCAGTTACATAAT,GTTAAATCAACAGTT,,0.0,1,0,0,0,0
TGTGCATGGGCATTAGCACGTACATTAT,TTATATTTATTTGCT,,0.0,1,0,0,0,0
TGAGCAGAACCACGGTCATAAGCATCTA,TCAGAGCATTGGCCT,,0.0,1,0,0,0,0
TGGCCACTTTCAATGGCATACACAGAAC,ACCACCGGTCCTGCC,,0.0,1,0,0,0,0
GGGTCAAATGCAGGAGCAAAATCAATCG,TCAACAACCTATGCA,,0.0,1,0,0,0,0
GGGTCACTTACAGCAGCAATTTCATCCG,TCAAATGATGAGGAT,,0.0,1,0,0,0,0
TCAGCACCAACAAGCCCAATATCATACC,GTACAAGAAATTTTG,,0.0,1,0,0,0,0
CGGACACAGACAGCAGCACAACCAGCTT,CTAAGCAGTCTTCTC,,0.0,1,0,0,0,0
AGGGCAGAACCAGGCGCAACTACATGTG,GCTGCTTATGAGGAT,,0.0,1,0,0,0,0
GGATCAGTTGCAGGGGCACTATCAAATT,AAAACATTATCAAAG,,0.0,1,0,0,0,0
ATACCAATGCCAGGTTCACTGCCAGGGG,TCAAAACGGAGTGTT,,0.0,1,0,0,0,0
CCCACAGGGGCAACGACATCTACACATA,GCTGCGGAGCCTCAG,,0.0,1,0,0,0,0
GGGCCACCACCACGCACATAGGCACTAA,CAAGTTCGGCGAAAT,,0.0,1,0,0,0,0
AACACAGGGACAATATCATCGGCATGAT,TACACCAATTACACT,,0.0,1,0,0,0,0
ATGACATGCTCATGAGCACAAGCAGTGG,AAAACATTATCAAAG,,0.0,1,0,0,0,0
GGTGCAGAGACACCTACAGGGACATGGC,CGTCAAGACCTTCTA,,0.0,1,0,0,0,0
GGAGCATTGCCAAACTCAGCTTCAACGG,TCGAAAGCACAGTAG,,0.0,1,0,0,0,0
CCGGCAAGAACAGCCGCATGGTCATGAA,TGATCATCACGGGAC,,0.0,1,0,0,0,0
CCTGCATTTCCACTATCAACGGCAATAG,GCTGCTTATGAGGAT,,0.0,1,0,0,0,0
CCATCAGATTCAGATCCAGGCTCAGTCG,ATAGTCGATTAAGAT,,0.0,1,0,0,0,0
CGGGCAAGTACAGATACACACCCAGTAT,TCAAAGCATGAAAAA,,0.0,1,0,0,0,0
ATCTCAACTGCAACGACATGGACATACA,TCGATAGAATTTACT,,0.0,1,0,0,0,0
AAAACAGGGTCACATACACGGGCATGAA,CAATCTTGAATTGAT,,0.0,1,0,0,0,0
TTCGCATCCGCACGGTCAACTCCAAGAT,GTTGGGCGCTTAAAG,,0.0,1,0,0,0,0
GAGCCAGGTACAGTAGCAGCGTCAAGTA,TCGAAAGCACAGTAG,,0.0,1,0,0,0,0
ATTACACCACCATGAGCACAGTCAACTG,GGTTGCCCAGAAGTA,,0.0,1,0,0,0,0
TCCTCACCGACATCGTCAAGCGCACCGT,TCAAAACGGAGTGTT,,0.0,1,0,0,0,0
GTGCCAGGGGCAACCTCATGAACAGAGA,ATGGCGATGGTCTTG,,0.0,1,0,0,0,0
GGTCCAACGCCAAGTACAGATTCAGGGG,CTAAGCAGTCTTCTC,,0.0,1,0,0,0,0
TCGTCACTCACAAACTCATATCCAATCA,AGTGTATGATAATAT,,0.0,1,0,0,0,0
CTGCCAGACTCAGTTCCAACGTCATGAG,CTAAGCAGTCTTCTC,,0.0,1,0,0,0,0
GATACATGCCCATGTACACTGACAGCAC,TTTAACTCACCGTAA,,0.0,1,0,0,0,0
AGGCCAAGCGCAAGTGCACAACCACATA,ACAACCTACCTGCTA,,0.0,1,0,0,0,0
TCCGCAAGGACAGAACCACTTGCAAACG,CCAGGATGTACCGCC,,0.0,1,0,0,0,0
ACTTCAGAATCAAGAACAGTCTCAGTAG,ATGAAGTTCATAATG,,0.0,1,0,0,0,0
TTTCCATAGACAACGGCATTCGCATCAG,CATTTATGGCTATCT,,0.0,1,0,0,0,0
GGGGCATAGGCACTGGCAACGTCACGGT,TAATATTGTTTTGCG,,0.0,1,0,0,0,0
AATGCAACATCAGTATCAACACCAAGTC,ACAGTTGACGGACAG,,0.0,1,0,0,0,0
AAAGCAGGTTCAGGGGCATTCACACAGT,AGTGTTAATCAGACC,,0.0,1,0,0,0,0
AGAACACGATCACGTACAACGTCAAAAT,GGTTGCCCAGAAGTA,,0.0,1,0,0,0,0
TACACAGGTACAGGATCACAAACAAGGA,ATGGCGATGGTCTTG,,0.0,1,0,0,0,0
GCAGCAGGACAGATGCACGAGCACTCC,ACAAGTTTTACAGTT,,0.0,1,0,0,0,0
ACTACAGAAGCAGCACCAGGAACAAACA,CAAGTTCGGCGAAAT,,0.0,1,0,0,0,0
CGACCATCGGCACGCACAAGCGCAAGTA,CTACTTACAACGGAA,,0.0,1,0,0,0,0
GAGCCATTCTCACCAACACAGGCATATC,TCAACAACCTATGCA,,0.0,1,0,0,0,0
CACGCATGCACACGTACAGCCTCACGTG,CATCAATGAGGCAGT,,0.0,1,0,0,0,0
GCAGCACGTCCATACGCAATGTCAATAC,TCTTGGAGGTGAATG,,0.0,1,0,0,0,0
TCATCAAAAACATCCACAAATTCAGTGC,TTATATTTATTTGCT,,0.0,1,0,0,0,0
GAAGCACATCCACCTACATGGTCACCAA,GTTTAGCTTCCGTTG,,0.0,1,0,0,0,0
AGACCAGAGACATAAACATAAGCAGGCC,TACACCAATTACACT,,0.0,1,0,0,0,0
TCCCCACCTCCAATAGCATTTACAGCAG,CTCGCTAATACTCCT,,0.0,1,0,0,0,0
CTTACAATGTCAGGGGCAGTCGCATTCA,CGATGATGATGATGA,,0.0,1,0,0,0,0
ACGCCACCTCCATTGGCAAGGACAATCT,GTTTAGCTTCCGTTG,,0.0,1,0,0,0,0
GCCCCATACACAACGACAGAATCAGTTG,CTAAGTGTGAAGGAG,,0.0,1,0,0,0,0
CAAACACGGTCATCGGCACTAACAATTA,TCAAAACGGAGTGTT,,0.0,1,0,0,0,0
CCTTCAAGCTCATCACCATGCACAACAA,TGATCATCACGGGAC,,0.0,1,0,0,0,0
AAGGCACATGCAATGTCAAATGCACCCA,CAATTTCAACGTTGT,,0.0,1,0,0,0,0
TTTCAGGGTCACGTGCAGTCTCACTAGT,GTAATCTGACTCTAG,,0.0,1,0,0,0,0
GGGGCAAGGTCATTACCAGGGCCACGCA,TCAACAACCTATGCA,,0.0,1,0,0,0,0
GATCCAAAAACAGTTTCAGCAACAGTCC,GTTTGTTTTGGGAAA,,0.0,1,0,0,0,0
TGAACATAGCCAGGCTCACAGCCAAGTG,CTACTTACAACGGAA,,0.0,1,0,0,0,0
CCGGCAGGACCATCATCATGATCATTAG,CATATGCATTCCTTG,,0.0,1,0,0,0,0
TGCCCAAGGACATGTTCAGGAGCAGGTA,CTCGCTAATACTCCT,,0.0,1,0,0,0,0
GGAACATCGGCAGCCCCAGCCCCAGAGT,TATGCCCTTCTTCTG,,0.0,1,0,0,0,0
AAGGCATCGTCAGATGCAAGATCATGTG,GTGTGATTACTAAAT,,0.0,1,0,0,0,0
AGACCATTATCAAATGCACCTCCAAGCG,TACACCAATTACACT,,0.0,1,0,0,0,0
CTGGCAACGTCATTTGCATGGCCACATA,GTTTAGCTTCCGTTG,,0.0,1,0,0,0,0
AAAACAGTGGCATGTTCACGGTCACGCG,CGATGATGATGATGA,,0.0,1,0,0,0,0
TGACCATAGACAGTGACAAGGTCAAAGC,AGTGTTAATCAGACC,,0.0,1,0,0,0,0
TTGGCACTCCCAGATACAGTCACAGGAC,TCTTGGAGGTGAATG,,0.0,1,0,0,0,0
AGTTCACCGGCAGTCGCATTGACAATAG,GCTGCGGAGCCTCAG,,0.0,1,0,0,0,0
GTCGCATCTGCACTCTCACATGCACAAT,GAACTCAGGTTCCAT,,0.0,1,0,0,0,0
GATGCAGGATCAATGGCATAGCCAGATG,TCATAGGTATCTCGC,,0.0,1,0,0,0,0
CAGGCAATGTCAGTGCCATCAACATAAC,CTACTTACAACGGAA,,0.0,1,0,0,0,0
AATCCACGGGCAACTCCAAGTCCAACAA,AGTTTATAAAAAATT,,0.0,1,0,0,0,0
TGTCCAGAATCACAGCCAGTTACAGGTT,CCGTTAGTATCGCTA,,0.0,1,0,0,0,0
TAAACACGAGCACGCCCATGGACAACAT,TTTATAAATCAATAG,,0.0,1,0,0,0,0
AGCGCAAAATCACGAGCAGAACCACACC,TTTATAAATCAATAG,,0.0,1,0,0,0,0
GGCGCATAATCATGCTCATTCGCACGTG,CTACTTACAACGGAA,,0.0,1,0,0,0,0
ACTGCAAATTCACAGGCAAGGTCAGGTA,CTATCAAGGCTTAAT,,0.0,1,0,0,0,0
CTTGCACAGGCACACTCAAGTGCAGAAC,CTTGATGGCTGAAAG,,0.0,1,0,0,0,0
CGCGCAGTTTCAGGCTCATCTGCATGAC,GGTGGAAGTAGCAGT,,0.0,1,0,0,0,0
GGGCCATAACCAATGGCACACGCAACTT,GTTTGTTTTGGGAAA,,0.0,1,0,0,0,0
CAAGCAACATCACATGCAATCACACGTG,CTAAGCAGTCTTCTC,,0.0,1,0,0,0,0
GTAACACTTGCAGCACCATTTCCAGAGG,TGATCATCACGGGAC,,0.0,1,0,0,0,0
ACTACAACAGCACAAACACGTGCAGTCC,AGTGTTAATCAGACC,,0.0,1,0,0,0,0
GAACCACCACCATCCCCACATCCAGGTA,TCAAAGCATGAAAAA,,0.0,1,0,0,0,0
TTTACAGATCCAATCGCAGTCACATCAT,GTTTGTTTTGGGAAA,,0.0,1,0,0,0,0
TCTCCAACATCAGGATCAGTGGCAGATC,TCAAAACGGAGTGTT,,0.0,1,0,0,0,0
ACTGCAGACTCAACAGCATGGGCATCTA,AAAAGAAAAATGTAT,,0.0,1,0,0,0,0
AAGACAATCCCATAGCCACAAACATCGG,TCTTGGAGGTGAATG,,0.0,1,0,0,0,0
TCTGCATTAGCAATGGCACCTCCAAATA,TTATATTTATTTGCT,,0.0,0,1,0,0,0
GTTGCAGGTACAGGTGCAGTAACAATCA,TATATTGAACTTTAC,,0.0,0,1,0,0,0
CTATCATGGACATAACCAACTCCAGCCG,TCTTGGAGGTGAATG,,0.0,0,1,0,0,0
GTGTCAGCTCCATATTCAGCCACACACC,GTTGGGCGCTTAAAG,,0.0,0,1,0,0,0
GGTACAACTACATGCCCACTGGCATAGC,CTACTTACAACGGAA,,0.0,0,1,0,0,0
ACGACAAACGCAGAGTCATTCACATGGG,TTATATTTATTTGCT,,0.0,0,1,0,0,0
CGAGCACGGGCAATAACATCGACAGGCA,CGAATGCCATACAAA,,0.0,0,1,0,0,0
GAAGCATTGGCAATGACAGCAGCAATTT,TTTAACTCACCGTAA,,0.0,0,1,0,0,0
TGTTCACGATCACAGCCACAAACAGATC,TATATTGAACTTTAC,,0.0,0,1,0,0,0
TATGCAACTTCATTGGCATTCACAGATG,TATATTGAACTTTAC,,0.0,0,1,0,0,0
GTTGCAGGAGCATCTTCATCCGCATTTG,ATGAAGTTCATAATG,,0.0,0,1,0,0,0
GCCACAAATTCAACGCCACGGGCAACGT,CATTTATGGCTATCT,,0.0,0,0,1,0,0
GTTTCAGGCGCAACAACAGCCGCAGTAC,GTTGGGCGCTTAAAG,,0.0,0,0,1,0,0
TCCACATGGGCATAAACAGGGACAGATT,CTATGCATTTACTCA,,0.0,0,0,1,0,0
CTAACAGGTACACGGTCAGTACCACAAT,TTAGTCTTTCCATCA,,0.0,0,0,1,0,0
TCTACAGCGTCAAAAACACACTCAACCT,TAGACGGACATCTTC,,0.0,0,0,1,0,0
AGGGCAAGCGCATCCGCATAGGCAACGA,ATGGCGATGGTCTTG,,0.0,0,0,1,0,0
GCAGCAGTAGCAACAACATTTCCATATC,TCTTGGAGGTGAATG,,0.0,0,0,1,0,0
CCCGCAGTCCCAGGGGCAGTGACAATTG,TTATATTTATTTGCT,,0.0,0,0,1,0,0
ATACCACACACATGTACACAGGCAGTGG,ATGGCGATGGTCTTG,,0.0,0,0,1,0,0
TGGACAAGGTCAAGGGCAATAACACCAT,TCAAATGATGAGGAT,,0.0,0,0,1,0,0
GTAGCAACGGCATTAACACCCACACAAG,CGAACAGAAACACAA,,0.0,0,0,1,0,0
TATACAGGTGCAGCTACAATTGCAGGGC,TCAAAACGGAGTGTT,,0.0,0,0,1,0,0
GAACCAAAGTCATCCTCAGGATCAAAGC,GTTGGGCGCTTAAAG,,0.0,0,0,1,0,0
GGTCCACGATCATGGGCATGTCCATACC,AGTGTATGATAATAT,,0.0,0,0,1,0,0
GTTGCAAACTCAGTGACAGTACCATGAG,CGAATGCCATACAAA,,0.0,0,0,1,0,0
TCACCAATATCAATCGCAACAACAACAT,GTTAAATCAACAGTT,,0.0,0,0,1,0,0
CGAACAATTCCAGATGCACGCACAGGCG,CCAACACAGGCTTCG,,0.0,0,0,1,0,0
TGACCAATGACAAAAACACATCCACCAG,TCAAAGCATGAAAAA,,0.0,0,0,1,0,0
GTCCCATGGACATGTGCAGCAACATAGG,AGTGTTAATCAGACC,,0.0,0,0,1,0,0
GGTACATAACCAACGTCACAGCCATCGG,TCAAATGATGAGGAT,,0.0,0,0,1,0,0
GGTGCATCACCATAAACATCCGCACAAA,ACAGTTGACGGACAG,,0.0,0,0,1,0,0
GTATCACACTCAAGCGCATAGCCATGAG,TCAAAACGGAGTGTT,,0.0,0,0,1,0,0
GGCGCACACGCATAGACAAGGCCACGAA,AATGATACCATTTTT,,0.0,0,0,1,0,0
TGACCATTGTCATGAACATTGTCAGCAC,TTTATAAATCAATAG,,0.0,0,0,1,0,0
ATGTCACGGACAAACACACAGACAGACT,GTTGGGCGCTTAAAG,,0.0,0,0,1,0,0
CGGTCACCGCCACCAGCACAATCAATAC,TTATATTTATTTGCT,,0.0,0,0,0,1,0
GCCACAAGGACATTATCAACTGCAAGAG,TAGACGGACATCTTC,,0.0,0,0,0,1,0
GTCCCAGATCCAAGAACACGATCACTTA,GAGAATGAAGGACAG,,0.0,0,0,0,1,0
GGAACAAGGACACCGACAAACCCAGGCA,AGAACATCATCTACA,,0.0,0,0,0,1,0
GGACCACTCGCATCTACAGGAGCAATTT,GTTTAGCTTCCGTTG,,0.0,0,0,0,1,0
AACCCAACGTCATGATCAACCCCAATAA,TTTATAAATCAATAG,,0.0,0,0,0,1,0
TCGGCAGTCCCAGGCGCAATCTCAGCAC,ACAACCTACCTGCTA,,0.0,0,0,0,1,0
CGTACAGTCACATGAGCAGCCACACAGA,ACAAGTTTTACAGTT,,0.0,0,0,0,1,0
AGTACACGATCAGTTTCAGTAGCACGCC,TTTATAAATCAATAG,,0.0,0,0,0,1,0
CGGACATGCACAGATGCAGGCACAGTCG,ATTATCAAGTGCCAG,,0.0,0,0,0,1,0
GTGTCACTCTCATTACCAAAGGCATCAT,TTTAACTCACCGTAA,,0.0,0,0,0,1,0
GAGACAAGTGCAACTACATCCGCACGAC,TCAAAGCATGAAAAA,,0.0,0,0,0,1,0
CGGACAGTGTCACCGACATCTTCACACT,CTACTTACAACGGAA,,0.0,0,0,0,1,0
GTAACACGGTCACGAGCACCTTCACGGT,ATGAAGTTCATAATG,,0.0,0,0,0,1,0
ACATCAGGTCCAGCCGCATAGACAGCTG,ACCACCGGTCCTGCC,,0.0,0,0,0,1,0
GACCCAAAGCCATGTACAGCCTCACTAC,ATCGTTGGCATTTGG,,0.0,0,0,0,1,0
GTCACAAATTCAGAATCAGGGACAAACG,TATATTGAACTTTAC,,0.0,0,0,0,1,0
GCACCAGCTTCAACAGCAGCGACAAAAC,GTTGGGCGCTTAAAG,,0.0,0,0,0,1,0
AGCGCATAGGCACTGTCAAATCCAGAGA,GGTTGCCCAGAAGTA,,0.0,0,0,0,1,0
TATGCACAAACACCGACATCCACAAAGA,ATGGCGATGGTCTTG,,0.0,0,0,0,1,0
GATCCAGACTCACAGCCAATCGCATAAG,CAATCTTGAATTGAT,,0.0,0,0,0,1,0
TGAACAAAGCCAGCTACACTCCCATTCA,TATGCCCTTCTTCTG,,0.0,0,0,0,1,0
GCGACAAACTCATGATCACACCCAAAAT,CGCGATCAATCCTCT,,0.0,0,0,0,1,0
GAAGCACGGGCACTGTCAGGGCCATGCA,GTTGGGCGCTTAAAG,,0.0,0,0,0,1,0
GTGTCACAGCCAGCGTCAAGACCAACAT,TAACCTCGCGCTGAG,,0.0,0,0,0,1,0
CTATCACTTTCAACTGCAAAGACAACCC,TCGATAGAATTTACT,,0.0,0,0,0,1,0
TTAACACTCACATTTCCAAAAACAGGCG,CGATGATGATGATGA,,0.0,0,0,0,0,1
GGGGCACGGGCAACATCAACAGCAGCTA,CTACTTACAACGGAA,,0.0,0,0,0,0,1
ATCTCAACATCATATACATGTGCAATTC,ACAAGTTTTACAGTT,,0.0,0,0,0,0,1
TCGGCAAATACACTTGCAGTAACAATGC,CAATCTTGAATTGAT,,0.0,0,0,0,0,1
ACGGCATAGTCAAAGGCACAGGCAAAAT,GAACTCAGGTTCCAT,,0.0,0,0,0,0,1
CACACATTCACAACAGCATCAACACCGT,TTTATAAATCAATAG,,0.0,0,0,0,0,1
GATGCAGTATCAATCCCACCTTCATCAA,CCAACACAGGCTTCG,,0.0,0,0,0,0,1
ATGGCACGCGCACATTCAAGTCCAAAGT,GAGTGCTTCAAAGTT,,0.0,0,0,0,0,1
CACTCAGCGGCAAGGACATCGTCAATAA,GTTAAATCAACAGTT,,0.0,0,0,0,0,1
GTCGCATAGGCAAACGCATCAACATAGA,TTTAACTCACCGTAA,,0.0,0,0,0,0,1
CTGCCATAGGCACAGCCACGATCAGATA,TATATTGAACTTTAC,,0.0,0,0,0,0,1
CGAGCATTATCAATGACAGAGTCAATAG,AGAAGACGACGATGA,,0.0,0,0,0,0,1
GGGCCACGGTCAGGAGCATTGCCATACA,GCTGCTTATGAGGAT,,0.0,0,0,0,0,1
ATCGCATTCTCAGGCACAAGACCACATC,CTATCAAGGCTTAAT,,0.0,0,0,0,0,1
GAAGCAACACCAGTCGCATACCCAGTAG,AAAAGCGACATTTCT,,0.0,0,0,0,0,1
TCAGCACTAACAATCCCACTGGCAGGTT,TTTAACTCACCGTAA,,0.0,0,0,0,0,1
ACGTCAACTGCAGGCCCAGCTGCACTTG,TTTATAAATCAATAG,,0.0,0,0,0,0,1
GTATCAGGGTCAAAATCAGGTGCAGAGG,ATGGCGATGGTCTTG,,0.0,0,0,0,0,1
AGTGCACTGTCAAACGCAGCCTCACTTT,AGAACATCATCTACA,,0.0,0,0,0,0,1
AAGGCAACGACACTCGCAAGTCCAGATC,ACAGTTGACGGACAG,,0.0,0,0,0,0,1
GATCCAGGCGCAACTTCATTAGCAGACA,AGAAGACGACGATGA,,0.0,0,0,0,0,1
GCGGCACCGCCAAGGGCAGATTCAGATT,ATTATCAAGTGCCAG,,0.0,0,0,0,0,1
