BC,Edge,s,LL.ratio,TP2-2-T0,TP2-2-T1,TP2-2-T2,TP2-2-T3,TP2-2-T4
GAGCCAGATTCACCTGCATAGACACGAC,TTATATTTATTTGCT,0.029031671350108014,0.0,4726,4969,3119,5539,6963
CAGCCAAAAACAGGCACAAGTACAACGG,TTATATTTATTTGCT,0.01874561629618643,305.6167929441799,4444,4743,2929,3313,4339
GACACAGGCTCAAATGCATTGGCAGAAT,CTACTTACAACGGAA,0.010314393099214548,0.0,5044,4508,2515,3118,3515
GGCTCAACAACACACACACCGGCACAGT,TTATATTTATTTGCT,0.031917731632298295,0.0,3043,3175,2017,4156,5032
GAAGCAACTACAGAGTCAGCAGCACAAC,TCTTGGAGGTGAATG,0.003041520657033414,0.0,5271,4383,2293,2457,2746
CCAGCAAGTTCATTCGCACAGCCATGTC,GTACAAGAAATTTTG,0.02087836457870492,0.0,3569,3575,2183,3244,3795
CCTTCACGGACACCAGCATCAACACAGT,GTTGGGCGCTTAAAG,0.0018995148694793795,0.0,5003,3958,1996,2485,2490
GAGTCAGGTCCACGTGCAGCAACATTCA,ACAACCTACCTGCTA,0.00739874617802092,0.0,4386,3647,1627,2807,2720
TGTGCATTACCAGGGGCACCGCCAGTAC,ACAGTTGACGGACAG,0.005945298104089647,0.0,4317,3694,1919,2565,2526
AGCGCAGCAGCACCGGCATAACCAGATC,TTTTGCATTTAGGCG,0.003958211731119722,0.0,4515,3636,1671,2444,2440
TTCGCAAGTCCAGCGGCAGAGGCACTTC,TCAAAACGGAGTGTT,-0.012780272233376033,214.92329213234189,5194,4267,2052,1595,1437
ACGCCAGAGACATCTACACGTGCAAATG,GTACAAGAAATTTTG,0.015603865816785845,0.0,3275,3065,1696,2463,2820
GATCCAAAGACAACGGCAATTTCAGGTG,TCTTGGAGGTGAATG,0.005918244398694117,0.0,3728,3349,1829,2024,2179
GCGCCAATGTCAGTTCCATCTTCACAAC,TTTATAAATCAATAG,0.001567010974336347,0.0,4113,3260,1593,2031,2020
TTATCACAGGCAGCGACAAATACAACCG,TTAGTCTTTCCATCA,-0.009878017912107928,0.0,4570,3674,1700,1498,1420
ATCTCACACTCATCCGCAAAGGCATCGC,TATATTGAACTTTAC,0.0019252653725199355,0.0,3920,3074,1548,2029,1953
AGGCCAAGGACACGTTCACGACCATTCA,CCAAGACCGTGTAAA,0.01017451922160255,0.0,2977,2336,1288,2029,2063
AAACCACCTCCAGCCTCAGTAACAACCG,TTTATAAATCAATAG,-0.0019386046112294443,0.0,3439,2603,1283,1604,1468
GAATCATCATCAGTAACAGCCGCACACG,TCAAAACGGAGTGTT,0.006033596388628181,0.0,2781,2091,1051,1671,1633
GACGCAGTTGCATGACCAATCACAGCGG,TTTATAAATCAATAG,0.0025001630526445885,0.0,2805,2350,1046,1571,1430
CTGCCACCTACAAGCACAAAGCCAACCC,ACAACCTACCTGCTA,-0.010532940169811645,0.0,3274,2469,1188,1065,991
CGGACAGTACCAGGGTCATCCACATCCT,TCTTGGAGGTGAATG,0.008448507873689304,0.0,2477,2083,1079,1585,1602
CCTCCAACAACAACCTCAACAACACCTG,ACAGTTGACGGACAG,0.0017908288129894535,0.0,2692,2207,1105,1358,1334
CCGCCATGGACATAAACAGTAACATTCC,GCTGCTTATGAGGAT,0.0031830583188186545,0.0,2550,1995,1032,1372,1336
ATCACAATGACAGTCACATGGCCAAGAA,GTTGGGCGCTTAAAG,0.002563322262581013,0.0,2524,2133,1062,1241,1290
AGTCCATAAGCAGGTTCAGTTACACTGA,ACAGTTGACGGACAG,0.001411557269360408,0.0,2559,1932,985,1426,1249
GTCACATGGGCAACAGCAAGCACACAAA,CTACTTACAACGGAA,0.01184316212988882,0.0,2095,1890,1031,1441,1552
ACAGCAGCTACAGGATCAAAGACAATAT,TATATTGAACTTTAC,-0.01061144517902236,0.0,2933,2213,986,982,885
AAAGCAGAGACATGGCCATACGCAGCAC,GGTTGCCCAGAAGTA,-0.0008913619743476377,0.0,2433,2047,1015,1157,1083
GTTCCACCTTCATTGCCACCGTCAATCG,TATATTGAACTTTAC,0.003476634150191449,0.0,2358,1917,913,1228,1250
GCGACAGTAACAGGCGCATCTACACTCC,TCAAAACGGAGTGTT,0.0053837787334991005,0.0,2232,1885,989,1228,1277
GGGACATGTACAGGAGCAAGCGCAATTG,TTTATAAATCAATAG,-0.003145415361141935,0.0,2429,2012,1041,1134,988
ATTACACGGGCATAGTCAAGCGCACAAA,ACAGTTGACGGACAG,0.008585956386800254,0.0,2059,1782,956,1278,1339
CAGACAGCTTCATGCACAACAGCAAGAC,ACAGTTGACGGACAG,-0.0007821228920618427,0.0,2362,1881,967,1066,1056
GAAACATGAACACAATCATCCGCATGAG,TTTTGCATTTAGGCG,0.005398972746283038,0.0,2173,1729,844,1285,1244
AACGCACGAACAAATACAACGACAGGAT,TATATTGAACTTTAC,-0.008978337432616655,0.0,2524,2098,974,845,813
GCCACACCTTCACGGACAACCGCAAAAT,TCAAAACGGAGTGTT,-0.008245526442623675,0.0,2433,1893,859,815,807
CTAACAGCCCCACGCGCATTGGCATAGT,CGATGATGATGATGA,-0.0014131920944306592,0.0,2076,1606,882,861,905
GCTCCATTTGCAGAATCATGCTCACGCC,TATATTGAACTTTAC,-0.0026655776459866168,0.0,2091,1606,781,958,867
GTGCCATCCCCAGCGACAACAACACATG,CTAAGTGTGAAGGAG,0.020091309446165495,0.0,1383,1327,659,1140,1425
CGGACATGATCACGAACATCAACAGTCT,ACAAGTTTTACAGTT,-0.03928485918230146,0.0,2953,1480,538,477,283
TACGCAATTCCACGCACACAATCACTGC,CGATGATGATGATGA,-0.0021955106051408154,0.0,1813,1491,661,870,766
GTAACATATTCAACGCCACCCGCACTCC,TTTATAAATCAATAG,0.005356986463318338,0.0,1566,1302,691,1027,895
TCGGCACGGACAATGGCATCGACAAACT,CTCTTGAGAATACTT,-0.04942391758898964,0.0,3162,1500,382,230,202
ATATCACTCACACGCGCAGGGCCATAAG,ACAGTTGACGGACAG,0.0010712027066458792,0.0,1647,1294,658,888,793
ATTCCAAGGTCACATGCAAAACCAATTG,TTTATAAATCAATAG,0.0006130699815797614,0.0,1614,1332,658,836,763
TTCTCATTATCACGGCCAATGCCACCCT,TCAAAACGGAGTGTT,-0.010235451449182885,0.0,1838,1460,677,605,563
CTCACACGGACAATAACAGTCTCAATCG,TGATCATCACGGGAC,-0.009181033387568293,0.0,1784,1316,651,604,570
CCCTCAACTACAATGCCATCTGCACCAG,ATGGCGATGGTCTTG,-0.0032698478702099295,0.0,1606,1217,532,764,650
GGTCCATTACCAAGATCATGAACAAGAG,GGTTGCCCAGAAGTA,-0.004594134592804765,0.0,1610,1273,597,614,618
ACTGCAGTACCAATTACACAGTCAAATG,TCAAAACGGAGTGTT,0.00910891523448315,0.0,1280,1065,535,977,850
TGGTCACAGACAGTGGCAACCACACCGA,TATATTGAACTTTAC,-0.002224975264914153,0.0,1545,1239,517,700,652
GCTTCATGGGCACATTCAGGCACAGAGT,TCAACAACCTATGCA,-0.003934493751983237,0.0,1563,1255,588,624,616
GTCCCAGATTCATTCGCACGTCCAGAAG,ATGGCGATGGTCTTG,-0.009089984425858611,0.0,1606,1187,646,566,515
GTTACAGGAGCAGTGCCAATTACATCGT,TCAAAACGGAGTGTT,0.003928623373642027,0.0,1282,1047,531,761,692
GCAGCATAGGCAACCGCAGGGTCAGAGA,CATTTATGGCTATCT,-0.012946453369469636,0.0,1641,1205,544,460,451
TCCGCACCTCCAGGATCAAAATCATGTC,TCTTGGAGGTGAATG,0.003497077672006055,0.0,1195,1159,685,580,634
TACGCAGTGACAGCGCCACGTTCACGTG,CTTGATCAATCAAAA,-0.01747561493278965,0.0,1666,1141,538,458,382
CAACCATAGTCATAGCCAGGGACATAGA,TCTTGGAGGTGAATG,-0.0025624338609507077,0.0,1309,1117,516,529,545
GCACCATGTACACGTCCAGCAGCAAGTA,TTAATTAGAGGTATG,-0.019587397453650554,0.0,1642,959,398,520,346
CACGCAAAGCCAGTGCCATACCCAGTTC,TCAAAACGGAGTGTT,-0.004972253618756783,0.0,1214,1096,496,566,459
CACGCAGTTGCAAAGCCATGATCACTCA,ATTATCAAGTGCCAG,-0.0033750477203020267,0.0,1253,933,505,545,505
AAGACAGGCTCATACGCAGTCACATCGG,CCAAGACCGTGTAAA,0.007528796328886468,0.0,1009,913,444,726,629
CAGCCAAAGACATTCACAGGAGCATGAG,AGAAGACGACGATGA,-0.03021303800421321,0.0,1793,1022,366,285,247
TAACCAGTATCAAAATCAAAACCATCCA,TCAAAGCATGAAAAA,-0.026455756822436692,0.0,1624,976,416,277,260
CCATCACTCCCAACAGCACTGTCAGTCG,TTTATAAATCAATAG,0.0006003328444825649,0.0,1109,812,431,573,524
AAACCAGGCTCAAATGCAAGCTCAAAAG,TTTTGCATTTAGGCG,-0.015313968607781595,117.91573523352417,1296,981,531,261,324
ACACATAGGCAGGAGCACTGTCAAACA,ACAGTTGACGGACAG,0.007470045536375814,0.0,976,765,419,608,607
GTCACAACGGCACCTTCACAATCACGCG,CAAGGATCCCCGTAG,-0.008574976971590787,0.0,1225,849,358,530,401
TCGTCAATTCCACTGACAAGTGCAAGTA,TTTTGCATTTAGGCG,-0.005635526948887791,0.0,1138,868,447,449,419
GGATCATCGGCAGTGACATAAACATGGT,GTTGGGCGCTTAAAG,0.0025534193113721064,0.0,1010,856,373,529,516
GTAGCAAGCCCAATAACAATCACATGCC,CGATGATGATGATGA,0.0015327071375795254,0.0,995,758,418,491,488
TATCCAGGTGCATACTCACAGCCATAGA,GTTCAGCTTTGATCG,-0.041157986845128135,0.0,1597,768,250,229,142
CCGACAGGTCCAAACGCAATACCAACAG,GTTAAATCAACAGTT,-0.05568842092802448,0.0,1448,840,266,163,72
AGTGCATCGACAAGGTCAAAGTCAGAGA,TCAAATGATGAGGAT,-0.047692523394387315,0.0,1446,746,244,185,99
ACGCCACGACCAGGCACACAGTCATCGA,GAGTGCTTCAAAGTT,-0.015976410288584132,0.0,1109,635,285,385,270
CGAACAGATCCATTGGCACTTGCAGTTG,AGAAGACGACGATGA,-0.01312311270947607,25.80329130248083,1070,634,271,320,292
CCAACATAATCAAGTACATCTGCAGGAG,AATGATACCATTTTT,-0.017290369302058885,0.0,1013,697,297,273,234
GTGCCAATTTCAAGGTCATCTGCACGGG,TTAGTCTTTCCATCA,-0.0047197077526183965,0.0,830,689,329,299,317
TGAACATAGCCACGTACAGGGTCAGCCT,AGTGTATGATAATAT,-0.0016438629877510212,0.0,808,628,280,366,349
CGGCCAGACACAACCACAGGTCCAAGAA,TATGCCCTTCTTCTG,-0.019523996810455125,0.0,1013,662,299,228,214
GGCTCACTGGCATGCGCAGTTTCACAGA,TTTTGCATTTAGGCG,-0.0029713250689684997,0.0,813,637,277,352,333
TGTGCACGATCATTAACATGGTCAGAAC,CTTGATCAATCAAAA,-0.018361214048007515,0.0,976,628,284,285,216
GTTTCAAAGTCAGCATCAAGCGCACATT,AGTGTATGATAATAT,-0.010706668588250277,0.0,845,675,317,279,254
CGTCCATACACAGTCACAAGAGCAGTCT,GCTGCTTATGAGGAT,-0.00014515949744228198,0.0,737,595,310,337,338
TTGTCACATACACCGGCATAACCACGAC,TTTATAAATCAATAG,-0.005833546556950886,0.0,772,585,278,326,282
GGTGCATGAGCACATACACATTCACAAA,TCAAAGCATGAAAAA,-0.02348107436415784,0.0,915,568,221,317,165
TGTGCATCCGCATCCGCAGAATCATACA,ATCGTTGGCATTTGG,-0.02452210763674928,74.84193081292324,925,551,210,228,160
ATGCCATAAGCATAACCATAAACAAGGC,TATGCCCTTCTTCTG,-0.013716373558294569,0.0,788,561,266,195,210
TACTCACATACAAAGACAGGGTCAAGCT,CCAACACAGGCTTCG,-0.06566401144743789,0.0,1109,582,165,56,37
GCATCAGTGACATAGACATTGTCAATGA,ATCGTTGGCATTTGG,-0.041436212798660374,3.0433096296883377,1069,469,125,136,94
AAGACAGACGCATGGTCACTCCCATTAG,GAGAATGAAGGACAG,-0.04748636797940223,0.0,1043,487,138,129,72
CGCGCATATCCAGCTCCACCGGCAGCAG,TCAAAGCATGAAAAA,-0.011642789392774222,8.006731581495842,746,480,162,198,216
TTGGCAATGGCATCAGCACCTTCATGAG,AGAAGACGACGATGA,-0.044411333126744716,9.47868669061154,807,576,205,124,63
AGCGCACACTCACTCACATTCACAAGAG,TTAATTAGAGGTATG,-0.017898085113584407,0.0,723,446,183,196,163
CTGGCAGAATCATTACCACTCTCATCGT,AGAAGACGACGATGA,-0.040515286398341156,11.526596972201787,844,476,185,119,77
ATGACACTTCCACCAGCAACGTCATGCC,TTTAACTCACCGTAA,-0.04119925761708655,0.0,935,360,122,132,83
AGAACATGATCATTCACAGTGACAGGCT,TTTAACTCACCGTAA,-0.03242726217413984,0.0,809,415,135,106,102
AAATCAAGCTCACCCTCAGGAACATAAG,ATGGCGATGGTCTTG,-0.011440904042635591,0.0,555,422,225,180,162
CTATCACTGACATTCCCATGGTCAAGGA,AAAAGCGACATTTCT,-0.020526994418948286,0.0,611,482,181,127,124
TCAACATATGCAACGACAAAGGCACGAT,GAACTCAGGTTCCAT,-0.032472231647302785,0.0,731,390,188,103,92
GTCACACAAGCAAAGCCAGCGGCAGTGT,CCGTTAGTATCGCTA,-0.14219622505884638,0.0,1106,244,25,2,0
TGCACACGCACAATAGCACGGCATAAG,AGAAGACGACGATGA,-0.017737274612186407,0.0,617,347,112,161,140
CGATCAACCACATACGCAGTCGCAAAAG,CTTGATGGCTGAAAG,-0.04888262150463549,0.0,674,402,127,73,44
TAGTCATGCTCACGCACATGTCCAAGCA,TCAAAGCATGAAAAA,-0.019265967556960296,0.0,595,287,119,168,127
CTGACACCCACAGTCACATTCACAATAA,GAGAATGAAGGACAG,-0.04570494812331082,0.0,661,371,103,68,49
TTCGCACAGCCATAGCCAGGGGCACAAT,GAGAATGAAGGACAG,-0.0627419682299286,5.332642582717199,720,348,95,58,27
AGGGCATGCACACGGCCACGCCCACTGA,TTAATTAGAGGTATG,-0.009557443130704757,0.0,448,307,137,179,141
AGAACAGACTCAGGATCAAAAGCAAGCT,ATCGTTGGCATTTGG,-0.061786437909423675,3.274317338981291,693,330,104,36,27
GATACAGACGCAGACTCAACCTCAGTGA,TCAAAGCATGAAAAA,-0.03342396170938283,6.500026062594316,520,309,121,89,63
AAGACAATCTCAGCCTCAAATACACAAG,TTTAACTCACCGTAA,-0.17394044334757483,0.0,952,135,9,3,0
CGTCCACGCGCAGCACCAGAAACATCCT,CTTGATCAATCAAAA,-0.01984832206872945,0.0,422,273,108,119,88
TGTGCAATCTCACACGCAAGCGCAAAGA,GTTAAATCAACAGTT,-0.07769570452837027,0.0,582,321,61,20,12
ACGACAAAGACAGGCCCAATTACATAGG,GAGAATGAAGGACAG,-0.05090080271682271,0.0,548,254,89,54,33
CCTCCAATGCCAAGTTCACACGCAGGGT,CGAACAGAAACACAA,-0.08173289127564808,0.0,684,190,52,39,12
GAGTCATCGGCAGCGCCACCGACAGTCG,ATCGTTGGCATTTGG,-0.04344853185109946,0.0,530,283,68,49,43
AGATCAACCTCAAGCCCACGTTCAGATG,CCAACACAGGCTTCG,-0.03673565139286544,21.37744555318295,490,259,65,88,52
CAGTCACTATCAAGCGCAACGTCATTCC,ATCGTTGGCATTTGG,-0.05148694318118972,0.0,527,248,72,67,31
AGGGCAAACTCACATCCAAGAACAGTTC,TCAAAGCATGAAAAA,-0.027509871246313888,0.0,430,243,80,95,66
ACTACAATCGCAGATTCAAAACCACCTT,AGATTCATCCCATGG,-0.06976253480245079,0.0,565,219,61,29,16
GGTTCAACGGCATGGGCATGGTCATCAC,ATCGTTGGCATTTGG,-0.057982029271335146,0.0,507,218,59,59,23
GGGCCATATACAGTGTCATAGACATGTG,AGAAGACGACGATGA,-0.015875790004083068,0.0,360,212,87,96,88
ATCGCAAAGGCATTATCAATGTCAAGCA,CTTGATGGCTGAAAG,-0.032192185484213265,0.0,385,224,50,55,49
ACAACACCAGCATGACCAGATACAGAAC,CCAACACAGGCTTCG,-0.055736716789601626,0.0,403,203,58,33,20
TTGTCATTGTCAGGGTCACGACCAAAAC,TCAAATGATGAGGAT,-0.048646052236616256,0.0,349,226,74,43,23
AACCCACGCTCACGGGCAAATACAACAC,TATGCCCTTCTTCTG,-0.017696723102889708,0.0,264,186,87,92,60
ATGCCAGAAACAGCACCAGATGCAGTG,AATGATACCATTTTT,-0.01706565767319953,0.0,266,166,75,71,62
ATCTCAGCACCACACCCACCATCACTAG,ATCGTTGGCATTTGG,-0.06099481504332448,0.0,373,157,29,48,15
TAACCACCGCCAGTGCCAATATCAATGC,CTATGCATTTACTCA,-0.022797285849575487,0.0,259,145,60,77,48
AAACCAGTGTCATAATCAGCGACATTTG,AGAACATCATCTACA,-0.04207500390031692,0.0,280,186,42,55,24
AGGCCACGCACAAGGCCACTTACAACAA,TCAAAGCATGAAAAA,-0.016057123114411598,0.0,239,142,52,83,58
CCCACAATGTCATTAACAGCTACAGTTC,ATCGTTGGCATTTGG,-0.05995870116382035,0.0,334,153,41,30,14
ACGCCAAAAACAAGCCCAGATGCACTCG,ATGAAGTTCATAATG,-0.008941662367061832,0.0,186,172,65,57,60
AAGGCACGCTCACATTCATGACCAGACT,CTTGCAAGTGTAATT,-0.11489317907107102,3.585133289002897,410,93,16,2,2
GTATCAGCCCCAGCGGCACTGCCATTCT,TCATAGGTATCTCGC,-0.014421016542729616,0.0,220,128,48,65,57
GACGCATTTGCAACAGCACATACATCTC,ATCGTTGGCATTTGG,-0.03740446734739672,5.654980704067611,271,120,43,45,28
GGCTCAGCTGCAATCCCACAAGCAGCCC,GTTGAACTGGTTGTT,-0.03793109825162776,0.0,257,113,46,39,26
AAGTCACACACAACGACAATTGCATACG,TCATAGGTATCTCGC,-0.020090349526849308,0.0,184,124,63,62,38
GATACACTTCCACGATCAGTCACATCCA,ATTATCATCGCCATC,-0.12322711805724608,0.0,333,92,11,6,3
AGGCCAGCTACAAGTACATATTCAAAGT,AAAACATTATCAAAG,-0.0317141594480438,0.0,185,161,48,21,24
CCAGCAAAACCACTTCCAAACACAGGCA,TATGCCCTTCTTCTG,-0.021176651356894713,0.0,177,111,56,51,35
GGGCCACAGTCAAAGACACCATCAGGAC,AGATTCATCCCATGG,-0.05583672644769001,0.0,263,109,30,15,13
GTCACACTAGCATGTCCAAGAACAATAG,CAATCTTGAATTGAT,-0.07548485434244256,0.0,241,107,31,12,7
AATTCAAGACCAGCGTCACCAACACTGA,AAAACATTATCAAAG,-0.027154041439666144,0.0,167,89,39,37,26
CCTACACCGTCATTTCCACCACCACTGT,AAAACATTATCAAAG,-0.023039089655796652,0.0,158,80,37,43,29
GCCACAACGACATCCTCATCACCATTGG,CTTGCAAGTGTAATT,-0.15074219854002555,0.0,274,49,2,0,0
GAAACATCAGCAATAGCACTGGCAATTG,TAGACGGACATCTTC,-0.05636181318439481,0.0,215,56,25,19,4
GGGGCAGAAGCAATACCAGGGACATCTA,TCAAAGCATGAAAAA,-0.022203719274950386,0.0,137,74,30,36,26
CAGACATTCACAGGAGCAAAGTCAATTA,ATTATCATCGCCATC,-0.0836366593187686,0.0,192,76,14,6,3
GCCGCAGCACCATTCACAAGCCCACATC,CAATCTTGAATTGAT,-0.049031119386934295,0.0,182,90,8,4,6
CAGCCAGTAACAGCGACAACTACAGTAT,AGAACATCATCTACA,-0.04433257035215948,0.0,166,81,15,13,13
TGAACACAGGCATTCGCAGCCACATGTA,TTTATAAATCAATAG,0.015387790289843328,6.299370582326901,82,57,26,48,70
GACGCAGACGCACATACAGCACCAATAC,GTTTAGCTTCCGTTG,-0.08786019727823191,2.9433786208023207,194,61,13,7,0
ATAGCACACTCATGCTCATATTCAAAGG,CTATCAAGGCTTAAT,-0.11485410568360593,5.203615063042321,207,53,8,0,0
TGCGCAGTCCCAACCGCACATCCAAAGA,CTATCAAGGCTTAAT,-0.08839427627203364,0.0,181,59,12,7,3
GGGACAAGACCAACTGCATTGTCAACGC,CTTGCAAGTGTAATT,-0.1758135470181811,0.38511501755129984,194,27,6,2,1
TTGCCAGGAGCATTCTCAAGTGCAGGTA,CTCTTGAGAATACTT,-0.18870619240236125,0.0,188,23,4,1,0
CAAGCATTTACATCTACAAAACCAGTAG,GTTTAGCTTCCGTTG,-0.12777690539005296,0.0,120,27,5,2,0
AGATCAAGGACACCAGCAACCACACCTA,TAGACGGACATCTTC,-0.047762695257794745,0.0,87,34,13,5,1
CATTCATCGACATCAGCATACCCATGCC,TCATAGGTATCTCGC,-0.01682958415319248,0.0,51,32,15,19,12
CTGTCACCCCCAGTTCCAGCGACATAGT,TTAATTAGAGGTATG,-0.012688645931686665,0.0,58,35,11,19,3
TCTACATCGGCATGCTCAAGAACACTGG,GTGTGATTACTAAAT,-0.08969965583827362,0.0,82,27,3,1,0
AACACATCAGCAAGCCCAAACGCATGGA,CTTGCAAGTGTAATT,-0.1599852553069642,0.0,92,15,5,0,0
TCACCAAGATCAGTAGCACATACATAAG,GCTGCGGAGCCTCAG,-0.10507116032651834,0.0,85,24,1,0,0
GAAGCATCCACATTGGCATCTGCAGAAG,CTAGTTGTATAGCCA,-0.14908622693612372,0.0,88,16,1,1,0
AGAACAGAGCCATCTGCAAGTACAATTA,GTTTAGCTTCCGTTG,-0.11360408940718286,0.0,81,21,0,1,0
GGGTCATCACCAGGCGCAGTAGCACAGA,CTATCAAGGCTTAAT,-0.076694343013454,1.1577484310693649,64,24,2,0,0
AGTACAGCAACAACATCACATACACCGC,GTTTAGCTTCCGTTG,-0.16052726205389822,0.14006477872334244,74,12,2,0,1
CCTGCATGGCCAAAATCACCGGCACATA,GTGTGATTACTAAAT,-0.11152501244027535,0.0,68,18,0,2,0
TCGACATCGACAGGACCATGAGCAGATT,CTAGTTGTATAGCCA,,2.141765266218215,72,6,1,0,0
CTCCCAGCTGCACGAACATAGCCAATTT,CTCTTGAGAATACTT,,0.0,73,2,0,0,0
TTGGCACATCCATCAACAGGTGCAGTCA,GCTGCGGAGCCTCAG,,2.674101943367276,63,3,0,1,0
AGAGCAGTATCACCTCCATATACAGTAA,CTAGTTGTATAGCCA,-0.13753493822393947,0.0,49,10,1,2,0
TGAGCATAGACAGTCACATGACCATCGC,TTTAACTCACCGTAA,-0.12211987024121358,0.0,42,10,2,3,3
CACTCACATACATGCACAGATGCACCGG,TTAATTGCACTTATG,0.03698688294239828,0.0,11,17,8,8,13
GACTCAAGGGCATGAACAATGGCAACTC,CATATGCATTCCTTG,-0.06435644089740337,0.0,33,14,1,2,0
CCCCCAACGACAAAGCCAATTACATTGA,GCTGCGGAGCCTCAG,,0.7931846956440864,36,6,0,0,0
GGGACACACTCAGAAGCACGGCCACTGG,GTTTAGCTTCCGTTG,,0.24271857632803062,32,8,0,0,0
TTCACATGATCAATCGCAAAGCCACAAA,GTCACCGGCACTAAC,,0.0,8,7,2,4,7
ATGGCAAACTCAATGGCATGAACAAAGG,AGATTCATCCCATGG,,0.0,16,9,1,0,0
TCACCAGATACAATCTCAGAGTCACTGT,CTAGTTGTATAGCCA,,0.0,20,2,0,0,0
GATACAATAACAACGTCATTCGCAAAGG,CGCGATCAATCCTCT,,0.0,13,3,0,0,0
AGGACACCGGCAAACACAGTAGCACCTG,AGAACATCATCTACA,,0.0,4,4,3,0,0
TTTCCAATAACAAAACCATCACCAGGAG,CTCTTGAGAATACTT,,0.0,9,0,0,0,0
AGGCCACACTCATCAGCAAGAACATGCT,ATTATCATCGCCATC,,0.0,6,2,0,0,0
TTTACAGCGACACGACCAAAGGCAGTAG,TCAGAGCATTGGCCT,,0.0,2,0,6,0,0
TCGTCAATGCCACGTCCATGGGCAAAGC,ACAGTTGACGGACAG,,0.0,5,0,3,0,0
CGGATCAGGCACAGTGGCCTCACCTA,CTACTTACAACGGAA,,0.0,1,0,7,0,0
TATCCAATAGCAGCTTCATGATCAAGTC,GTCACCGGCACTAAC,,0.0,1,2,5,0,0
TCAGCAAATCCACCATCATAACCACAAG,TGATCATCACGGGAC,,0.0,7,0,0,0,0
CGGCCACTGACATAGACAACAGCACGCA,ACAACCTACCTGCTA,,0.0,4,1,2,0,0
TGAGCATTGTCACTGTCAATCCCAACGT,CCAACACAGGCTTCG,,0.0,5,2,0,0,0
CGAGCAGTCGCACGAGCAGTCACACTGT,AGTGTTAATCAGACC,,0.0,5,0,2,0,0
TCGTCAAAACCACGAGCAATTACAGTCT,TCAAAACGGAGTGTT,,0.0,4,1,2,0,0
ATTACATGCACATATGCATGCTCAGCAC,TCGATAGAATTTACT,,0.0,6,0,0,0,0
GAGCCAAACACAACATCAATCGCACCGC,CATTGTCGGACGCTT,,0.0,6,0,0,0,0
ATAACAGCTACATGATCAAAGACAAAGC,TCGAAAGCACAGTAG,,0.0,3,2,0,0,0
TATACATCAGCAGTGGCAACAACAATAT,TCTTGGAGGTGAATG,,0.0,5,0,0,0,0
GCCCCAGCTCCAGGACCATCGTCACAAT,TCTTGGAGGTGAATG,,0.0,3,1,0,0,1
CGAGCACTCTCATAGACACTTGCAAAGA,GCTGCTTATGAGGAT,,0.0,5,0,0,0,0
TCGTCAGTAACAGGCTCAGCAACATTAG,GGTTGCCCAGAAGTA,,0.0,4,0,1,0,0
ACCTCAAAAGCAACGCCATCAGCAAGGA,ACAGTTGACGGACAG,,0.0,4,0,1,0,0
GGGTCAACCTCATCAGCACAACCAGAAG,GGTTGCCCAGAAGTA,,0.0,5,0,0,0,0
CTGTCACGAGCACGCACATTTGCAGGGC,CAATCTTGAATTGAT,,0.0,3,1,1,0,0
AACACAAAGCCAGAGCCATCTGCATCGT,TATATTGAACTTTAC,,0.0,2,3,0,0,0
TTGTCACCTGCACCGGCAACCGCAAGTT,GCTGCTTATGAGGAT,,0.0,4,0,0,0,0
TAGGCACTCGCATGGGCACCTCCAGAAC,AAAAGAAAAATGTAT,,0.0,4,0,0,0,0
GTAGCAGAGGCAGGCACAGGGACATCGG,ATAATTTTCATCCAC,,0.0,4,0,0,0,0
CACGCATCAACATAGTCATTGCCACGCC,CTCGCTAATACTCCT,,0.0,4,0,0,0,0
AGAACAGAATCAAGCACAGGTTCAAAGA,TCATAGGTATCTCGC,,0.0,4,0,0,0,0
TGTACACCGGCAACAGCACGATCACACC,GTTGGGCGCTTAAAG,,0.0,4,0,0,0,0
TTTACACCGGCACAGGCATGTGCAAGAA,TTAATTGCACTTATG,,0.0,3,1,0,0,0
GGAACATGAACATGGACATGACCAAGTC,CTCGCTAATACTCCT,,0.0,4,0,0,0,0
ACTACAAAATCATGGCCAGTGCAGATA,ACAGTTGACGGACAG,,0.0,4,0,0,0,0
AGAACAGGACCACCTACAAGTGCAAAAT,GCTGCTTATGAGGAT,,0.0,2,0,2,0,0
AGCACATGGACATTCACACAACCAAAGC,GTTGGGCGCTTAAAG,,0.0,4,0,0,0,0
TGAACACAACAACTTCAGGGGCATGGG,ACCACCGGTCCTGCC,,0.0,3,1,0,0,0
TCTGCAATCCCACATCCATGAGCACAAG,TATATTGAACTTTAC,,0.0,3,1,0,0,0
GCGGCAGCCGCAAACCCAGTATCAAGGA,TCTTGGAGGTGAATG,,0.0,0,1,3,0,0
GTCACAAATCCAGGCGCAGGGCCAAGAG,CTACTTACAACGGAA,,0.0,0,0,4,0,0
CTTACACCGTCATCCTCATGGACAGGAT,TTTATAAATCAATAG,,0.0,0,0,4,0,0
AAGCCAAGCTCAGAGGCATACTCATACA,TGATCATCACGGGAC,,0.0,2,0,1,0,0
GCAGCAGGAGCAACTGCATTTCCATTGA,ACAGTTGACGGACAG,,0.0,3,0,0,0,0
GGCACACTGGCACTACCACGGGCATAAA,GGTTGCCCAGAAGTA,,0.0,2,0,1,0,0
GGCTCAAGCCCACTTGCAAGGGCAACAA,TCAAAACGGAGTGTT,,0.0,2,1,0,0,0
ACCACATCTTCACTTACAGATTCAGAAC,TTTTGCATTTAGGCG,,0.0,2,0,1,0,0
ATAGCATTGGCAAGGGCAAGTACACCAT,AGTGTATGATAATAT,,0.0,2,1,0,0,0
GATGCATAAACAGACGCAATCTCAGGCG,GCTGCTTATGAGGAT,,0.0,3,0,0,0,0
ACGGCATGAGCAGATGCATTACCAGAAT,TCAAAGCATGAAAAA,,0.0,3,0,0,0,0
GCGCCACGTGCACAAGCAGTCACAACGT,TCATAGGTATCTCGC,,0.0,1,0,2,0,0
TCAGCACTATCAGCCTCAGGAACAAGGT,TTAATTGCACTTATG,,0.0,2,1,0,0,0
TCTTCACAGTCATCCTCAGTGACAGATC,AGTGTATGATAATAT,,0.0,2,1,0,0,0
TTTCCAGCTACATTCCCAGAAACACTCA,ACAGTTGACGGACAG,,0.0,3,0,0,0,0
TACGCAAGATCATTCCCAAAACCAGTGG,GGTTGCCCAGAAGTA,,0.0,2,0,1,0,0
CTGTCACCGTCAAGCGCACATCCAAGCG,TCAGAGCATTGGCCT,,0.0,3,0,0,0,0
CGAACACTGGCAATTGCATAAGCAACAC,CGATGATGATGATGA,,0.0,3,0,0,0,0
GCGGCATCACCAGGTTCAAAGTCAGGTC,CTAAGCAGTCTTCTC,,0.0,3,0,0,0,0
CCCGCAAGCCCAAAGTCATCTCCACAAG,TATATTGAACTTTAC,,0.0,2,1,0,0,0
AATTCAGGCCCATACACAAAAACAGACT,AGTGTATGATAATAT,,0.0,2,0,1,0,0
GTAACAGTATCAGTAGCACACCCAAGGA,CCAACACAGGCTTCG,,0.0,2,0,1,0,0
CACACATCCACAGTTGCATCGTCACACT,GTTTAGCTTCCGTTG,,0.0,3,0,0,0,0
GATCCACTTGCAGTAGCAACGGCAAGCT,AGTGTATGATAATAT,,0.0,3,0,0,0,0
GTTACAAGCACAAAACCAGAATCACTGG,TCGATAGAATTTACT,,0.0,2,1,0,0,0
AATGCACCCGCAGCGTCAGTGTCAAGGT,GTTGGGCGCTTAAAG,,0.0,3,0,0,0,0
ATCCCACGGGCATAATCACAGCCAACGA,CTATCAAGGCTTAAT,,0.0,3,0,0,0,0
CCCGCATGCGCAGAGGCACTCTCAGATG,GTTGAACTGGTTGTT,,0.0,3,0,0,0,0
AGCTCACACGCATCTTCATGCGCAGGGC,TCAAAACGGAGTGTT,,0.0,2,1,0,0,0
GTGACAGAACCACGGCCAAGAACACTCA,CGAATGCCATACAAA,,0.0,3,0,0,0,0
ACAACAGAAGCACCTTCACACACAGCTA,CTACTTACAACGGAA,,0.0,1,2,0,0,0
TGGGCACTGACAAGCTCATACTCAATGC,TATGCCCTTCTTCTG,,0.0,2,1,0,0,0
GCCCCACAGACAGGGTCAATCGCAACAT,TGATCATCACGGGAC,,0.0,2,0,1,0,0
TCGACAGAGCCAACCTCAGCCACATCTT,TATGCCCTTCTTCTG,,0.0,1,0,2,0,0
CCTACAAGATCATCAGCATGCGCAACAG,GTTGGGCGCTTAAAG,,0.0,3,0,0,0,0
CAATCAATTACAGAGGCAACCGTACAGC,GTTGGGCGCTTAAAG,,0.0,3,0,0,0,0
AAATCAATACCAAGGTCAGCGCCACTTG,ATTATCAAGTGCCAG,,0.0,1,1,1,0,0
TTACCACGCTCAATAACATGTCCAGTAC,CTAAGCAGTCTTCTC,,0.0,0,1,2,0,0
AAAACAAAGTCATGGGCACCTTCACGAA,TCAAATGATGAGGAT,,0.0,0,2,1,0,0
AGTACACGCCCAACGACATAAACAATCC,TTTTGCATTTAGGCG,,0.0,0,0,3,0,0
GGGTCAAAAGCAGGACCACCACCATACC,AGTGTTAATCAGACC,,0.0,2,0,0,0,0
TTAACACTCACACATACAGGCCCATCGA,GTTTAGCTTCCGTTG,,0.0,2,0,0,0,0
ATGGGCAGGTACAGTTACACTGGCAATGA,AAAAGAAAAATGTAT,,0.0,1,1,0,0,0
ATAGCAGCGGCAAATTCATCGACAGCAC,CTATCAAGGCTTAAT,,0.0,2,0,0,0,0
TCTCCAGGTACACAAGCAGGGCCACTTC,ACAGTTGACGGACAG,,0.0,2,0,0,0,0
CAGGCACGTGCATCAGCAGTGGCAAAGC,GCTGCTTATGAGGAT,,0.0,2,0,0,0,0
TCTGCAGCGCCATTCACACTATCATGGG,AAAACATTATCAAAG,,0.0,2,0,0,0,0
ATGGCATAAACAGGGCCACGTCCAACAT,CTGATTTGTGCTGTC,,0.0,2,0,0,0,0
GAAACAGATCCATAGCCATCACCAACAA,AGATTCATCCCATGG,,0.0,2,0,0,0,0
AACACATATGCAGCTGCACCCGCATTAC,ACCACCGGTCCTGCC,,0.0,1,1,0,0,0
AGTGCATGTTCAAGGGCAGGGGCAAGTC,CTAAGCAGTCTTCTC,,0.0,2,0,0,0,0
TCCGCACCGGCAAGGTCACGCTCACGGC,CGATGATGATGATGA,,0.0,2,0,0,0,0
GTGCCATGAACAGTCACATACGCATCAT,TATATTGAACTTTAC,,0.0,2,0,0,0,0
TGAGCAAGACCACACACACTTTCATGAG,CTTGATGGCTGAAAG,,0.0,2,0,0,0,0
CTGGCACTCGCAAAGTCATAATCAAGAC,GTAATCTGACTCTAG,,0.0,2,0,0,0,0
AGCGCAAGCCCATGTACAACGTCAACGA,CTAAGCAGTCTTCTC,,0.0,2,0,0,0,0
ATATCAGTGACAGAAGCATTCTCATGTG,TCAAAACGGAGTGTT,,0.0,2,0,0,0,0
TAATCAGGGCCAGCGCCACGTTCATTGC,CGTCAAGACCTTCTA,,0.0,2,0,0,0,0
CAGGCATGAGCATTGTCACTTACAACGA,ATTATCAAGTGCCAG,,0.0,2,0,0,0,0
CGGGCATCGCCAAAGACACCTGCATCCT,TATGCCCTTCTTCTG,,0.0,2,0,0,0,0
CATGCAAAGTCACCTACAGTTGCAAAGT,TTATATTTATTTGCT,,0.0,2,0,0,0,0
TTCCCACTGTCAGCCGCATTTCCAATAA,CTTGATCAATCAAAA,,0.0,2,0,0,0,0
AGAGCAGGTGCAAGCGCATCTTCAACGA,ACAACCTACCTGCTA,,0.0,2,0,0,0,0
AACCCATGCGCAATCTCAGGGACAAAAC,TCAGAGCATTGGCCT,,0.0,2,0,0,0,0
TTAGCATATACAGCGGCATGGGCAGATC,CTTGATGGCTGAAAG,,0.0,2,0,0,0,0
GGTTCAAATACAGGAGCAAGTTCAGGCA,AAAAGAAAAATGTAT,,0.0,2,0,0,0,0
CACGCACACACAGTCCCATACTCAGTAG,GCTGCGGAGCCTCAG,,0.0,2,0,0,0,0
TCCACAAGTCCATACACAAACGCAAAAT,AATGATACCATTTTT,,0.0,2,0,0,0,0
GGGTCAAATTCAGATGCAACCACAAAGA,CTACTTACAACGGAA,,0.0,2,0,0,0,0
CCTCCATGAACAAGCTCAACCTCACTAT,TTAATTGCACTTATG,,0.0,2,0,0,0,0
CATACACAATCAGGCTCAGCTACATCGC,TCGAAAGCACAGTAG,,0.0,2,0,0,0,0
CTTCCAAGACCAGCCGCACCGTCAGGTT,CTCGCTAATACTCCT,,0.0,2,0,0,0,0
CTGTCAAATTCAGTTTCAGGGCCACACG,CTATCAAGGCTTAAT,,0.0,2,0,0,0,0
GAATCACTCACAATCACAGCCGCAACCG,CTATGCATTTACTCA,,0.0,2,0,0,0,0
GTGTCATGGTCACAACCAGTCGCAGAGC,CCAGGATGTACCGCC,,0.0,2,0,0,0,0
CGCGCAAGAACACAAACATTAACAAACC,CCAACACAGGCTTCG,,0.0,2,0,0,0,0
GAGCCAAGGGCATGACCATTGGCAATGA,ACAGTTGACGGACAG,,0.0,2,0,0,0,0
GGAACAGGAACACTCACAAGCGCACCAT,TGATCATCACGGGAC,,0.0,2,0,0,0,0
GGTACAAGCACATGTGCAAGAACAAAAT,GCTGCGGAGCCTCAG,,0.0,2,0,0,0,0
GGGTCAAGCACACCAACATGAACAAATA,TTTTGCATTTAGGCG,,0.0,2,0,0,0,0
GGGCCAGGTGCACGAGCAGGCGCACGAT,AATGATACCATTTTT,,0.0,2,0,0,0,0
CCTACAATGCCATGAACAATAGCACGTG,TGATCATCACGGGAC,,0.0,2,0,0,0,0
ATACCAACGACAAGGAACAGTTACAAAAT,TTTATAAATCAATAG,,0.0,2,0,0,0,0
AGCGCAAAGACATACCCAGGTCCAAATA,CTTGATCAATCAAAA,,0.0,2,0,0,0,0
TACACAGCCGCACCTCCATAGACATCAA,GCTGCTTATGAGGAT,,0.0,2,0,0,0,0
GGGGCATCACCACCGCCAGGGTCATAGT,AGTGTTAATCAGACC,,0.0,2,0,0,0,0
CCCGCACTTCCAGGTCCAAGGGCATATG,CTCGCTAATACTCCT,,0.0,2,0,0,0,0
ACTTCAGATCCAAACTCAACAACACCAC,TCATAGGTATCTCGC,,0.0,2,0,0,0,0
GGTGCACATGCATAAGCATGTTCACACC,TCAGAGCATTGGCCT,,0.0,2,0,0,0,0
GGAACATGGTCACCCGCAGTCGCATGCC,ATAGTCGATTAAGAT,,0.0,2,0,0,0,0
TCGACAAAAGCATAGCCAATTTCAAGGA,CTAAGCAGTCTTCTC,,0.0,2,0,0,0,0
TGTGCAAACACAAAATCAAGCGCATGAT,AATGATACCATTTTT,,0.0,2,0,0,0,0
CTAGCAATCTCACATTCAAATCCACGCC,TCAAAGCATGAAAAA,,0.0,2,0,0,0,0
AGCGCACCACCAGTTACATAGACAGGTC,TATATTGAACTTTAC,,0.0,1,1,0,0,0
GGTTCAGAGGCAGGTACAAACTCAACTT,CTTGATCAATCAAAA,,0.0,2,0,0,0,0
ACTACAAGATCATAAGCAGCATCAGGAT,CTATGCATTTACTCA,,0.0,2,0,0,0,0
TTCACACCAACAAATACACAGCCATCTG,CATTTATGGCTATCT,,0.0,2,0,0,0,0
GAGACAAGGTCAGTCACAGAGACACAAT,ATTATCAAGTGCCAG,,0.0,2,0,0,0,0
ATGGCACTGACAACTGCAGGCGCAATAA,GCTGCTTATGAGGAT,,0.0,2,0,0,0,0
GTAGCAGTACCAAAGTCAGCATCAAAGT,GTCACCGGCACTAAC,,0.0,2,0,0,0,0
AAGTCATCTCCATGCGCAATGGCAGTGG,CTATGCATTTACTCA,,0.0,2,0,0,0,0
TTGACAATGGCAATTGCAAGATCAGCAC,CTACTTACAACGGAA,,0.0,1,1,0,0,0
TGAGCATGGACAGACGCATTTACATCAA,GCTAATTTCAAGAAT,,0.0,2,0,0,0,0
TAGTCAGTCACAGCTCCAAATACAACGC,TCAAAGCATGAAAAA,,0.0,2,0,0,0,0
GTCGCATGGACAGTTCCAGTTACATAAG,TCAAAACGGAGTGTT,,0.0,2,0,0,0,0
AGGACAGAATCAATTGCAATTGCACCAG,ACCACCGGTCCTGCC,,0.0,2,0,0,0,0
GAGCCATTTGCATGGTCAATCCCAAAAC,CGAACAGAAACACAA,,0.0,2,0,0,0,0
AGGCCAGTCACATCCGCAGATACAGCTG,GTTGGGCGCTTAAAG,,0.0,2,0,0,0,0
GAGACAGAAACACAAGCAGGGCCAAACT,GTTGGGCGCTTAAAG,,0.0,1,1,0,0,0
CCTCCAACAGCAGGCTCATGATCAGTAG,AGTTTATAAAAAATT,,0.0,2,0,0,0,0
TTGGCACGAACAGTATCAATTCCAGCCA,CTATCAAGGCTTAAT,,0.0,2,0,0,0,0
TAGCCAAAAACAGCATCAGGTTCAGTGA,TATATTGAACTTTAC,,0.0,2,0,0,0,0
CCGACATGGACAACTACACTTGCAGTCT,CTTGATGGCTGAAAG,,0.0,2,0,0,0,0
GTCTCACCCTCAAATGCATGCGCATATA,ATTATCATCGCCATC,,0.0,2,0,0,0,0
CCAGCATTAGCAAAACCAGAGTCATAGT,CATCAATGAGGCAGT,,0.0,2,0,0,0,0
TTCGCATAAACATTGCCAAATCCAGATC,GTTGGGCGCTTAAAG,,0.0,2,0,0,0,0
CGACCAGCTACATAGGCAAGTACAGAAG,TCAACAACCTATGCA,,0.0,2,0,0,0,0
GGAGCATGATCATAAGCAAAAACATGGC,TGATCATCACGGGAC,,0.0,2,0,0,0,0
CGCTCAGTTGCATGGTCAGCGTCACGGA,CTCGCTAATACTCCT,,0.0,2,0,0,0,0
CTGCCATAATCAGGGACACGGGCAGAAT,GAACTCAGGTTCCAT,,0.0,2,0,0,0,0
TGGTCAATCACATGAGCAAAAACATAAG,TACACCAATTACACT,,0.0,2,0,0,0,0
ACTTCATCGGCATCCCCAACTCCATCCC,CATTTATGGCTATCT,,0.0,2,0,0,0,0
ACAACAATGCCAATAACAGGTTCATAAA,TTAGTCTTTCCATCA,,0.0,2,0,0,0,0
GTGTCATACGCATGCACAGGCGCACATA,CTTGATCAATCAAAA,,0.0,2,0,0,0,0
GTATCAAGATCAAGCACATTGGCAGTAT,TCTTGGAGGTGAATG,,0.0,1,0,1,0,0
CGGTCAGCACCACTACCATACACAAGAA,CCAGGATGTACCGCC,,0.0,2,0,0,0,0
GCAGCAGCTGCACAATCAAACACAAAGA,TATGCCCTTCTTCTG,,0.0,2,0,0,0,0
GAATCACCTCCAATATCAGGGTACTGA,ATAGTCGATTAAGAT,,0.0,2,0,0,0,0
AAACCATAGTCATTGCCATTCCCATCCC,AAAAGCGACATTTCT,,0.0,2,0,0,0,0
GCTTCATAGACAGAGTCAAGAGCAACTA,TATGCCCTTCTTCTG,,0.0,2,0,0,0,0
AGATCAGGATCACGTTCAAGAGCACCCA,TATATTGAACTTTAC,,0.0,2,0,0,0,0
TCAACACGGACAGTCACACGGACAAATC,ACAGTTGACGGACAG,,0.0,1,1,0,0,0
AAATCATAGTCAGTCTCATACTCAGGGA,TCAGAGCATTGGCCT,,0.0,2,0,0,0,0
CGTGCACCGACACCTTCATGTGCACCTC,TGATCATCACGGGAC,,0.0,2,0,0,0,0
CTCAACACGATCACGTTCAGGTGCACCG,GTGTGATTACTAAAT,,0.0,2,0,0,0,0
CCCTCATTGTCAATTTCAAGTGCACAAT,ACAAGTTTTACAGTT,,0.0,2,0,0,0,0
AGTACAGAATCATAAGCAATGTCAAGCT,GCTGCTTATGAGGAT,,0.0,2,0,0,0,0
CCCGCAGATCCACCGCCACGCGCAATCG,TTTATAAATCAATAG,,0.0,2,0,0,0,0
GATACAACGACACCGCCAACTGCAAATT,CGTCAAGACCTTCTA,,0.0,2,0,0,0,0
ACATCACCTACATCGGCAGCTTCAGACT,GTTGGGCGCTTAAAG,,0.0,1,1,0,0,0
TCCTCACATACAACATCAAGAACATCGG,TAATATTGTTTTGCG,,0.0,2,0,0,0,0
TCGACAGGGACATCGGCATCAACATGTA,CCAGGATGTACCGCC,,0.0,1,1,0,0,0
GACGCAACATCAAAATCACGTCCAGCCA,GCTGCTTATGAGGAT,,0.0,2,0,0,0,0
ACTCCATTGTCACAGGCACCATCATTGA,GAGTGCTTCAAAGTT,,0.0,2,0,0,0,0
GAGTCACAAGCAGTAGCAACAACAACTT,GAACTCAGGTTCCAT,,0.0,2,0,0,0,0
AGGACAAAGACAAAGTCAGCAACAATCG,TCAAAGCATGAAAAA,,0.0,2,0,0,0,0
AAGGCATACGCAGATCCAGGGACAATAA,ATAGAGCGGCGTTGA,,0.0,2,0,0,0,0
AATGCAAGCTCAAGGACACGCGCAAATA,CTGATTTGTGCTGTC,,0.0,2,0,0,0,0
TACTCATCAGCAGCCGCAGTCGCAACCT,GTCACCGGCACTAAC,,0.0,1,0,1,0,0
AAGACAAACCCACACACATCACCATTAC,GTCACCGGCACTAAC,,0.0,2,0,0,0,0
AAGTCATAGCCAGCTGCATCACCATGAA,CTTGATCAATCAAAA,,0.0,2,0,0,0,0
GTGCCAATATCAACTCCAGTAACAACCT,AGTGTATGATAATAT,,0.0,2,0,0,0,0
GCGGCATCCGCAACCCCATGTGCATGTT,GAGTGCTTCAAAGTT,,0.0,2,0,0,0,0
CTAACATGATCACAATCATGGTCAAAAG,GTTGGGCGCTTAAAG,,0.0,2,0,0,0,0
CATACACTGTCATTCGCGTTACAGCTC,CCAACACAGGCTTCG,,0.0,2,0,0,0,0
ACAACATGAACATGTTCAGTTCCAGGCA,GTAATCTGACTCTAG,,0.0,2,0,0,0,0
GATACAAGAACATGAGCACGGTCAGCTT,TGATCATCACGGGAC,,0.0,1,1,0,0,0
GATGCATAGGCAGGCACATACTCACAAT,GAGTGCTTCAAAGTT,,0.0,0,1,1,0,0
CTCGCAGTAGCATTGACATAACCAGGCG,TTTATAAATCAATAG,,0.0,0,2,0,0,0
CACACATATCCACCTACACTGCCACACA,ACAGTTGACGGACAG,,0.0,0,1,1,0,0
GCCGCATCGCCAGGATCAAGCGCATCGA,TGATCATCACGGGAC,,0.0,0,1,1,0,0
TCAGCACAGTCATAGCCATTGCCAGTAG,CTTGATCAATCAAAA,,0.0,0,0,2,0,0
GTAGCACCAGCAGAAGCAGGAACACACA,CTTGATCAATCAAAA,,0.0,0,0,2,0,0
TACTCATGACCAACTTCAAAGTCATCAA,TTTAACTCACCGTAA,,0.0,0,0,2,0,0
CCGACAGGGACATATCCACGACCAATTG,GAGTGCTTCAAAGTT,,0.0,0,0,2,0,0
GCACCAGAACCATCCTCAACCCCAGGGT,TTTATAAATCAATAG,,0.0,0,0,2,0,0
TAGTCAGCTACACACTCAGCACCAAACT,CAATCTTGAATTGAT,,0.0,0,0,2,0,0
CAGTCACAAACAGGGCCATTTTCAGAAG,CATCAATGAGGCAGT,,0.0,1,0,0,0,0
TCCTCAGCCCACCAACATTTGCAAGTT,CCAAGACCGTGTAAA,,0.0,1,0,0,0,0
GTCTCAAATGCATCTACATGCGCATTCG,GTTGAACTGGTTGTT,,0.0,1,0,0,0,0
TTGGCAACGACATCATCATCGCCATCGT,GAGTGCTTCAAAGTT,,0.0,1,0,0,0,0
GGGGCACTGGCATCGGCAGCGGCATCTCT,TATATTGAACTTTAC,,0.0,1,0,0,0,0
AAAGCAGGCTCAATTGCATAATCAAGAG,CTCGCTAATACTCCT,,0.0,1,0,0,0,0
GACACAGTAACAAATTCAAGTCCATGCA,CAAGGATCCCCGTAG,,0.0,1,0,0,0,0
CTAGCAAGGACATAATCATGACCACTCG,CTAGTTGTATAGCCA,,0.0,1,0,0,0,0
CGCGCAAGTTCAGATTCATGGGCATGCA,ACAGTTGACGGACAG,,0.0,1,0,0,0,0
CGAAGCAATGCCAATCAAGTCATCAA,GTTTAGCTTCCGTTG,,0.0,1,0,0,0,0
TACACATTCGCAAGTGCAGCCTCAGTGC,TCATAGGTATCTCGC,,0.0,1,0,0,0,0
ATAGCAGACGCAATTACATTGGCAGGCG,GTTGGGCGCTTAAAG,,0.0,1,0,0,0,0
TAGACAATATCATCTGCAGCCACAAAGG,CTACTTACAACGGAA,,0.0,1,0,0,0,0
AGGCCACAAACAAAGTCAGCAGCAGATC,TATATTGAACTTTAC,,0.0,1,0,0,0,0
TCCGCACGCCCAGCAACACCGACATCAT,GCTGCTTATGAGGAT,,0.0,1,0,0,0,0
GTATCAGGCGCAGATCCAGCGTCATATC,TTAATTAGAGGTATG,,0.0,1,0,0,0,0
CATTCAGGGTCAAGAACACAAGCAGAGG,GTTGGGCGCTTAAAG,,0.0,1,0,0,0,0
TGGTCAGCGTCACGTTCATAATCAGCAC,GCTGCTTATGAGGAT,,0.0,1,0,0,0,0
GTATCAGGGTCATGCACAGCAGCATCAT,GAGTGCTTCAAAGTT,,0.0,1,0,0,0,0
TGGACACTAGCACGACCAGTTGCAAAAC,TTATATTTATTTGCT,,0.0,1,0,0,0,0
TTCGCAGAGGCAACCACAGCTGCAGCGT,GTTCAGCTTTGATCG,,0.0,1,0,0,0,0
AGCACATCTACAGTTGCACTCTCACACA,TTAGTCTTTCCATCA,,0.0,1,0,0,0,0
TTCCCAACGGCATTCTCAATCCCACAAC,CGCGATCAATCCTCT,,0.0,1,0,0,0,0
GACGCACTTGCACCTTCAGTTCCAGACG,ACAGTTGACGGACAG,,0.0,1,0,0,0,0
GAAACACCGTCATGCCCACCGACACTGA,TCATAGGTATCTCGC,,0.0,1,0,0,0,0
CAAGCATCCTCAGAGGCATAAGCACACG,TATATTGAACTTTAC,,0.0,1,0,0,0,0
GGCACATACACAGGAGCAACTGCATTTT,CTAAGCAGTCTTCTC,,0.0,1,0,0,0,0
TGCTCAAAGTCATGTCCAGCAGCAAAAG,ATAGAGCGGCGTTGA,,0.0,1,0,0,0,0
AAGGCAATAGCAAATGCACGTCCAAGGA,CAAGTTCGGCGAAAT,,0.0,1,0,0,0,0
CCATCACTTGCACATGCATGCACAAAAA,ATAATTTTCATCCAC,,0.0,1,0,0,0,0
TCCTCAGGTTCAACCGCAGAAGCAATCT,CAATCTTGAATTGAT,,0.0,1,0,0,0,0
ACCACACCTGCACGTACATTACCAGAAC,CTACTTACAACGGAA,,0.0,1,0,0,0,0
AGGCCAATGACATGGGCAGGATCATTAT,ATAGAGCGGCGTTGA,,0.0,1,0,0,0,0
CATACACGGACATCGGCAAGTGCATAGC,GTGTGATTACTAAAT,,0.0,1,0,0,0,0
GTGGCATACCCAAGTTCACAAACAAATC,TTTTGCATTTAGGCG,,0.0,1,0,0,0,0
TTTTCAATGCCACCATCAACTACATATG,AGTTTATAAAAAATT,,0.0,1,0,0,0,0
TCAGCAGCGACATATACATGCACATCCT,AGTGTTAATCAGACC,,0.0,1,0,0,0,0
TGGGCATTAGCACATGCACCTGCACCCA,AAAAGCGACATTTCT,,0.0,1,0,0,0,0
GACGCACGATCAACGTCACAAACAAAAT,TGATCATCACGGGAC,,0.0,1,0,0,0,0
GAGTCACGCTCATCAGCACTCACAGAAG,TTAGTCTTTCCATCA,,0.0,1,0,0,0,0
TCGGCAGGCACAAAAGCAGCCGCACTCT,CTAGTTGTATAGCCA,,0.0,1,0,0,0,0
TTCTCAACAACAAATGCAGGATCACCTC,CATCAATGAGGCAGT,,0.0,1,0,0,0,0
GAGCCAGCGACAGTACCACGGACAGAAG,TAATATTGTTTTGCG,,0.0,1,0,0,0,0
CTCACAGGACCATGTACAATGCCACGAA,ACAACCTACCTGCTA,,0.0,1,0,0,0,0
CGCGCACGGCCAAAATCAAGAACATATC,AGAAGACGACGATGA,,0.0,1,0,0,0,0
CCTACAAATTCAACCACAAAATCAAATG,TGATCATCACGGGAC,,0.0,1,0,0,0,0
CAAGCACAACCAATATCATCCGCAGGTA,TTATATTTATTTGCT,,0.0,1,0,0,0,0
TGTACACGTCCAAACTCAGAATCATTTG,TTAATTGCACTTATG,,0.0,1,0,0,0,0
TGATCAGCGTCATACACAGGCCCAATTC,AGAAGACGACGATGA,,0.0,1,0,0,0,0
GTACCAAAGGCAATGGCAAAAGCAAAAA,ATGAAGTTCATAATG,,0.0,1,0,0,0,0
CTCTCAGTCGCAGGGACACTCTCAGTGT,GGTGGAAGTAGCAGT,,0.0,1,0,0,0,0
CGACCATCACCATGGACAGGACCAGTGG,TCAAAACGGAGTGTT,,0.0,1,0,0,0,0
TGTACAAGAGCATCTCCATGCCCAGCAA,ACAAGTTTTACAGTT,,0.0,1,0,0,0,0
TAAGCAAAGGCAGGATCAGACGCAGAGC,GTAATCTGACTCTAG,,0.0,1,0,0,0,0
CAGCCAGCGGCATAAACAGGGTCAGGGA,TTTATAAATCAATAG,,0.0,1,0,0,0,0
TGCACAGGAACACCAGCATAGTCAAAAA,CGTCAAGACCTTCTA,,0.0,1,0,0,0,0
TGCGCACCCACACGTTCAGAAACAGCCA,CCGTTAGTATCGCTA,,0.0,1,0,0,0,0
AGGTCATGGACATAATCATCAGCATACA,AGTTTATAAAAAATT,,0.0,1,0,0,0,0
TCCGCAGGAGCATATCCAGCACCATACA,CTGATTTGTGCTGTC,,0.0,1,0,0,0,0
CTGTCAGCTCCATATCCAGCGCCAGGTA,CTCGCTAATACTCCT,,0.0,1,0,0,0,0
CCGGCAAATGCAGCTTCATGGGCACTTA,TCAAATGATGAGGAT,,0.0,1,0,0,0,0
GTCACATGGCCACGATCACAAACATGGC,AAAAGAAAAATGTAT,,0.0,1,0,0,0,0
GAAACAAACTCACCGCCATATGCACGAA,GTTCAGCTTTGATCG,,0.0,1,0,0,0,0
AAAACAAAGTCAGCGGCAAAGTCAATCA,CTACTTACAACGGAA,,0.0,1,0,0,0,0
GAGTCAGAAACACAGACATTGCCACACC,CGAATGCCATACAAA,,0.0,1,0,0,0,0
CCACCACCGACACGTTCACCAGCAAGTG,CATATGCATTCCTTG,,0.0,1,0,0,0,0
CGAACAATTTCACAATCAGGCCCATAAG,CTTGATCAATCAAAA,,0.0,1,0,0,0,0
CGATCACCTGCAAAAGCAGCTGCATGTG,GCTAATTTCAAGAAT,,0.0,1,0,0,0,0
GTACCACCGTCACAACCAATTGCAAGCC,CCAAGACCGTGTAAA,,0.0,1,0,0,0,0
TAAACAGGGACAACACCATCAACATGAG,GGTTGCCCAGAAGTA,,0.0,1,0,0,0,0
CCGGCAGTATCATATGCAATGGCACGAC,GGTGGAAGTAGCAGT,,0.0,1,0,0,0,0
AAGACAACATCAGAACCAAGAGCAAGAA,TATATTGAACTTTAC,,0.0,1,0,0,0,0
GACGCAGTCACAGGGACAGGACCACGGT,GTTGGGCGCTTAAAG,,0.0,1,0,0,0,0
TCCTCAAATCCAGGCGCAAACTCATGAA,ATGAAGTTCATAATG,,0.0,1,0,0,0,0
AGGGCAGCGCCAGCCACATAGGCACTGA,CCAACACAGGCTTCG,,0.0,1,0,0,0,0
GCAACATTGTCAAGTGCAGCCACAGCCG,GCTGCTTATGAGGAT,,0.0,1,0,0,0,0
GTCGCAGGAACATCAACAGGAGCACTAG,TAATATTGTTTTGCG,,0.0,1,0,0,0,0
AGTGCAGGATCAGGCACAGCCACATTCC,TTATATTTATTTGCT,,0.0,1,0,0,0,0
GCCTCAGCATCAAAGTCAAAGACACGTA,TCAAAACGGAGTGTT,,0.0,1,0,0,0,0
GCTCCACCGCCACTGCCAGTTTCAGATG,GCTGCTTATGAGGAT,,0.0,1,0,0,0,0
CTGGCATGGACAGTTCCAATCACACTAA,ACAGTTGACGGACAG,,0.0,1,0,0,0,0
AATCCACGTGCAGTCCCAGACTCAGCGA,CGTCAAGACCTTCTA,,0.0,1,0,0,0,0
ATAGCATCCACATGCGCAAACGCAACCC,TAATATTGTTTTGCG,,0.0,1,0,0,0,0
TGAGCACGAACACGCCCAGCCACAGCCT,TTAGTCTTTCCATCA,,0.0,1,0,0,0,0
TAGGCAATAACAGGTGCATTGGCACCCA,GTTTAGCTTCCGTTG,,0.0,1,0,0,0,0
AAAGCATGGACAATAACAAGCCCAGTGG,TTTTGCATTTAGGCG,,0.0,1,0,0,0,0
CCTTCACGAACAGGGCCAAACCCATCCT,ACAAGTTTTACAGTT,,0.0,1,0,0,0,0
GGCCCACAGGCATGTGCAATCCCATCAA,TTATATTTATTTGCT,,0.0,1,0,0,0,0
CACACACCATCACTAGCACTCGCACAGT,TTATATTTATTTGCT,,0.0,1,0,0,0,0
GAGCCACGATCATGGACAAGCTCAGGTC,ACAGTTGACGGACAG,,0.0,1,0,0,0,0
GGACCAGCAACATACCCACGTGCATGGG,AGATTCATCCCATGG,,0.0,1,0,0,0,0
ACCGCACAGTCACTGGCAATGCCAGCCA,GTAATCTGACTCTAG,,0.0,1,0,0,0,0
ACGGCAGGTGCATGTGCAGGTACAAACA,TCAACAACCTATGCA,,0.0,1,0,0,0,0
AGCGCAACGCCACTGCCATGTTCAGCTC,GGTTGCCCAGAAGTA,,0.0,1,0,0,0,0
AAATCATCGGCAAGGCCAGCTGCACCTT,ACAGTTGACGGACAG,,0.0,1,0,0,0,0
AGGACAGGGCCACTCCCATAGACAGCAG,CGCGATCAATCCTCT,,0.0,1,0,0,0,0
ATAGCACTGTCACGAGCACATTCACTTA,ACAAGTTTTACAGTT,,0.0,1,0,0,0,0
GGAACAAACACACCAACATGCGCATCTT,TAGACGGACATCTTC,,0.0,1,0,0,0,0
TGGACAACAGCACGGCCATATGCACACG,AGAACATCATCTACA,,0.0,1,0,0,0,0
TCCGCAGTATCACGTCCAAAATCATATA,GTTTAGCTTCCGTTG,,0.0,1,0,0,0,0
AACGCACTGCCAGGATCAGGGGCACAGT,CTATCAAGGCTTAAT,,0.0,1,0,0,0,0
CCAGCATTGGCATGACCACAAACAACCA,GTTTGTTTTGGGAAA,,0.0,1,0,0,0,0
CTCGCACCTCCAGCACCACCCTCAACCA,GTAATCTGACTCTAG,,0.0,1,0,0,0,0
TACTCAAGGGCAAGTCCAAATTCACAAA,ACAACCTACCTGCTA,,0.0,1,0,0,0,0
CGACCAAAATCAGAGGCAAGTCCATGTC,TTAATTAGAGGTATG,,0.0,1,0,0,0,0
CGGGCAAACACAAGGACATACGCATTGC,TCAAAACGGAGTGTT,,0.0,1,0,0,0,0
GGCTCAATTCCAGCCGCACCGACAGAGA,CAAGTTCGGCGAAAT,,0.0,1,0,0,0,0
GATTCACCCCCAAATGCACTGTCACTCG,AGTGTTAATCAGACC,,0.0,1,0,0,0,0
TGGGCATCGGCAATGACATTGACAGGCC,TCATAGGTATCTCGC,,0.0,1,0,0,0,0
TTTCCAAGCACAGTCACAGAGACAATTG,GGTTGCCCAGAAGTA,,0.0,1,0,0,0,0
TGGTCATCACCATGCTCATGCTCACATG,TCAAAGCATGAAAAA,,0.0,1,0,0,0,0
TGAACAGGAACATAGACAGGCGCAACTT,CCAACACAGGCTTCG,,0.0,1,0,0,0,0
ATAGCAATGGCAACCGCAGGTGCACAGT,ACCACCGGTCCTGCC,,0.0,1,0,0,0,0
TAGTCAAAAACAGCTCCACAAACATAGG,ATGAAGTTCATAATG,,0.0,1,0,0,0,0
CTTCCAGAATCACAAACACGTCCAACGC,CGATGATGATGATGA,,0.0,1,0,0,0,0
GAGGCAGTGTCATAGGCATAACCAATTC,CATATGCATTCCTTG,,0.0,1,0,0,0,0
CAGTCAGCCACAGCACCAATAACATACG,GCTGCTTATGAGGAT,,0.0,1,0,0,0,0
AATGCATTGCCATGATAAGAGCAGTAA,CGATGATGATGATGA,,0.0,1,0,0,0,0
CTCGCATGGTCAGTAGCAAAGCCAACGG,GCTGCTTATGAGGAT,,0.0,1,0,0,0,0
TATCCATAAACAATCCCACTTGCAATAA,GAACTCAGGTTCCAT,,0.0,1,0,0,0,0
TTGGCAGGATACATGAACACCGACAACAA,CTATCAAGGCTTAAT,,0.0,1,0,0,0,0
CGCACAGTTCCACTAGCATCGTCAGTGC,CTATGCATTTACTCA,,0.0,1,0,0,0,0
ACCGCACGCTCATCACCAGAAGCATCAA,GCTGCGGAGCCTCAG,,0.0,1,0,0,0,0
AACTCACCCGCATAAGCATAGGCAAGAC,TCAAATGATGAGGAT,,0.0,1,0,0,0,0
GGAGCATTAACAAGGTCACTAGCAGACG,TCTTGGAGGTGAATG,,0.0,1,0,0,0,0
GAGGCAAGCACACCCTCACTCGCAAACT,TTTATAAATCAATAG,,0.0,1,0,0,0,0
GACACAAGCCCAAATCCAAAGACACTGA,TCAAAGCATGAAAAA,,0.0,1,0,0,0,0
TGGCCAAAGCCATCAACAGCTTCAGCAC,CTTGATCAATCAAAA,,0.0,1,0,0,0,0
CCCTCAAAACCAACAGCAATGGCAACGG,CTACTTACAACGGAA,,0.0,1,0,0,0,0
ATTGCAAACGCAAAGACACCACCAGAAA,AGTGTATGATAATAT,,0.0,1,0,0,0,0
TATACAAATACATAGGCACCCACAACTC,ATGAAGTTCATAATG,,0.0,1,0,0,0,0
TAGGCACAGGCAACAGCAACGACATGCC,TCATAGGTATCTCGC,,0.0,1,0,0,0,0
CCACCAGTGACAAGAACAGCTTCAAGAT,CATTTATGGCTATCT,,0.0,1,0,0,0,0
CCAGCACGTGCACAACCACCCACATGCG,CTTTCTTGTGTATTT,,0.0,1,0,0,0,0
ACAGTCAGCGGCACTATCAGTACCAGCGA,TCAAAGCATGAAAAA,,0.0,1,0,0,0,0
TTGTCAGCGGCAAACTCAATGACATGTT,TTTATAAATCAATAG,,0.0,1,0,0,0,0
CCAACAGGGTCAATTGCACTCACATTAA,TCAAATGATGAGGAT,,0.0,1,0,0,0,0
TCCGCAGGTTCATACACAGAATCACTGA,ACAGTTGACGGACAG,,0.0,1,0,0,0,0
TGCGCAGCCTCAGTTTCAGCCGCAACGG,TGATCATCACGGGAC,,0.0,1,0,0,0,0
GTCGCACGGGCAACAACACGGACAGCCA,CTCGCTAATACTCCT,,0.0,1,0,0,0,0
GAATCAACTACAGAAGCATTGGCAGTAT,CTACTTACAACGGAA,,0.0,1,0,0,0,0
CGAGCACTGGCAGAGGCAAGGGCATCAC,ATATTGAGTAAGTAC,,0.0,1,0,0,0,0
GGGTCAAGGCCATCACCACGGCCAGTTG,TGATCATCACGGGAC,,0.0,1,0,0,0,0
GTCACAGTGGCAGCGGCATGGTCAACTA,AGTTTATAAAAAATT,,0.0,1,0,0,0,0
GCGCAGACGCATGGGCACAATCACCGG,CTAAGCAGTCTTCTC,,0.0,1,0,0,0,0
GAGACAATTTCAGGCTCACGGTCAAAGT,GCTGCTTATGAGGAT,,0.0,1,0,0,0,0
ACCGCAGGTCCAGTAGCATTGACAAGTA,TCTTGGAGGTGAATG,,0.0,1,0,0,0,0
GATGCATCCCCAAAAACACTGCCATGGA,ATAATTTTCATCCAC,,0.0,1,0,0,0,0
TGATCAAAAGCAACGGCACCACCACACG,ATAGAGCGGCGTTGA,,0.0,1,0,0,0,0
CTATCACGATCAGGGACACGGACATTTT,CAAGTTCGGCGAAAT,,0.0,1,0,0,0,0
CCCCCAAGTGCATCGCCATGACCACTAG,GTTCAGCTTTGATCG,,0.0,1,0,0,0,0
GGGTCACTCACAGTAGCAGCTACACAAA,CTAGTTGTATAGCCA,,0.0,1,0,0,0,0
TATGCACGAGCAATGCCAGTTGCAACAC,CCAACACAGGCTTCG,,0.0,1,0,0,0,0
CTGACAATGGCAAGCACAAATTCAAGTA,ATAGAGCGGCGTTGA,,0.0,1,0,0,0,0
GGGCCACGCACAGTAGCAAAGGCATCTG,CTAAGCAGTCTTCTC,,0.0,1,0,0,0,0
ATCGCAGGTTCACGTGCAGTTTCAAAGC,CGTCAAGACCTTCTA,,0.0,1,0,0,0,0
GTAACAGCGGCATAACCATTAGCATGGC,ATAGAGCGGCGTTGA,,0.0,1,0,0,0,0
GCAACATATGCATAATCATGGTCACCGG,CGATGATGATGATGA,,0.0,1,0,0,0,0
CATCCAAAGGCATACACAAATACAAGGT,CATTGTCGGACGCTT,,0.0,1,0,0,0,0
GGGGCATAACCACAGGCATCCACAAAGG,ATTAATACTTTGCAG,,0.0,1,0,0,0,0
TGGACACCAGCACAAGCATACACACCGG,CTCGCTAATACTCCT,,0.0,1,0,0,0,0
TAGTCATGTGCATCCCCACGATCACAGA,ATAGAGCGGCGTTGA,,0.0,1,0,0,0,0
CTAACATGGACAGCAACATTTACACAGG,ACCACCGGTCCTGCC,,0.0,1,0,0,0,0
TGTACAAAAACATGGTCATCGCCACAGG,CCAAGACCGTGTAAA,,0.0,1,0,0,0,0
GCTACATCTCCATGCGCACTCACAGTGG,CATCAATGAGGCAGT,,0.0,1,0,0,0,0
ACCTCAGTACCAACGACAACGCCACGTC,CAAGGATCCCCGTAG,,0.0,1,0,0,0,0
ACACCAAGCGCACGATCAAATGCATAAA,AAAACATTATCAAAG,,0.0,1,0,0,0,0
AGTTCAGAGTCAGATGCACTGTCACAAG,CCAACACAGGCTTCG,,0.0,1,0,0,0,0
AAGACAGGGTCACTTCCATAAGCAATTT,ATAGTCGATTAAGAT,,0.0,1,0,0,0,0
GTACCAGGAGCAAAACCAACAACACACG,ACAACCTACCTGCTA,,0.0,1,0,0,0,0
AGCTCAAGCGCATGTCCATACACAGCTT,ACAGGGCAGCTCCCG,,0.0,1,0,0,0,0
GCAACAACCACAGGAACAATCCCATGAC,ATTATCATCGCCATC,,0.0,1,0,0,0,0
CGAACACGAACAGGGCCATCATCAATAC,GAGAATGAAGGACAG,,0.0,1,0,0,0,0
GCTTCAGTTACATCGGCAGGTGCACAAC,TTATATTTATTTGCT,,0.0,1,0,0,0,0
GCAGCAATATCATTAACAAAAACACTCA,ATGAAGTTCATAATG,,0.0,1,0,0,0,0
TGGTCATTTCCACCCCCATGGACAGTCG,GTGTGATTACTAAAT,,0.0,1,0,0,0,0
CTTGCAAACACAAGGACATCCCCAAGGC,AATGATACCATTTTT,,0.0,1,0,0,0,0
GCGCCATAGGCAAGTACAGGCTCATCAC,GTCACCGGCACTAAC,,0.0,1,0,0,0,0
AGCGCATAGCCATGCCCACGCGCAAAAG,TCAAATGATGAGGAT,,0.0,1,0,0,0,0
TCATCAGTAGCAGTTACAAGGACAATCA,GTAATCTGACTCTAG,,0.0,1,0,0,0,0
AGGACACAGGCAGGGCCAACCGCATAGG,ATCGTTGGCATTTGG,,0.0,1,0,0,0,0
CGAACAGGGCCAAGTGCAGAAGCAATAG,GCTGCGGAGCCTCAG,,0.0,1,0,0,0,0
CTCGCAGGCGCATAGTCAGTTTCAGAGA,GGTTGCCCAGAAGTA,,0.0,1,0,0,0,0
GTTGCACGCGCAGCAACATCACCAACGC,AGTGTATGATAATAT,,0.0,1,0,0,0,0
CCAACAATCACACCCACACTTGCAAGGC,GTTTAGCTTCCGTTG,,0.0,1,0,0,0,0
CCTGCAGGGACAATGGCAATCGCAGTGT,ACAGTTGACGGACAG,,0.0,1,0,0,0,0
TTACCAAAATCATCTTCAGGCACATGCC,GTCACCGGCACTAAC,,0.0,1,0,0,0,0
CTCACATATACACACGCAGCACCACGCA,TCGATAGAATTTACT,,0.0,1,0,0,0,0
GGTACATATGCAAGGACACCGCCACTCA,ATATTGAGTAAGTAC,,0.0,1,0,0,0,0
ATGTCACTGACAGACTCACTAGCAGTGG,AAAACATTATCAAAG,,0.0,1,0,0,0,0
TCCCCACGAACAGCACCACAGCCATCGC,GTTTAGCTTCCGTTG,,0.0,1,0,0,0,0
ACTACAACCTCAAGGGCATAATCATGGG,CTAAGCAGTCTTCTC,,0.0,1,0,0,0,0
TGTACAAACGCACTTCCATGCCCAAAGA,TATGCCCTTCTTCTG,,0.0,1,0,0,0,0
CCTGCAAGAACACCATCAACGGCAAACA,TCAAAGCATGAAAAA,,0.0,1,0,0,0,0
AGGGCATTGACAATGACAACTCCAGCTG,CGATGATGATGATGA,,0.0,1,0,0,0,0
TTAGCATAAGCACCTTCAAACTCACCGG,GCTGCTTATGAGGAT,,0.0,1,0,0,0,0
GGATCAGCAGCACATCCACAGGCATAAC,GAACTCAGGTTCCAT,,0.0,1,0,0,0,0
GGAGCACGTCCAGCATCACAGGCATACC,CTTGATCAATCAAAA,,0.0,1,0,0,0,0
GGTGCAGTACCATGCTCATCCACAGTAT,AGATTCATCCCATGG,,0.0,1,0,0,0,0
GTTACACACCCATCCGCATGTGCAACCG,GCTGCTTATGAGGAT,,0.0,1,0,0,0,0
TGCACACGTCCACCAGCAGTGCCAAGGT,TTTATAAATCAATAG,,0.0,1,0,0,0,0
TTATCAGGCACACTGTCAATCACATTGA,GTTAAATCAACAGTT,,0.0,1,0,0,0,0
TGGACATATACAAGAGCAAGGGCATGGC,CTACTTACAACGGAA,,0.0,1,0,0,0,0
GAACCATTTCCAGAGTCACGCACACCAC,TAACCTCGCGCTGAG,,0.0,1,0,0,0,0
ATCCAACCGCAAATGCATTCGCACGGC,GCTGCTTATGAGGAT,,0.0,1,0,0,0,0
TTAACACACCCATCAGCAGAGGCACAGA,CCAAGACCGTGTAAA,,0.0,1,0,0,0,0
GCGCCACAACCACAATCATTCGCAGTCG,TCAGAGCATTGGCCT,,0.0,1,0,0,0,0
GCTACAATGCCAGTGGCAACGCCATGGG,ATTATCATCGCCATC,,0.0,1,0,0,0,0
GGATCACCGGCACACGCAGAATCAGGTT,CTCGCTAATACTCCT,,0.0,1,0,0,0,0
GTAACACGCAGCAACAGTTACAGTAC,CTAAGCAGTCTTCTC,,0.0,1,0,0,0,0
GCTTCAACCTCACGACCAAAAGCATACG,CCAAGACCGTGTAAA,,0.0,1,0,0,0,0
CAAGCAACCGCACTCGCAACCACAGTCT,GAACTCAGGTTCCAT,,0.0,1,0,0,0,0
AGGGCATTGGCAAGCTCATCGGCATAGA,GCTGCTTATGAGGAT,,0.0,1,0,0,0,0
TTCCCAGCATCATAGACATGTCCAGCGA,CTAAGCAGTCTTCTC,,0.0,1,0,0,0,0
CACCCAATTGCAATAACAAGTACACATC,CTACTTACAACGGAA,,0.0,1,0,0,0,0
GACTCACAATCAGTCCCAAAGACATCAT,TTTTGCATTTAGGCG,,0.0,1,0,0,0,0
AAGGCAATACCATGCGCAACATCACTCA,AAAACATTATCAAAG,,0.0,1,0,0,0,0
GCGACAGTCGCATCCGCATCATCATTTC,GAACTCAGGTTCCAT,,0.0,1,0,0,0,0
CAGGCAAGGGCACATACAGATTCAACCT,CTTGATCAATCAAAA,,0.0,1,0,0,0,0
AAAGCAAAAACAAGGGCAAAAACAAAAA,TTTATAAATCAATAG,,0.0,1,0,0,0,0
GCATCACGTACATTCGCAAACACAGAAT,CTAGTTGTATAGCCA,,0.0,1,0,0,0,0
GGTGCAACGACACAAGCACAAACAGCTA,AGAACATCATCTACA,,0.0,1,0,0,0,0
TGGTCAGTAGCAGATTCAAAACCAGCAA,TCGAAAGCACAGTAG,,0.0,1,0,0,0,0
TATCCATGCGCATGTCCATGCGCACGAC,GCTGCTTATGAGGAT,,0.0,1,0,0,0,0
CTAGCAAGGGCAGGGCCATGCACATTAT,TTAGTCTTTCCATCA,,0.0,1,0,0,0,0
GATTCAGTCACATTTGCATAACCATCAG,TTAATTGCACTTATG,,0.0,1,0,0,0,0
AAAGCAAAGCCATGTCAGTTCCAATGG,TCAAATGATGAGGAT,,0.0,1,0,0,0,0
CTTCCATGATCAATGACACAAACAAACC,GCTGCTTATGAGGAT,,0.0,1,0,0,0,0
GTTGCACATCCATTGGCACCGGCAAAAA,GCTGCTTATGAGGAT,,0.0,1,0,0,0,0
AAGGCAGATCCACCAACAAGGTCACTCC,CCAGGATGTACCGCC,,0.0,1,0,0,0,0
GCGGCAGTCTCATAGGCAACAGCAACAT,CGCGATCAATCCTCT,,0.0,1,0,0,0,0
TGGGCACGGTCATTCCCATGAGCACACA,CTTGATCAATCAAAA,,0.0,1,0,0,0,0
ATTGCACGTACAAGTACACTCACAGACG,CGTCAAGACCTTCTA,,0.0,1,0,0,0,0
ACATCAGCCGCAACAACAACAACAATGA,TTTAACTCACCGTAA,,0.0,1,0,0,0,0
ACGGCAAGCACACCACCATTCCCAACCC,CCAAGACCGTGTAAA,,0.0,1,0,0,0,0
ACCCCAGATTCAAGTCCAAGTCCAGGAA,TTAGTCTTTCCATCA,,0.0,1,0,0,0,0
CGGCCATCTTCAGTTCCACTTTCAGCGC,TATATTGAACTTTAC,,0.0,1,0,0,0,0
TCAACAGCAACAAACACAGCGACAAAGC,TATATTGAACTTTAC,,0.0,1,0,0,0,0
TCATCACCCACAGAACCAATCGCATATG,ACAAGTTTTACAGTT,,0.0,1,0,0,0,0
ATTCCATCCTCAAGATCAAGGCCACTGG,TCTTGGAGGTGAATG,,0.0,1,0,0,0,0
AGCACATACACATCATCAATGTCATCCC,TCAACAACCTATGCA,,0.0,1,0,0,0,0
AGTTCAGGGGCAGGACCAATCGCACGAC,CATCAATGAGGCAGT,,0.0,1,0,0,0,0
AGCGCAGGTGCAGCTGCAATTGCAGCGT,AATGATACCATTTTT,,0.0,1,0,0,0,0
GTTCCAGCCACAGTCGCAGACTCATGGA,GGTTGCCCAGAAGTA,,0.0,1,0,0,0,0
CTAGCAAAGGCAGCCGCACAATCAGGTG,CTAAGCAGTCTTCTC,,0.0,1,0,0,0,0
ACCACAACGTCAAGTACAACATCAGTCA,TCAAAGCATGAAAAA,,0.0,1,0,0,0,0
TGGCCACGAACAGCAACAGGCACATGGC,GAGTGCTTCAAAGTT,,0.0,1,0,0,0,0
TATACATACACACCAGCATTGACAAGCA,CAATCTTGAATTGAT,,0.0,1,0,0,0,0
GTGACAGATGCAGAGACAAAAGCATCCA,GCTGCTTATGAGGAT,,0.0,1,0,0,0,0
AGCTCACGTCCACAGGCACACACACTGG,CAATTTCAACGTTGT,,0.0,1,0,0,0,0
AATTCAGATTCACTAGCAGGCGCATAGA,CCAAGACCGTGTAAA,,0.0,1,0,0,0,0
GTCCCATACGCAATTACACCCCCACGGG,GTTTAGCTTCCGTTG,,0.0,1,0,0,0,0
GGCCCAACATCAGGACCAAAATCAAGAG,ACCACCGGTCCTGCC,,0.0,1,0,0,0,0
AGTGCAATATCATAAGCAGTAACAGCAC,ATCGTTGGCATTTGG,,0.0,1,0,0,0,0
CAAGCAAGGGCATGCTCATAGGCAATCT,GTAATCTGACTCTAG,,0.0,1,0,0,0,0
GACGCAGCTACAGACGCAGTGCATGAC,GCTGCTTATGAGGAT,,0.0,1,0,0,0,0
CTGTCATCCTCACACACAACACCACAAG,TCAGAGCATTGGCCT,,0.0,1,0,0,0,0
GTCTCAGGGCCACGGACAACTCCACTCT,CAAGTTCGGCGAAAT,,0.0,1,0,0,0,0
GTGGCATTTTCACAGACAATCGCAACCA,CTACTTACAACGGAA,,0.0,1,0,0,0,0
CACTCAACGTCATAGGCAAAGACATGAT,GCTGCTTATGAGGAT,,0.0,1,0,0,0,0
TCTCCATGTACAAGGGCACTAGCATAGA,TTATATTTATTTGCT,,0.0,1,0,0,0,0
CCTGCACGCCCAGATTCACATACATCAC,ATAGTCGATTAAGAT,,0.0,1,0,0,0,0
GCTGCAATGACAGAGGCAACGTCATCTC,ATGAAGTTCATAATG,,0.0,1,0,0,0,0
GGGGCAGCTCCAGGTTCAAGGGCAATCA,GGTTGCCCAGAAGTA,,0.0,1,0,0,0,0
TCTTCACAAACACACGCAGCGTCACATT,CTAGTTGTATAGCCA,,0.0,1,0,0,0,0
TCACCAGCCACAGAATCAAAGTCAACGG,ACAACCTACCTGCTA,,0.0,1,0,0,0,0
ACCCCAGCGTCATGTCCAAGAACACGAG,ATAGTCGATTAAGAT,,0.0,1,0,0,0,0
AGGTCACAATCACCTACATCGACAGCAC,ACAGTTGACGGACAG,,0.0,1,0,0,0,0
TCCGCATGCGCAACTGCATAAGCAAAAA,TGATCATCACGGGAC,,0.0,1,0,0,0,0
CGATCAGTAGCAGTCCCAAGTTCATCCC,ACAGTTGACGGACAG,,0.0,1,0,0,0,0
CATCCACGCGCAAACCCATGGACAAAAC,ATTAATACTTTGCAG,,0.0,1,0,0,0,0
ACGTCAAGCTCATGTACAAGGTCAGTTT,GCTGCTTATGAGGAT,,0.0,1,0,0,0,0
TCATCACCATCATTCACACCAGCAGCCA,TTATATTTATTTGCT,,0.0,1,0,0,0,0
AGCCCAGAGGCATAATCAGAATCAAATT,CTCGCTAATACTCCT,,0.0,1,0,0,0,0
CTCACAAAGGCAGGTACATCGGCAACTG,ATATTGAGTAAGTAC,,0.0,1,0,0,0,0
TGAGCAAATGCACAAGCATATCCAATTA,TTATATTTATTTGCT,,0.0,1,0,0,0,0
TCGCCAGGTCCACGGTCATCACCAGGGA,CCAAGACCGTGTAAA,,0.0,1,0,0,0,0
GGACCAGGGACAGAGGCAGTTACATCGT,ATAGTCGATTAAGAT,,0.0,1,0,0,0,0
CACGCATAAGCATAAACAACACCACTGG,ATAGAGCGGCGTTGA,,0.0,1,0,0,0,0
AGCCCACATACAGCACCAAGGGCACGCA,TGATCATCACGGGAC,,0.0,1,0,0,0,0
GGTCCAAAAACACCATCAAAAACATAAC,TCAAAGCATGAAAAA,,0.0,1,0,0,0,0
CCCCCATGATCACGCGCAAAACCAGTCT,TCTTGGAGGTGAATG,,0.0,1,0,0,0,0
CATACAACATCAGTGACAGAGGCACTAC,ATGGCGATGGTCTTG,,0.0,1,0,0,0,0
CGGTCACGCTCATCCGCAGCGGCATGAA,AGTGTATGATAATAT,,0.0,1,0,0,0,0
GTCACAGTGACATATCCATCAGCAGAGC,AAAAGAAAAATGTAT,,0.0,1,0,0,0,0
GGAACATCAGCAAACTCAACGACAAACA,TTTTGCATTTAGGCG,,0.0,1,0,0,0,0
CGAACACCTGCAGTATCAGACACAGTAT,CAAGTTCGGCGAAAT,,0.0,1,0,0,0,0
TTCGCATATCCACCTACAAAGCCAACTG,CAATCTTGAATTGAT,,0.0,1,0,0,0,0
GACTCACATCCAGGCGCATGAGCAACCT,GGTGGAAGTAGCAGT,,0.0,1,0,0,0,0
CACCCAAGACCAGCGGCACAGTCAGGAA,CTAAGTGTGAAGGAG,,0.0,1,0,0,0,0
CTGTCACAGGCATAGACAAGGTCAGCAG,ACAACCTACCTGCTA,,0.0,1,0,0,0,0
GGAACATGGTCACGTGCATGCGCAGCAC,TCAAAACGGAGTGTT,,0.0,1,0,0,0,0
ACAGCATGCGCATATTCAGCTGCACACA,GTTGGGCGCTTAAAG,,0.0,1,0,0,0,0
CATGCACTCCCATGTGCATAGCCATGGC,CTTGATCAATCAAAA,,0.0,1,0,0,0,0
ATGTCAGGCTCATAGTCAGGAGCATATG,CATCACCGTGCTCAT,,0.0,1,0,0,0,0
GTGCCACCGACAAGAGCAGGGTCAGCGC,TCAAAGCATGAAAAA,,0.0,1,0,0,0,0
TACCCAGAATCACACACATGGCCATCAC,CTTGCAAGTGTAATT,,0.0,1,0,0,0,0
TGAACAATAGCACCAGCAGGTTCAGCAC,ACAACCTACCTGCTA,,0.0,1,0,0,0,0
CGCGCAGTAACAGGGGCATTGGCATATC,TTAGTCTTTCCATCA,,0.0,1,0,0,0,0
GAGACAAGTTCAATTACACCTCCACTAA,AAAAGAAAAATGTAT,,0.0,1,0,0,0,0
GTTCCAGTGCCAGGCGCAGAATCATATG,TACACCAATTACACT,,0.0,1,0,0,0,0
ATCGCAAGATCAGTATCAGAACCAGAGA,TATATTGAACTTTAC,,0.0,1,0,0,0,0
GCCGCACGACCATTATCACATACAACCT,ACAGTTGACGGACAG,,0.0,1,0,0,0,0
ACGACACTGACAGAGCCAAGCACACATG,TTTTGCATTTAGGCG,,0.0,1,0,0,0,0
TGATCAGAATCATCCACAGTTCCATGCA,ATGAAGTTCATAATG,,0.0,1,0,0,0,0
AGCACATCGTCAAGGGCATTGACAAAAA,ACAGTTGACGGACAG,,0.0,1,0,0,0,0
TGAGCAACCGCATCGCCAATACCAAACT,CAAGTTCGGCGAAAT,,0.0,1,0,0,0,0
TCAGCAGAAACACGGCCAGGAGCATGAC,GTTGGGCGCTTAAAG,,0.0,1,0,0,0,0
TCAGCACTGACATTAACACTCGCACGGC,ATAATTTTCATCCAC,,0.0,1,0,0,0,0
TAAGCACTCACATGCGCACTGTCATCTC,GTTTAGCTTCCGTTG,,0.0,1,0,0,0,0
CACACATGGACATTGACACGGCCACGCA,ATAATTTTCATCCAC,,0.0,1,0,0,0,0
GCACCACGGACACTGCCATGGGCAGTAT,TTAGTCTTTCCATCA,,0.0,1,0,0,0,0
ATGCCAAAACCAGTGCCATCCCCAGCAC,TATGCCCTTCTTCTG,,0.0,1,0,0,0,0
AGCGCAAAAACATAGTCATTCCCACAGC,TATATTGAACTTTAC,,0.0,1,0,0,0,0
GACGCATTTGCAAGGGCAAACGCACAAA,TCAAAGCATGAAAAA,,0.0,1,0,0,0,0
CCGCCACAGTCACAGGCATTAACAGTGC,TTTTGCATTTAGGCG,,0.0,1,0,0,0,0
ACCGCAGGATCAGCAGCATTAGCAAAGC,GTAATCTGACTCTAG,,0.0,1,0,0,0,0
CCGTCATACGCACGTGCACGATCAGGAA,TTTAACTCACCGTAA,,0.0,1,0,0,0,0
TCACCAAGCACATAGGCAAGCGCAGTCC,CAAGGATCCCCGTAG,,0.0,1,0,0,0,0
TTCTCAGCTTCAATGACACCCTCAATGT,GCTGCTTATGAGGAT,,0.0,1,0,0,0,0
ATAGCAATCACAAGGGCAAACTCATCAG,GCTGCTTATGAGGAT,,0.0,1,0,0,0,0
GGCGCAACGCCATCAACATAAACAATGA,ATCGTTGGCATTTGG,,0.0,1,0,0,0,0
AGCACATCTACATTTGCAGGCACACGCG,CGATGATGATGATGA,,0.0,1,0,0,0,0
TAGGCATCGGCATGTCCATCTACAACAC,CTTGATCAATCAAAA,,0.0,1,0,0,0,0
AGAACACGCGCACAGAAATTCCAGGAG,CTTGCAAGTGTAATT,,0.0,1,0,0,0,0
ATCTCAGGCTCACTTGCACAGGCATAGG,GTTTAGCTTCCGTTG,,0.0,1,0,0,0,0
CACTCAGAGACATGATCACAACCACTCC,CTTGCAAGTGTAATT,,0.0,1,0,0,0,0
CGGAACAGATGCAACATGACCATAGT,TGATCATCACGGGAC,,0.0,1,0,0,0,0
ACATCAGCAGCAACGCCAATGACAATGC,TCAAAGCATGAAAAA,,0.0,1,0,0,0,0
AGCACATATCCACGAGCATGAGCAGGCA,TACACCAATTACACT,,0.0,1,0,0,0,0
GGTTCACGAACAGGAAAATAGCAGCTT,CTTGATCAATCAAAA,,0.0,1,0,0,0,0
TTGACAACGCCATTCTCAATAGCAAGGA,ATATTGAGTAAGTAC,,0.0,1,0,0,0,0
GACACAAGGGCATATGCAAGCGCATACC,CTACTTACAACGGAA,,0.0,1,0,0,0,0
ACGCCAATACCATTATCAGAATCAGAAG,CTAAGCAGTCTTCTC,,0.0,1,0,0,0,0
GCTTCAGCGACAAAGTCAACGGCAAGCG,AGAAGACGACGATGA,,0.0,1,0,0,0,0
ACCTCAAGGGCAGAAACACATACACAAG,TCAAAACGGAGTGTT,,0.0,1,0,0,0,0
GTCACACGGGCAGTCTCAATGTCAAACT,TTTATAAATCAATAG,,0.0,1,0,0,0,0
TCGCCAGGCACACATTCAAACACACAAA,GTACAAGAAATTTTG,,0.0,1,0,0,0,0
ATCACACGTTCACGTGCACGAGCATTTC,AAAACATTATCAAAG,,0.0,1,0,0,0,0
GCGCCAGGGACAATAACAGCGACAAAAA,CTAAGTGTGAAGGAG,,0.0,1,0,0,0,0
GGGACACGGACAATTCCACTGGCACATC,TGATCATCACGGGAC,,0.0,1,0,0,0,0
GACTCATCCGCATATCCAAGGACAAGAT,ACAGTTGACGGACAG,,0.0,1,0,0,0,0
GATGCACATGCATTGTCAGCAGCATCAC,GGTTGCCCAGAAGTA,,0.0,1,0,0,0,0
TTGCCATTCACAAGCACATGGACAAGTG,ACAAGTTTTACAGTT,,0.0,1,0,0,0,0
TACCCAGTAGCACAAGCACAAGCATTGC,CATTTATGGCTATCT,,0.0,1,0,0,0,0
GGTGCAAATGCAACTCCATCGACAACCA,GTACAAGAAATTTTG,,0.0,1,0,0,0,0
GCTACATGGGCAGAGATACAGGCATTGA,TTATATTTATTTGCT,,0.0,1,0,0,0,0
GAGACAGCCTCACGCACACCCACAGCCC,GTACAAGAAATTTTG,,0.0,1,0,0,0,0
GACTCAGAATCATTCGCAATCGCATCTC,CGAATGCCATACAAA,,0.0,1,0,0,0,0
TGAGCAGCGGCATGTACAGACTCAACAA,CGTCAAGACCTTCTA,,0.0,1,0,0,0,0
CCGGCACTCGCAGCCGCAAATGCACGCG,TCAAAGCATGAAAAA,,0.0,1,0,0,0,0
GAAGCAGGATCACACGCAGCCACAACAA,GTTGGGCGCTTAAAG,,0.0,1,0,0,0,0
CGCGCAATTACAGACGCAACGCCACGGT,GCTGCTTATGAGGAT,,0.0,1,0,0,0,0
ATTACAGGAACAACGTCACACTCAGGTA,GCTGCTTATGAGGAT,,0.0,1,0,0,0,0
CAGACATGTCCATCTCCACTGTCACAAA,GGTGGAAGTAGCAGT,,0.0,1,0,0,0,0
GACACAAAGGCACGGACATATGCATCGT,TAACCTCGCGCTGAG,,0.0,1,0,0,0,0
GCGTCAATATCACGACCAAAGCCATACA,CAATTTCAACGTTGT,,0.0,1,0,0,0,0
ATAGCATAGCCAGACGCACGCCCAATAG,CTACTTACAACGGAA,,0.0,1,0,0,0,0
GGATCAACCCCAAAGACACTGGCAGATG,TCAAAACGGAGTGTT,,0.0,1,0,0,0,0
TCAACATCACCAGCATCAGCATCAGCGA,CTTTCTTGTGTATTT,,0.0,1,0,0,0,0
AGGACAGAGCCACTTCCACGACCAGTCT,CTTGCAAGTGTAATT,,0.0,1,0,0,0,0
GTGCCACAGGCAGGGACAAATCCATTCG,TGATCATCACGGGAC,,0.0,1,0,0,0,0
GGTTCAGCTCCACGGCCACGTGCACGCA,CGCGATCAATCCTCT,,0.0,1,0,0,0,0
GAACAAGGTACAGGGTCACCGTCACTGG,GGTGGAAGTAGCAGT,,0.0,1,0,0,0,0
CAAACACAGTCAGAGACACATACAAGTA,GCTGCGGAGCCTCAG,,0.0,1,0,0,0,0
TACGCAGCTACACTGACAGTGTCATACT,TACACCAATTACACT,,0.0,1,0,0,0,0
GAGCCAGTAGCAATGCCAGTCCCACTAT,AGATTCATCCCATGG,,0.0,1,0,0,0,0
ATCCCAATAGCATACGCAAGGCCAAAAA,GTTTAGCTTCCGTTG,,0.0,1,0,0,0,0
ATATCACGACCATTGTCACAAGCACAGC,CTAAGTGTGAAGGAG,,0.0,1,0,0,0,0
GCTACAGGAGCAATTTCATCAACACGGT,CATATGCATTCCTTG,,0.0,1,0,0,0,0
GTAACAACGGCAAACACATGCGCAACAT,TCTTGGAGGTGAATG,,0.0,1,0,0,0,0
ATCTCAATCTCAGGGTCATGGACACGTT,CTCGCTAATACTCCT,,0.0,1,0,0,0,0
AAGGCACGTGCACATGCAAGAACACTTG,GTTTGTTTTGGGAAA,,0.0,1,0,0,0,0
GCCGCACAAGCAGCACCACCACCACTCG,GAACTCAGGTTCCAT,,0.0,1,0,0,0,0
AGAACAAATACAATTCCAGGGTCAGGGT,ACAGTTGACGGACAG,,0.0,1,0,0,0,0
GTAACACTGGCAATTGCACGAACAATTC,GAGTGCTTCAAAGTT,,0.0,1,0,0,0,0
GTGCCAAAAGCACCAGCAACTCCACATG,GCTGCTTATGAGGAT,,0.0,1,0,0,0,0
CCATCAGTCCCATGGTCACGGGCAGATA,CTAAGTGTGAAGGAG,,0.0,1,0,0,0,0
ATTCCACGTACAACCACAACGACAGCAA,ATAGAGCGGCGTTGA,,0.0,1,0,0,0,0
TGAGCATTGCCAAATGCAAAGACAGATG,TGATCATCACGGGAC,,0.0,1,0,0,0,0
ATAGCAGGATCATAATCACGTACATAGA,ATCGTTGGCATTTGG,,0.0,1,0,0,0,0
CCCACAAGGTCAGGTCCATCCACAACCA,GTCACCGGCACTAAC,,0.0,1,0,0,0,0
CCTTCAGGGTCAGCCGCAGCTCCAGTAT,GCTGCTTATGAGGAT,,0.0,1,0,0,0,0
AATACAGGTACAGAGTCATTTTCAATAG,GTACAAGAAATTTTG,,0.0,1,0,0,0,0
TATTCACCGCCAGTAACAAACACAGATG,ATAGAGCGGCGTTGA,,0.0,1,0,0,0,0
ATTCCAATTCCAAAGACACAGACACCCA,GTTGGGCGCTTAAAG,,0.0,1,0,0,0,0
AAGTCAACTACACGGGCAAGGTCACGGG,GCTAATTTCAAGAAT,,0.0,1,0,0,0,0
CCGTCAATCTCACCAACAACAACACGAC,GTTTAGCTTCCGTTG,,0.0,1,0,0,0,0
GAACCACTTGCAAAATCAGAAACATACT,AGTGTATGATAATAT,,0.0,1,0,0,0,0
GGACCAGATTCACAGCCACGACCAGTCT,GTTTAGCTTCCGTTG,,0.0,1,0,0,0,0
GGGACAGAGGCAGATCCAAGTCCACTGT,GAGTGCTTCAAAGTT,,0.0,1,0,0,0,0
GAACCAACAGCACCCTCACACTCAAGGT,CGCGATCAATCCTCT,,0.0,1,0,0,0,0
TCGTCAGTAACACGCCCAAAAGCATGTG,TCAAAACGGAGTGTT,,0.0,1,0,0,0,0
AAAACACTGGCAGCACCACCATCAAACA,CCAACACAGGCTTCG,,0.0,1,0,0,0,0
ATTTCACGGGCAGCGACACGTGCAGCTA,CTTGATCAATCAAAA,,0.0,1,0,0,0,0
CCCGCAGGCTCACGTTCATTCGCAAAGT,GCTGCGGAGCCTCAG,,0.0,1,0,0,0,0
CTTTCAAGCTCACTGGCACTGACAAAAT,ACAGTTGACGGACAG,,0.0,1,0,0,0,0
GTAGCAGTAACAGGCCCAATGGCACAAG,GCCCTCGAAACCTAT,,0.0,1,0,0,0,0
GTGACATGAGCATAAGCAACAACACTCA,CTAAGCAGTCTTCTC,,0.0,1,0,0,0,0
AGGCCAGAAACAAGCTCAACTCCACGAT,CATATGCATTCCTTG,,0.0,1,0,0,0,0
CTGACAGCACCAGCGTCAACATCACAGA,AAAAGAAAAATGTAT,,0.0,1,0,0,0,0
TGACCATGGACACTCACAGTGGCAAATC,GGTGGAAGTAGCAGT,,0.0,1,0,0,0,0
AACACATACCCAGTATCAGTGCCATCAC,TCAACAACCTATGCA,,0.0,1,0,0,0,0
AGATCATGGTCATGAGCATGGACAGATC,GTTAAATCAACAGTT,,0.0,1,0,0,0,0
GAATCAAGGTCAACGGCACAAGCAGCAC,CTTTCTTGTGTATTT,,0.0,1,0,0,0,0
CTCACAAACCCACCGACAGGCACAGGCT,TTTTGCATTTAGGCG,,0.0,1,0,0,0,0
GCTACAATCACACAAGCATGGTCAGGAT,CTACTTACAACGGAA,,0.0,1,0,0,0,0
GCAACACCTACACGTGCAAATGCAACTC,GTTTAGCTTCCGTTG,,0.0,1,0,0,0,0
ACATCACTGTCAGGCTCATACTCAGGGA,GGTTGCCCAGAAGTA,,0.0,1,0,0,0,0
CAAACAGGAACATAAACATGGCCAAGCT,CTAAGTGTGAAGGAG,,0.0,1,0,0,0,0
AGGCCAGTGGCATCAGCAAAATCAAGGA,CTCGCTAATACTCCT,,0.0,1,0,0,0,0
TTGACACGTCCAACTTCATCCGCAACCT,GCTGCTTATGAGGAT,,0.0,1,0,0,0,0
GGGCCATGTGCAATTTCAGCTGCATTGA,GTACAAGAAATTTTG,,0.0,1,0,0,0,0
GCACCAGGGCCATGGTCAGCTGCAGTCA,GAACTCAGGTTCCAT,,0.0,1,0,0,0,0
AGAGCAGTAACAGTATCATGGTCACTTC,GTTGGGCGCTTAAAG,,0.0,1,0,0,0,0
AAGGCAGCTTCACAATCAACGGCACGAG,CTCGCTAATACTCCT,,0.0,1,0,0,0,0
GAAGCATTTTCACTCGCAATGACAAGAC,ACAGTTGACGGACAG,,0.0,1,0,0,0,0
GTTACAACATCAGCGACAGCTGCAGTAG,TCAAATGATGAGGAT,,0.0,1,0,0,0,0
GAGTCAAAGACATCCGCAACGTCAAAAA,TCAACAACCTATGCA,,0.0,1,0,0,0,0
TGCTCACGGCCAAAAGCAAACGCAGACA,CTCGCTAATACTCCT,,0.0,1,0,0,0,0
CCGCCAGCCTCAACACCACAACCACGCC,CTTGATCAATCAAAA,,0.0,1,0,0,0,0
GGACCAGCTTCAATGGCAACGGCATTGG,GCTGCTTATGAGGAT,,0.0,1,0,0,0,0
TGGCCAACGGCAGCCCCATAGCCACAAT,GCTGCTTATGAGGAT,,0.0,1,0,0,0,0
AAGTCATTTCCAGCGGCACTGACAATAG,GTTTAGCTTCCGTTG,,0.0,1,0,0,0,0
TTGTCAACAACATATGCATTGCCAAGGA,CAATCTTGAATTGAT,,0.0,1,0,0,0,0
CACGCAACCACAGTTCCATTGCCAAAAT,ATAATTTTCATCCAC,,0.0,1,0,0,0,0
TTGCCAAGAGCAGGTTCACAGGCATGGC,GAACTCAGGTTCCAT,,0.0,1,0,0,0,0
GAGTCACAGACAGCAGCAAGGACATAGG,CTGATTTGTGCTGTC,,0.0,1,0,0,0,0
CATTCACGCACCAGCACGTTCAACAA,CATTGTCGGACGCTT,,0.0,1,0,0,0,0
TAGACAGTAACAGTCTCATGAGCATAGT,CATCACCGTGCTCAT,,0.0,1,0,0,0,0
AGTCCACAATCAAGAACAAAAGCATATC,CTCTTGAGAATACTT,,0.0,1,0,0,0,0
TACGCATGAGCAGACTCAAGCCCAATAC,CGTCAAGACCTTCTA,,0.0,1,0,0,0,0
CACACAGCAACACAAGCAGCGGCAGTTG,CATCAATGAGGCAGT,,0.0,1,0,0,0,0
GAAACATGTCCAATTCCATGTACAACCC,TCTTGGAGGTGAATG,,0.0,1,0,0,0,0
ACAGCAGGTCCAAGATCAACGACACGAC,AAAAGCGACATTTCT,,0.0,1,0,0,0,0
CAATCATAGGCAGGGTCAATGCCACTCC,GTTGGGCGCTTAAAG,,0.0,0,1,0,0,0
GCTGCATCGTCATTGTCAGTACCAGTGA,TGGAGTCTTTGTTGA,,0.0,0,1,0,0,0
GAGACAATGTCACCAGCAACGCCATCAA,TATATTGAACTTTAC,,0.0,0,1,0,0,0
GTAGCACCGTCAAAAACAGAGCCATATC,ACAACCTACCTGCTA,,0.0,0,1,0,0,0
ACGTCATGTGCAACAGCACATTCACGCG,CTAAGCAGTCTTCTC,,0.0,0,1,0,0,0
CGGGCCAAGCCACGCAATGGCATTTT,ACAGTTGACGGACAG,,0.0,0,1,0,0,0
CAAACAGGGTCAAGAGCACTCCCAGTTC,TCAACAACCTATGCA,,0.0,0,1,0,0,0
CAATCAACGTCAGTCGCAGATTCAAGGA,GTTGGGCGCTTAAAG,,0.0,0,1,0,0,0
CATGCATAAGCATCCGCACGTTCAGATG,CCAAGACCGTGTAAA,,0.0,0,1,0,0,0
CGACCAACCTCAGGCGCAATGACATGGA,CATTTATGGCTATCT,,0.0,0,1,0,0,0
ACGACAAGCGCAAATGCACCCACATCGA,TTAGTCTTTCCATCA,,0.0,0,1,0,0,0
TGAACACCTTCAATAACAGCACCATCAC,TTTATAAATCAATAG,,0.0,0,0,1,0,0
TAGACAGAATCAGCGCCAAACGCAAGTA,GAACTCAGGTTCCAT,,0.0,0,0,1,0,0
GGTCCATAACCAGGATCACAAACACGGG,TATGCCCTTCTTCTG,,0.0,0,0,1,0,0
TCATCATCAACATCTTCAGGTGCAGCTC,TCAAAACGGAGTGTT,,0.0,0,0,1,0,0
CTATCACAAACAAAAGCATGTCCATCAT,CTCGCTAATACTCCT,,0.0,0,0,1,0,0
CATTCATGGGCATATACAACAGCACCAT,ACAACCTACCTGCTA,,0.0,0,0,1,0,0
TAACCACCACCACACGCAAAGGCATAAT,GAGTGCTTCAAAGTT,,0.0,0,0,1,0,0
AAGTCAATGCCAATTCCAGAGGCACATA,TTTATAAATCAATAG,,0.0,0,0,1,0,0
GAAACAGTGGCAACGGCATGCCCACTGC,GGTTGCCCAGAAGTA,,0.0,0,0,1,0,0
CTGTCAAGGACATGCCCACACCCATGAG,CTGATTTGTGCTGTC,,0.0,0,0,1,0,0
CCACCACCCTCAGATCCAAGCTCACTGA,TGATCATCACGGGAC,,0.0,0,0,1,0,0
AGGCCACTAGCAACAGCAGTGTCAACTT,CTAGTTGTATAGCCA,,0.0,0,0,1,0,0
GGAACATTGTCAAATACAATGGCAGGGG,TTTATAAATCAATAG,,0.0,0,0,1,0,0
CTATCATAATCACAGACACGAACACTAC,GTTGGGCGCTTAAAG,,0.0,0,0,1,0,0
CAGCCACTAGCAGTACCACCCGCATATG,GTTAAATCAACAGTT,,0.0,0,0,1,0,0
CGCTCATCTGCATAAACACTGCCATTCA,ATGGCGATGGTCTTG,,0.0,0,0,1,0,0
GCAGCATGTGCATAATCAACTGCATGTA,GTTAAATCAACAGTT,,0.0,0,0,1,0,0
CCACCATGAGCAAAAACATGCACAGTAT,GCTAATTTCAAGAAT,,0.0,0,0,1,0,0
AACCCAGTAGCAAAGGCATGTACAGGCG,TTTATAAATCAATAG,,0.0,0,0,1,0,0
CCCTCAAGAGCAGATTCACCCACAAAGG,TCTTGGAGGTGAATG,,0.0,0,0,1,0,0
GTATCATGCACAATAGCAACGACATATC,GTTAAATCAACAGTT,,0.0,0,0,1,0,0
GGCCCAGGCGCAGTAACACTCCCACATA,GTTAAATCAACAGTT,,0.0,0,0,1,0,0
TTCGCAGATACACACTCAGCCACACACA,TGATCATCACGGGAC,,0.0,0,0,1,0,0
