BC,Edge,s,LL.ratio,TP1-1-T1,TP1-1-T2,TP1-1-T3,TP1-1-T4
TGGGCAGCAACAAGCTCAAGCGCATATC,GTCACCGGCACTAAC,0.0022352143611723252,0.0,5574,13364,12542,10165
GGATCACGGCCATGTTCATAGTCAACCA,CGAATGCCATACAAA,0.006975079982980058,0.0,3734,10274,9897,7850
CGCCCAAACGCAAGCTCAACTCCACGCT,CTAAGTGTGAAGGAG,0.013040479826554194,0.0,2585,6495,7284,6519
GTCACAAAGCCAGGCTCAAACACATCCC,CTCGCTAATACTCCT,0.004912175453109654,0.0,1467,3864,3597,2899
AGGCCAGAAACACTATCAACTTCACTCG,TCTTGGAGGTGAATG,-0.015090148190518954,0.0,1859,3834,3104,2016
CACACACCTGCATGGTCACGCCCATCAA,TTAGTCTTTCCATCA,-0.003044900399260753,0.0,1425,3426,2956,2218
CATGCACCTTCACATTCAAGCACATGGC,CTCGCTAATACTCCT,0.0035688864657237294,0.0,1256,3344,3007,2384
CAGACAGGTACAGGACCAGGGACATTCA,GGTTGCCCAGAAGTA,-0.006665773044607581,0.0,1557,3205,2890,2174
GGATCAAGCTCACCGGCACCAACATCTG,TTAGTCTTTCCATCA,-0.0038363923849759583,0.0,1252,2923,2698,1903
CCAGCAGCTACAACCGCAAGGTCACCGT,ATTATCAAGTGCCAG,-0.00862129895915024,0.0,1304,2815,2334,1717
TTGCCAAAAGCATGAACATCGTCACGTA,TATATTGAACTTTAC,-0.013177246512458088,22.750462065869215,1441,2530,2346,1655
CCCGCATCTGCAGTTGCATGCGCAGCAA,ATGGCGATGGTCTTG,-0.0030696502685148602,0.0,1012,2295,2036,1574
CGTACATTGCCACGTACACGAGCACAAG,CTAAGTGTGAAGGAG,0.012981774136146013,0.0,775,2152,2352,1951
ATCGCAAAACCATTAACAAGGCCAACTA,CTCGCTAATACTCCT,0.0023071665460087914,0.0,841,2214,2035,1537
CAACCAGGGACATCCGCAGGCACAATTG,AGTGTATGATAATAT,-0.008797881427506466,0.0,1004,2277,1877,1315
CTCGCACACACATGAACACTCCCAAAGC,AAAAGCGACATTTCT,-0.011938755924467323,0.0,948,2236,1896,1130
CGATCAAAAGCACATGCAACAACACACG,TAACCTCGCGCTGAG,-0.005691300729938088,0.0,955,2130,1773,1373
TCGTCACAGCCAGTCCCAATCCCATGGA,GTCACCGGCACTAAC,0.005179840264835607,0.0,757,1911,1847,1508
CCCACAACGACACCGGCAGTTGCACTTG,TTAGTCTTTCCATCA,-0.007655293718281102,0.0,920,1938,1741,1247
CTCGCACAACCAGGGGCAAGCACAATGT,CCAGGATGTACCGCC,-0.005529240798834397,0.0,859,2012,1797,1241
TACGCACAAACAGGGACAATGGCAGGCA,ACAGTTGACGGACAG,0.0007221710837771383,0.0,824,1850,1710,1436
TTTGCACGGCCAAGTACAACGTCAATGT,AGTGTATGATAATAT,-0.012476050028453386,0.0,879,1918,1571,1031
TGGGCAGCTACAGATTCAGGTCCACAGA,TTAGTCTTTCCATCA,-0.006517117264849892,0.0,795,1808,1570,1115
TGGACAGCGACAACAGCATATGCACAAA,ACAGTTGACGGACAG,0.001811125646120404,0.0,677,1433,1382,1219
ACCGCAATTTCAACTACAACGTCACGTA,TATATTGAACTTTAC,-0.008238629941521537,0.0,708,1540,1508,943
TACACAAGTCCAACCGCATTTGCAAGTA,CTACTTACAACGGAA,0.007524130574116893,0.0,532,1434,1458,1137
GAAACATGCGCAAAGACATTCGCACGCA,TATATTGAACTTTAC,0.00346484331443846,0.0,575,1508,1343,1088
TCTGCACGGGCAGTTGCAACGACAGGAA,TCAAAGCATGAAAAA,-0.021167125896603006,0.0,779,1503,1162,704
ACCTCAGGTTCACGGACAGCCTCAACAA,TATATTGAACTTTAC,-0.0013597723868471543,0.0,543,1417,1305,889
ACGACACCCGCAACCGCAGTCGCATCAT,TCAGAGCATTGGCCT,0.008546455565983118,0.0,476,1271,1384,1049
CAGGCATCTTCATAGGCACCGACAGTTC,TCAAAACGGAGTGTT,-0.00029403174948297036,0.0,562,1347,1256,950
TACACATGACCAAAGGCACGAACATGAA,ACAGTTGACGGACAG,0.0006095831704885441,0.0,570,1313,1197,990
TCACCATGGACAGTTGCAAGCGCAATGA,ACAACCTACCTGCTA,0.003643519713921443,0.0,512,1266,1276,974
GGAGCAGTGACAAGTCCATAGGCAATTA,CCAGGATGTACCGCC,-0.002693788169740552,0.0,555,1244,1038,873
AAGGCATGAACAAGGACATTCCCAGGGA,CAAGTTCGGCGAAAT,-0.05159865629878798,0.0,874,1377,664,317
ATCTCACGTACACGCTCATCTGCAGGTT,TCAACAACCTATGCA,-0.007567178478942127,0.0,532,1240,987,723
AGCGCAGTGGCAGGCGCATGTTCAACGC,TTAGTCTTTCCATCA,-0.011756192403822441,0.0,544,1256,918,652
CAGCCATCCCCATCGACAGTGGCAAATC,AGTGTATGATAATAT,-0.00771949906164499,0.0,513,1069,977,694
AGGCCATACACAATTGCAGTGGCATCGC,CCAGGATGTACCGCC,-0.015472926512872973,0.0,555,1157,903,595
TGTGCAGCCACAGTGACACATTCAAGTA,AGTGTATGATAATAT,-0.0077020379123020925,0.0,495,1060,939,670
TGGGCATCATCATCTCCAGACACAGACA,TATATTGAACTTTAC,-0.005170907884262569,0.0,441,951,987,644
GATGCACGATCAAGGACATACGCATGCT,CTCGCTAATACTCCT,0.004577554460275671,0.0,367,920,967,718
ACATCACAGACAACATCATACACATAAC,CTCGCTAATACTCCT,0.006993231566715088,0.0,348,885,998,732
GCTTCATAGCCAGGATCAAGGGCAGCAT,TCAACAACCTATGCA,-0.0017443357366432697,0.0,380,947,797,615
CTCTCAAGGGCACCTTCAAAGTCACGAT,CTCGCTAATACTCCT,5.351004410676334e-05,0.0,370,926,808,632
GGAACAAAGCCAGTCACAAGGGCAATTA,TCAGAGCATTGGCCT,0.013539038406230991,0.0,284,779,823,727
TGACCATGTCCAGATACAAGTACAAACG,TCTTGGAGGTGAATG,-0.012464412874782942,0.0,450,932,730,528
AAATCAAGATCAAGATCACACTCAGTTG,TCAAAGCATGAAAAA,-0.02015167193578636,0.0,483,951,651,450
GGTACAAAAGCAGTATCAGGGACAGAAA,GTTCAGCTTTGATCG,-0.03964485188654291,5.483726067852331,470,894,539,244
AGAGCAAATTCAGCTTCATCGCCACCTG,TATATTGAACTTTAC,-0.0017427692837971083,0.0,346,754,811,560
GTTGCACTATCAAAGTCAAGGACAATCG,AAAAGCGACATTTCT,-0.01183969593347626,0.0,358,874,662,428
CTTTCATTGGCAAACTCACTGGCAAAGA,AGAAGACGACGATGA,-0.027847286086552316,0.0,457,814,525,338
ATCACACCGACAATCCCAGTATCATGGG,AGTGTATGATAATAT,-0.012320677125434174,0.0,426,701,607,502
GCTACATGCACACATTCACTGGCATGGT,TTAGTCTTTCCATCA,-0.004099041030611295,0.0,311,867,618,469
ACCTCAACAGCATTAGCAAACGCATGAA,ATGAAGTTCATAATG,-0.012032643024400864,0.0,387,739,613,460
GAAGCAGTCTCATAAACAACGGCATAGC,ATTATCAAGTGCCAG,-0.014399946429181402,0.0,364,809,599,403
AAGGCAATGCCAACTGCACTCCCAGCGG,TATATTGAACTTTAC,-0.005037080238986791,0.0,281,657,541,412
CAGCCAACTCCAGTGCCAGCCGCAGTCA,ATGGCGATGGTCTTG,-0.005233804772132075,0.0,271,655,535,395
GCGACATCGGCAACACCAGTCTCAGGAT,TCAAAGCATGAAAAA,-0.02959628785396234,5.546399934473811,389,639,472,273
GTTACATAACCAGTGCCATTTGCAGGGT,AAAAGAAAAATGTAT,-0.008957554675184567,0.0,257,594,533,335
GCGGCACGAACATTCTCAAGCCCAGCGG,TTTATAAATCAATAG,0.005873788798239098,0.0,206,571,559,419
GGAGCACCGACATAGGCAAAAGCAGTCA,TCAAATGATGAGGAT,-0.05186505601178507,0.0,428,624,388,154
ACCTCAGCCACAGAGGCATTAGCAGATC,ACCACCGGTCCTGCC,-0.002543381470822863,0.0,231,613,525,365
TCTACACCTGCAAGCCCAGGTGCATGGC,CGATGATGATGATGA,0.0006003991689610034,0.0,220,646,486,382
GCTCCAGGCTCAAGGCCACTCTCAGTTC,TCAAATGATGAGGAT,-0.0405675732254206,0.0,402,620,393,203
AACGCATGCGCAGTTTCAGGAACAAGAA,CTCGCTAATACTCCT,-0.0019744381042056934,0.0,247,529,460,397
TCTCCAACGACAGGTCCAATATCAAGGT,TGATCATCACGGGAC,-0.022091580663038433,0.0,281,565,463,247
AGAACATGGACAATCGCAGGTACAGCCG,TTTTGCATTTAGGCG,-0.018751016682378982,0.0,247,588,417,240
GGACCAGTAGCAATTGCAAATCCAAGAA,TATATTGAACTTTAC,0.00416418677980898,0.0,192,512,477,371
GTGTCATGGACAATGGCAACAGCATGGT,GAGTGCTTCAAAGTT,-0.035380460975591874,0.0,300,625,366,177
TTCACACTATCACGAGCAAATCACCAG,CTCGCTAATACTCCT,0.0017245143060731956,0.0,196,497,482,352
GGGTCATCTTCAGAACCACAAACAAGAG,CTCGCTAATACTCCT,-0.0065983223612006816,0.0,223,476,476,312
GGCACACTCACACAGACAGCAACAGGGA,GTTCAGCTTTGATCG,-0.04225834207551948,0.0,350,505,297,168
CAGTCAATTCCAGGTTCATTGGCACCCA,AGAAGACGACGATGA,-0.025540901038730236,0.0,270,500,371,214
TGATCAGCTCCAGAGGCACACACAACTG,TTATATTTATTTGCT,0.0027269286342895445,2.0691184298050302,201,398,427,372
CTTCCAGTCCCATTGGCACGGGCATGAG,TTAGTCTTTCCATCA,-0.010770143487876799,0.0,226,444,406,279
CGACCAATCGCATGGTCAAAGCCATGAG,TTTTGCATTTAGGCG,-0.010205441849208456,0.0,223,423,367,280
GGGGCAAAATCATGCTCACATTCAACTG,ACAGTTGACGGACAG,0.012601843144646347,3.0109857439447296,135,409,403,336
GGGCACGCCCAGAAGCATCAACGCCACAAC,ACAGTTGACGGACAG,0.0069161780572919865,0.0,142,333,406,298
GAATCACGAACACCCGCACTAACACCTT,CTAAGTGTGAAGGAG,0.017631275947403963,0.0,104,406,381,301
ATCCCATTCTCATACGCACATGCACTAG,TCAAAACGGAGTGTT,-0.010317361372369983,0.0,179,420,328,224
ACCACACAAGCATAGCCACCTGCAATCA,ACCACCGGTCCTGCC,-0.005677965628402253,0.0,162,404,337,233
CTCGCATAGTCAGTTGCAGATGCAGCAG,GTTCAGCTTTGATCG,-0.05247081559098393,0.0,300,412,230,106
GGTACAGGATCATGTTCATGAACATCAG,TATATTGAACTTTAC,0.002411823879497706,0.0,144,353,329,264
ATTACAGCGGCACTGGCAGCGCCAACAT,CAATCTTGAATTGAT,-0.0497543811159445,0.0,300,349,237,115
GTGTCACGGGCATCGGCATAGTCAGGGA,TTAGTCTTTCCATCA,-0.014315608018666723,0.0,191,355,308,212
GGGTCAGGAGCATAGCCACAACCATAGA,CGATGATGATGATGA,0.023205573451460414,26.37484976718133,95,314,346,325
TGCACAAGTCCAGGAACAATCCCACGT,ATTATCAAGTGCCAG,-0.015693542934133192,0.0,200,326,300,213
AATACAAGGGCAGATACACCGCCAGCGA,TTATATTTATTTGCT,0.01739379387996783,0.0,95,325,352,273
TAGTCAAGACCATGTTCAAGTACACAAT,TTTTGCATTTAGGCG,-0.024690060099756873,4.81066219478862,214,344,270,174
GGCACACGTGCAGTTCCATAGGCACCAA,TCAAATGATGAGGAT,-0.04923574736260148,0.0,244,398,202,95
TTTCCAGTGGCATAAGCAAAGGCATAGC,TCAAATGATGAGGAT,-0.043894109062062564,0.0,221,370,207,101
ACACCACAACCATGGGCATTGTCAGCAT,TAACCTCGCGCTGAG,0.00010490534944147464,0.0,121,313,319,207
TCACCAATTCCATGGGCAGGCGCATCTA,GTTGGGCGCTTAAAG,0.0038661932581445374,0.0,106,335,293,203
GCCGCAATAGCACTTGCAGGTGCAAAAC,TATATTGAACTTTAC,-0.004118845877287378,0.0,140,311,240,211
GAACCAGATCCAACTACAGCACCAGGGT,TATATTGAACTTTAC,0.01629162983417622,8.711151471836274,91,292,259,253
AACTCACCTCCATATTCAAAAGCATCGA,GAGTGCTTCAAAGTT,-0.01938981476270937,9.754401421387684,171,290,237,163
ATACCAAAATCAACTACAGCCCCAAACC,TTTTGCATTTAGGCG,-0.008567602842193102,0.0,138,318,220,182
GAATCAGTCTCAGCCGCAGTGACAGGCT,ACAAGTTTTACAGTT,-0.06605896724368715,0.0,234,314,176,55
ATGTCATGACCACCGACACATGCACGTA,ACAGTTGACGGACAG,0.009698081705442693,0.0,96,272,250,219
ATCACATGTGCACAAACAGTCGCAAACC,AGTGTATGATAATAT,0.0016531809079727436,4.784153475153289,101,232,217,181
CTCTCACCCGCAGCTTCAGAGGCATAAA,CTTGATCAATCAAAA,-0.01241192160096817,0.0,137,274,227,161
TATGCAATGGCATTAACATTGGCAACGC,GAGTGCTTCAAAGTT,-0.038055453869688054,0.0,191,284,200,104
TGAACAGAGGCAGCGACAAACACACGTT,ACCACCGGTCCTGCC,-0.01110367972410778,0.0,126,287,253,154
ATACCAGGACCAGGTTCAGGATCAGTAA,TCAAAGCATGAAAAA,-0.02585178194443623,0.0,149,290,232,117
GAGCCCAAAATCAGTTTCAACCTCAAAAG,ACAAGTTTTACAGTT,-0.06644689071302746,0.0,198,257,125,46
AATACAGCGGCACCCACAAAGACAATGC,GCTAATTTCAAGAAT,-0.03874632488692528,0.0,180,257,202,96
ATGTCAGGAGCAAGCACAGGCACAGCAG,TCGATAGAATTTACT,-0.010038626397221017,0.0,126,237,236,159
ACGGCAGCCTCACAAACATGTACAGAAG,ATGGCGATGGTCTTG,0.015606812193121789,10.8640527669304,76,230,247,207
ATAACAGGTGCAGCAGCACCACCACGTG,GAGTGCTTCAAAGTT,-0.030753562542986123,0.0,149,298,175,101
AGGTCATCACCAGGCGCAATAACAATCA,TCAAAACGGAGTGTT,-0.002640878962689882,0.0,106,248,212,167
CAGGCAAGTACACCGTCATCGGCAACTC,ACAGGGCAGCTCCCG,-0.06739527142050723,0.30572041814650674,186,309,138,42
CTTACAGGTTCAGTCTCACAGCCAGCCC,CGATGATGATGATGA,-0.0025878164200358266,0.0,109,279,180,172
TCTACATCGACAGGATCAAGGACATCGC,GTTGGGCGCTTAAAG,-0.005462030549887691,0.0,105,264,208,152
TAAGCACTTACACATGCAGTATCAGTTC,GTTGGGCGCTTAAAG,0.014591525772134295,6.420540704837094,81,231,204,214
GTGACACGGTCATTGTCAGCGGCAAGGT,GAGAATGAAGGACAG,-0.040897608924844314,0.0,188,202,134,94
TCGCCACGAGCAACGTCAAAATCATAAG,CAATCTTGAATTGAT,-0.0805504111539722,14.018498460986848,230,242,108,35
CTAACAGAAACAATCCCACACTCAAAGC,ATGAAGTTCATAATG,-0.0007651821139797859,6.102210993072504,99,187,194,165
ATTTCATCATCAACTCCAACCCCATGAT,ATTATCAAGTGCCAG,-0.005932040318879499,0.0,117,225,147,167
AGGACAAGCGCACTCACAGAAGCAAGCA,TTTTGCATTTAGGCG,-0.004525031918824599,0.0,90,236,176,134
ATGACAAGCTCAGTCCCATTTCCACTCG,AATGATACCATTTTT,-0.02928738578257047,0.0,144,184,133,102
ACATCATACTCACCCGCAACACCATAGG,TCAAAGCATGAAAAA,-0.015042002116579328,0.0,93,202,166,101
GTGTCAATAGCACGGGCACCGGCACATG,ACAGTTGACGGACAG,-0.011342874326443491,7.316848998679234,89,218,160,108
AGAACAAACCCATAAGCATAACCAAATG,ACAACCTACCTGCTA,0.012644333059046367,0.0,63,174,177,157
GACACACGTTCATGCGCATGTGCACGTT,ACAGTTGACGGACAG,0.009909641219335427,0.0,71,177,158,163
ACATCACGTGCACAGCCACCTACAATCT,CCAAGACCGTGTAAA,-0.026477072352373805,0.0,109,187,178,84
GGCCCACGAGCAACTGCAGTCGCACATT,CGATGATGATGATGA,-0.0017207786096321807,0.0,92,189,141,149
GCCCCAGGAACACAGACATTATCATCAG,TATATTGAACTTTAC,-0.01809711902495521,4.0926911185010795,110,165,160,109
TGTTCAAGCACACCAGCAAGCACATCGT,ACAGTTGACGGACAG,-0.012149634356058802,4.419130578472505,103,174,153,122
ATCACAGACGCAGGTACACGATCATACC,AGTGTATGATAATAT,-0.010436990833885421,0.0,81,193,160,101
GAAACACTGTCAGCTACATTAGCACAAA,GTCACCGGCACTAAC,0.00848920910596287,0.0,65,189,147,143
TATGCAACTACATGCACAACTGCAAGTC,GCTAATTTCAAGAAT,-0.05387976781690174,0.0,124,234,100,42
TCAACAGGATCAGTAGCATGTGCAACCC,TATATTGAACTTTAC,-0.0022469075330075732,0.0,69,188,138,110
CGACCAGACACATCGCCATGAACATTAG,ACAACCTACCTGCTA,-0.011851095192635505,5.378208952590285,82,172,157,98
TGTACAAGACCACGCTCACGAACATGAC,TAACCTCGCGCTGAG,-0.018885697000279148,2.787758340274195,93,163,144,90
CGACCATGTACATACCCAGCCACAATCC,GTTCAGCTTTGATCG,-0.0505774682022902,0.0,123,184,81,46
AACTCATGCTCACTCACACACCCACCCA,TATATTGAACTTTAC,0.012370810748788185,4.732953304116563,53,143,151,131
CTTCCACGAGCAAGCTCAGTGTCAAAGT,AGAAGACGACGATGA,-0.04697499415130948,3.866152112382906,84,185,119,35
CGGTCATACACACCTACAGGAGCAGGGA,ACCACCGGTCCTGCC,-0.008317651661013075,0.0,73,127,125,97
TGTACACGGGCAAAACCAACGGCAACAC,CAATTTCAACGTTGT,-0.09391460567646366,0.0,157,138,49,16
AAGACATAAGCAGTGTCATGGTCAACCT,TCAAAGCATGAAAAA,-0.016662651183656754,0.0,87,131,99,90
GTTTCAAACGCATAAGCACCGCCAGCGC,TCAAAGCATGAAAAA,-0.020174668372250983,0.0,87,117,118,81
GGTACATCCACATAAGCACAAACAATAG,TCAAAGCATGAAAAA,-0.017283787168486525,0.0,65,149,120,66
CATACATTCCCAAGTTCAAAAACATCGG,ATGAAGTTCATAATG,-0.04329180007721948,13.427183245508786,101,148,93,47
AAACCATTCTCACGATCAGAGTCACAAA,TCAAATGATGAGGAT,-0.08235741887526454,5.613964321044932,111,157,90,16
GCGCCATTGGCATGGACAGACACATAAT,TATATTGAACTTTAC,-0.015531949694887406,5.655654360315111,57,170,117,61
GCATCAAAACCACGGCCATCTGCAGTCG,TCGATAGAATTTACT,0.025705587816018467,0.0,32,121,128,118
TCAGCAATCTCAACTTCAGGTACAGCGT,TTTATAAATCAATAG,-0.03190882335987424,0.0,84,140,100,55
CGACCATTGGCAGGGGCATAGCCAGGGT,GTTCAGCTTTGATCG,-0.07491930049812424,5.899585896711642,111,160,67,20
CGCCCACCTGCATGATCAATCCCATATT,TATATTGAACTTTAC,0.0053122031124853775,0.0,48,131,102,96
GGCCCAAGGGCAGAGCCATTGCCATATT,AAAAGAAAAATGTAT,-0.013485645190179267,0.0,58,145,103,66
TCCGCAGAGCCAATATCACATGCAGCTA,AGAAGACGACGATGA,-0.01132083575814756,0.0,56,125,108,68
GCAGCATTGACAATAGCAGCCACAAGTA,CCAACACAGGCTTCG,-0.08510395682651711,0.6361927266455041,113,118,73,15
GAACCAGAATCACTAGCAACCACATAAC,TTAGTCTTTCCATCA,-0.013022674784823692,0.0,52,99,138,60
CGCGCACAGACATTCGCACAGCCACACG,TCAAATGATGAGGAT,-0.045762739345613646,0.0,81,125,85,35
CGGACATGTGCACAGACAACTACATCCT,AGTGTATGATAATAT,-0.02374909586429198,3.6822973071057277,55,132,87,46
CGGTCACTACCAATCGCACAGGCATTCG,ATGAAGTTCATAATG,-0.0051002863889196915,1.2023679352141698,41,102,105,60
GTCGCACTCTCAATTTCAGGTGCAGGCA,GTTAAATCAACAGTT,-0.09873397911700629,0.0,92,93,28,8
CATCCACGCGCATCTCCAATCTCATATG,TCTTGGAGGTGAATG,-0.01222423341740725,0.0,55,105,81,65
CGCCCAATACCACGTACACCATCAGGAG,TAGACGGACATCTTC,-0.07292235873967727,0.0,115,106,40,22
GTGTCAGGTGCATAGCCAAATACACCCA,TTAATTAGAGGTATG,-0.02982648109075714,0.0,66,120,56,46
GTCACAAGTACAACGCCAGAATCAGACA,AGAAGACGACGATGA,-0.013341656485362044,0.0,42,117,82,48
CAGTCAATGACAAACGCAGTTGCACAAA,GCTGCTTATGAGGAT,-0.01779270290617947,0.0,40,97,113,40
ATGCCAGGGGCATACACATGTTCATGCC,ATGAAGTTCATAATG,-0.025739737021012735,0.0,66,79,69,52
TCGGCAGGACCATCTCCAGCCACATAAC,AATGATACCATTTTT,-0.020325566472110184,0.0,41,86,92,38
CTAGCAGTTTCAATCACACCGCCAACGC,TTTTGCATTTAGGCG,-0.007073248768597398,0.0,29,90,99,40
AGGACAGGTGCACGCTCAGTCGCAGGAA,ACAGGGCAGCTCCCG,-0.04888670403369167,0.0,61,90,51,24
CGGGCAACAGCATTCTCAGGTACAATTC,CGTCAAGACCTTCTA,-0.023521044803734764,0.0,38,118,59,32
TTGACACGGGCACACACAGGATCACGTC,AGTGTATGATAATAT,-0.01779270290617947,0.0,53,84,71,53
TCCTCATGACCACCTGCAGTAACAAGAT,CAAGGATCCCCGTAG,-0.06400251494350916,0.0,68,102,55,17
CCGACATCTTCACAGACAATGTCAAATA,AAAAGCGACATTTCT,-0.032438258232307636,1.7980770930853396,45,83,80,29
ACATCACTGACAGTGCCAGAGTCAAGGG,TATATTGAACTTTAC,-0.00613691129018782,0.0,43,52,60,61
GGCACAGTAGCATCTTCATGATCAGTCA,ATGAAGTTCATAATG,-0.015438783999047684,0.0,41,69,59,44
TTATCAAAGTCAACATCACGGTCAAAGC,CGATGATGATGATGA,-0.00996471653693276,0.0,34,81,58,43
GCGACAATTCCAATACCAGGCGCAACTT,AATGATACCATTTTT,-0.020533972847411888,0.0,38,85,42,35
GATTCAGATTCACTGGCAGGGGCACATA,TCTTGGAGGTGAATG,-0.007073248768597401,0.0,29,53,76,40
GACTCATATCCAAGGACAACTACAACAC,AGAAGACGACGATGA,-0.004277199302573985,1.9166674834411879,28,76,44,42
TGCACACCGCCACTTACATTGGCAAGCA,CATTTATGGCTATCT,-0.029224194610407147,0.0,31,66,53,22
GGCCCATCAGCACGCTCATGGGCACCAG,TCAAATGATGAGGAT,-0.05286244534062002,0.0,63,60,32,22
AGATCACGAACATCATCATCAGCAGTAG,GTTGAACTGGTTGTT,-0.0351218848823764,0.0,37,58,48,22
AAAACACTTACAACACCAAGCACAAGAA,CTTGATCAATCAAAA,-0.03369017197585647,2.2260708586707096,29,68,50,18
GAGGCATTAACACCCCCAGCCACATGGC,TCAAAACGGAGTGTT,-0.004978979609168392,0.0,32,48,49,47
TTGCCATAACCAGATGCAACCGCAACTC,TTTTGCATTTAGGCG,-0.02209976062217964,0.8747768787154655,33,63,44,29
CAATCACGGACATGATCATCAACACTGC,AGAAGACGACGATGA,-0.01779270290617947,0.0,23,68,53,23
AGGGCAGTGGCACGATCACCATCATAGT,TCAAATGATGAGGAT,-0.058950851672602424,4.025710210238003,55,53,19,16
GGTTCACGTCCAGCACCATCCACAGTGA,TCAAAGCATGAAAAA,-0.012490546418523207,0.0,29,53,39,34
TTCACAGAAACACTCTCAAGGACAAAGC,TCAAAGCATGAAAAA,-0.012654346911937507,0.0,24,58,58,28
TTTCCAACTGCAAGGTCAGTTGCACGGC,TCAAAGCATGAAAAA,-0.014399946429181402,0.0,28,59,49,31
CAGGCAACAGCAGCAACAATCTCATCAC,ATTATCAAGTGCCAG,-0.009671966817587795,0.0,29,56,29,37
AATACATGTACACGAGCAGAGGCAACCA,CTCTTGAGAATACTT,-0.10967184446370494,0.0,45,37,8,4
GATGCAAACTCAAGTACATACACACACC,TTATATTTATTTGCT,0.019560336940050046,0.0,15,44,39,46
AATACAGTACCACAGGCACCTGCAATCT,TCAAAACGGAGTGTT,-0.04573700925299421,16.579269411295627,37,64,22,16
GAAGCACTACCATGTGCAAAAGCAACCA,CTTTCTTGTGTATTT,-0.12449218038523575,0.0,55,27,10,1
GGATCAGCCACATCTGCACTTACAGCAG,AGAACATCATCTACA,-0.040897608924844314,0.0,34,39,34,17
TCCACAGCCCCACAGGCAAAGTCATTGC,CCAACACAGGCTTCG,-0.07144063332064948,0.0,50,52,13,10
AAGCCACGTTCAGGGTCATGGGCATCCG,ATGAAGTTCATAATG,-0.03326955651054937,3.4282634220925274,35,40,21,22
TAGACAAGGGCAGTGTCAAGAGCAGCAT,GAGTGCTTCAAAGTT,-0.04837085361301219,2.6640840370473597,30,48,25,7
GGTCCAACTTCAGCTTCAGCCTCAGAAT,AGAAGACGACGATGA,-0.0244414849661559,0.0,29,43,39,8
CCGACACTAACAGGGGCACCCTCAAGAG,CCAACACAGGCTTCG,-0.030442356963009575,9.019964644946612,19,40,34,13
CTTACAGGGACATTCGCACTTCAGAGC,CGCGATCAATCCTCT,-0.1221881587591055,2.2724376738938616,51,37,6,2
GCCGCACATACATCGCCAACCACAGCTG,TCAAATGATGAGGAT,-0.029505965800775764,0.43827633024136503,27,44,20,19
TAGGCATCAGCACGCGCAACGGCACTTG,GTGTGATTACTAAAT,-0.07980128658413091,0.0,36,38,16,5
GATCCAACATCAGAATCAAAGGCATAAG,TTTTGCATTTAGGCG,-0.021128818191412244,2.62177681441932,21,51,13,19
AGACCAGGGTCAGCTGCAAGAACATTTC,GTCACCGGCACTAAC,0.05663303112325706,10.937804093055206,6,20,35,43
AGCGCAAACGCAAAACCAGAATCAATCT,TCAAAGCATGAAAAA,-0.012064361008624153,0.0,16,42,25,19
CGTACATGCACATGGACACTCCCATTTG,CGCGATCAATCCTCT,-0.07761753340899784,0.021782116443802124,28,24,13,2
CCGCCAGCTTCAGGCTCAGCATCACACT,CGTCAAGACCTTCTA,-0.04928831054642206,0.0,22,38,18,7
AGGTCAAACTCAAGCGCAGTAGCAGTCG,CTTTCTTGTGTATTT,-0.11994668560669504,0.0,31,23,7,1
TCTGCAGAGCCATGCACAGGGTCATTAC,CTCGCTAATACTCCT,-0.017792702906179497,0.850772480428077,20,23,27,20
GCAGCATGGACATCGCCAATTTCAATGG,ATTATCATCGCCATC,-0.0937341511681828,0.0,28,27,6,2
CCACCAATAACAATGGCAGAAGCAATGG,AATGATACCATTTTT,-0.020092465289077828,0.0,15,29,22,14
CTGTCACGGTCATTACCACTGGCACAGG,TTTAACTCACCGTAA,-0.028097598207604,0.0,16,34,20,7
ATGTCATCGCCACGAACATAATCACAAA,TATATTGAACTTTAC,-0.009753967678949834,0.0,11,32,21,14
TACACAACTACAACTCCATGGGCAGTAC,CTCTTGAGAATACTT,-0.14270669634077326,0.0,22,13,1,0
GGCTCACCTACACGGGCACATCCAGTCT,CTCGCTAATACTCCT,-0.009753967678949834,0.522897444607338,11,26,23,14
GGACCAGCTCATTGGCAACCGCAAGGT,TCAAAACGGAGTGTT,0.018677590714333638,15.303125479221023,2,9,32,30
AGCTCACGGCCAAAAACAACCACAAACA,ACAAGTTTTACAGTT,-0.06479605696161406,0.0,30,18,18,3
CGGCCAGAGACATCCACAGTCCCAGAAT,GAGTGCTTCAAAGTT,-0.02900844412688657,0.0,14,33,12,10
ATCTCATTTCCAACCACAGATCCATCGT,GAGAATGAAGGACAG,-0.026845130876744474,0.0,17,32,8,4
ATTCCAGAAGCAATCGCAGAGACAGATC,TCAAATGATGAGGAT,-0.031547241781951584,0.7706876379295409,18,12,21,9
CAGTCATTGACACTCGCAAGGCCAGAAG,CGCGATCAATCCTCT,-0.09009738675109547,0.0,18,18,8,2
CCACCATCCGCATTAGCAACGCCATTCA,TCAAATGATGAGGAT,-0.03525264038963771,0.21125922924198903,12,32,13,3
TACGCACTCACAAGGTCACGTCCAAGGC,CTAAGCAGTCTTCTC,,0.0,23,8,3,0
AGTTCATTCCCATGATCACGCACAATGT,TTTTGCATTTAGGCG,-0.00646220529941606,0.0,5,23,12,14
GTGTCAATCACAAGAACATTGCCATGAA,TCAAATGATGAGGAT,-0.08649509009670613,0.025478327355926922,9,32,12,5
CCCTCACTACCAGCGGCACGCACATATC,ACAGGGCAGCTCCCG,-0.06132917950591729,0.0,18,24,2,3
CACCCAACAACAAAGGCAAGCGCATATT,ATGAAGTTCATAATG,-0.01864025198282704,0.0,8,23,17,3
ATGTCAATTGCAGAAACAGATACACAAA,CAATCTTGAATTGAT,-0.054762522188506434,0.0,15,21,11,8
TCCTCATCCACAATCTCAGTCGCAGGCA,AGATTCATCCCATGG,,0.0,28,5,2,0
AAGTCAGCATCACGGGCAAGTACACAGA,TATGCCCTTCTTCTG,-0.020693082139167138,0.0,12,11,17,11
GTTGCACTGGCAGTTACAGAGACAATGT,ATTATCATCGCCATC,-0.11522882957918612,0.0,18,14,7,0
GGTACATGATCACTCTCACTGCCAGAAA,GCTAATTTCAAGAAT,-0.044020284763530725,0.0,11,25,10,3
ACCACACTGGCAAGGACACGATCAACCA,TCAGAGCATTGGCCT,,0.6452659409171133,6,3,35,9
ACAACAAGGTCATGAGCAAACGCAGGCG,TAATATTGTTTTGCG,,0.0,5,7,0,0
ACTACACAAACATCGGCATAGTCACAAC,ATTATCAAGTGCCAG,-0.00917610127335795,0.0,9,16,13,7
TAGCCATCTTCAAATGCACATGCAAACG,TAATATTGTTTTGCG,,0.0,14,1,1,0
TGACCAGGTACAGAGTCACTTACAAAGG,TATATTGAACTTTAC,0.036719278032557055,0.6748458715360357,8,14,18,5
CGAACAGGTTCAAACTCATAGGCACACG,CATATGCATTCCTTG,-0.0399394723060262,0.0,13,14,7,10
AACTCAAGCTCAATACCATTCGCAACAC,CTTGATCAATCAAAA,0.03386738543147057,2.5640151522843837,5,11,14,15
ACATCAGGCCCATGCGCACGCTCATAAT,TGGAGTCTTTGTTGA,,0.0,14,5,0,0
GGACCAACGTCAACGGCATCGTCACGTC,GTTTAGCTTCCGTTG,,0.0,17,9,8,0
TCATCAGGATCACTCCCAGCCTCACACA,TGGAGTCTTTGTTGA,,0.0,12,6,0,0
GGTTCAAGCCCATGACCAGCGCCAGTAC,GAGAATGAAGGACAG,,0.0,17,7,5,0
ATGCCAGCCACAGCCACATCGCCAAATG,CTTGATCAATCAAAA,-0.022059388457654806,0.0,4,14,10,9
AGCGCACATACAGATCCACCGCCAGTAG,CATCAATGAGGCAGT,,0.0,9,1,1,0
AACCCACATTCAAAGGCATATCCAGACA,CTTGCAAGTGTAATT,,0.0,5,9,3,0
AGAACACCACCAGCCCCAGCTTCAGCAA,TCAAATGATGAGGAT,-0.005117573261850162,0.0,4,13,11,4
TCGTCATCGCCATAAGCAAGCACAGCCC,ATGGCGATGGTCTTG,,0.0,11,3,4,3
CTGACAAGGCCATAGCCAGTTCCAAGAG,ACAGGGCAGCTCCCG,-0.03205685274327341,0.0,10,6,11,2
CTGGCATCGTCATAATCAGTGACAATAC,TACACCAATTACACT,,0.0,14,1,0,0
TGACCACAGGCAAGCGCAACGGCAGACG,GTTAAATCAACAGTT,,0.0,8,19,4,1
TATGCATGTGCACTTACAATGCCAATCA,CATCAATGAGGCAGT,,0.0,10,0,2,0
GGTCCAGGCGCAACCGCAAAGGCAACGT,GCCCTCGAAACCTAT,,0.0,12,8,0,0
GTTGCATAAACACCTGCAGGGGCATTTC,CGCGATCAATCCTCT,,0.0,9,13,3,0
ATGGCAGAGGCAGCGACAACGACAGCAA,CATTTATGGCTATCT,,0.0,7,17,3,3
TCAACACATCCAACTACATCTACACTCG,GTTTGTTTTGGGAAA,,0.0,8,4,0,0
GGTTCAACTCCACAATCATAGCCAACAA,CTAGTTGTATAGCCA,,0.0,7,2,1,0
CAGCCAGTGACATAGACAACTACATGAA,CAAGGATCCCCGTAG,,0.0,4,13,5,0
TGGCCAACACCAACAACACTAGCAGGAT,TACACCAATTACACT,,0.0,8,5,1,0
ATGTCAATGCCAGGAACAGGTTCAGGCT,TTTAACTCACCGTAA,,0.0,3,7,10,3
GTCACATCGACACCAGCATACACAAGCA,CTAAGCAGTCTTCTC,,0.0,7,6,0,0
GTCGCATGTTCAAACACAAATGCACGGG,CTAAGCAGTCTTCTC,,0.0,6,2,0,0
GTTACACAAGCAAACCCAGTGACAGAAT,CTTTCTTGTGTATTT,,0.0,16,1,2,1
AAGGCATTCACACTTTCAGGATCAGCAA,CATCAATGAGGCAGT,,0.0,5,3,3,0
ACGGCAAGATCAGATGCAAAAACATCAA,CTTGATCAATCAAAA,,0.0,1,5,7,14
TATTCAGCAACAAAACCACGTCCATGCG,CGTCAAGACCTTCTA,,0.0,4,8,8,4
TCCACATTTCCAGATGCACACCCAACGA,CCGTTAGTATCGCTA,,0.0,5,0,0,0
TCCCCATGGCCATTGGCAGTCCCACCGA,TACACCAATTACACT,,0.0,9,1,0,0
GGTGCATCGTCACTTACAGCTGCACCGA,ATTATCAAGTGCCAG,,0.0,7,8,3,6
CCTGCACGAACAAGTCCAAAAACACACC,ATAGTCGATTAAGAT,,0.0,6,3,0,0
GGCCCATTGTCAACGCCATACGCATCAG,TCAAATGATGAGGAT,,0.0,12,5,2,1
TTCACACCGCCAGCAGCAAATGCAGTAA,CTAAGCAGTCTTCTC,,0.0,5,1,0,0
GTGGCAGGACCACAATCATGAACAAGGC,GTTCAGCTTTGATCG,,0.0,13,5,2,0
AATGCATGTACAAAGTCATGAACAAGGT,CGCGATCAATCCTCT,,0.0,8,3,0,0
CAGCCAAGTTCACAAGCAGCGCCATACG,CTAAGCAGTCTTCTC,,0.0,8,0,0,0
GATCCAAAGACATGTTCACGGGCAAGGG,TATATTGAACTTTAC,,0.0,4,2,3,4
TAGTCAGTCACACCATCAAATCCACGAC,CATCAATGAGGCAGT,,0.0,2,0,0,0
ATGGCACTCACAAAGACACGGACAAGTA,ATCGTTGGCATTTGG,,0.0,7,1,0,0
CCTGCAGAATCATTAGCAGATGCATGTG,AGATTCATCCCATGG,,0.0,4,10,2,0
AAGCCATTATCACCGCCACATACAGAAA,CATCAATGAGGCAGT,,0.0,7,3,0,0
CCACCAGGACCACTCGCACGGTCAAATG,CTACTTACAACGGAA,,0.0,0,2,15,2
TATACACGCGCAGTAACATGCTCAAGCA,AGATTCATCCCATGG,,0.0,4,1,2,4
GAGGCATGGCCAGATCCAACAGCATTCC,CTTGATGGCTGAAAG,,0.0,2,4,4,4
GTAGCAGAATCACAGTCACATGCAATTC,CATCAATGAGGCAGT,,0.0,6,0,0,0
TGCACAAAATCACAGCCACTAACATTGT,GCTGCGGAGCCTCAG,,0.0,6,0,0,0
CGTCCAACCTCAGTGCCAATCTCAGGGA,CAATCTTGAATTGAT,,0.0,0,1,10,4
AGTGCAATCGCAGTTGCAGGTACATGGC,GCTGCGGAGCCTCAG,,0.0,2,0,0,0
TGGACACTTTCAGTAACAAGATCAGAGT,AAAAGAAAAATGTAT,,0.0,0,6,5,3
GCATCAAGGGCAAACGCATGTTCAGGCT,ATAGTCGATTAAGAT,,0.0,3,3,0,0
GGGGCAGGGTCAGCTTCACTAGCAACAC,ATTATCATCGCCATC,,0.0,3,3,1,0
AAGACAGTTACACATACACTGTCACCGA,ATAGTCGATTAAGAT,,0.0,4,3,0,0
GACACATCCACAAGGGCAAGCACAACTC,TTTATAAATCAATAG,,0.0,5,5,2,0
ACGTCAGCATCAACATCACCAGCATAGT,CCGTTAGTATCGCTA,,0.0,5,0,2,0
CGACCATTTGCATAAGCAGCAGACAAG,CTTGCAAGTGTAATT,,0.0,3,0,0,0
AACTCAGTGTCAAAAGCAATTGCAGATA,GAGAATGAAGGACAG,,0.0,2,4,0,1
ACTACACCTCCATGCACAAAGACAGACA,GTTGAACTGGTTGTT,,0.0,2,3,2,0
GTCCCAGGGCCAGGGCCACGGCCATCAA,CATCAATGAGGCAGT,,0.0,3,0,0,0
GCAGCATCACCAATGCCAGTAACAGATG,TTTAACTCACCGTAA,,0.0,4,0,0,0
GCCGCAACATCAGCTCCAACGTCAAGGC,CTCTTGAGAATACTT,,0.0,3,4,0,0
CGTACATACGCAACCACAGCAACAGAAA,CATCAATGAGGCAGT,,0.0,2,1,0,0
ATATCACTGACACATCCAGAGCCAGCGC,ATAATTTTCATCCAC,,0.0,0,4,0,0
TTCTCACAAACAGTTACAGCGGCAATGT,GCTGCGGAGCCTCAG,,0.0,2,0,0,0
CTGGCAGGGCCACGATCATTGGCAGTTA,CAATCTTGAATTGAT,,0.0,2,1,0,0
TGCGCAGGCACAATACCAAATCCACCAA,ATCGTTGGCATTTGG,,0.0,1,3,0,0
AACACATCTCCAATGCCACAAACAGGGG,CTAAGCAGTCTTCTC,,0.0,3,0,0,0
GCTCCACTGGCAGCCACAAACGCAACAA,ACAAGTTTTACAGTT,,0.0,0,0,2,3
TGTTCAATGCCAGGCCCATAGCCATCAA,CTATGCATTTACTCA,,0.0,1,0,0,0
CTTGCAGGGACACTAGCACAACCATCCT,TAGACGGACATCTTC,,0.0,1,0,1,0
GCGCCATGTTCACCAACATTAGCAAAGT,CTAAGCAGTCTTCTC,,0.0,0,2,0,0
GATACACGAGCAGGGACATTCCCAAGCT,TAATATTGTTTTGCG,,0.0,0,1,0,0
TTAACAGTGACACCTTCAATCTCATAGG,ATCGTTGGCATTTGG,,0.0,1,0,0,0
CCCCCAGGGCCAGGTCCATGATCATGCT,TCAAAGCATGAAAAA,,0.0,0,3,0,1
GACACACGGTCAGATGCACATGCAAAGT,ATAGAGCGGCGTTGA,,0.0,1,0,0,0
ATCACAGAGCCAGCTTCAGTGGCACTTC,GCTGCGGAGCCTCAG,,0.0,2,0,0,0
TCCCCAAATCCATAGGCATCAGCAGGGC,CATTTATGGCTATCT,,0.0,2,0,0,0
TGACCAGCCCCATCATCAGGCTCAAAAG,CTTGCAAGTGTAATT,,0.0,3,0,0,0
AATGCATTTGCATGTGCAACTGCATAGG,CTTGCAAGTGTAATT,,0.0,0,0,2,1
GTAGCATTAGCAAGTCCAATGACATAGC,CCAACACAGGCTTCG,,0.0,0,0,3,0
GTCCCAGAAGCACGTTCATTCCCAATGC,GTCACCGGCACTAAC,,0.0,0,0,1,0
CCATCAACCACATGTCCAGGGACAGTTC,AGTTTATAAAAAATT,,0.0,0,1,0,0
GCCCCAGTCTCAGGGGCAGAGCCATTTA,GCTGCGGAGCCTCAG,,0.0,1,0,0,0
GGGTCATCGGCAGCGCCACCCACAAGAT,CATATGCATTCCTTG,,0.0,1,0,0,0
GCAGCACTTGCAAAGTCACACGCAGGAA,CTCTTGAGAATACTT,,0.0,1,0,0,0
GCTACAGTCACAAGTCAGGATCAATCA,CTAAGCAGTCTTCTC,,0.0,2,0,0,0
ATCACAATTCCATTACCAGCGGCAGGTA,CATCAATGAGGCAGT,,0.0,2,0,0,0
CCGTCATAAACATCAACACTAGCATTTG,TACACCAATTACACT,,0.0,2,0,0,0
TTGCCAGGATCATCGGCAAAGCCACCGA,TATATTGAACTTTAC,,0.0,0,0,2,0
GGTCCAAGGGCAAACGCACCACCAGTGA,TTATATTTATTTGCT,,0.0,0,0,2,0
GGACCACACTCAACTTCAAATACAAATA,ACAACCTACCTGCTA,,0.0,0,0,0,2
CTTCCAGCCACAAAAGCAATTTCAAGGC,AGTTTATAAAAAATT,,0.0,1,0,0,0
GGACCACATCCAAGGGCAGATACACCCC,TTTAACTCACCGTAA,,0.0,1,0,0,0
CTGTCAACGTCAACGTCAATCCCATCCG,GTTGGGCGCTTAAAG,,0.0,1,0,0,0
AACGCAACACCAGTCTCAATCGCATACC,TCGAAAGCACAGTAG,,0.0,1,0,0,0
TGGACACTAGCAGCGCCACCCGCATGTT,CCAAGACCGTGTAAA,,0.0,1,0,0,0
GCGACATCTTCAGGTGCACAAACACTGG,CATCAATGAGGCAGT,,0.0,1,0,0,0
TTGACAAAAGCAGTGCCAAACCCAGGGC,GCTGCTTATGAGGAT,,0.0,0,1,0,0
GTTACACGAACACCGACAATGCCACTGT,AAAACATTATCAAAG,,0.0,0,0,1,0
ACGGCAGAGACAAATACAAATGCATCGC,AGAAGACGACGATGA,,0.0,0,0,1,0
GAGTCAACCGCACGAGCAAAACCATTGG,CCAACACAGGCTTCG,,0.0,0,0,1,0
CCGTCACAGCCACGCACAAAGACAAGCA,GGTTGCCCAGAAGTA,,0.0,0,0,1,0
CAACCAAGGGCACTTGCAAAACCAAGTA,GTAATCTGACTCTAG,,0.0,0,0,1,0
AATACATCGGCAATTACACGTTCAGCTG,TATGCCCTTCTTCTG,,0.0,0,0,1,0
GCGACATAGTCAGTATCATTTCCAGGCA,TCGATAGAATTTACT,,0.0,0,0,1,0
GCGACACTAGCAAATTCAGCGACACAAA,TCAAAACGGAGTGTT,,0.0,0,0,0,1
