BC,Edge,s,LL.ratio,TP2-1-T0,TP2-1-T1,TP2-1-T2,TP2-1-T3,TP2-1-T4
GATCCACCGGCACGCACATTGACAAGAG,CGAATGCCATACAAA,0.054924164206201415,0.0,4901,3489,21973,7976,35377
CATGCAAAGTCACCTACAGTTGCAAAGT,TTATATTTATTTGCT,0.05375738782407863,0.0,3862,2681,15111,5689,26606
TTGCCAATTGCAAAACCATCCACAGAGG,CCAGGATGTACCGCC,-0.001634192143918212,0.0,4732,2019,6042,1150,3556
GCTTCAGTTACATCGGCAGGTGCACAAC,TTATATTTATTTGCT,0.054002545092710054,0.0,1118,789,4526,1675,7778
GCGACACGTACATTTGCAAAACCAAAGA,TCTTGGAGGTGAATG,0.004773667182634889,0.0,3590,1531,4805,1126,3486
CAGCCAAAGACATTCACAGGAGCATGAG,AGAAGACGACGATGA,-0.0018360565631584608,0.0,3889,1536,4874,1079,2899
GCGACATCGTCAGGTGCATAAACAGCTA,GTACAAGAAATTTTG,0.010932281519310517,0.0,2914,1203,4812,1201,3620
AATCCATACGCAGGTGCATCTCCACCTG,TCAAAACGGAGTGTT,0.0024611822918425563,0.0,2710,1122,3827,874,2399
GTGTCAGCACCACGCTCACCTACAGAAC,TTATATTTATTTGCT,0.05228381958974873,0.0,776,542,3185,1148,5040
CACATGGACACATTCACGCACAGTTG,AGAAGACGACGATGA,-0.0015339295794589702,0.0,2945,1113,3512,747,2222
GTAGCACCGTCAAAAACAGAGCCATATC,ACAACCTACCTGCTA,-0.0009121057713383342,0.0,2702,1131,3593,770,2090
GCCTCAATTTCACCTACAGGGGCACCGG,CCAGGATGTACCGCC,-0.0008941998902892267,0.0,2567,980,3372,727,1987
CGAACAGATCCATTGGCACTTGCAGTTG,AGAAGACGACGATGA,-0.0006938686150228745,0.0,2262,911,2944,615,1765
CTCGCATCGGCATAGCCAGAGACATAGG,TCTTGGAGGTGAATG,0.00485921140761234,0.0,1989,812,2780,704,1938
GAACCATGTCCACAGACACACTCAGCTA,TCTTGGAGGTGAATG,0.00443907131302983,0.0,1767,720,2556,589,1693
GCTGCAATGACAGAGGCAACGTCATCTC,ATGAAGTTCATAATG,-0.010441954290044885,0.0,2188,758,2254,468,1156
GAAACATAAACAGAGCCAACACCACACC,GTTGGGCGCTTAAAG,0.0015736267169146995,0.0,1696,673,2344,492,1449
GGTTCATCTACACCGCCATAGGCAGCTT,ACAAGTTTTACAGTT,0.0036327189191209808,0.0,1660,701,2174,549,1540
GCGGCAAGACCAACTTCAAGGACAACGG,CCAACACAGGCTTCG,0.011173569168632567,0.0,1329,612,2238,583,1667
GGTACATATGCAAGGACACCGCCACTCA,ATATTGAGTAAGTAC,-0.005344450394338661,0.0,1823,631,2261,443,1181
GATACACGGACACGCGCACCGTCATGGA,TCAAATGATGAGGAT,0.00010894317666891888,0.0,1601,623,1970,471,1290
AGCGCATTGACACAAACAATGCCATCAA,TATATTGAACTTTAC,0.0024995065114469693,0.0,1455,589,2133,433,1290
GTCACAGAGTCAAGCCCACATGCACATG,TTTATAAATCAATAG,0.008271689427178708,0.0,1275,566,2091,506,1424
GGGCCAAGGGCAGTGTCAACCACAGCAT,ATGAAGTTCATAATG,-0.013841818337543055,0.0,1815,717,1885,343,837
CCAACATCGACATCAGCACCGACATGCA,TCGATAGAATTTACT,0.0007834538560778097,0.0,1411,553,2023,383,1168
CTCCCAAGAGCAGAGACATAGGCACAGA,ACAGTTGACGGACAG,0.00973892088670818,0.0,1139,576,1925,447,1349
ATAGCAGCCACAAGGGCAGTAACAACCG,ATAGAGCGGCGTTGA,-0.009462313959523773,0.0,1547,581,1694,327,850
TTCACAGTGACACTTCCATGCACACTAT,CGATGATGATGATGA,-0.005771237342760749,0.0,1443,589,1678,328,919
CTATCAGTTGCACCGTCACCAACACGAG,GCTGCTTATGAGGAT,0.000817676996261341,0.0,1245,464,1793,349,1032
GTATCAAGATCAAGCACATTGGCAGTAT,TCTTGGAGGTGAATG,-0.0022093882398099836,0.0,1329,545,1575,385,976
CGGACAGGTTCACAAGCACGGGCAAAAT,TATATTGAACTTTAC,0.0006358330192995922,0.0,1231,473,1620,358,1013
TCGTCATCGTCATAGTCACAATCAAATC,GCTGCTTATGAGGAT,0.0011402720203278266,0.0,1129,531,1666,392,948
GCTTCAGTCACAGCATCAGGAACATACG,ACAACCTACCTGCTA,0.001654831572012383,0.0,1155,496,1588,390,990
GATCCATCCTCAACTGCAACCGCAGAAC,AGAAGACGACGATGA,0.0005649478897041821,0.0,1176,504,1611,352,965
GTAACAGGGACATTCGCAACCTCAGGTT,AGTGTATGATAATAT,-0.02002416328162393,0.0,1630,620,1468,261,587
CGGGCACGACCACGTGCACTGTCAGTAG,ACAGTTGACGGACAG,0.008206697625994484,0.0,974,455,1590,399,1085
ACGCCATAGGCAGCGCCAAAAACACAAG,TCTTGGAGGTGAATG,0.004819718878295865,0.0,1067,458,1528,388,1038
TTATCAGAAGCAGGGGCAGCCACATAAG,AAAAGCGACATTTCT,-0.010791703127469535,0.0,1405,511,1509,296,732
AGCACAAGCTCATCGTCACAATCAGGGC,GTTGGGCGCTTAAAG,0.0006707228210253821,0.0,1114,443,1554,350,918
AGAACACCCACAGCTTCAAAGACAACTC,TCAAATGATGAGGAT,0.0010709129158562591,0.0,1119,470,1548,295,937
GTAGCACGTGCACTATCAGATGCAACCA,TCATAGGTATCTCGC,-0.004943009932398113,0.0,1238,481,1439,333,815
TTATCAGCAGCACTGACAAAGACAAGTC,TCTTGGAGGTGAATG,0.005797063306606187,0.0,1034,387,1436,370,1046
CGAGCAGTCGCACGAGCAGTCACACTGT,AGTGTTAATCAGACC,3.17697720979334e-05,5.462634153892168,1042,487,1515,351,837
CTGTCATACGCACAGGCAGGTCCAGAGT,CAATCTTGAATTGAT,0.02034254131648321,0.0,716,324,1479,414,1296
AAATCATAGGCAGTAACACGGCCATGTG,TCTTGGAGGTGAATG,0.007460933300631001,0.0,948,433,1375,355,1025
AACGCATTATCAAAAACACCGGCAAACC,CAATCTTGAATTGAT,0.020207255931735068,0.0,696,342,1451,378,1253
GTATCATGTACATCTACACGGGCAGACA,ATAATTTTCATCCAC,-0.0007157825804995134,0.0,1098,397,1449,299,856
AACCCAGTAGCAAAGGCATGTACAGGCG,TTTATAAATCAATAG,0.0093540585355534,0.0,860,383,1417,318,1003
CTTTCAAGCTCACTGGCACTGACAAAAT,ACAGTTGACGGACAG,0.006504960909573398,0.0,910,407,1370,310,947
CTACCAGCCCCATCTCCAACCACATCAG,TGATCATCACGGGAC,-0.006241492163449536,0.0,1064,461,1312,265,665
CGGCCAGTATCAGGCCACGCACACCAT,AGTGTATGATAATAT,-0.0212599861737891,0.0,1380,484,1209,217,473
AAGACAAGGCCAGCTCCATCGCCAACGA,GTTAAATCAACAGTT,-0.012248212184441387,0.0,1119,442,1382,229,550
TACGCATGAGCACGCTCACTGTCACTCG,ACAGTTGACGGACAG,0.005655571360188259,0.0,848,335,1325,335,853
GTCGCATGGACAGTTCCAGTTACATAAG,TCAAAACGGAGTGTT,0.0030456936529300598,0.0,906,394,1268,280,821
CGACCACTAGCAATAGCATGGCCATCAA,CTCGCTAATACTCCT,0.008337449269478414,0.0,818,342,1283,272,916
AAATCAGCAGCACGGGCAGTATCAACGC,TCTTGGAGGTGAATG,-0.0007669221510200773,0.0,973,392,1235,229,757
ATTTCATGAGCATGCGCAAAATCAGGCT,ATAGAGCGGCGTTGA,-0.009521965622279827,0.0,1049,393,1278,229,575
ATAACAGGTTCACCGGCACATTCAAGAT,TATATTGAACTTTAC,-0.0015555757269314352,0.0,910,385,1207,267,686
TGAACAAATGCAGCCCCAATCCCACTCA,TCAAATGATGAGGAT,0.00038612277840204305,0.0,869,376,1188,264,708
GCGCCACGTGCAAATGCATATTCAGCAA,CTACTTACAACGGAA,-0.010178978335171762,0.0,1017,381,1212,217,543
AGCACATCTACATTTGCAGGCACACGCG,CGATGATGATGATGA,0.005146988055404679,0.0,766,383,1161,286,755
CAGGCACGGACAAAACCATAGTCACCTT,GCTGCTTATGAGGAT,-0.001185097871080254,0.0,894,339,1177,246,684
AAGACAGAATCATCAACACTGCCAGTAA,TCAAAACGGAGTGTT,-0.006442296455881147,0.0,950,358,1099,227,589
ATGCCAGTTCCAGGGTCACAATCAAGAG,GGTTGCCCAGAAGTA,0.012952617841445368,0.0,617,337,1149,284,831
TTCTCATTATCACGGCCAATGCCACCCT,TCAAAACGGAGTGTT,-0.0010114760298196137,0.0,832,353,1027,247,641
CGAACATGCACACAGACATTATCATGGG,CCAAGACCGTGTAAA,-0.030726571043054825,0.0,1308,382,899,145,307
GGCCCAGGCGCAGTAACACTCCCACATA,GTTAAATCAACAGTT,-0.01150757687719901,0.0,954,358,1045,180,483
GTACCAACGACAATAGCAATGGCAATGG,GAGTGCTTCAAAGTT,0.00027248089379263785,0.0,725,299,1144,213,588
TCTTCACGGCGCACCGCCAGGATCAGGAG,ACAGTTGACGGACAG,0.010221478429548146,0.0,617,333,987,240,745
CCTGCATCTACAGGGTCAAGCACAGATC,AGAACATCATCTACA,-0.002587095384652182,0.0,723,341,1033,227,523
TTGGCACGCGCAGTTCCACTTACATACA,TGATCATCACGGGAC,-0.009322211400666358,0.0,847,305,1016,192,468
GCGTCAAAGCCACGAACATCCCCAAATT,CCAACACAGGCTTCG,0.006268975789304788,0.0,680,281,912,228,701
AGCTCACCTGCATTCTCACGAGCAGGTT,CTACTTACAACGGAA,-0.01017835335860837,0.0,884,297,921,185,472
AGGCCAGCTACAAGTACATATTCAAAGT,AAAACATTATCAAAG,-0.00734754873657586,0.0,781,328,955,197,467
CAGTCAAACACAAGTCCACAGGCACTAA,ATTATCAAGTGCCAG,-0.004481972244404542,0.0,768,277,974,186,515
AGGGCAGCGCCAGCCACATAGGCACTGA,CCAACACAGGCTTCG,0.008930078135623765,0.0,600,315,877,231,688
TCGACAGGCGCAGTCACATGATCAGAGC,TTAGTCTTTCCATCA,-0.0062477041152767514,0.0,805,288,935,169,503
CCATCATCGACACATTCAGTCGCAGATA,GTTAAATCAACAGTT,-0.00584439133909842,0.0,737,281,1003,196,468
AGCTCACATCCAAGCCCAGGAACAAAGC,TGATCATCACGGGAC,-0.008991230244520221,0.0,818,293,913,188,458
ATCGCACCCACACATCCATGTGCAGAAC,ACAAGTTTTACAGTT,-3.425039492155335e-05,0.0,699,267,924,188,560
CCCGCAAGCCCAAAGTCATCTCCACAAG,TATATTGAACTTTAC,0.0029186385510831634,0.0,630,236,953,182,568
AATTCAGATTCACTAGCAGGCGCATAGA,CCAAGACCGTGTAAA,-0.029660224962580917,0.0,1037,353,797,127,254
ACAGCATGCGCATATTCAGCTGCACACA,GTTGGGCGCTTAAAG,0.0035798327535147443,0.0,633,267,871,180,586
CGAACAGCGACAATCACATCCCCAGTAG,CAATCTTGAATTGAT,0.01525375919706806,0.0,472,206,846,225,697
TTGTCAAACACATGTGCAGGTGCAACTC,CGATGATGATGATGA,-6.008726395248e-05,0.0,631,248,856,191,505
GAGCCAGGCGCACTGTCACTTGCACAGT,TTTTGCATTTAGGCG,-0.005791029525882596,0.0,660,284,855,189,420
CCGCCAATACCAACCTCAGGTACAGAAT,CAATTTCAACGTTGT,-0.0071220569317685944,0.0,653,248,893,172,394
TCGCCAATTACAAGACCACAGTCAGGTT,GTTGGGCGCTTAAAG,-0.0016706162728436615,0.0,649,261,739,161,487
ATCTCACACTCATCCGCAAAGGCATCGC,TATATTGAACTTTAC,-0.004667122184414851,0.0,640,269,777,171,426
GGGCCACCAACAGATCCATACCCATGAT,AGTTTATAAAAAATT,0.003368985968268112,0.0,573,194,796,193,526
AGTCCAACAGCAACTGCACGGGCAACGC,AAAAGCGACATTTCT,-0.015246304388182664,0.0,773,272,749,150,337
GAGACAGAAACACAAGCAGGGCCAAACT,GTTGGGCGCTTAAAG,0.0004427923266558942,0.0,567,257,784,151,463
GTCCCAGGAGCACCATCACAGTCATGCC,AAAACATTATCAAAG,-0.005653603618674707,0.0,622,196,802,170,398
GAGACAAGGTCAGTCACAGAGACACAAT,ATTATCAAGTGCCAG,-0.011783397153956043,0.0,681,226,752,169,341
GACGCACGATCAACGTCACAAACAAAAT,TGATCATCACGGGAC,-0.008679425618369539,0.0,635,246,794,127,360
AGCGCACACGCAGGAACACAGGCATAAC,ATGGCGATGGTCTTG,-0.01792807980075537,0.0,692,291,776,124,271
CAATCACGCACAGGTACAACGTCAAAAA,ACAAGTTTTACAGTT,0.0012386133828606429,0.0,535,202,775,184,451
GGATCAAAATCAGGTCCAGTCTCAGAAT,TTAGTCTTTCCATCA,-0.006257270011874793,0.0,634,209,742,147,396
GGAACAGGAACACTCACAAGCGCACCAT,TGATCATCACGGGAC,-0.009802296436725477,0.0,690,264,642,126,374
AGGCCACCTGCAGAACCAATGCCACTCT,ACCACCGGTCCTGCC,-0.008580260220164934,0.0,636,230,751,112,362
GGAGCATGATCATAAGCAAAAACATGGC,TGATCATCACGGGAC,-0.0059149148140814406,0.0,578,240,729,176,366
CCGACAGGTCCAAACGCAATACCAACAG,GTTAAATCAACAGTT,-0.025245124919661355,32.666452340625256,787,234,718,119,230
TAGCCATCTCCACGATCACCCGCAGAAA,TCTTGGAGGTGAATG,0.007276486687653794,0.0,464,232,703,149,498
AGGCCAGTGTCAAATCCAAGACCAAGAA,TCAAAACGGAGTGTT,-0.000998478888897836,0.0,528,200,732,158,407
AGAACAGGTACATTAACACCGTCAGGAG,CTTGCAAGTGTAATT,-0.027572976414128432,0.0,830,213,639,102,221
AGTTCACGGCCATGCGCAAGCACAAATG,GCTGCTTATGAGGAT,0.00469646218908164,0.0,438,222,730,179,424
TAAGCAGGGTCACTGGCAGTTTCAGAGG,TATATTGAACTTTAC,0.0028293777073285843,0.0,492,215,678,162,442
CCGGCACAAGCAACCACAGATGCAGTAT,AAAAGAAAAATGTAT,0.004474718925645993,0.0,469,216,607,177,450
TGCGCAACCTCACGGTCAATAACATCGT,ATTATCAAGTGCCAG,0.0012246422677767207,0.0,508,252,628,96,428
GACGCAAAAGCACAGTCACGCGCAATAA,TATATTGAACTTTAC,-0.002245274639902139,0.0,510,203,667,144,374
TAGTCACCAACAAAAGCAGTCGCACCAT,AAAAGCGACATTTCT,-0.0133507491765658,0.0,623,217,595,126,293
CACCCAACATCAGTGTCACCCACACGGA,TGATCATCACGGGAC,-0.008865257053112007,0.0,542,221,626,124,305
TCCACAGGGCCACAGTCAATAACACCGA,GAACTCAGGTTCCAT,-0.013695414928018157,0.0,595,229,607,109,276
TAACCACTCACAAAACCAATTCCATCTC,GTTAAATCAACAGTT,-0.010002837612097836,0.0,504,220,686,112,271
CCCACAGGATCAAACCCAGAGCCATTTG,TGATCATCACGGGAC,-0.0016123294402949017,0.0,468,207,610,141,352
TTAACACACCCATCAGCAGAGGCACAGA,CCAAGACCGTGTAAA,-0.02722473443190021,0.0,700,217,579,92,189
GGCGCATGAGCATTTGCACGAGCAAATT,ATGGCGATGGTCTTG,-0.02113696307843411,0.0,630,235,607,88,217
CGGTCAATCTCAGGAGCAAAACCACACG,TAACCTCGCGCTGAG,-0.019443516009868378,0.0,643,222,564,85,237
GCCACATTGGCACGTTCAGTCCCAGTTT,ATGAAGTTCATAATG,-0.010194960188579903,0.0,536,203,585,129,286
CCACCACAGGCAACAACATTGACATCTG,TTTATAAATCAATAG,0.015162242260332026,0.0,331,160,614,118,487
AAGCCAAACGCACCGGCACTATCAAGTC,GAACTCAGGTTCCAT,-0.02077724464213162,0.0,621,206,570,95,217
CCCCCAAGGGCAGCGGCACCACCACTAA,TTAGTCTTTCCATCA,-0.009953542727079311,0.0,516,200,609,99,278
AACCCAAGGCCAGAAGCACAATCAGCCC,TATATTGAACTTTAC,0.002834295578889634,0.0,414,163,600,140,372
GCTGCACTGACATTGTCACGGCCAATAG,ACAACCTACCTGCTA,6.078602027741447e-05,0.0,429,192,590,124,345
GACACAAGGGCAGCCACATTGACAATTG,TCTTGGAGGTGAATG,0.003316958237888202,0.0,417,158,575,125,382
GGGTCATGCCCAGACACACCTCCAGGCT,CATTTATGGCTATCT,-0.0224617763319469,0.0,600,187,578,67,196
GTCGCAGGCCCAGGCGCATATTCAGTTG,TTTATAAATCAATAG,0.011042900359339526,0.0,339,162,536,162,423
ATAGCAGAAACATCTGCACATTCATGAT,AGAAGACGACGATGA,-0.004228020601349236,0.0,465,178,519,137,315
TGGCCACGAACAGCAACAGGCACATGGC,GAGTGCTTCAAAGTT,0.004021673901733292,0.0,381,188,561,105,359
AAATCAAGCTCACCCTCAGGAACATAAG,ATGGCGATGGTCTTG,-0.016939941262455127,0.0,513,198,521,84,209
CAAACACATTCATAGGCAATAACACCAA,AGAACATCATCTACA,-0.0007831923055248604,0.0,400,155,526,112,311
CAATCAAGAGCAGGGACATCGTCACTAC,AGTGTATGATAATAT,-0.022658157468887816,0.0,506,173,521,95,164
CTTTCATAGACATGACCATCGGCAAAAC,GAACTCAGGTTCCAT,-0.027892214590781214,0.0,582,175,445,92,153
GGGTCATGCGCAGTCTCATGGTCATCCA,TGATCATCACGGGAC,-0.007262042026455907,0.0,435,153,481,86,261
CGAACAACGGCAAGCGCAATTTCAGACT,GCTGCTTATGAGGAT,-0.02052774830301018,67.35107965163752,527,182,441,75,186
GTTACAAGCCCAAACTCACGCGCAACAA,TAACCTCGCGCTGAG,-0.028421730227782382,0.0,610,165,404,73,157
GTTCCAGAGGCAAACCAGGATCACTTC,CTTGCAAGTGTAATT,-0.03784305525718208,0.0,623,178,394,65,110
AAAGCACGTGCAGTGTCAAAATCATGGC,TTAGTCTTTCCATCA,-0.004129259474526537,0.0,397,141,452,95,270
CGTGCACGCGCACGAGCATAAGCACGGT,ATAATTTTCATCCAC,-0.014154689061582548,0.0,415,169,499,83,189
TGTACAGATCCATATACAAACTCAACCT,TGATCATCACGGGAC,-0.005117555264987938,0.0,361,171,485,86,236
AGCTCATCGGCAAATTCAGTACCAAAGC,ATGGCGATGGTCTTG,-0.02098422165866547,0.0,479,188,430,69,166
TAAACAGAGACATCTGCAACAGCATTCT,TGATCATCACGGGAC,-0.022119575674538747,19.137020324323203,462,149,455,82,153
AGGCCACCAGCAGTAGCACCGGCAGATC,GAGTGCTTCAAAGTT,0.0046404557833481085,0.0,293,112,481,120,283
CGAACACTACCACGGGCAGGGACAGGAT,TCATAGGTATCTCGC,-0.003049913557047268,0.0,376,149,409,86,267
TAAGCACAACCAGACGCAAAGGCAGGTA,GAACTCAGGTTCCAT,-0.02766317494853341,0.0,490,154,439,72,130
TCGTCAGTAACACGCCCAAAAGCATGTG,TCAAAACGGAGTGTT,0.004823624212990985,0.0,296,147,443,105,288
CGAGCAGAAGCATAGTCAGTTACAACAT,ATAGAGCGGCGTTGA,-0.012335563126373182,0.0,392,163,425,89,192
TTTCCAGTTTCAGCCACACACACAACAA,AAAAGCGACATTTCT,-0.0047306986838266075,0.0,366,149,417,77,243
GCTCCAAAGCCATGTCCATTAACACCCC,GTTGGGCGCTTAAAG,0.001573794223908109,0.0,309,148,433,77,264
CGCACAGGGACAATATCACCTTCACCTT,TCATAGGTATCTCGC,-0.011751305112007547,0.0,363,140,453,67,182
TGTGCAAACCCAGGATCAAATACAGCGA,TCAAATGATGAGGAT,-0.001578189930192075,0.0,316,128,429,94,238
AGGGCATTTCCAGTGGCAAATCCAACGA,GAACTCAGGTTCCAT,-0.025729787032418683,0.0,464,141,376,50,133
TGGCCAGATGCAGGGACAGGTACACTGC,ACCACCGGTCCTGCC,-0.011889046507281776,0.0,363,155,381,59,181
GCTCCAATATCAGCCCCAACCTCACGCA,CTTGCAAGTGTAATT,-0.04304857534945347,5.526317782670503,551,134,304,60,79
AGCACAGGTGCAGCTCCACACGCAACAG,TCATAGGTATCTCGC,-0.005234644685001033,0.0,292,131,416,92,190
CTTCCAGTGACATGCACATCCACACAGG,TGATCATCACGGGAC,-0.003666372114315375,0.0,306,118,388,93,212
TAAACACAGCCACGCGCACCGGCAACGA,AGAAGACGACGATGA,0.002300319245258464,0.0,274,128,377,83,241
CTTCCAGGTGCATTGGCAGCAGCAGAAC,ACAAGTTTTACAGTT,0.00901628721107035,0.0,239,98,385,86,275
GGTTCATAGTCAGCGGCAGCATCACTTC,CATTTATGGCTATCT,-0.02430914173348679,0.0,412,104,368,57,125
AGGTCAAAGCCACATGCAGGACCAACGA,TCAAAACGGAGTGTT,0.004844422883075805,0.0,267,108,344,78,260
GAACCATTTCCAGAGTCACGCACACCAC,TAACCTCGCGCTGAG,-0.025048686053546664,0.0,404,147,314,50,119
CACCCAACCACAAAACCATAACCACGAT,GAACTCAGGTTCCAT,-0.01988004368154357,0.0,381,138,305,56,138
GGATCATGCCCAGTCACATGTGCACGCC,AAAAGCGACATTTCT,-0.018253453847867026,0.0,357,132,341,49,138
GGAGCAAAATCAGGATCAGTAGCAGAGC,ATAGAGCGGCGTTGA,-0.0062084014901868205,0.0,302,115,324,86,189
ATGCCACACACAATTTCACTGGCAGATG,GAGAATGAAGGACAG,-0.026388165019944076,0.0,394,118,287,53,110
GGTTCAGGACCATGGGCACGGTCAGCGC,TCATAGGTATCTCGC,-0.01783484256925305,9.572795644565304,318,115,327,66,125
AATGCAGATCCACGTGCAAGGACAGCAT,TCAAATGATGAGGAT,0.005054040590614074,0.0,222,127,315,63,218
AGGGCATCGACAAGGACAAAATCAAACG,GAGAATGAAGGACAG,-0.02425189738033697,0.0,342,89,323,41,104
GGATCAAATACAAAGCCATACCCAAGGT,ACAAGTTTTACAGTT,0.005136383255350063,0.0,203,75,284,67,200
CAATCAATTACAGAGGCAACCGTACAGC,GTTGGGCGCTTAAAG,0.008629175186012295,0.0,173,86,275,74,196
CGAGCAGGACCAGTTACATGCTCACACT,ACAAGTTTTACAGTT,0.00739628738039746,0.0,153,81,280,82,165
GGTGCAGTACCATGCTCATCCACAGTAT,AGATTCATCCCATGG,-0.05570487657273429,0.0,405,107,179,19,35
TCGGCAATTGCATCACCACACCCAGCTA,TGATCATCACGGGAC,-0.007471248268218832,0.0,200,98,266,62,119
TTAACAGGTCACGAGCAAAAACAGCGG,CTTGATCAATCAAAA,-0.011622451458626948,0.0,252,87,224,46,127
TCGGCATCTACAGGGACATACGCATTGA,ATGGCGATGGTCTTG,-0.028698297822736453,0.0,275,98,249,42,70
AGCACATGGACATTCACACAACCAAAGC,GTTGGGCGCTTAAAG,-0.0062414921634495356,0.0,176,101,269,53,110
AGAACATCCACAAAGACACTTTCATAGA,GCTGCGGAGCCTCAG,-0.07190022669529948,1.5737730833071168,468,80,135,16,9
CCCGCACTTGCACATCCAAGGGCAACAC,AGTGTTAATCAGACC,-0.010264023224374275,0.0,218,85,223,65,116
ACCGCAACGACATACACAGAAACAAACT,CATTTATGGCTATCT,-0.02662864298225429,0.0,264,91,228,41,73
ATGCCACATTCAGTTGCACTTCCAAGCG,TAACCTCGCGCTGAG,-0.023002886397396404,0.0,244,90,249,31,78
CTCTCAGAGTCAAGATCAGGTACAGCGA,CAAGGATCCCCGTAG,-0.03212938538463552,0.0,347,89,151,26,77
TTACCACTTGCATCAACACAACCAAAGT,CAAGGATCCCCGTAG,-0.041054614935212716,0.0,322,98,187,21,50
CTTGCATCCACATTAGCAGGCTCAGCTC,TTTTGCATTTAGGCG,-0.01769107072323981,0.0,215,64,243,41,85
GGCCCAAACGCACCTTCAGATACATGCA,CTTGATCAATCAAAA,-0.016450688857602702,0.0,207,94,229,31,86
GGGGCATGAACAGTCTCAAGACCACCCG,CATTTATGGCTATCT,-0.007215269328060646,12.30613946346898,178,78,245,28,107
TAACCAAAGACATGAACAAATTCAGCCA,CATTTATGGCTATCT,-0.029918051926972274,0.0,231,99,219,22,56
CCACCAGTGACAAGAACAGCTTCAAGAT,CATTTATGGCTATCT,-0.01598586447257648,0.0,215,63,230,24,91
GGGTCAAGGCCATCACCACGGCCAGTTG,TGATCATCACGGGAC,-0.013335696491715666,0.0,204,68,185,54,96
TCAGCAGTAGCACCGGCAGGAGCAATGG,TCTTGGAGGTGAATG,0.012700650378988378,0.0,108,58,238,51,144
GAGACACATTCACAAGCACGCCCACATA,GTGTGATTACTAAAT,-0.025956817525976873,0.0,257,78,160,22,73
CATGCATAAACAATAGCACGGGCAATGG,CTTTCTTGTGTATTT,-0.0774507272079747,0.0,359,60,139,17,13
TTCACACCAACAAATACACAGCCATCTG,CATTTATGGCTATCT,-0.022865899753280773,0.0,224,91,158,36,72
GAGCCAGGAGCAGTTACATTCGCAGAGA,GTTAAATCAACAGTT,-0.02522769867297918,10.130979425214719,212,74,184,38,62
CCTACACTTTCACGGTCATACTCAGATT,TGGAGTCTTTGTTGA,-0.037787934623480804,0.0,243,68,160,23,43
GTCACAAATGCATCACCAAGGCCATCCA,AGATTCATCCCATGG,-0.052736342845279414,0.0,298,61,130,17,29
TGTACAAGTACATAGGCAGTATCAGCCC,CTCTTGAGAATACTT,-0.11199958400715762,0.0,393,67,56,3,5
TAAACATTCCCACATGCATAAGCATAGG,AGTGTTAATCAGACC,-0.0693555571990998,96.66521691159085,329,67,110,6,9
TGGACAAGCCCAAGGGCATCTTCATACT,AGATTCATCCCATGG,-0.058978778143904016,0.0,277,81,109,16,21
ATTACACAGGCACTTGCAAGTGCAAAGA,CTATGCATTTACTCA,-0.03444801672820554,0.0,178,67,203,17,36
AACACAGGCCCAAAACAGTTTCAGAAC,CTTGATCAATCAAAA,-0.025329691596493165,0.0,206,77,142,12,60
CAAGCACGGGCACACCCATACGCAATCA,TCAAATGATGAGGAT,-0.003326620086108934,0.0,131,51,178,44,92
AGTACATCACCAGAGGCACAACCAATGA,GCTGCGGAGCCTCAG,-0.06775976249574366,2.155220535312452,310,65,102,12,3
AGTACACAGACATCAGCAACCGCAACGA,TATGCCCTTCTTCTG,0.014502672433376572,0.0,97,42,163,47,139
CATGCATGGGCACGTGCATGTACAGAGC,CTTGATCAATCAAAA,-0.014550063245429602,0.0,145,54,167,38,65
GACACAGTAACAAATTCAAGTCCATGCA,CAAGGATCCCCGTAG,-0.04134466309883571,0.0,215,58,126,20,33
TTGCCATTCACAAGCACATGGACAAGTG,ACAAGTTTTACAGTT,0.017107631437438167,8.83249027623765,83,33,165,38,132
GGATCAGGAGCATAAGCAACAGCAAGTT,CTTGCAAGTGTAATT,-0.032778310706415854,0.0,222,54,98,18,48
CGAACACGAACAGGGCCATCATCAATAC,GAGAATGAAGGACAG,-0.04942201586571167,8.339674594338021,198,55,133,28,22
TATCCACATGCACTTACAAGCACAAGAG,CTTTCTTGTGTATTT,-0.07207547487596508,0.0,245,39,123,15,11
GCAACACTTCCAGAGACATAAACACTTG,TCTTGGAGGTGAATG,-0.0004983972712360816,0.0,103,49,132,47,81
GTACCAGTAACACGTCCAGTGACATGTC,TCAAATGATGAGGAT,0.005201846252898479,0.0,82,46,158,29,81
CGCAGCATAAGTCCCATGAACAACCA,CTTGATCAATCAAAA,-0.027580301944467835,0.0,139,35,150,33,37
GCGTCAAGGGCAGGTGCACTATCAATAT,ATCGTTGGCATTTGG,-0.04756171165423392,0.0,207,48,97,9,28
GCCACAAATGCATACGCATAGGCAGGCG,AGATTCATCCCATGG,-0.044624740670459025,0.0,208,44,92,15,28
TGTGCATAAGCAGCGCCATTCGCATAAC,ACAACCTACCTGCTA,-0.006194806809079667,0.0,107,65,116,30,67
ATGTCATAGTCACACACAACGCCAAAGG,CTTGATGGCTGAAAG,-0.014475636277687488,0.0,129,38,129,24,58
TAGCCAGACACAAGTGCACCAACATACC,GAGAATGAAGGACAG,-0.030280175250006456,0.0,113,51,137,22,27
CCCCCACCGTCATTAACACAATCAGCAT,GTTAAATCAACAGTT,0.0017600948854209937,5.0232078264689335,79,34,143,25,68
AGTGCAACCCCAGTTGCATCAACACTCG,CTTGATGGCTGAAAG,-0.01599643306288394,0.0,130,45,98,14,55
ATGACAGGACCACAATCAAGAGCAAGAT,ATCGTTGGCATTTGG,-0.05765783146441533,0.0,192,41,85,6,15
TGGTCATGGTCATACGCAGAGGCAATCG,TAATATTGTTTTGCG,-0.11743347715872887,1.7561503986701155,266,35,34,1,0
TGGTCAGCAACACGTGCAGTCGCATAAT,TAATATTGTTTTGCG,-0.08614657932406772,0.1628000394123319,248,26,35,4,11
AGCACAATCACAGTTACATTGGCACTAG,TTAGTCTTTCCATCA,-0.008613722558212822,0.0,95,41,114,20,54
CCAACAGCAGCAGGGACATAAACACATT,TCAAAGCATGAAAAA,-0.06873209305705927,0.0,192,46,65,6,5
AGCACAGGGACATGTACATTGCCATCCC,CCAAGACCGTGTAAA,-0.043139155158688984,1.1999466292822945,119,55,103,10,17
CTAACAAGAGCACTTGCAGCTGCAGTGT,CTTGATCAATCAAAA,-0.014995073215337459,0.0,109,30,105,10,48
GGAACAGCCACAGAATCAGGACCAGACG,AGAACATCATCTACA,0.0019310774766769997,0.0,75,25,97,38,65
ATAGCACCCGCACGGACAGTCGCAGGTC,CTTGATCAATCAAAA,-0.03306622175795486,6.804154976777227,131,40,88,11,28
CTTGCAAGCTCAAGTACACGAGCATACA,CCGTTAGTATCGCTA,-0.04702291615916805,0.0,139,40,82,18,17
ATGCCACATCCACAGTCAATCGCACCTG,CTTGATCAATCAAAA,-0.020804430969002217,0.0,106,43,96,14,37
GCGCCACGAACATGAACAGCCTCATATT,ACAACCTACCTGCTA,0.015930943665988528,7.881482631614972,58,22,108,19,88
CAGACAACCGCACCAACACTAACACATA,ATCGTTGGCATTTGG,-0.05238715942590782,0.0,152,45,61,18,15
GGAACATTTGCAGCGTCATCACCAATCC,ATCGTTGGCATTTGG,-0.05191443526630609,0.0,156,40,66,6,18
TCGACAGGGACACAGGCAGGGTCACAAA,TCGAAAGCACAGTAG,-0.08443195181165729,0.0,186,33,46,6,8
TACACACTGCCAGCGACACGCTCACCTG,GAGAATGAAGGACAG,-0.016133438862373794,0.0,92,34,104,7,34
CTTACAGTGCCAGGACCAGATTCACAGC,CTTGATGGCTGAAAG,-0.03449903715407687,1.953068352447076,109,36,71,31,22
GGAGCAGTGTCAGAATCAATGACAAGCG,GTTGGGCGCTTAAAG,-0.0118200809463048,4.064248371350004,92,24,86,19,46
ATAGCATCCACATGCGCAAACGCAACCC,TAATATTGTTTTGCG,-0.1039114963140274,0.0,197,32,33,4,1
AATACAGAAGCAGGGGCAGTACCAGTTT,CTTGATGGCTGAAAG,-0.023153109178449774,0.0,107,19,88,18,34
GACGCACCTACACTATCATGACCACTAC,CTTGATGGCTGAAAG,-0.021956708649008894,0.0,78,35,88,25,26
AAGGCAGCCTCACTTTCAACGACAACTC,CTTTCTTGTGTATTT,-0.05323618236212608,0.0827597189846756,143,33,66,2,5
CTCACAGAAGCAACCTCAAGGGCAAGCA,GCTGCGGAGCCTCAG,-0.10389511898011095,0.007120624202542558,185,25,31,7,0
AAAACAACCACAGGTACAGGCACACATT,CGAACAGAAACACAA,-0.05808058238640319,0.0,148,20,62,3,9
TGCGCAGTGGCATGAACATATCCAGAGT,CTTTCTTGTGTATTT,-0.06243232427017249,0.0,125,30,48,4,8
ACGGCAATGCCACTATCATACGCACAAT,CTAAGCAGTCTTCTC,-0.0503312069699835,0.0,112,25,56,10,12
CCATCAGTAGCATGTGCACACTCAGCGA,ATCGTTGGCATTTGG,-0.07103413857686158,1.6699210788793835,133,23,43,5,9
CTGTCAACGCCAACGTCAAGCTCAAATC,ATCGTTGGCATTTGG,-0.04356186238297913,0.0,125,20,52,10,6
GGCGCAAAGACACAGGCAAATACAACTG,ACAGTTGACGGACAG,0.008784305127853952,0.0,50,21,67,15,57
AGTACAGCTGCACGTGCAAAAACAACAA,CTTGATCAATCAAAA,-0.021956708649008894,0.0,63,21,90,10,21
TGAACACACTCAGAATCAAGCTCATACG,GCTGCTTATGAGGAT,0.009950627998630158,0.0,36,18,86,16,43
GCTGATACCCAGGTTCAACTGCACGAC,TTTAACTCACCGTAA,-0.028849355684135512,0.0,83,23,56,13,21
TCATCATAACCAACATCAAATACATAAA,ATTATCAAGTGCCAG,-0.02701228383092134,8.672583430422605,80,24,58,7,24
TCGTCACAGGCAGTTCCACAATCACGGG,TATGCCCTTCTTCTG,0.008938626605530955,0.0,34,16,78,25,39
GAGACACGTGCACGAGCAAACGCAAGAG,TCAAAGCATGAAAAA,-0.09110388644867391,1.8388664284853462,134,20,29,1,3
GTCTCAAATGCATCTACATGCGCATTCG,GTTGAACTGGTTGTT,-0.02218894766200463,0.0,79,30,53,12,9
CCCTCAAGAGCAGATTCACCCACAAAGG,TCTTGGAGGTGAATG,0.005508598567693835,0.0,46,18,58,15,46
TAATCAAGTGCAGTGTCACCAGCAGATA,ACCACCGGTCCTGCC,0.006083336523311276,7.519441313159405,43,13,57,24,44
TGTGCATCCGCATCCGCAGAATCATACA,ATCGTTGGCATTTGG,-0.06642262393359051,2.6596220793883276,110,24,39,4,3
GGTCCACTGCCATAAGCATTACCAGTGA,TCAAAGCATGAAAAA,-0.06638298696565273,0.03067767228986895,121,12,30,1,10
GGGTCAGGACCACACTCAAAAACAAGTA,CTTGATCAATCAAAA,-0.03465519938795654,4.215844407092618,80,24,44,6,20
CCGACAGCCGCAAGGACACATACACTAC,CTTTCTTGTGTATTT,-0.08802599179870225,4.2704210647737,126,10,29,1,6
TGGCCATTTGCACTAGCAAACACATCCT,GCTGCGGAGCCTCAG,-0.10572728858705999,0.035009510092720575,130,19,21,1,1
TGGGCAAAGGCAGGCACATAGGCAGGCT,TGGAGTCTTTGTTGA,-0.057297454358255395,0.0,94,19,40,9,9
GCCCCAGGCCCAGTTCCATCAACAACAG,GAGTGCTTCAAAGTT,-6.999021516138635e-05,0.0,45,11,63,15,36
AGTCCAATGCCATCATCAGAGTCAGGTC,AAAAGAAAAATGTAT,0.002648339788250232,0.0,37,12,69,18,33
CTCACATTGACACAGCCAGAGTCATAGA,CTCTTGAGAATACTT,-0.11433170761275627,0.0,125,18,17,0,2
GACCCATCTCCACAGACACGAACATCCG,CTTGCAAGTGTAATT,-0.022742940755617003,0.8833240654226984,73,16,62,5,6
AGTGCAATATCATAAGCAGTAACAGCAC,ATCGTTGGCATTTGG,-0.04977459278366001,0.0,93,13,46,1,3
TCTACATGGTCATCATCAAGGTCAGTGA,CTATCAAGGCTTAAT,-0.07493133453356102,0.0,107,11,32,0,1
CACCCAGAGTCAGAATCAGTTGCAAACC,TCGATAGAATTTACT,0.00630231602555833,0.0,31,13,53,19,32
ATCCCAAACACACTGCCAATGGCAAGCC,TCAAAGCATGAAAAA,-0.08705035108752308,0.8301430933021834,98,22,23,2,1
GCGCCAGTGTCACAGTCAATATCAGTGC,CTAAGCAGTCTTCTC,-0.04956883257967972,0.0,85,16,29,2,14
TAAACACAAGCAACCTCAGTGGCATAAA,GAGAATGAAGGACAG,-0.015510980916456417,0.0,51,16,44,12,22
TAGGCAGCGGCAGGTACAGTATCAGGTC,TCAAAGCATGAAAAA,-0.07064371493773533,0.0,89,22,29,2,0
GCTACAAGAACATAAGCATGATCAGAAG,AAAAGAAAAATGTAT,0.003618242111145173,0.0,35,13,54,9,31
TGGACAACAACAAACGCAGAATCAAGTC,CCGTTAGTATCGCTA,-0.061554067652373146,0.0,87,13,34,0,6
CTTACAATGTCAAACGCAAGACCATCCA,TATGCCCTTCTTCTG,-0.013544902733478545,8.630766999967364,45,19,40,13,21
CTTTCACTTGCAGCCGCACCCTCAGAGC,ATTATCATCGCCATC,-0.0738044238738937,0.0,85,13,26,3,7
CACTCACTCACAGTATCAATCACAACTA,TCAAAGCATGAAAAA,-0.0765612322968527,0.0,76,22,22,1,2
AGTTCAATGCCATTGACAGCCACATGTG,CGAACAGAAACACAA,,0.0,107,8,8,0,0
CAAACAGCCACATGCTCATGGCCAACCA,TCTTGGAGGTGAATG,-0.006092069111523196,1.0606060312927639,36,11,43,8,23
AGAGCAGGACCATTCACAGACACAATTG,CTATGCATTTACTCA,-0.005537220239282137,0.0,28,11,50,10,18
TCGTCAATACCAAGTGCAACGTCAACAT,TGATCATCACGGGAC,-0.020293670435842476,2.360488745015914,38,13,47,5,10
GCGCCAAGTTCACCAACATCACCAGGCG,CTTGATCAATCAAAA,-0.004417993969954688,3.9444923835947066,32,10,32,8,27
GGTGCATCCTCAACCCCACAGACATAGT,CTTTCTTGTGTATTT,-0.1078159181625992,3.090453217031552,71,14,11,2,3
GTTTCACTGTCAGTACCATTGACAAGGG,CGTCAAGACCTTCTA,-0.009977101964504187,6.108806824574799,30,16,34,4,16
TCGGCACAACCAGTATCACATACAGGCA,CATCAATGAGGCAGT,,0.0,96,1,1,0,0
CCTTCAAATGCATCGGCAGTCTCAAAGG,TCAAAGCATGAAAAA,-0.08471787110400708,0.0,61,12,15,2,1
GAGACACTAACAACTACAACCACAGTCA,CTTGCAAGTGTAATT,-0.032959381513573215,0.0,59,8,9,1,13
ATCGCACCGACATAGGCACGTACAGTGG,GTAATCTGACTCTAG,-0.05799428398534383,0.0,64,15,7,1,0
TCGGCAGGCACAAAAGCAGCCGCACTCT,CTAGTTGTATAGCCA,-0.10637329590203413,0.0,67,5,11,0,0
TTACCACGCTCAATAACATGTCCAGTAC,CTAAGCAGTCTTCTC,-0.06711599094900347,0.4588913494454232,50,7,18,3,4
GGTTCAGCGCCACAAACATAACCATACA,TATATTGAACTTTAC,0.034853881722237065,0.9739257687705276,16,11,43,2,7
GCTGCAATTCCAACAACAGTTGCACAGC,GTTGGGCGCTTAAAG,0.010951176578313238,0.0,14,5,27,14,19
CGCCCATGTACAGTCGCATTTGCAACGA,GCTGCGGAGCCTCAG,-0.09080811122664852,0.0,58,7,13,0,0
GCCTCAGGCTCAAGTCCACGCACAGGTG,CAATCTTGAATTGAT,0.039977988708428704,2.198427630843753,8,6,21,11,28
CACGCATGTCCAGCACCACTGCCACATC,CCAGGATGTACCGCC,-0.041757460279901126,12.077967405363552,31,18,18,0,5
ACTCCAATCACACAGACAACCACACTGC,TATATTGAACTTTAC,-0.013148220884795891,2.934177338384245,30,9,10,3,15
AAGTCATCGACAATGACAAACGCATTCC,CTAAGCAGTCTTCTC,0.01171182400276427,1.3448618252223241,34,16,8,1,2
ACGACATTCGCACGAACACCAGCAGGTC,CTACTTACAACGGAA,-0.0017292608224029997,0.0,19,3,18,4,15
GCCGCAAGGGCAGCTACACAGTCATGAC,CGTCAAGACCTTCTA,-0.03542170512284253,0.0,28,9,19,2,0
CCCGCAGCCGCAGCAGCAGTAACAGCGG,CGTCAAGACCTTCTA,-0.03812506618635636,0.0,28,6,18,3,3
ACAGCAGGGACAGGGACAACCCCAGTAA,TACACCAATTACACT,,0.0,55,3,0,0,0
CAGTCACAACCATTATCAGTGACAATTA,GTTTAGCTTCCGTTG,-0.06783802515674316,0.0,31,9,11,1,4
GGGTCAGTTTCAGGCGCAAGGGCAAGAA,CTTGATCAATCAAAA,-0.06304671580985714,6.835653556914224,29,10,11,2,2
GGTACAAGGCCATCCACATTACCATTGC,ATCGTTGGCATTTGG,,4.170892748433147,37,8,7,1,0
ATCTCAAGGACACCATCATGACCACGCT,AGAAGACGACGATGA,-0.03957238061392831,0.49999345370002857,9,11,13,7,12
GCACCAGCTGCAAGGTCAAGGGCAGATT,CTAGTTGTATAGCCA,,0.7984636668873719,40,7,1,0,0
AGCGCAGGGCCAAAATCAAGGCCAGACC,CTTTCTTGTGTATTT,0.009770015417054178,0.27907873756791446,26,12,7,2,0
GACACAAAGGCACGGACATATGCATCGT,TAACCTCGCGCTGAG,0.007945225440689985,0.5454093707538448,13,2,21,3,4
CAACCAAACGCAAGGGCACACCCAGAGA,CTAAGCAGTCTTCTC,,3.474937673294505,29,5,5,0,1
ATCCCATCCACAAGCGCAGCACCATCGA,CTAGTTGTATAGCCA,,0.0,28,5,6,0,0
AGGCCAAGAACACATACATAGGCAGCCA,AGTGTATGATAATAT,-0.01926035462928297,0.0,16,4,15,1,1
CACGCAATGCCACGGCCAAATGCAAAAA,CTAGTTGTATAGCCA,,0.0,29,3,2,2,0
AAAGCAACCTCAATATCAGTTCCAACGG,TAATATTGTTTTGCG,,0.0,24,3,3,0,2
ACCACAACGTCAAGTACAACATCAGTCA,TCAAAGCATGAAAAA,,0.0,16,4,5,0,0
ATCTCATAATCAGAAGCACACACAGGCT,AGTGTATGATAATAT,,0.0,19,2,3,0,0
ATTGCAAGCGCAGACTCAGCACCAACGC,GTAATCTGACTCTAG,,0.0,14,2,7,0,0
ATTCCACAGACAGTCTCACAGCCATCGG,GTTAAATCAACAGTT,,0.0,3,1,14,2,3
TGCGCACCCTCATCATCACGCTCAAACT,CTAGTTGTATAGCCA,,0.0,18,2,2,0,0
GGTACAGCGGCAACTTCAGGTGCAATCC,TATATTGAACTTTAC,,0.0,4,2,15,1,0
AGAACAGACTCAGGATCAAAAGCAAGCT,ATCGTTGGCATTTGG,,0.0,16,1,2,0,0
TAACCAGGGCCAACGACATAGTCAACCA,ATTATCAAGTGCCAG,,0.0,1,3,7,3,3
TCAACATGGTCATACGCAAATCCAAGTG,CGATGATGATGATGA,,0.0,2,0,7,1,6
GCGTCAAGGACATTAGCAGTTCCATCGG,AGATTCATCCCATGG,,0.0,5,1,2,4,2
TTCGCACATTCAGTAGCAGAATCAAATG,TTTAACTCACCGTAA,,0.0,6,0,6,0,1
CAAAGCAGCATCTGCATTCTCAATCC,TCGAAAGCACAGTAG,,0.0,10,1,1,0,0
TAAACAGAAGCAGAGTCACTGCCAAAGG,CGTCAAGACCTTCTA,,0.0,8,1,0,0,0
TTTACAGTTACAGTCACACGGACAGCGG,TCAAAGCATGAAAAA,,0.0,4,3,2,0,0
AACGCAATCGCACCGCCACACTCACGGA,GAACTCAGGTTCCAT,,0.0,7,1,1,0,0
TATCCAATAGCAGCTTCATGATCAAGTC,GTCACCGGCACTAAC,,0.0,5,0,3,1,0
TTTACAGCGACACGACCAAAGGCAGTAG,TCAGAGCATTGGCCT,,0.0,2,1,3,1,2
TATACAACTCCAACCCCATGGTCAAGCG,CTAGTTGTATAGCCA,,0.0,6,0,0,0,2
GTAACAACAACAATCGCAGAAGCACTGC,TCAAAACGGAGTGTT,,0.0,3,1,3,0,0
TCCACACTAGCAAACGCAAGTGCAACTA,CTTGATGGCTGAAAG,,0.0,4,0,2,1,0
GACTCAAGGGCATGAACAATGGCAACTC,CATATGCATTCCTTG,,0.0,7,0,0,0,0
CATTCAACCAGCGCCAACAGCATGTG,AGTGTTAATCAGACC,,0.0,5,1,1,0,0
CATTCACGTGCAGCTCCATGCACAGGTC,GTGTGATTACTAAAT,,0.0,6,0,0,0,0
TTGGCATATTCACAGACATGTACACTTT,GAGAATGAAGGACAG,,0.0,3,1,2,0,0
CGGATCAGGCACAGTGGCCTCACCTA,CTACTTACAACGGAA,,0.0,0,0,2,1,3
GGGACAACGTCATCGACAATGTCATTCC,CATATGCATTCCTTG,,0.0,2,0,3,0,0
ATTACACGATCATGAACACTGTCAAGTG,CTTGATCAATCAAAA,,0.0,4,1,0,0,0
AACCATACACAATGCCAGCCGCAAAGA,ATAGAGCGGCGTTGA,,0.0,1,0,4,0,0
GACGCACTCTCAACAGCACGGTCAATTC,CTAGTTGTATAGCCA,,0.0,4,0,0,0,0
CTCGCAGTAGCATTGACATAACCAGGCG,TTTATAAATCAATAG,,0.0,4,0,0,0,0
GTAGCACCAGCAGAAGCAGGAACACACA,CTTGATCAATCAAAA,,0.0,4,0,0,0,0
TCGACAGGGACATCGGCATCAACATGTA,CCAGGATGTACCGCC,,0.0,1,0,1,2,0
AAAACAACTGCACTAGCACCTCCACTCC,TCGAAAGCACAGTAG,,0.0,3,1,0,0,0
CATACAACATCAGTGACAGAGGCACTAC,ATGGCGATGGTCTTG,,0.0,4,0,0,0,0
AAGTCAATGCCAATTCCAGAGGCACATA,TTTATAAATCAATAG,,0.0,4,0,0,0,0
AGTACACGCCCAACGACATAAACAATCC,TTTTGCATTTAGGCG,,0.0,2,0,1,1,0
GTCACAAATCCAGGCGCAGGGCCAAGAG,CTACTTACAACGGAA,,0.0,4,0,0,0,0
ACCGCATACACAAACACACTGTCACGCA,ACAGTTGACGGACAG,,0.0,3,0,0,1,0
TGAACACCTTCAATAACAGCACCATCAC,TTTATAAATCAATAG,,0.0,0,0,1,2,1
ATTACATGCACATATGCATGCTCAGCAC,TCGATAGAATTTACT,,0.0,0,0,1,2,1
AATTCAGGCCCATACACAAAAACAGACT,AGTGTATGATAATAT,,0.0,2,1,0,0,0
TAGTCAGCTACACACTCAGCACCAAACT,CAATCTTGAATTGAT,,0.0,3,0,0,0,0
AGCTCAGTGACAGTAACAATAACATCGA,TATGCCCTTCTTCTG,,0.0,2,0,0,0,1
ACTACAAAATCATGGCCAGTGCAGATA,ACAGTTGACGGACAG,,0.0,2,0,0,0,1
GGGCCATGGGCAATTACAGATGCAGGTG,CAATTTCAACGTTGT,,0.0,3,0,0,0,0
CTTACACCGTCATCCTCATGGACAGGAT,TTTATAAATCAATAG,,0.0,2,0,0,1,0
GTATCAGCCCCAGCGGCACTGCCATTCT,TCATAGGTATCTCGC,,0.0,2,0,0,0,1
ACAGCAGTCGCAAGATCAGAGTAATGC,AGTGTATGATAATAT,,0.0,3,0,0,0,0
GCGGCAGCCGCAAACCCAGTATCAAGGA,TCTTGGAGGTGAATG,,0.0,1,0,2,0,0
GTCACAAACTCACCAGCAGTCTCATGCC,GTTTGTTTTGGGAAA,,0.0,3,0,0,0,0
CCGCCACAGTCACAGGCATTAACAGTGC,TTTTGCATTTAGGCG,,0.0,3,0,0,0,0
CCATCACGACCAGACACATGCACAAATC,AAAAGCGACATTTCT,,0.0,3,0,0,0,0
CTAACATGATCACAATCATGGTCAAAAG,GTTGGGCGCTTAAAG,,0.0,3,0,0,0,0
TCGCCATCTTCACCGCCATCTTCATCAA,TCAAAGCATGAAAAA,,0.0,3,0,0,0,0
GAACCAATGCCATCGACAATTACACCCA,CATATGCATTCCTTG,,0.0,3,0,0,0,0
AAAACAAAGTCATGGGCACCTTCACGAA,TCAAATGATGAGGAT,,0.0,2,0,0,1,0
GGCTCAAGAGCAGGGCCAACCGCAGTTA,CTTGATGGCTGAAAG,,0.0,3,0,0,0,0
GAGGCAAGCACACCCTCACTCGCAAACT,TTTATAAATCAATAG,,0.0,1,0,0,2,0
AACCCATGCGCAATCTCAGGGACAAAAC,TCAGAGCATTGGCCT,,0.0,1,0,1,1,0
CGGCCACTGACATAGACAACAGCACGCA,ACAACCTACCTGCTA,,0.0,1,0,1,0,1
AAATCAATACCAAGGTCAGCGCCACTTG,ATTATCAAGTGCCAG,,0.0,0,1,1,0,1
GCCCCACAGACAGGGTCAATCGCAACAT,TGATCATCACGGGAC,,0.0,0,1,2,0,0
AAAGCAAAGCCATGTCAGTTCCAATGG,TCAAATGATGAGGAT,,0.0,0,0,2,0,1
TCATCACCATCATTCACACCAGCAGCCA,TTATATTTATTTGCT,,0.0,0,0,2,1,0
TTTACACCGGCACAGGCATGTGCAAGAA,TTAATTGCACTTATG,,0.0,0,0,1,0,2
AATGCACTCCCATCGGCACCAACATAAT,AGTGTTAATCAGACC,,0.0,0,0,0,1,2
ATCGCAAAGGCATTATCAATGTCAAGCA,CTTGATGGCTGAAAG,,0.0,0,0,0,1,2
GAAGCATTTTCACTCGCAATGACAAGAC,ACAGTTGACGGACAG,,0.0,0,0,0,1,2
TATCCATAAACAATCCCACTTGCAATAA,GAACTCAGGTTCCAT,,0.0,0,0,0,0,3
AATGCACCCGCAGCGTCAGTGTCAAGGT,GTTGGGCGCTTAAAG,,0.0,0,0,0,0,3
GAGACAACATCAAACACACTCCCAGGCT,GCTGCTTATGAGGAT,,0.0,2,0,0,0,0
GGATCAAGCGCAACCACAGCTTCAAAAA,TCAAATGATGAGGAT,,0.0,2,0,0,0,0
CGAACAAATTCATTCGCAGACTCAAAGC,CTTGATCAATCAAAA,,0.0,2,0,0,0,0
AGCACACAGCCAGTCCCAACTTCATTAC,CCAAGACCGTGTAAA,,0.0,2,0,0,0,0
GTCCCATACGCAATTACACCCCCACGGG,GTTTAGCTTCCGTTG,,0.0,2,0,0,0,0
ACGTCAAGCGCACGTACAGTCTCATTCA,AGAACATCATCTACA,,0.0,2,0,0,0,0
TTGTCACGATCACAAACAATCTCATTGA,GTTTAGCTTCCGTTG,,0.0,2,0,0,0,0
CGGAACAGATGCAACATGACCATAGT,TGATCATCACGGGAC,,0.0,2,0,0,0,0
CCATCATATCCAGAGTCAATGGCATAGC,CAATTTCAACGTTGT,,0.0,2,0,0,0,0
GGTGCAGAGCCAAGGTCAAATTCATTGA,AAAAGCGACATTTCT,,0.0,2,0,0,0,0
GATTCATCAACAGTAGCAGAGGCATGGG,TTTAACTCACCGTAA,,0.0,2,0,0,0,0
AAGACAAAAGCAGATGCAAGCTCACAAA,TTTAACTCACCGTAA,,0.0,2,0,0,0,0
TGATCAGAGTCAGATGCACTTGCATCCG,TTTATAAATCAATAG,,0.0,2,0,0,0,0
GGGCCATAGCCAATCTCAAAACCAGGAC,GCTGCTTATGAGGAT,,0.0,2,0,0,0,0
CTTACACAGCCATGTGCACTAGCAAGGA,ATAGTCGATTAAGAT,,0.0,2,0,0,0,0
CGACCAGAATCATCTACACATCCACGCG,CTTGATCAATCAAAA,,0.0,2,0,0,0,0
TTTTCAGCGGCATGAACATCCGCAAAAA,CTATGCATTTACTCA,,0.0,2,0,0,0,0
CCAACAGGGTCAATTGCACTCACATTAA,TCAAATGATGAGGAT,,0.0,1,0,1,0,0
GTATCACCGTCAGTTTCAACCTCAGAGC,CTTGATCAATCAAAA,,0.0,2,0,0,0,0
TTCCCAGGGACAGGCTCACGCGCAGTCG,ATAGTCGATTAAGAT,,0.0,2,0,0,0,0
TGGTCAGTAGCAGATTCAAAACCAGCAA,TCGAAAGCACAGTAG,,0.0,2,0,0,0,0
GAGCCAGGGGCACTTTCAGAAACAACCA,GTTTAGCTTCCGTTG,,0.0,2,0,0,0,0
CAGGCACCGCCATACTCATCGACACCTT,TCAAAACGGAGTGTT,,0.0,2,0,0,0,0
AGTCCAGTGGCACAACCATATTCAACGG,CATATGCATTCCTTG,,0.0,2,0,0,0,0
GAATCACCCACAAGAGCACAGTCATGGA,ATAATTTTCATCCAC,,0.0,2,0,0,0,0
TCTTCACAAACACACGCAGCGTCACATT,CTAGTTGTATAGCCA,,0.0,2,0,0,0,0
TCCTCACTTGCACGGACATAGTCAGCTA,GGTGGAAGTAGCAGT,,0.0,2,0,0,0,0
TATTCAAATGCACAATCAGCCTCAGCTG,ATTATCATCGCCATC,,0.0,2,0,0,0,0
AGAACAGAATCAAGCACAGGTTCAAAGA,TCATAGGTATCTCGC,,0.0,2,0,0,0,0
GTAGCAAAAGCAGTAACATGATCAACCC,ATCGTTGGCATTTGG,,0.0,2,0,0,0,0
ACCACAGCAGCAATGTCAACACCAGTGC,ACAGTTGACGGACAG,,0.0,1,1,0,0,0
CAGCCATGTACACATTCAAAGTCATGCC,CTATGCATTTACTCA,,0.0,2,0,0,0,0
ACTCCACCAACAACTACAGCAGCAAAGG,GAACTCAGGTTCCAT,,0.0,2,0,0,0,0
CCACCATCTTCACGTGCAGAGACAGGCA,ATTAATACTTTGCAG,,0.0,2,0,0,0,0
TTGTCAACTCCATAAGCAGCTTCACGGG,GCTGCTTATGAGGAT,,0.0,2,0,0,0,0
GGTGCAAAGTCACAACCACGGACAAAAC,ACAAGTTTTACAGTT,,0.0,2,0,0,0,0
TTTTCAGCAACACGGACATATGCAACAG,ACAAGTTTTACAGTT,,0.0,2,0,0,0,0
CAGGCAACCTCAGCGACAAGAACAGATG,TCAAAACGGAGTGTT,,0.0,2,0,0,0,0
CAGTCAGAACCAATGGCACACACATGAA,ACAGTTGACGGACAG,,0.0,2,0,0,0,0
CCAGCATAGGCAGCATCAGCACCAGGTG,CAAGTTCGGCGAAAT,,0.0,2,0,0,0,0
TGAACAATACCACACGCAACGTCACACA,CTCTTGAGAATACTT,,0.0,2,0,0,0,0
ATAACAGACTCAACTGCAGCCTCAACGA,TAACCTCGCGCTGAG,,0.0,1,1,0,0,0
CCACCATCAACAAAAGCAATATCATCTA,ATTATCATCGCCATC,,0.0,2,0,0,0,0
CCTGCAGGGACAATGGCAATCGCAGTGT,ACAGTTGACGGACAG,,0.0,1,0,0,0,1
TCAACATCTACAGGGCCAGAACCAAGTG,TTTAACTCACCGTAA,,0.0,2,0,0,0,0
CTTTCAGGGACATCACCAAATTCAGGAA,CTATCAAGGCTTAAT,,0.0,2,0,0,0,0
TTGTCACCTGCACCGGCAACCGCAAGTT,GCTGCTTATGAGGAT,,0.0,0,1,1,0,0
TGGGCACTGACAAGCTCATACTCAATGC,TATGCCCTTCTTCTG,,0.0,0,1,0,0,1
AAAGCAGGCTCAATTGCATAATCAAGAG,CTCGCTAATACTCCT,,0.0,0,1,0,0,1
AGACCAGCTACAACTGCAGGAGCACTAC,TTAGTCTTTCCATCA,,0.0,0,0,2,0,0
TTGACAATGGCAATTGCAAGATCAGCAC,CTACTTACAACGGAA,,0.0,0,0,2,0,0
GGTGCACATGCATAAGCATGTTCACACC,TCAGAGCATTGGCCT,,0.0,0,0,2,0,0
GGAACATGAACATGGACATGACCAAGTC,CTCGCTAATACTCCT,,0.0,0,0,1,0,1
TTGCCACTCTCACAAGCATTCACAAAAG,GTTGGGCGCTTAAAG,,0.0,0,0,1,0,1
ATGTCAACAGCACGCACATAAGCACGGC,TATATTGAACTTTAC,,0.0,0,0,2,0,0
CTGGCATGGACAGTTCCAATCACACTAA,ACAGTTGACGGACAG,,0.0,0,0,1,0,1
GACGCAGTCACAGGGACAGGACCACGGT,GTTGGGCGCTTAAAG,,0.0,0,0,0,2,0
AGTCCATAAGCAGGTTCAGTTACACTGA,ACAGTTGACGGACAG,,0.0,0,0,0,2,0
ACACATAGGCAGGAGCACTGTCAAACA,ACAGTTGACGGACAG,,0.0,0,0,0,1,1
ACAACAATGCCAATAACAGGTTCATAAA,TTAGTCTTTCCATCA,,0.0,0,0,0,1,1
ATAGCATGGGCACGAGCACAAACATGCT,ACAACCTACCTGCTA,,0.0,0,0,0,0,2
ATTACACGGGCATAGTCAAGCGCACAAA,ACAGTTGACGGACAG,,0.0,0,0,0,0,2
TACCCAGAATCACACACATGGCCATCAC,CTTGCAAGTGTAATT,,0.0,1,0,0,0,0
GAAACAGCGGCATTCCCAATGCCAAGGA,TTAATTAGAGGTATG,,0.0,1,0,0,0,0
GCGTCACATACACTCTCACCGTCACTCT,CTATCAAGGCTTAAT,,0.0,1,0,0,0,0
GGCCCAACATCAACCTCAGGGACAGTCG,GCTGCTTATGAGGAT,,0.0,1,0,0,0,0
ACGGCAATTCCAATGTCATGGACAGAGA,GCTGCTTATGAGGAT,,0.0,1,0,0,0,0
CTAACAGATACAGTCCCACGAACAGTTA,GTTTAGCTTCCGTTG,,0.0,1,0,0,0,0
CGGTCAATGGCAGCGCCACGCGCAGTGA,GCTGCGGAGCCTCAG,,0.0,1,0,0,0,0
GTGGCATCACCAAATCCATCTGCACCGC,TGATCATCACGGGAC,,0.0,1,0,0,0,0
GGATCAGGGCCAGGGGCACCTCCAGTGA,CTACTTACAACGGAA,,0.0,1,0,0,0,0
GCCACAAAATCAAGCGCATTGCCAATGC,GCTGCTTATGAGGAT,,0.0,1,0,0,0,0
ACTTCACGTCCATGGCCAGCGACAACGT,AAAAGAAAAATGTAT,,0.0,1,0,0,0,0
AGTTCACCTGCAGATCCACATGCAACGA,GAACTCAGGTTCCAT,,0.0,1,0,0,0,0
GCAGCAACGGCAAAGCCATCTACAAATC,GCTGCTTATGAGGAT,,0.0,1,0,0,0,0
GACTCAGGCGCATGGGCACGCGCAACAT,ACCACCGGTCCTGCC,,0.0,1,0,0,0,0
AGGCCAGTACCATCAGCAACATCATTCA,TTTATAAATCAATAG,,0.0,1,0,0,0,0
TCCCCAAGGTCAGCTGCAGAATCAACCC,ACAGTTGACGGACAG,,0.0,1,0,0,0,0
TCATCAGTACCACCGGCAGGTGCAGTCA,CCAACACAGGCTTCG,,0.0,1,0,0,0,0
GTGGCATTGCCAACCTCAACCTCAGAGG,CTATCAAGGCTTAAT,,0.0,1,0,0,0,0
GTGCCAGCGCCAATGGCAGCTGCACGTG,TATGCCCTTCTTCTG,,0.0,1,0,0,0,0
TGTCCACCAACAACGGCAGGGGCACCCA,TTTATAAATCAATAG,,0.0,1,0,0,0,0
GGCTCAGCGACAATGTCAACTCCACCAG,GTAATCTGACTCTAG,,0.0,1,0,0,0,0
TACACAGCCGCACCTCCATAGACATCAA,GCTGCTTATGAGGAT,,0.0,1,0,0,0,0
TCGACAAAAGCATAGCCAATTTCAAGGA,CTAAGCAGTCTTCTC,,0.0,1,0,0,0,0
GAATCAAAGGCACGACCAACGCCACTGA,TTTTGCATTTAGGCG,,0.0,1,0,0,0,0
GGACCATCTTCATTAGCATAAGCAGGGG,CTAGTTGTATAGCCA,,0.0,1,0,0,0,0
GGAGCATAACCACCAGCATCTACAACCT,GCTGCTTATGAGGAT,,0.0,1,0,0,0,0
ACCGCAGGTCCAGTAGCATTGACAAGTA,TCTTGGAGGTGAATG,,0.0,1,0,0,0,0
CTGACACGCTCAAGTGCAGTAGCACATG,AGAAGACGACGATGA,,0.0,1,0,0,0,0
AGATCAAGCACATAATCAGTGACATAGA,TTTAACTCACCGTAA,,0.0,1,0,0,0,0
CGGCCAGCTACAGCAGCACTAACACCAA,GCAAGAAAGAAACCC,,0.0,1,0,0,0,0
GGGCCAAACGCACACACATAGACACAGC,ATAGAGCGGCGTTGA,,0.0,1,0,0,0,0
GGACCAGCGTCATCGACATTGTCATTCC,ACCACCGGTCCTGCC,,0.0,1,0,0,0,0
AAGACAGGGGCATTAACAGAGTCATTTG,CATATGCATTCCTTG,,0.0,1,0,0,0,0
GGCGCAGAACCAGCACCAATCACAATCT,ATTATCATCGCCATC,,0.0,1,0,0,0,0
GCGACATAGGCAACGGCATACGCAAGCG,GCTGCTTATGAGGAT,,0.0,1,0,0,0,0
TGTTCACGCGCAAGGACATCTTCAGTAC,CCAAGACCGTGTAAA,,0.0,1,0,0,0,0
AGGCCACTAGCAACAGCAGTGTCAACTT,CTAGTTGTATAGCCA,,0.0,1,0,0,0,0
GCCCCATTGCCATGGTCACCTGCACGCA,GTTTAGCTTCCGTTG,,0.0,1,0,0,0,0
TAGGCACTCGCATGGGCACCTCCAGAAC,AAAAGAAAAATGTAT,,0.0,1,0,0,0,0
TACACATCTCCAGCCGCAAATCCAAACG,ACAGGGCAGCTCCCG,,0.0,1,0,0,0,0
GTGTCAGTCGCACACTCAAACACAAATT,CAAGTTCGGCGAAAT,,0.0,1,0,0,0,0
TACACAATAGCAACTCCACTGTCATACG,CTATCAAGGCTTAAT,,0.0,1,0,0,0,0
TAAGCATGCTCAGTAACAGTCACACTAT,TTAATTGCACTTATG,,0.0,1,0,0,0,0
TCCGCACATACACTACCATGGCCAAAAC,ACAACCTACCTGCTA,,0.0,1,0,0,0,0
GAAACATAATCAGTCGCATACGCAGATT,ACAACCTACCTGCTA,,0.0,1,0,0,0,0
TTCGCAGCCGCAACAGCAATCTCAGAGG,CTTTCTTGTGTATTT,,0.0,1,0,0,0,0
TACGCAAGATCATTCCCAAAACCAGTGG,GGTTGCCCAGAAGTA,,0.0,1,0,0,0,0
AGTACAGGGGCAACTTCAGGAACATGCA,AAAAGAAAAATGTAT,,0.0,1,0,0,0,0
CCGCCACGGGCACTACCATTTACATGAA,TGGAGTCTTTGTTGA,,0.0,1,0,0,0,0
GTAACAGGCACACGTGCAGTTCCAGTCT,GCTGCTTATGAGGAT,,0.0,1,0,0,0,0
TATTCAGTGTCAATACCATCGCCAGCCT,ACAGTTGACGGACAG,,0.0,1,0,0,0,0
GTCCCAAAACCACTGGCACAGGCATGGA,ACAGGGCAGCTCCCG,,0.0,1,0,0,0,0
GTCACAGTGACATATCCATCAGCAGAGC,AAAAGAAAAATGTAT,,0.0,1,0,0,0,0
CAGCCATTTGCACTGTCAATGACATTTG,ATGAAGTTCATAATG,,0.0,1,0,0,0,0
GTGCCAAAAGCACCAGCAACTCCACATG,GCTGCTTATGAGGAT,,0.0,1,0,0,0,0
GTGCCAGGTCCACGGTCAAGAGCAGACT,TGGAGTCTTTGTTGA,,0.0,1,0,0,0,0
AAGCCATTTTCAAATTCATCGCCAAAAA,CCGTTAGTATCGCTA,,0.0,1,0,0,0,0
GGAGCAACGGCATCAGCATCGTCACCCT,TTTATAAATCAATAG,,0.0,1,0,0,0,0
TAACCAATCGCAATGACATCTCCAGTCG,GCTGCGGAGCCTCAG,,0.0,1,0,0,0,0
CACACAGTCACAACCAACGCCAAAAA,GCTGCTTATGAGGAT,,0.0,1,0,0,0,0
CGTGCAGATGCAGAAACACAACCAAAGA,TCAAAACGGAGTGTT,,0.0,1,0,0,0,0
CGGCCATAATCAGATACATCACCACCGT,CATTGTCGGACGCTT,,0.0,1,0,0,0,0
CAGCCAGTAACAGCGACAACTACAGTAT,AGAACATCATCTACA,,0.0,1,0,0,0,0
TTGGCAGGGACATAGACAGTGTCAACCG,ACAAGTTTTACAGTT,,0.0,1,0,0,0,0
TGGCCAGGAGCATGAGCATGCTCATACA,CTTGATCAATCAAAA,,0.0,1,0,0,0,0
TCTCCAATAACAGTAGCATCCACAGGGT,TGATCATCACGGGAC,,0.0,1,0,0,0,0
GACTCATACCCACGGACACCACCACTCC,CTTGATCAATCAAAA,,0.0,1,0,0,0,0
CACGCATAAGCAGTTTCAAAGGCAGCTA,GCTGCTTATGAGGAT,,0.0,1,0,0,0,0
TCGCCATGGACAGCACCAGCTACACCCG,CCGTTAGTATCGCTA,,0.0,1,0,0,0,0
ACGTCATGGGCACTTGCAGGTACAACAC,CTAAGCAGTCTTCTC,,0.0,1,0,0,0,0
GTGACAAAAGCAACCCCAGTTCCAGATA,GTTAAATCAACAGTT,,0.0,1,0,0,0,0
GAAGCAGACTCAACGACAAAATCAGTGT,CATTTATGGCTATCT,,0.0,1,0,0,0,0
AACACATAATCAGTCGCAACTGCAGGCG,TCAAAGCATGAAAAA,,0.0,1,0,0,0,0
GTTACACCAGCACCCTCAGGTGCAACAC,CTTGCAAGTGTAATT,,0.0,1,0,0,0,0
AAGACACGGACATGACCATGCACATAGA,CTAAGCAGTCTTCTC,,0.0,1,0,0,0,0
ATGACACCCGCAAAAACATGTACATACG,AGATTCATCCCATGG,,0.0,1,0,0,0,0
CCGACATTTCCAGATGCAGCTGCAATGT,CAATCTTGAATTGAT,,0.0,1,0,0,0,0
TCCACACAACCAACCCCAACCGCATTGT,CTTTCTTGTGTATTT,,0.0,1,0,0,0,0
ACCGCATTTTCACGGCCACCAGCAGGGT,TATGCCCTTCTTCTG,,0.0,1,0,0,0,0
TAGGCAGCCCCATAATCAGAGGCAATGA,CTTGATCAATCAAAA,,0.0,1,0,0,0,0
GGCCCAGATGCAAGATCAGTGGCAAATA,CTAAGTGTGAAGGAG,,0.0,1,0,0,0,0
CAGCCAAAGGCAAATCCAAATACATTAA,ACAGTTGACGGACAG,,0.0,1,0,0,0,0
GAAGCAGTTGCATGTCCATCGGCAAGTA,CTATCAAGGCTTAAT,,0.0,1,0,0,0,0
AACGCATGTTCAGGGTCATCTGCAGGAG,TCTTGGAGGTGAATG,,0.0,1,0,0,0,0
TAAACAAAACCAGTGGCAAGCACACTAA,GGTTGCCCAGAAGTA,,0.0,1,0,0,0,0
GTGCCAAGTACAACCACAATCCCAGTTG,TATGCCCTTCTTCTG,,0.0,1,0,0,0,0
GCGGCAGCAGCACAACCAAACGCAATTT,GAACTCAGGTTCCAT,,0.0,1,0,0,0,0
GGCTCAACTACAAAATCACATACAATGC,CTTGATCAATCAAAA,,0.0,1,0,0,0,0
AGCCCACTCACACAATCAGACGCAAGCT,TTTAACTCACCGTAA,,0.0,1,0,0,0,0
AGAACAAATACAATTCCAGGGTCAGGGT,ACAGTTGACGGACAG,,0.0,1,0,0,0,0
TCATCACGGTCAGCGGCAATCACATTGA,ATAGAGCGGCGTTGA,,0.0,1,0,0,0,0
ATGTCACCGGCACACGCATAGACACTCC,AGAACATCATCTACA,,0.0,1,0,0,0,0
GTCCCATATGCAGGATCACGTGCATCAA,GAGAATGAAGGACAG,,0.0,1,0,0,0,0
TCTTCAAACACACGGGCATTCGCAATCC,CTCGCTAATACTCCT,,0.0,1,0,0,0,0
GTCACAGTGTCAAATACACGAGCAGGTG,TCATAGGTATCTCGC,,0.0,1,0,0,0,0
GGAGCAGTGTCATAAGCATGTGCAAGTC,GCTGCTTATGAGGAT,,0.0,1,0,0,0,0
AAGACAGGCTCATACGCAGTCACATCGG,CCAAGACCGTGTAAA,,0.0,1,0,0,0,0
GAGACAAGGACAACATCAATAACAGTCA,GAGTGCTTCAAAGTT,,0.0,1,0,0,0,0
GCACCACTTGCACGTACACATGCAGGGC,TAATATTGTTTTGCG,,0.0,1,0,0,0,0
CATACACACCCATGAACAGAGCCAACCA,TCTTGGAGGTGAATG,,0.0,1,0,0,0,0
CATCCAGTCGCAAGGCCATTACCATGGG,GAACTCAGGTTCCAT,,0.0,1,0,0,0,0
TGGACACAAACACAGTCACCTACAGCCA,TCAGAGCATTGGCCT,,0.0,1,0,0,0,0
TCCCCAGCTTCAACGCCAGGAGCACCAA,ACAAGTTTTACAGTT,,0.0,1,0,0,0,0
GCGACACGTTCAACGCCAGGAGCATGAA,CTTGATGGCTGAAAG,,0.0,1,0,0,0,0
AGCCCAGAGGCATAATCAGAATCAAATT,CTCGCTAATACTCCT,,0.0,1,0,0,0,0
GTCCCATTGACAGCGGCATGAACACGCG,TATATTGAACTTTAC,,0.0,1,0,0,0,0
TGTGCACCAGCATAGGCACGTGCAAAAA,GTTGAACTGGTTGTT,,0.0,1,0,0,0,0
CGTTCAGCGGCAAAGACACCGCCACGGG,TTAATTGCACTTATG,,0.0,1,0,0,0,0
GACACAGTCGCAGTTACAATGCCAAAAC,TGGAGTCTTTGTTGA,,0.0,1,0,0,0,0
GCCGCACGGTCAGCGGCAACCGCACCAA,CTAAGCAGTCTTCTC,,0.0,1,0,0,0,0
AAGGCAGTTTCATTGCCATTAACAATTA,TACACCAATTACACT,,0.0,1,0,0,0,0
CATACAACATCAACACCATGAACAGCGG,AGTGTATGATAATAT,,0.0,1,0,0,0,0
ATGCCATGGGCAGCGCCAATTCCACAGC,CTGATTTGTGCTGTC,,0.0,1,0,0,0,0
AATCCACCAACATGTTCAGTACCACGGT,ATGAAGTTCATAATG,,0.0,1,0,0,0,0
GTAACACATCCACCCTCATAAACAGCTA,GTTTAGCTTCCGTTG,,0.0,1,0,0,0,0
GCTTCATGACCAAAGCCATCGTCATCAC,CTGATTTGTGCTGTC,,0.0,1,0,0,0,0
GGTCCACGCTCAAGAGCAACGGCAGCAC,CGTCAAGACCTTCTA,,0.0,1,0,0,0,0
GCGCCACGTGCACAAGCAGTCACAACGT,TCATAGGTATCTCGC,,0.0,1,0,0,0,0
TCCACAAGTCCATACACAAACGCAAAAT,AATGATACCATTTTT,,0.0,1,0,0,0,0
TGAGCAAGACCACACACACTTTCATGAG,CTTGATGGCTGAAAG,,0.0,1,0,0,0,0
TATCCACAAGCATATCCACAGTCAGCGT,CTACTTACAACGGAA,,0.0,1,0,0,0,0
GATTCATGGGCAACCACAGAAACAAGGT,CCAACACAGGCTTCG,,0.0,1,0,0,0,0
GGCCCACAGGCATGTGCAATCCCATCAA,TTATATTTATTTGCT,,0.0,1,0,0,0,0
AGGTCAGCTACAATCTCAATAGCAATAG,AGTGTATGATAATAT,,0.0,1,0,0,0,0
GTCACACATTCAGAAACACGGGCAAAGT,GTTTAGCTTCCGTTG,,0.0,1,0,0,0,0
TAGGCACCGACAGTGTCATGCACACTGT,ATGGCGATGGTCTTG,,0.0,1,0,0,0,0
TCGCCACAAGCAGCACCATACGCAGATG,GTAATCTGACTCTAG,,0.0,1,0,0,0,0
AGATCAGTACCATGGGCACGACCATTTG,TTTAACTCACCGTAA,,0.0,1,0,0,0,0
TCTCCATGTACAAGGGCACTAGCATAGA,TTATATTTATTTGCT,,0.0,1,0,0,0,0
TGGGCATTGCCAGAATCAGTTTCACGTA,GTTGGGCGCTTAAAG,,0.0,1,0,0,0,0
CAAGCAGGAGCACGTTCAAGCACACCAA,CTATCAAGGCTTAAT,,0.0,1,0,0,0,0
TAGACAACGACAATCCCATCGGCAGACA,GGTTGCCCAGAAGTA,,0.0,1,0,0,0,0
AGAGCACACACACCTGCAATGACATTCG,ACAAGTTTTACAGTT,,0.0,1,0,0,0,0
CTGTCACGAGCACGCACATTTGCAGGGC,CAATCTTGAATTGAT,,0.0,1,0,0,0,0
TAGGCATGTGCATGCGCACCATCATGTA,CTAAGTGTGAAGGAG,,0.0,1,0,0,0,0
CCATCAGGCACAAAAGCACACGCAGTTG,CCAACACAGGCTTCG,,0.0,1,0,0,0,0
TCATCATCAACATCTTCAGGTGCAGCTC,TCAAAACGGAGTGTT,,0.0,1,0,0,0,0
ATGGCAGCACCAGCAACATCTACATGTT,GCTGCTTATGAGGAT,,0.0,1,0,0,0,0
TCTGCAGGACCATATCCACAGGCAACTC,AGTGTTAATCAGACC,,0.0,1,0,0,0,0
GCCTCAGGACCATAGCCATCTACAGAGA,GCTGCTTATGAGGAT,,0.0,1,0,0,0,0
TGTTCAGACTCACAAGCACAAGCATGAA,GCTGCGGAGCCTCAG,,0.0,1,0,0,0,0
GACCCACGCTCAAGGCCAGATCCATGAT,TTTAACTCACCGTAA,,0.0,1,0,0,0,0
TCTACATGAACAACCCCAGCGGCAAAGT,CATCACCGTGCTCAT,,0.0,1,0,0,0,0
ATAACACGTGCATGAGCAGCTGCAGGTC,CTCTTGAGAATACTT,,0.0,1,0,0,0,0
AGTGCACAGGCAGCGACATTCACAGTAT,GCAAGAAAGAAACCC,,0.0,1,0,0,0,0
CACCCATCATCACCAACAGATTCATACC,TTTATAAATCAATAG,,0.0,1,0,0,0,0
ATGCCATGCTCAGAATCAACGCCAGCGA,CCAACACAGGCTTCG,,0.0,1,0,0,0,0
CTAACAGTCACAGAAGCAGGCACATACA,CTGATTTGTGCTGTC,,0.0,1,0,0,0,0
GCTACAGTCTCAGGAGCACCAACAAGTT,CATCACCGTGCTCAT,,0.0,1,0,0,0,0
GCCGCAATCGCAGCGGCAGTTTCAATAC,GTAATCTGACTCTAG,,0.0,1,0,0,0,0
GACACATTAGCACAAGCAACTACAAGAC,GTTTAGCTTCCGTTG,,0.0,1,0,0,0,0
GGAACATGGTCACGTGCATGCGCAGCAC,TCAAAACGGAGTGTT,,0.0,1,0,0,0,0
GTGACACTGGCATCGACAAAAGCACAGA,CTTGCAAGTGTAATT,,0.0,1,0,0,0,0
GGTTCACTTACATCGGCATCGTCAAGCA,CTTTCTTGTGTATTT,,0.0,1,0,0,0,0
GTTACAATGTCAATGACAATGGCAGAAA,GCTGCTTATGAGGAT,,0.0,1,0,0,0,0
GCTGCACCCACAAATTCAAGTTCAAGTA,CTATGCATTTACTCA,,0.0,1,0,0,0,0
AGATCAATAGCAAATGCATACGCACTTG,CCAACACAGGCTTCG,,0.0,1,0,0,0,0
CAGGCATTTTCAGAAACAATCGCAGACG,GAACTCAGGTTCCAT,,0.0,1,0,0,0,0
CGGTCAGTACCAGGGCCAATTCCATTGG,GCAAGAAAGAAACCC,,0.0,1,0,0,0,0
AGGTCACACACAAGGACATAATCAACCT,TCAAAGCATGAAAAA,,0.0,1,0,0,0,0
GGGGCATCTGCACGGGCACGCGCAGTCT,ATAGAGCGGCGTTGA,,0.0,1,0,0,0,0
ACCGCACAGACATCACCAACAACACGGA,TAATATTGTTTTGCG,,0.0,1,0,0,0,0
GCACCATGTACACGTCCAGCAGCAAGTA,TTAATTAGAGGTATG,,0.0,1,0,0,0,0
ACGGCAAGCCCAGCTACAATGTCAATGA,TGGAGTCTTTGTTGA,,0.0,1,0,0,0,0
CTAGCATAGCCACTCCCAGGACCAACTA,GCTGCTTATGAGGAT,,0.0,1,0,0,0,0
GCACCAGTTGCAAAGTCACCCTCACAGG,ACAACCTACCTGCTA,,0.0,1,0,0,0,0
CCCCCATGGTCAAAAGCAAAAGCAGAAC,CCAAGACCGTGTAAA,,0.0,1,0,0,0,0
CTTACAGCACCAACCACACTAGCATTGC,CGCGATCAATCCTCT,,0.0,1,0,0,0,0
AATCCACAAACAAACACACGCGCAAACT,CAAGGATCCCCGTAG,,0.0,1,0,0,0,0
ATCTCATCAGCATCGTCACGTACACATG,AGTGTTAATCAGACC,,0.0,1,0,0,0,0
GGCTCATGGCCACTCACATACTCACAAG,GTTAAATCAACAGTT,,0.0,1,0,0,0,0
TGGTCAGCGTCACGTTCATAATCAGCAC,GCTGCTTATGAGGAT,,0.0,1,0,0,0,0
AGGTCACGGTCACGAGCAGATCCAGCCT,TGATCATCACGGGAC,,0.0,1,0,0,0,0
AGCACAAATTCACGGTCAGTTGCAGTAC,ATGGCGATGGTCTTG,,0.0,1,0,0,0,0
ACATCACCTACATCGGCAGCTTCAGACT,GTTGGGCGCTTAAAG,,0.0,1,0,0,0,0
CAACCAGCCCCATTAGCATACACATGCA,TTTATAAATCAATAG,,0.0,1,0,0,0,0
CGGCCAAGATCAGAGGCATATTCACAGT,TATATTGAACTTTAC,,0.0,1,0,0,0,0
CGTGCAGGTCCAACGACAAAGACAACAT,TAGACGGACATCTTC,,0.0,1,0,0,0,0
CCGACAGGGACATATCCACGACCAATTG,GAGTGCTTCAAAGTT,,0.0,1,0,0,0,0
CTCACACCATCATAAACAAGGACATAGC,TCGAAAGCACAGTAG,,0.0,1,0,0,0,0
GGAACAGCCTCAACCACAACGCCACCCC,ATTATCAAGTGCCAG,,0.0,1,0,0,0,0
GCCACATAGACACTCTCATGGCCAGAAT,CTTGATCAATCAAAA,,0.0,1,0,0,0,0
GTAACAATCACAAAACCATGTCCAGGCT,CCAAGACCGTGTAAA,,0.0,1,0,0,0,0
CGCGCACATCCATCAGCATCCGCAATGC,TCAAAACGGAGTGTT,,0.0,1,0,0,0,0
CAGTCAACAACATAGGCACCAACAATAG,AAAACATTATCAAAG,,0.0,1,0,0,0,0
AATTCAGGTTCACGGACAAGAGCAAGGA,ACAGTTGACGGACAG,,0.0,1,0,0,0,0
TGTGCAGTTGCAAGTCCACGTGCAGTGT,AGTGTTAATCAGACC,,0.0,1,0,0,0,0
AACACAAAGCCAGAGCCATCTGCATCGT,TATATTGAACTTTAC,,0.0,1,0,0,0,0
TAAACAGATCCAAGATCATAGTCAAAAT,GCTGCGGAGCCTCAG,,0.0,1,0,0,0,0
GCGTCAATCGCATTTGCAATCTCACCAA,AGAAGACGACGATGA,,0.0,1,0,0,0,0
TGAGCAGATACAATCACAACTCCAGGAG,TAATATTGTTTTGCG,,0.0,1,0,0,0,0
TTGTCACACGCAATCGCAAAGCCACGGC,TCAAAACGGAGTGTT,,0.0,1,0,0,0,0
CCACCATGAGCAAAAACATGCACAGTAT,GCTAATTTCAAGAAT,,0.0,1,0,0,0,0
GCTTCAGCGCCAATCGCATTCGCAAATC,CTCGCTAATACTCCT,,0.0,1,0,0,0,0
GTATCACTTTCACGCGCAAGGCCACTCC,GAGAATGAAGGACAG,,0.0,1,0,0,0,0
ACGGCATTCCCAGGAACAAACTCACATC,CTAAGCAGTCTTCTC,,0.0,1,0,0,0,0
GTTACATGCACACTAGCATCTTCAAGTC,CAATCTTGAATTGAT,,0.0,1,0,0,0,0
TTAACAAAAGCAGCCGCAAGTCCATCGG,GAACTCAGGTTCCAT,,0.0,1,0,0,0,0
GTAACAGGCACAAATGCAACTGCAAGGA,AATGATACCATTTTT,,0.0,1,0,0,0,0
AGGCCAAATGCAGAGACAGGAACAGCAA,ACAGTTGACGGACAG,,0.0,1,0,0,0,0
TATGCATGGGCACCCGCATACACATAGT,GCTGCTTATGAGGAT,,0.0,1,0,0,0,0
TGCGCAGCCTCAGTTTCAGCCGCAACGG,TGATCATCACGGGAC,,0.0,1,0,0,0,0
CAAACAATGGCATGACCAGCGTCAAGTG,CTATCAAGGCTTAAT,,0.0,1,0,0,0,0
AGGGCAATACCACCATCAGCCCCAACCC,GCTGCTTATGAGGAT,,0.0,1,0,0,0,0
TATGCAGTTGCAGGAGCATCTTCAAACT,CTTGATGGCTGAAAG,,0.0,1,0,0,0,0
TTGACACCGTCAGCTTCAGTGTCAACGC,ATCGTTGGCATTTGG,,0.0,1,0,0,0,0
GATACACCTGCAAAACCAGCGGCAAAGA,ATAGTCGATTAAGAT,,0.0,1,0,0,0,0
GGGCCATACCCAACATCATCAGCATAAA,CCAACACAGGCTTCG,,0.0,1,0,0,0,0
TCACCATTCTCAACGTCAAGAACAAGTG,TATGCCCTTCTTCTG,,0.0,1,0,0,0,0
CCGGCAGTTTCATGCGCATCCTCAACAA,GCTGCTTATGAGGAT,,0.0,1,0,0,0,0
GAATCATTGGCACTGGCATCATCACCGG,CTTGATCAATCAAAA,,0.0,0,1,0,0,0
GACACAGCAGCAAGGTCATTGTCAAAGA,ACAGGGCAGCTCCCG,,0.0,0,1,0,0,0
ATTGCAAACGCAAAGACACCACCAGAAA,AGTGTATGATAATAT,,0.0,0,1,0,0,0
TCGACATCGACAGGACCATGAGCAGATT,CTAGTTGTATAGCCA,,0.0,0,1,0,0,0
CGTGCAAACTCACATTCAGATGCAGCAG,TTAGTCTTTCCATCA,,0.0,0,1,0,0,0
CAAGCATCCTCAGAGGCATAAGCACACG,TATATTGAACTTTAC,,0.0,0,1,0,0,0
GGGTCAACCTCATCAGCACAACCAGAAG,GGTTGCCCAGAAGTA,,0.0,0,0,1,0,0
ATATCACTCACACGCGCAGGGCCATAAG,ACAGTTGACGGACAG,,0.0,0,0,1,0,0
CGCTCAGTTGCATGGTCAGCGTCACGGA,CTCGCTAATACTCCT,,0.0,0,0,1,0,0
GTGGCACCGACAGTCGCACCCACACTGT,ACAAGTTTTACAGTT,,0.0,0,0,1,0,0
CTGGCAAAGGCATCTACACGGACATAGG,TCTTGGAGGTGAATG,,0.0,0,0,1,0,0
AGGTCACAATCACCTACATCGACAGCAC,ACAGTTGACGGACAG,,0.0,0,0,1,0,0
GAAGCAACTACAGAGTCAGCAGCACAAC,TCTTGGAGGTGAATG,,0.0,0,0,1,0,0
ACGGCATGTACATTAGCAAAGTCAACGA,CTTGATGGCTGAAAG,,0.0,0,0,1,0,0
AGGACAGAATCAATTGCAATTGCACCAG,ACCACCGGTCCTGCC,,0.0,0,0,1,0,0
CAGCCAAAAACAGGCACAAGTACAACGG,TTATATTTATTTGCT,,0.0,0,0,1,0,0
CTATCACAAACAAAAGCATGTCCATCAT,CTCGCTAATACTCCT,,0.0,0,0,1,0,0
CCAGCAAAACCACTTCCAAACACAGGCA,TATGCCCTTCTTCTG,,0.0,0,0,1,0,0
CACACATATCCACCTACACTGCCACACA,ACAGTTGACGGACAG,,0.0,0,0,1,0,0
ATTGCACTGTCAAGCACAACTTCATCGC,ACAGTTGACGGACAG,,0.0,0,0,1,0,0
CACGCATTTGCACCGGCAGGATCACATA,CAAGGATCCCCGTAG,,0.0,0,0,1,0,0
CGGTCAATAACATAGACAGGCTCAGTGG,GTTGGGCGCTTAAAG,,0.0,0,0,1,0,0
TCGTCAGTAACAGGCTCAGCAACATTAG,GGTTGCCCAGAAGTA,,0.0,0,0,1,0,0
CATTCAGCCCCAAACGCATGGCCATGTT,GCTGCTTATGAGGAT,,0.0,0,0,1,0,0
CCAGCAAGTTCATTCGCACAGCCATGTC,GTACAAGAAATTTTG,,0.0,0,0,1,0,0
CCATCAGTCCCATGGTCACGGGCAGATA,CTAAGTGTGAAGGAG,,0.0,0,0,1,0,0
TACTCACATACAAAGACAGGGTCAAGCT,CCAACACAGGCTTCG,,0.0,0,0,1,0,0
CGCTCATCTGCATAAACACTGCCATTCA,ATGGCGATGGTCTTG,,0.0,0,0,1,0,0
TCGCCAGGCACACATTCAAACACACAAA,GTACAAGAAATTTTG,,0.0,0,0,1,0,0
AATCCACATACAGAGACAGTCCCATGAG,GCTAATTTCAAGAAT,,0.0,0,0,1,0,0
CATTCATGGGCATATACAACAGCACCAT,ACAACCTACCTGCTA,,0.0,0,0,1,0,0
GAACCACTTGCAAAATCAGAAACATACT,AGTGTATGATAATAT,,0.0,0,0,1,0,0
GGTCCATAACCAGGATCACAAACACGGG,TATGCCCTTCTTCTG,,0.0,0,0,1,0,0
AGAGCAGGTGCAAGCGCATCTTCAACGA,ACAACCTACCTGCTA,,0.0,0,0,1,0,0
CTGTCACCGTCAAGCGCACATCCAAGCG,TCAGAGCATTGGCCT,,0.0,0,0,1,0,0
GGACCAGCTTCAATGGCAACGGCATTGG,GCTGCTTATGAGGAT,,0.0,0,0,0,1,0
GATGCATAGGCAGGCACATACTCACAAT,GAGTGCTTCAAAGTT,,0.0,0,0,0,1,0
GGTCCAAAACCATATACAGCGTCAAATC,TGATCATCACGGGAC,,0.0,0,0,0,1,0
CCTTCACGGACACCAGCATCAACACAGT,GTTGGGCGCTTAAAG,,0.0,0,0,0,1,0
GCAGCATAGGCAACCGCAGGGTCAGAGA,CATTTATGGCTATCT,,0.0,0,0,0,1,0
CGACCAACCTCAGGCGCAATGACATGGA,CATTTATGGCTATCT,,0.0,0,0,0,1,0
TTATCACAGGCAGCGACAAATACAACCG,TTAGTCTTTCCATCA,,0.0,0,0,0,1,0
GCAACAGAAACAAGCACAACATCACCGA,ACAGTTGACGGACAG,,0.0,0,0,0,1,0
TAATCACGCACACGTTCAACGCCATGGG,GCTGCTTATGAGGAT,,0.0,0,0,0,1,0
AGGTCACCCTCAACGTCATAGGCAAAGA,TTTTGCATTTAGGCG,,0.0,0,0,0,1,0
TACTCATCAGCAGCCGCAGTCGCAACCT,GTCACCGGCACTAAC,,0.0,0,0,0,1,0
CAATCATAGGCAGGGTCAATGCCACTCC,GTTGGGCGCTTAAAG,,0.0,0,0,0,1,0
TTGACAACTCCAGAAACAAGCACAGTCG,TCAAAACGGAGTGTT,,0.0,0,0,0,1,0
GTATCAAGCTCAATTTCAGCATCATGAC,GAACTCAGGTTCCAT,,0.0,0,0,0,1,0
GCGCCATAGGCAAGTACAGGCTCATCAC,GTCACCGGCACTAAC,,0.0,0,0,0,1,0
TGTGCATTACCAGGGGCACCGCCAGTAC,ACAGTTGACGGACAG,,0.0,0,0,0,1,0
ATGGGCAGGTACAGTTACACTGGCAATGA,AAAAGAAAAATGTAT,,0.0,0,0,0,1,0
CCGGCACTCGCAGCCGCAAATGCACGCG,TCAAAGCATGAAAAA,,0.0,0,0,0,0,1
CCAACAGGCACATAGCCATTCTCAGAGC,GAACTCAGGTTCCAT,,0.0,0,0,0,0,1
CGGTCAGCACCACTACCATACACAAGAA,CCAGGATGTACCGCC,,0.0,0,0,0,0,1
CCCGCACTTCCAGGTCCAAGGGCATATG,CTCGCTAATACTCCT,,0.0,0,0,0,0,1
CGAGCACTCTCATAGACACTTGCAAAGA,GCTGCTTATGAGGAT,,0.0,0,0,0,0,1
AGCCCACATACAGCACCAAGGGCACGCA,TGATCATCACGGGAC,,0.0,0,0,0,0,1
TTCGCAAGTCCAGCGGCAGAGGCACTTC,TCAAAACGGAGTGTT,,0.0,0,0,0,0,1
ACAACAGAAGCACCTTCACACACAGCTA,CTACTTACAACGGAA,,0.0,0,0,0,0,1
ACCACATCTTCACTTACAGATTCAGAAC,TTTTGCATTTAGGCG,,0.0,0,0,0,0,1
TCGTCAAAACCACGAGCAATTACAGTCT,TCAAAACGGAGTGTT,,0.0,0,0,0,0,1
ATACCAACGACAAGGAACAGTTACAAAAT,TTTATAAATCAATAG,,0.0,0,0,0,0,1
GTTACAGGAGCAGTGCCAATTACATCGT,TCAAAACGGAGTGTT,,0.0,0,0,0,0,1
TGATCAGCGTCATACACAGGCCCAATTC,AGAAGACGACGATGA,,0.0,0,0,0,0,1
AAAGCAAAAACAAGGGCAAAAACAAAAA,TTTATAAATCAATAG,,0.0,0,0,0,0,1
AGTTCAGCCTCAAAATCACCAGCATACC,TTTATAAATCAATAG,,0.0,0,0,0,0,1
TAGCCATCGCCAACAGCACATTCAAAGC,TTTTGCATTTAGGCG,,0.0,0,0,0,0,1
GATCCACTTGCAGTAGCAACGGCAAGCT,AGTGTATGATAATAT,,0.0,0,0,0,0,1
CTACCAAATCCATTCTCAACACCATGGT,AGTGTATGATAATAT,,0.0,0,0,0,0,1
GCTGCAAAAACAAGCACACTTTCAGCTA,CAAGGATCCCCGTAG,,0.0,0,0,0,0,1
GTAACATATTCAACGCCACCCGCACTCC,TTTATAAATCAATAG,,0.0,0,0,0,0,1
AAGACAGACGCATGGTCACTCCCATTAG,GAGAATGAAGGACAG,,0.0,0,0,0,0,1
TTTGCATGTTCATGTTCACAGCCAGGCG,CTTGATCAATCAAAA,,0.0,0,0,0,0,1
CAATCAACGTCAGTCGCAGATTCAAGGA,GTTGGGCGCTTAAAG,,0.0,0,0,0,0,1
GTATCATGCACAATAGCAACGACATATC,GTTAAATCAACAGTT,,0.0,0,0,0,0,1
