BC,Edge,s,LL.ratio,TP1-1-T1,TP1-1-T2,TP1-1-T3,TP1-1-T4
CTTCCATTCGCATGTGCATGCTCAACGT,TATATTGAACTTTAC,-0.0016726701765440073,0.0,29890,61528,52976,87608
GTAACAAGCACAATTGCAGCTCCAGTTT,CCAAGACCGTGTAAA,0.020712334575251474,0.0,15850,42350,43720,90928
ACCCAACTCCAAGGTCATGCACACAGC,CCAGGATGTACCGCC,0.025540681243079937,0.0,8102,22957,24624,53724
TCCGCACACTCAGAATCAGGCGCAAAAA,TCGATAGAATTTACT,0.006032840888315831,0.0,4134,9313,8738,15268
TCTCCATGCACAAGGGCATCGTCAGATA,TTTATAAATCAATAG,-0.0018364344636942586,0.0,4763,9971,8496,13892
AGCCCACTAACAATGCCAAATGCATAGT,TCAAAACGGAGTGTT,0.0024768848161969745,0.0,3342,6964,6318,11094
CGGACAGTGTCACGGCCAAATTCATAGA,ACAGTTGACGGACAG,0.005630812923051151,0.0,2547,5675,5166,9294
AAATCACTGACATTCACAGCGGCAGTAA,CCAGGATGTACCGCC,0.021023217484696665,0.0,1733,4608,4703,10035
CGGGCAGGTGCATTCACAGGTCCAAAAG,CTAAGCAGTCTTCTC,-0.034812764760403486,0.0,3904,6207,3679,4234
TTTCCATGGCCACGGACACTGACAGGAA,GTTGGGCGCTTAAAG,0.005496658715450665,0.0,2114,5037,4393,7683
CTTACACAGTCATGTACAGCTCCACAGC,ACAGTTGACGGACAG,0.0016441640152925114,0.0,2007,4284,3974,6498
CATCCACAGGCAGTATCATACGCATCGC,GGTTGCCCAGAAGTA,-0.0067113157691845475,0.0,1589,3199,2535,4004
CAACCAGGCACAAGTACAGCCTCACAAT,AGTGTATGATAATAT,-0.0022255275188729795,0.0,1442,3010,2592,4157
GCCACAGGAACAGGATCAACGTCAACAC,TTTATAAATCAATAG,0.007078007262893715,0.0,1063,2604,2211,4051
CGTCCATAGGCAAGTACATAATCAATC,GTTGGGCGCTTAAAG,0.003799050999827402,0.0,965,2081,2040,3333
TCAGCAGGGTCACAGACATTCACATTGG,ACAGTTGACGGACAG,0.007369602600984211,0.0,919,2062,1884,3533
AACTCAAACTCAGCCCCACGGCCATGCC,ACAGTTGACGGACAG,0.006108919527992744,0.0,875,2002,1797,3239
AACGCATACGCAATACCAGTCTCAGAGA,TGATCATCACGGGAC,-0.014146768635775938,0.0,1186,2150,1608,2391
GAGGCAGTGCCAATGACATATGCAAAGA,TTTATAAATCAATAG,0.002781063295434772,0.0,840,1803,1542,2814
AAGCCAACGCCACAGCCACTATCAAACG,CATTTATGGCTATCT,-0.007081944326660626,0.0,933,1789,1599,2325
CAAACATGGACAGCCACAGTAGCATGAG,GTTGGGCGCTTAAAG,0.0028385590429969468,0.0,683,1605,1387,2292
GCGGCATTCACACCTTCACGACCAGCGC,AGTGTTAATCAGACC,0.00987856197495538,88.33204845878026,552,1361,1197,2288
TCGGCAAATGCAACGGCAGTCACAGAAT,TCGATAGAATTTACT,0.01204987204732076,0.0,552,1207,1126,2442
ATAGCAGTACCATAGACAGTGTCAGCCT,CTTGCAAGTGTAATT,-0.004639448672563474,0.0,678,1337,1121,1818
GGAGCACTGCCAAAGGCACAAGCAGAAT,AGTGTATGATAATAT,0.000804633749815394,0.0,560,1203,1048,1768
ACCTCAAAATCAAAGACAACGTCAATAT,TCTTGGAGGTGAATG,0.008506034693414355,0.0,404,955,839,1607
GCATCACTAACAATGTCAGGGGCACTCA,TTTATAAATCAATAG,0.008539541762897788,0.0,383,940,886,1525
CTAACAATCTCACGCACAGCTCCATCAT,TGATCATCACGGGAC,-0.007902994002385736,0.0,466,911,683,1133
TCTTCATTGCCAGAGACAGGATCACATC,TTTTGCATTTAGGCG,-0.004647713434244904,0.0,426,858,769,1142
GAATCAATCGCAGGTACAGTATCACCTC,CGATGATGATGATGA,-0.02595620320698129,0.0,603,902,547,853
TCCTCATACGCACAAGCACAGACAGTAC,AGTGTTAATCAGACC,-0.01680764502000905,0.0,476,811,673,886
TCATCATGTCCAAAGCCAGTGGCACTCC,CAATTTCAACGTTGT,-0.04810055491528048,0.0,647,993,551,471
TGTACACGACCAAAGTCATAAGCAGCTA,CAATCTTGAATTGAT,-0.0804560846803161,0.0,834,786,292,230
GGAACATAACCAAGAACAACAACACTAG,AGTGTTAATCAGACC,-0.013154697947704644,0.0,403,821,566,837
AGGCCAACCTCACGTTCATGCCCATCTG,CTAAGCAGTCTTCTC,-0.03878092398549726,0.0,484,782,481,466
GAGACACCTACACGCGCAGCAACACGAG,AAAACATTATCAAAG,-0.04303113328193165,0.0,551,720,451,467
GGTGCAGGCCCACTAACACTACCATGAT,CCAGGATGTACCGCC,0.023377411402179787,0.0,168,471,497,1044
CTTTCAATTGCATCCACACTACCAGCCG,AGATTCATCCCATGG,-0.05206519268953547,0.0,492,641,386,318
AATCCAGATGCAAGGACAAGAACAGGAA,CTCGCTAATACTCCT,0.020139591391906565,0.0,169,399,372,953
CTAACAATGACACTTTCAAGTGCACCTC,AAAAGCGACATTTCT,-0.011833924326683296,0.0,230,463,375,497
GGTACAGCTACAACTTCAGCCACACGGC,CAATTTCAACGTTGT,-0.04961446468877667,0.0,299,466,240,208
GCTACACGAACATGTCCAACCCCAGCTG,GTTGGGCGCTTAAAG,0.0016708348787985699,0.0,154,343,250,499
CACTCATTCCCAAGACCAAAGCCATTCT,CCAGGATGTACCGCC,0.022207700741804105,0.0,90,234,298,540
AAGCCACTCACAGTTACACTACCACAGAAT,TATGCCCTTCTTCTG,-0.008232601436087455,0.0,135,291,206,325
CTCGCAGGGGCAATGTCAGGTTCATAGG,CTACTTACAACGGAA,0.010671272921530925,0.0,94,158,195,399
GTAACAGCCTCATAGTCACAGCCAACAC,GCTAATTTCAAGAAT,-0.04873335611983817,0.0,203,308,144,145
GGCGCACCTTCAGCCGCAGGGCCACAAT,CTTGATGGCTGAAAG,-0.013462203203532174,0.0,121,270,178,249
TGTGCAATGCCAGCGACACATGCAGAGG,TCAAATGATGAGGAT,-0.12841490441268413,0.0,321,267,52,21
GCGGCAGTGACAAAATCACACCCAGAAT,CGAACAGAAACACAA,-0.027981333345247633,0.0,157,254,158,209
TCCGCACCGCAAACGCACCGACAATCG,CTTGATGGCTGAAAG,-0.03429672037616199,9.311554485997704,138,286,181,152
TTGACAGGAACATCGTCAATAGCAATTA,TAGACGGACATCTTC,-0.07189295178708503,0.0,244,237,86,87
GGCTCATAGCCATAATCAATAGCAGCAG,AAAACATTATCAAAG,-0.02633909683509314,0.0,128,233,155,179
AGCTCAGAGTCAGAAACACCCGCAGCCA,ACAGTTGACGGACAG,-0.009697191537134798,8.236425237092135,102,197,160,235
ATGACATTGGCAAACCCAATGGCATGTT,CTTGATCAATCAAAA,-0.026587385773721422,0.0,134,208,128,186
TACTCAGTTGCATACACAATCGCAAGTC,ATCGTTGGCATTTGG,-0.08216055885726307,0.0,187,213,89,49
GTCTCAGCCCCAGGTAATTGGCATTCA,GTTCAGCTTTGATCG,-0.029478879671901465,0.0,110,180,143,140
GTTTCACGGACAGAACCAAAGCCAGGAC,CCAGGATGTACCGCC,0.008150179775805946,4.841726093394755,62,123,142,244
CTCTACATAAACAAGCCCAGCAACCA,CTAAGCAGTCTTCTC,-0.04200395336488986,0.0,135,172,98,118
TCGACAAGATCAGAGGCACTGGCATATA,GCCCTCGAAACCTAT,-0.03314454122341937,0.0,107,144,70,122
CAAGCAGTTTCACTAACATAAACACGAC,TCTTGGAGGTGAATG,0.015307228428993236,0.0,41,116,81,200
TACTCAATTCCAATAGCACGGCCACTCT,CAATTTCAACGTTGT,-0.06598162827072095,5.336346511669717,101,143,58,43
CCGACCAACACCCGCAAAGACAGCCT,AGAACATCATCTACA,-0.02094516374587564,0.0,59,127,64,97
GTTCCATCTTCAGCACCAAGAACACATC,TTAGTCTTTCCATCA,-0.008812984505828578,0.0,41,105,75,97
ACTACACCACCAGAAGCATTTTCATCCG,GCAAGAAAGAAACCC,-0.0896838198945733,0.0,110,109,25,23
TAAACACACACATAGGCATCATCAGGCG,AATGATACCATTTTT,-0.01949073303320016,0.0,46,105,68,79
ATCGCAGTGACAAGCACAGAGGCAACGT,TCAAATGATGAGGAT,-0.11142512303389403,0.0,101,104,29,11
AGCGCAAGTGCACGTACATGAGCAGTTG,CTTGATGGCTGAAAG,-0.019440138538285648,0.0,50,87,66,86
AAGCCACTGTCACGGTCACTCTCAAGAC,ATGAAGTTCATAATG,-0.02696196125496327,0.0,51,92,49,70
GGGGCACACACAGCGTCAAAGTCAGCTC,TTTATAAATCAATAG,0.012422794344998109,0.0,19,43,53,85
TGATCATCGCCATTAGCATCTTCACGAG,CGTCAAGACCTTCTA,-0.0420909856162472,0.0,39,46,20,34
ATTTCAGCCCCACGCACACGCGCATGTA,GAGTGCTTCAAAGTT,0.004241150717381165,0.0,12,25,34,42
GAAACAGCATCACTCGCAATAACAGTTG,TCAAAGCATGAAAAA,-0.010772732481633162,0.0,13,23,26,29
CAAGCATATCCATATGCAATCGCAAGGC,TAATATTGTTTTGCG,-0.11198736118925377,0.0,27,19,4,0
CTCGCAGTGTCAGCCGCAGCGGCAGCAG,GTAATCTGACTCTAG,-0.12280080544330892,0.0,19,12,2,2
TAGACACCAGCATAAACAGACGCATCTA,CTAGTTGTATAGCCA,-0.1410329611227044,0.0,19,10,2,3
AGAGCACGGGCACTGTCAGTTCCACAGA,GTTAAATCAACAGTT,,0.0,22,2,0,0
GGTCCATAGGCAGCAGCATTAGCACCTC,GCCCTCGAAACCTAT,-0.05861541682606939,0.0,10,12,6,2
TCGTCAGTAACATCAACAACAGCAAGGT,CTAGTTGTATAGCCA,,0.0,13,3,0,0
GCTTCACCAGCACGTTCACACACAAGTG,GTTAAATCAACAGTT,,0.0,6,0,0,0
GGGTCACTGACAGTGACATAACCAAGCA,GTTAAATCAACAGTT,,0.0,4,1,2,0
TAGTCATCATCAAGATCATGGGCAAGCT,GTTTGTTTTGGGAAA,,0.0,7,0,3,0
AGAACACGCACAGAAGCATAGGCACGAC,CTTGATGGCTGAAAG,,0.0,5,2,3,0
CCTCCAGCGGCAAAGTCAAGTTCAGCTG,CTCTTGAGAATACTT,,0.0,4,0,0,0
AACCCAGATACAAGAACAATGGCACTGC,CATATGCATTCCTTG,,0.0,1,5,0,0
GGGGCACGTACACCGCCAAGCTCAAAGT,ATCGTTGGCATTTGG,,0.0,0,1,0,0
CTACCATGTGCATAGTCAAATCCAAACA,ATCGTTGGCATTTGG,,0.0,1,0,0,0
ATGCCAACAGCACTCACAATTCCAGCGG,AGTGTTAATCAGACC,,0.0,2,0,0,0
ACGCCAGGGTCACGCCCACTTTCAAACT,CGATGATGATGATGA,,0.0,0,0,2,0
AACACACACAACGAACAAGATCATCGA,GAGAATGAAGGACAG,,0.0,1,0,0,0
GATCCATATCCAAGGACACTGACAAACA,ATAATTTTCATCCAC,,0.0,1,0,0,0
ACGACATCCTCACTTACAGTTACAAAAT,ATAGAGCGGCGTTGA,,0.0,0,1,0,0
GGGGCAGTTCCAGTGACACAGTCAGTAG,TCAAAGCATGAAAAA,,0.0,0,1,0,0
AGTGCAACCCCAACGACAGATGCAAACT,TTAGTCTTTCCATCA,,0.0,0,0,1,0
CCAACATTAACAGATGCATGACCATCCT,TATATTGAACTTTAC,,0.0,0,0,1,0
GAAACATGGACATCCGCACAGACATAGT,ATTATCATCGCCATC,,0.0,0,0,1,0
AATGCAGGCCCAGAAGCAGTGGCATCTC,CTAAGCAGTCTTCTC,,0.0,0,0,1,0
GGGGCATGACCACGTCCAATGGCACATG,TCGAAAGCACAGTAG,,0.0,0,0,0,1
AAGACAAGGACAGGGTCACCGCCATGTT,TTATATTTATTTGCT,,0.0,0,0,0,1
GCCGCACAGCCAGCTACATAATCATTTG,TCTTGGAGGTGAATG,,0.0,0,0,0,1
