BC,Edge,s,LL.ratio,TP1-2-T1,TP1-2-T2,TP1-2-T3,TP1-2-T4
CAGACATGGGCAGGCGCATCATCAGGGA,GTCACCGGCACTAAC,0.04199491556668374,0.0,27115,39837,24383,22709
TGTACATGTGCAGTACCAAACGCAATAG,TCTTGGAGGTGAATG,0.019304092788941272,0.0,8571,9239,4567,3634
ACGTCAATAGCAATGCCAGCATCATATG,TTTATAAATCAATAG,0.038066726203213365,159.20559505570418,5763,6734,5093,4290
AAGCCACGCACAATCGCAGACTCAGGAA,CGATGATGATGATGA,-0.005054524404452288,0.0,6333,6093,2085,1293
GGTACAGGCTCAGAAGCACCGGCAAGAT,ACAGTTGACGGACAG,0.023774733423780458,4.5255627587175695,5047,6280,3005,2447
CAAGCAATCTCAAGTACAACATCACGCT,AGAAGACGACGATGA,0.005500069639589045,0.0,3954,3916,1711,1108
CACTCAGGTACACGCGCAAAGTCAATTT,GTACAAGAAATTTTG,0.001318396084881255,0.0,4972,5248,1744,1229
CCGGCAGTTGCAAACGCAATGACACTGA,ACAACCTACCTGCTA,-0.00035747291559551364,0.0,2812,2685,1014,661
GAACCAAGGCCACGAGCATTTCCAGGGC,CCAGGATGTACCGCC,-0.010504246895883437,0.0,4522,4206,1336,784
GGTCCAGGACCATCCTCAGAGACATAGA,CTCGCTAATACTCCT,-0.00026538785106065024,0.0,4200,4279,1576,990
GCTACAGTCCCATCTCCAAAGGCACACA,TCAAAACGGAGTGTT,0.011034736817628912,0.0,4005,3762,1816,1325
ATCACAGGCTCAGACAATGCCATACA,ACAGTTGACGGACAG,0.021178686419700155,0.0,2593,2705,1669,1163
TCTTCATCAACACTTGCATACACACCCA,TATATTGAACTTTAC,0.007863559429427047,0.0,2706,2560,1265,814
CTGGCAGTGGCACATGCACTATCAAACA,GTTGGGCGCTTAAAG,0.009561867213251704,0.0,3453,3364,1690,1093
AATCCAAGGCCAGAGTCAGTCGCAATAT,TATATTGAACTTTAC,-0.0014976088202334349,0.0,3623,3305,1257,823
TGTACAATATCACGAACACAGCCAGAGC,TCAAAACGGAGTGTT,-0.0005953281697779495,0.0,3372,3098,1180,787
AACTCACACACAGTGGCAATAGCAGAGA,TTTATAAATCAATAG,0.018002564699766563,0.0,2580,3159,1705,1052
GTGTCAAGGGCAATTTCATAACCACTCA,ACCACCGGTCCTGCC,-0.003569347897865086,0.0,2806,2290,1164,599
GGTCCATGGGCACGGACAGGTACAATGT,TTTATAAATCAATAG,0.029371265880369254,0.0,2300,2508,1835,1319
GATCCAAGAGCAACAACAGCCTCACTAA,TATGCCCTTCTTCTG,-0.008090679499625207,0.0,1808,1693,598,337
TAAACAATAACACGCACAACGCCAAATC,ACCACCGGTCCTGCC,-0.008060561414698582,0.0,1533,1339,509,286
CCCCCATACGCATCTGCAGGCGCACGAG,AAAAGAAAAATGTAT,5.49293463160648e-05,0.0,2269,2159,769,540
AGAACAGTCGCAGCGACATCGGCAGGAA,CTTGATCAATCAAAA,-0.016843231585728848,0.0,1451,1193,452,208
CCTGCAGGGGCATTCCCAGTCTCAATTC,TGATCATCACGGGAC,-0.017510983951257632,0.0,2370,2268,553,333
GATGCAGTCACAGACACAATTACATAGG,ATGAAGTTCATAATG,-0.023341852457306047,0.0,2272,1496,514,268
CAACCAGACACACGAGCAAAATCATCCC,GAGAATGAAGGACAG,-0.03646713922470008,0.0,2388,1549,481,190
CTTTCACGGGCATCACCAGATTCAAACA,TTTATAAATCAATAG,0.01814204096021922,0.0,1839,2126,994,753
CAGGCAGTGGCACCTCCAACCGCAATAA,GTTTAGCTTCCGTTG,-0.0033454199305595444,0.0,1945,1824,608,418
GGGTCAGTCACAATCACAAATGCACATG,TTAGTCTTTCCATCA,0.017910707336000278,0.0,1810,1636,1118,736
AAGTCATTATCAGGCGCACACGCAAAAC,TATATTGAACTTTAC,-0.003995725092071688,0.0,2045,2027,637,431
CTCTCACACACATAATCAGGCGCACCAA,CCAACACAGGCTTCG,0.01285023882082433,0.0,1706,1968,887,596
TCACCACGGTCAGGCGCACAGGCATGAA,TCAAAGCATGAAAAA,-0.008956096666059404,0.0,1806,1739,524,328
GTAACATGGACAGAGCCACACTCACAAG,ATGGCGATGGTCTTG,0.008129222642547,0.0,1118,1018,494,339
GATGCAAAGGCACGATCATGTCCATCAT,CTAAGCAGTCTTCTC,-0.039015397481944464,0.0,1723,953,307,127
TTGCCATGAACACCACCATGTGCAGCTC,TCAAAGCATGAAAAA,-0.011577994503209435,0.0,1650,1532,460,277
AGAGCAGCATCAAAATCAATAGCAAGTT,TATGCCCTTCTTCTG,-0.008079633115583981,0.0,1137,1111,369,212
GCCTCACTCACATTGGCAGGTACAAGGA,TCAACAACCTATGCA,0.017209166909805885,0.0,1414,1436,757,563
TTAGCATTATCAACAGCACAAACAGAGA,ACAAGTTTTACAGTT,-0.03567896889804489,0.0,1117,917,157,91
TCCTCAACAGCAAACACAGAATCAGGCC,ACAGGGCAGCTCCCG,-0.037634204400443065,0.0,1601,1058,244,123
GGCACATGGTCATGTACCAAGTTCAAGCT,TATGCCCTTCTTCTG,-0.0069692886648604025,0.0,996,905,310,192
ATCCCACTATCACATGCACGTACAAGTG,TTAGTCTTTCCATCA,0.018052569499322723,0.0,813,772,472,332
ACTACAGCAGCAAATTCAACTCCAATAA,AGTGTATGATAATAT,-0.009571498760717256,0.0,903,733,318,161
GGGACACGAGCAACGCCATTGGCAATAA,TCAACAACCTATGCA,0.01901649712247129,0.0,1042,1096,662,438
AAACCATGGCCATGTACAAGCACAAGGT,GTTGAACTGGTTGTT,-0.03310817462976421,0.0,750,578,169,66
GGGGCAAAGACAGGATCAATCCCAGTTC,CTTGCAAGTGTAATT,-0.020028659363794093,0.0,1159,894,289,151
GTAGCATGGACAGTGTCAAGGTCAGCAT,TCTTGGAGGTGAATG,0.024700315050387795,3.0757986082244315,664,767,386,331
ACGCCACTCACAGTGACAGCCACAGAAA,ACAGTTGACGGACAG,0.004784885111684039,0.0,999,1009,492,274
CTACCACCTTCAGGGACATGGACAATAG,GTTCAGCTTTGATCG,-0.05598372194535497,0.0,474,268,53,21
GTCACAAGGGCAATGCCATGCACAAAAT,CAATCTTGAATTGAT,0.002296578999793046,0.0,880,936,363,224
GTTACACGGTCAAAGGCAGCCGCAGTAT,CTTGATCAATCAAAA,-0.02913818491172653,0.0,575,452,170,57
TGAACACCGCCAGTACCATAGGCATCTA,TCTTGGAGGTGAATG,-0.002146491985328132,38.07657874220604,597,611,169,133
TAGACAGGTACACCTACAATTGCAATCC,CTACTTACAACGGAA,-0.03314149130753367,0.0,819,560,200,72
TCGACAAGACCAAAAGCAGTCACAAGTA,CTACTTACAACGGAA,-0.036616858318347295,0.0,505,295,65,40
GGATCAAACGCATCCCCACTGCCAGTGA,CTTGATCAATCAAAA,-0.009468536427040404,3.6050677316470683,520,438,194,93
CTGGCATGATCATGATCAGGGTCAGTGG,TCTTGGAGGTGAATG,0.013101637407565486,0.0,625,738,329,220
TGCGCATGGCCATCACCACTGTCAGCAC,AGTGTATGATAATAT,-0.004664310206005315,0.0,639,494,247,132
AGGTCACGTGCAGATCCAAGGACAGCTA,GTAATCTGACTCTAG,-0.00991426099257005,0.0,697,562,235,123
GATTCAATAACAGGAGCAGCGACAGGCC,AGTGTTAATCAGACC,-0.03811175902597565,0.0,647,447,138,49
CTGTCATTGACACAGACACCCCCAGAAA,AGAAGACGACGATGA,-0.011467336919305625,0.0,659,668,151,111
ACTCCAGACGCAAACTCAATCACATCAC,AAAAGAAAAATGTAT,-0.0030904018373713853,0.0,628,508,222,136
GGGTCAGTCGCAACAACAGAATCATCAT,CGCGATCAATCCTCT,0.005099224483804147,0.0,614,618,249,170
TGGGCACATCCAAAACCACGGCCATCAG,ATAGAGCGGCGTTGA,-0.014714776257010564,0.0,589,451,154,90
ATGTCAATCACAGTTGCAGGCACAAGCC,CTCTTGAGAATACTT,-0.11643260700888111,0.0,508,137,18,1
GGTTCACACGCAGAACCAAGCTCAGATC,AAAAGAAAAATGTAT,0.005296279610683891,0.0,377,398,134,105
GGGTCAATCTCAGGTGCAGTGACAGGTG,GTTAAATCAACAGTT,-0.0027203439518321826,0.0,548,373,227,120
ACCACAGCACCACTGTCAACGTCACCTA,CTTGATGGCTGAAAG,-0.006893222345515757,0.0,383,262,138,74
TTAGCAGGATCACGATCATTAACAGCGC,CCAGGATGTACCGCC,-0.015777283208025537,0.0,527,472,159,78
GGATCACCAGCACCCTCACCTTCAATGA,TTAGTCTTTCCATCA,0.005139462698894819,0.0,487,471,194,135
TAGACATACTCGGCGCATCGACAACTG,CTTGATCAATCAAAA,-0.02411166616249288,0.0,321,250,91,37
TGGACAGAAGCACTGTCACGCGCCACGCC,GTACAAGAAATTTTG,0.011285364564763154,0.0,456,454,230,152
GTGGCATCATCAACTCCAAAGTCAGTAC,TTAGTCTTTCCATCA,-0.0028626690874758464,20.248422071982077,399,424,132,87
GGTACAGCCCCAGTGTCATCCTCACTTA,AATGATACCATTTTT,0.01185034984188893,0.0,351,396,178,119
GAGGCACACGCACGCACATCGACACACT,CTCTTGAGAATACTT,0.005531606475863364,0.0,246,206,143,69
GTTGCATTCTCAAGCCCACACACAGGTA,GTTCAGCTTTGATCG,-0.06477660085113446,0.0,382,223,62,13
CCTGCAATTACACTGGCACACGCATACG,CATTTATGGCTATCT,-0.014647504118469315,0.0,209,162,68,32
CAACCATCGCCAAGTTCAACAGCAAGCA,CTTGATCAATCAAAA,-0.012603891367574824,0.0,258,297,91,42
TTCGCAACTACAGTACCATCAGCAGCGC,GTTCAGCTTTGATCG,-0.07984818326995562,1.7385031557440698,128,55,6,7
TACACACCCTCAGGAACAATAGCAGCTC,GCTAATTTCAAGAAT,-0.03720568619100748,0.0,257,183,35,20
TTGTCACGACCACCGCCACAGGCAAACA,AGTGTATGATAATAT,0.0003352289990286028,0.0,100,92,28,24
GTCCCAATAACACCAGCATTAACATCAC,TTTTGCATTTAGGCG,0.018206676724037963,0.0,195,198,112,80
ATGTCAGTGACACTGACAGCGGCACAAT,CTTGCAAGTGTAATT,-0.017701422698620222,0.0,136,139,44,19
GTGCCACGGGCACTACCAAATCCATATG,GCAAGAAAGAAACCC,-0.12502227860104378,0.0,117,32,2,0
AAATCAGCCACATTGACAAAGGCATTCT,TCTTGGAGGTGAATG,0.013347878022032751,0.0,141,177,92,50
GGGACATCTCCACGGACAGATACAAGGG,GAGAATGAAGGACAG,-0.031412430283972316,0.0,108,96,36,10
GTTTCATCCACAACCCCACCTGCACAGC,TCAAAGCATGAAAAA,0.013684481218932806,7.723997010041785,134,123,54,48
ACTGCATAACCAGGTTCACAAACATACG,AGTGTTAATCAGACC,-0.05740133499243387,4.282054423003956,156,73,18,8
ATCTCAAAACCACAAACATCACCAGGCT,TTAATTAGAGGTATG,0.004621524598759042,0.0,66,66,9,5
CTCTCATGCACAAGTACACATGCATCGT,CAAGGATCCCCGTAG,-0.023830975296256926,0.0,62,24,14,3
GCAACAAGCACAGTGACAGGTGCATATA,CTAGTTGTATAGCCA,-0.17287371049240832,0.0,59,10,2,0
GCATCAGGGTCAACACCAAAGACATGCT,GCAAGAAAGAAACCC,-0.1447709779324665,0.0,49,11,1,0
GGCACACACACAGATCCACTGCCAGGGA,ATGGCGATGGTCTTG,-0.0283363909712651,11.044045855785612,63,37,13,2
GCGGCAACTACATGGGCATAGGCACAAG,GCTGCGGAGCCTCAG,-0.039766989854395085,0.0,67,26,11,4
TCTACACGGGCATTAACACTACCACCTG,AAAACATTATCAAAG,-0.018741840580759832,0.0,52,50,13,7
GGAGCAACCCCAAGGCCAACGACAATAT,AGTGTATGATAATAT,-0.03168492227657427,2.6045287628614915,57,36,11,6
CTGGCAACCACACCCGCACTAGCATCGC,AGTGTTAATCAGACC,-0.0022301390388423012,9.089003011908403,45,45,28,10
ACAGCACGCTCAATCACACAAGCAAGAA,TTTTGCATTTAGGCG,-0.04453249884461128,0.0,67,35,10,4
AGCTCACAATCAGAGACAACTACACTAT,ATGGCGATGGTCTTG,0.0067994406075397845,0.0,24,34,10,8
ACGCCAGCCGCAGTGTCAACCCCACTCT,TCATAGGTATCTCGC,-0.026393968231624855,0.0,30,22,2,2
ACAGCAACAGCACACGCAAACGCAGCAC,GTTGGGCGCTTAAAG,0.04580736848501852,0.0,11,21,10,7
CAGGCACGAGCATCAGCACAGTCAAGAG,CATCAATGAGGCAGT,,0.0,10,0,0,0
ACCCCACAATCAACTCCAATATCAATAG,GAACTCAGGTTCCAT,-0.035924986212057246,0.0,24,16,5,0
GTACCAGGGACAGTTGCAAAACCACACG,TAATATTGTTTTGCG,,0.0,21,1,3,0
TTTGCATATGCAGGAGCAGTAACAGGGA,CATCAATGAGGCAGT,,0.0,11,4,0,0
GTCTCAGAGACAATTTCAACGACAGGGT,AAAACATTATCAAAG,-0.05003284603804783,0.0,19,11,1,0
AGGCCAGGGTCATCATCACAACCAGGTC,CTAGTTGTATAGCCA,,0.0,12,0,0,0
ACCGCAGCAGCAGACTCAACCCCACAAC,AAAACATTATCAAAG,,0.0,4,1,1,0
TCCGCATTGTCAATCACAGCCACAAATT,CTATGCATTTACTCA,0.022853680278154445,0.0,15,18,3,2
GGGTCAGTATCAGAATCAGGCGCAAAAC,CTTGATCAATCAAAA,-0.0595638640184804,0.0,19,10,1,0
AAACCAAAGTCATAGGCATGCACATACC,TAATATTGTTTTGCG,,0.0,8,4,0,0
GGTTCATCCGCATCGCCATCATCACGGT,TCATAGGTATCTCGC,,0.0,13,3,1,0
GACCCACTGTCATTGACAAGATCAAACT,ACAGTTGACGGACAG,-0.022204874060708944,0.0,17,13,3,6
ACTGCAGGATCAGTTGCATGCCCACTCG,GAGAATGAAGGACAG,-0.01208388386755743,0.0,13,11,3,0
ATATCACAGTCATCAACAAAACCACCTG,TTAGTCTTTCCATCA,,0.0,9,8,1,1
CCAGCACGGTCAAACGCAAGCTCAACCT,TCATAGGTATCTCGC,,0.0,11,3,0,2
AAACCAAAAACAGTCCCATAAACACACG,GCTGCGGAGCCTCAG,,0.0,1,2,0,0
GCGGCAAGTGCAGAGGCAGGCTCATTAA,CGAACAGAAACACAA,,0.0,9,2,0,0
ATAGCAGCGACAATGACACATCCAGTGG,CATATGCATTCCTTG,,0.0,3,1,0,0
AGGACACCTACAAGGCCAGTAACATAAC,TCATAGGTATCTCGC,,0.0,2,0,0,0
CTCCCAAGGTCAGGGTCATCAGCAAATA,TCATAGGTATCTCGC,,0.0,2,0,0,0
GTGGCAGTGTCATCACCAGCGTCATCGT,CGCGATCAATCCTCT,,0.0,1,0,0,0
AGCACAATAGCAGAAGCATCTACATCGA,TTATATTTATTTGCT,,0.0,1,0,0,0
