BC,Edge,s,LL.ratio,TP1-1-T1,TP1-1-T2,TP1-1-T3,TP1-1-T4
GCTACAATCGCAGGTACAGCTCCAGTGA,TTATATTTATTTGCT,0.050384254200942835,0.0,6715,23094,30003,43391
GTTACAGCACCACCAACACTCCACTCT,TTTATAAATCAATAG,0.02072613205853852,0.0,4781,12208,11639,12690
AGTGCAGGTCCATACTCACGCCCAGCAT,CAATCTTGAATTGAT,0.022092221575762072,0.0,3596,9192,9155,9944
AGGTCATGTCCATTATCACAAGCACATC,CCAACACAGGCTTCG,0.015666959308805305,0.0,4018,9801,9097,9163
GGAACAACTCCACCTCCATCTTCAGGTT,TGATCATCACGGGAC,0.005078769800577784,0.0,4075,9255,7315,6764
GGCCCAAGTACAAGGGCAAAGGCACAAA,GTGTGATTACTAAAT,0.026875454252083018,0.0,2896,7594,7748,9244
GGAACAATAACATAGACAGGTACACAGC,TCAACAACCTATGCA,0.007013600944343373,0.0,3636,8174,6703,6396
ACGTCAATTGCAGGGCCAAACGCAAATG,TTAGTCTTTCCATCA,0.003500631132925707,0.0,3567,7594,5988,5647
TAGGCACGAACATCACCATATGCATCAG,ACAGTTGACGGACAG,0.0022932782164535102,0.0,2462,5116,4107,3759
GACGCAATACCAGCGGCAGTTTCAGGGC,TCTTGGAGGTGAATG,-0.0023982084443821203,0.0,2436,4637,3616,3231
ACCGCAAACACACGAACAGGGCCAAGTC,TCAAAACGGAGTGTT,0.003778903872270549,0.0,1997,4823,3564,3188
GTGGCAGTTCCAGCACCACCACCAATGC,AGAAGACGACGATGA,0.0046271972030104145,0.0,1774,3936,3231,2905
GGAACAGAAGCATGGCCAACATCACAAG,ACAGTTGACGGACAG,0.007165268129291517,0.0,1623,3774,3077,2868
CAGTCAAATACAGTGACAACCACAGAAA,TTATATTTATTTGCT,0.04678257757420665,0.0,715,2397,3061,4147
AGTACACCGCCAGCTGCAAACGCAATAA,CAATCTTGAATTGAT,0.02327675888178452,0.0,1047,2783,2615,3000
TATGCACCGACAGCTGCACAAACAGATC,TATATTGAACTTTAC,-0.0015546608761659874,0.0,1493,3026,2321,2031
GCTGCATTGCCAACAACACGAACAAAAT,GAGAATGAAGGACAG,-0.00975291460352652,0.0,1459,2889,2081,1552
CAGGCAACGGCACCATCACCACCATGAG,CCAACACAGGCTTCG,0.016728640247889694,0.0,1002,2349,2175,2359
ATGGCATTCACATTAGCAATCGCAACCC,ACAACCTACCTGCTA,-0.002178987134144638,0.0,1316,2598,2025,1757
AACTCAAGTGCAACAACAGTTCCACATA,TCAAAACGGAGTGTT,0.0028386454888830927,0.0,1154,2341,1890,1791
AGAGCATGTCCATTCGCAGTTCCATGAT,TATATTGAACTTTAC,0.0009905602956354093,0.0,1151,2219,1824,1690
CTCCCAGACACAAGCACAGTTGCAACAC,AATGATACCATTTTT,-0.014715384175833379,0.0,1307,2308,1596,1198
ATAGCAGCATCACTGCCAATACCACTAA,GCTGCTTATGAGGAT,0.004256693025709325,0.0,967,2056,1665,1566
GAAACATGCCCAGATACAGGAACAATTA,AGTGTATGATAATAT,-0.009939701509343488,0.0,1090,2042,1521,1153
TAAGCAAGAACAAAGACAAGATCACAAC,CTCTTGAGAATACTT,-0.007044862881294133,6.518602619493549,1008,2010,1467,1163
GTTGCACCGCCAAGCACACCCTCATTAA,AGTGTTAATCAGACC,-0.023315615759154317,15.413419949938543,1189,1985,1260,842
CATGCAGTCACATGGACACAGGCACCAC,ATAATTTTCATCCAC,0.0005301670220272473,0.0,810,1928,1416,1173
AAGGCATGGCCATAGGCAGATCCACAAC,TTTAACTCACCGTAA,-0.024534004000742304,0.0,1182,1906,1176,807
ATGGCATTTGCAATTCCAGGTGCAAAAC,AGTGTATGATAATAT,-0.014390779456991099,0.0,1048,1815,1222,970
CAGCCAGGATCAGATACACATGCAGTAG,TGATCATCACGGGAC,0.008458520466374173,0.0,681,1507,1361,1251
GGTACACAGGCACTAGCATACACACCGA,CAATCTTGAATTGAT,0.01692217088985284,0.0,500,1401,1253,1184
CAAACAGAGACAGCTCCAATTACAAGAA,TCAAAACGGAGTGTT,0.0054291974590035515,0.0,651,1301,1191,1092
ATGGCAAAAACAGAAGCAACCCCAGATA,ACAACCTACCTGCTA,0.0009537220643310428,0.0,630,1432,1132,924
GTTACAACACCATAACCAATTCCAGAGT,TCAAAACGGAGTGTT,0.005913855258470717,0.0,604,1265,1094,1028
GAGCCAGTGGCAACATCAGGAACATAAC,AGTGTTAATCAGACC,-0.034055189368684104,0.0,992,1394,859,509
TGGCCACATCCATGGACAGTTCCAATAA,TATATTGAACTTTAC,-0.006289414602471462,0.0,738,1246,978,871
AACACAAGGCCACGAGCATCAGCAAAGA,TCAAAGCATGAAAAA,-0.008900605045683425,0.0,712,1257,959,777
TTGGCAGCACCAAGACCAATCTCATCGT,GAGAATGAAGGACAG,-0.006068253047190859,0.0,654,1237,917,777
TCGGCATGGGCAATTTCAAGGGCATAAA,TTAGTCTTTCCATCA,0.004095043871722253,0.0,448,961,817,722
GAACCAGATCCAACAACAGTTCCAGATG,TCAAAGCATGAAAAA,-0.01359498488490657,0.0,557,984,663,528
TCAGCATATGCACATCCACTCACAGGGT,GAGAATGAAGGACAG,-0.005042369934836021,0.0,484,966,666,593
AAACCAGGCGCAGATGCACGTTCACTGC,TCAAAGCATGAAAAA,-0.009504071661870624,0.0,502,941,659,538
CTGACAAGCTCAAGGTCATTGGCAGTCT,ACAGTTGACGGACAG,0.001004430176540387,0.0,418,781,716,614
TGACCAAGTACACGGGCAAAGTCACAGG,GAGAATGAAGGACAG,-0.01031888581787937,0.0,480,803,625,502
TGGTCAGCAGCAACGGCAGTCTCAAGAG,TATATTGAACTTTAC,0.0016093155618127346,0.0,357,731,623,534
GTCACACTATCATGCCCACGTTCAGCAA,TTTAACTCACCGTAA,-0.016714466942755694,0.0,468,805,502,404
GTCTCACAAGCATTCACACCGACACAGC,TGATCATCACGGGAC,0.008063892141461802,0.0,325,664,556,590
AGGTCAAGCGCATCCACATACTCAGGTG,GAGAATGAAGGACAG,-0.0051323971680358625,0.0,347,666,442,424
TCAGCACAGACACGTTCAGTAACAACAC,TTAATTAGAGGTATG,-0.010519818843033907,0.0,354,648,433,368
CTTGCACGTGCATCGGCAGGGACATGAG,CGCGATCAATCCTCT,-0.014771231697732165,0.0,365,610,443,334
TGATCACTGACATTACCACTGGCACAGC,CCAGGATGTACCGCC,-0.025576022564061884,0.0,405,648,435,268
GCCACAGTAGCACGTACACGGGCACACG,TCAAATGATGAGGAT,-0.024414890808207468,0.0,324,631,322,222
TGACCAAATCCAACTTCATCCGCACCAA,CGAATGCCATACAAA,0.05078178292243748,0.0,89,292,377,582
GAAACAATCCCATATCCAGGATCAAGTA,AGTGTTAATCAGACC,-0.03554066346327572,0.0,324,454,216,159
GTTTCAACGGCACAGACATATCCACACG,ACAGTTGACGGACAG,-0.0076054291019590934,0.0,223,398,308,253
CAAACAGGCACAACCACAAAGCCATCTA,GAACTCAGGTTCCAT,-0.021051208326365593,0.0,252,337,262,191
TATGCAGGGACATTTCCAAGTGCATCAA,CTAAGCAGTCTTCTC,-0.06792294504422432,0.0,323,407,144,60
AACACAGCACCAAGATCAGATCCATCAA,CCGTTAGTATCGCTA,-0.03280271830490525,0.0,229,391,218,122
ACGTCACAGGCAGTTGCAAAGTCACAGA,TTTAACTCACCGTAA,-0.03128778942156608,0.0,226,365,235,126
CCTACAGCCACACTAGCAGCAACAAAGA,ACAAGTTTTACAGTT,-0.011988588247567262,0.0,190,347,235,189
TTCCCAGCGGCATGCACACCGCCAATTA,TCAAAACGGAGTGTT,0.00588740875752559,0.0,157,332,234,267
CCAGCACATCAACTACAACCGCAACGC,TTTATAAATCAATAG,0.021820651321741626,0.0,105,274,306,288
ACAACAACGTCACGGGCAGGGTCACGTA,CTTTCTTGTGTATTT,-0.039528511192471145,0.0,209,327,146,91
GTACCAGTGACAAGATCAGCCTCAGCTA,TCAAAGCATGAAAAA,-0.011276481752485011,0.0,185,304,205,188
GAGCCACCATCAGCGACAGAGGCACGCA,TCAAAACGGAGTGTT,0.005620518968669073,0.0,147,295,220,248
ACATCACGGCCAACCTCATGTCCAAGTG,GAGAATGAAGGACAG,-0.008594755442784223,0.0,148,303,214,163
GGGCCATTTACAAAAACATGCACATGGG,TTTAACTCACCGTAA,-0.019350158992617366,0.0,168,312,213,134
TGACCAGCAACACAGCCAGGGCCAACCT,TCAAAGCATGAAAAA,-0.01282593558368484,0.0,167,245,183,162
ACCGCAAGGACACGGGCAATACCAGCCT,GTTGGGCGCTTAAAG,-0.0006391125337182734,0.0,113,264,175,158
TCATCATGATCAGAGTCAACCACAGGCG,CTACTTACAACGGAA,-0.010249900147577458,0.0,125,229,174,131
AGGTCAGTAACATTTACACGGTCAACCC,TATATTGAACTTTAC,0.005088810353330369,0.0,106,206,182,176
AACTCAACTACAGTTTCAACGCCATACA,TCTTGGAGGTGAATG,-0.015067301996336331,0.0,129,216,154,117
TCAACAGGCCCACGTGCAGAAACAGGGG,ACAGTTGACGGACAG,0.015534278994823264,3.134513737070847,70,197,187,159
GTCACACATTCAGCTACAACCGCACCCC,AGTGTATGATAATAT,-0.025829452526629288,4.109942055275496,134,204,140,88
GAGTCATGTCCACATGCATCTCCATCAG,GTTGAACTGGTTGTT,-0.016263732765023204,0.0,112,190,140,98
CAGACACGACCAGCATCAAACACAGAGT,TTTTGCATTTAGGCG,-0.09826491659455094,0.0,162,141,36,6
TACCCACGGACACGATCATAGACAGCTA,CGATGATGATGATGA,-0.012134750041263699,0.0,104,162,119,103
CAAGCAAACACATCTTCAGACACAACAA,CTTGATCAATCAAAA,-0.012827993260362743,0.0,100,109,65,97
CTTTCAATCGCACGTGCAAAGACACAAG,CTCTTGAGAATACTT,-0.023652795455115005,0.0,97,164,91,68
TTGTCATCTGCAGATACAAGCTCACAGT,ACAAGTTTTACAGTT,-0.01181268634420581,0.0,70,130,92,70
TCGCCACTGCCAGTGGCAAGGCCATAAA,CTAAGCAGTCTTCTC,-0.05279441599843646,0.0,106,115,63,31
GGAGCAGCGGCAGGTGCAGAGGCAGCGA,ACAACCTACCTGCTA,0.0012553832483282873,0.0,25,82,57,37
AAGACAGCTTCACGGGCATTCCCACCAG,GAACTCAGGTTCCAT,-0.009430720878134293,0.0,27,70,48,29
GGCTCACTTGCAATATCAAGTGCAGCAG,GCTGCGGAGCCTCAG,-0.051460248636034156,0.0,30,34,17,4
AATACAAATGCAAAACCACACGCACAAA,GCTGCGGAGCCTCAG,-0.12089910024132244,0.0,38,23,7,2
CATGCAAAACCAATCGCAAACGCACACA,CTCTTGAGAATACTT,-0.059472971774298,4.835949722137741,29,29,14,5
GCACCAGGATCAAAACCAGGAACAAAGT,GTTGAACTGGTTGTT,-0.037387858101328074,0.0,28,22,16,13
GGACCATTTCCATAAGCAGACACATACC,TATGCCCTTCTTCTG,-0.011903869190026815,0.0,16,26,20,5
ATGCCAAAGCCACAAACAATTTCATCC,CATATGCATTCCTTG,-0.12732945335367907,0.0,37,21,0,0
CGACCATGGGCAATCCCAGGGTCAGGAT,CTAGTTGTATAGCCA,,0.0,20,5,3,2
CAAACAAGGACAAGGTCAATACCAGGCG,ATTAATACTTTGCAG,,0.0,22,8,0,0
TGGGCAGGCACACGTGCAGTAACACTCT,TCGAAAGCACAGTAG,-0.02306104675573726,0.0,11,14,11,4
AAAGCACATGCAGAGGCATGGCCAAGAA,CTTTCTTGTGTATTT,,0.0,8,11,3,7
AACCCATAGACACAATCAATGACAGGCA,AGTGTTAATCAGACC,,0.0,14,3,0,0
CTTGCATATGCAGAAGCACTAACATATG,ATTAATACTTTGCAG,-0.061158887881166274,0.0,10,11,5,1
GAAACAGCTTCATCGCCAGTATCAGTAC,CATCACCGTGCTCAT,,0.0,17,5,4,0
AGTCCAAGTACAGATGCATCAACATGGA,GTAATCTGACTCTAG,-0.009079411311996875,0.0,2,14,10,4
GACGCAGAAGCAAGCCCAGCACCATACA,GTCACCGGCACTAAC,,0.0,4,13,9,2
ACATCAACGACAGAAGCAATCTCAATTG,TATATTGAACTTTAC,-0.022963189183264295,0.0,0,2,14,10
GAACCAGCTTCATAGACATGACCAAATG,GTTTAGCTTCCGTTG,,0.0,1,3,17,1
GAACCACGAACAACGCCATACTCAGATG,AGTGTTAATCAGACC,,0.0,0,0,18,0
ACGGCAGATACATTAGCACGGACACGGG,AGAAGACGACGATGA,,0.0,5,5,1,2
AGATCAAAAACATGGTCAGAAGCAGCAT,AGTGTTAATCAGACC,,0.0,6,2,0,0
AGACCAATGTCATATTCAAGGGCAGTAT,TCGAAAGCACAGTAG,,0.0,2,3,0,0
GAGCCAGATCCAATGGCAAAACCATAGT,CATCAATGAGGCAGT,,0.0,2,0,0,0
AGGTCAAGGTCAAGGGCAGTTCCATAGA,TACACCAATTACACT,,0.0,1,0,0,0
GCTTCAACATCAAAGCCAGTGGCACTCG,CTTGATCAATCAAAA,,0.0,0,0,3,1
AGATCATGATCACCTTCACGACCAACCA,CCAACACAGGCTTCG,,0.0,0,0,3,1
CCCACATAGACATGGGCAGCGACAAAGT,TATATTGAACTTTAC,,0.0,0,0,3,0
ATACCACGAACAGATACATTGACATCCG,CATTTATGGCTATCT,,0.0,1,0,0,0
GTGGCATTTACAGATGCACACGCATCAA,CATCAATGAGGCAGT,,0.0,1,0,0,0
GTATCACACACAGGGGCAGTCGCACGGA,ACAACCTACCTGCTA,,0.0,0,0,2,0
GTAGCAACCGCATTAACACACTCAATAG,AAAAGCGACATTTCT,,0.0,0,0,1,1
GCTTCATGATCAGGTACACCGGCAGAGC,TATGCCCTTCTTCTG,,0.0,1,0,0,0
CCAGACAAACACATCAAATGCAAACG,CATTTATGGCTATCT,,0.0,1,0,0,0
AGGGCATCATCACCGGCATTGCCATCCG,TGATCATCACGGGAC,,0.0,0,1,0,0
TTAGCACCACCAATGGCAAGGCCAGGCT,CTAAGCAGTCTTCTC,,0.0,0,1,0,0
GGCTCACACACAAAGTCAGTAACAACTC,ACCACCGGTCCTGCC,,0.0,0,1,0,0
ACAGCATAATCAAAAGCAGCCTCACTGG,CAAGTTCGGCGAAAT,,0.0,0,0,1,0
CACCCATTGCCAGAAACAACTACATATA,GTACAAGAAATTTTG,,0.0,0,0,1,0
AGATCATAGACAACACAGGCACAATGA,AAAAGAAAAATGTAT,,0.0,0,0,1,0
CTTTTCACTCCCACGCTCATTACCAAGCC,GTTTAGCTTCCGTTG,,0.0,0,0,1,0
CACTCATCGGCATTGCCACTGACACTTC,GAGAATGAAGGACAG,,0.0,0,0,1,0
GACACAACCCCAAGAGCAACGCCACATT,TCATAGGTATCTCGC,,0.0,0,0,1,0
AGGACAGCCTCAAGGACAGTAGCAAGAG,TCAAAACGGAGTGTT,,0.0,0,0,1,0
CTCACACTAACAAGCACATCAGCAAGAA,CTAGTTGTATAGCCA,,0.0,0,0,1,0
GCCGCACCGACACAGTCAGTTCCAACCA,CTTGATCAATCAAAA,,0.0,0,0,1,0
ATACCACTTGCAGGCACATACGCAACAA,CCAACACAGGCTTCG,,0.0,0,0,1,0
TAACCAACTGCAGTGACAAGCACACTAC,CGAACAGAAACACAA,,0.0,0,0,1,0
GCATCAGTTGCATGAACACTAACATCAA,ACCACCGGTCCTGCC,,0.0,0,0,1,0
AAAACACGCGCAAGCACATTCGCATTTG,TGATCATCACGGGAC,,0.0,0,0,0,1
GGGACAGTTCCACCGGCAGTACCAAGAA,GTTAAATCAACAGTT,,0.0,0,0,0,1
