BC,Edge,s,LL.ratio,TP1-1-T1,TP1-1-T2,TP1-1-T3,TP1-1-T4
GTTCCAGGAACATTGTCACTCGCATACT,TCAGAGCATTGGCCT,0.036052082618750377,0.0,5118,13385,14989,23086
ACATCAAGGTCAACGCCAGCACCAACGG,ACAGTTGACGGACAG,0.0049072771525006335,0.0,1408,3183,2416,2495
GCTGCAGCCACATTGCCATCAGCATCCT,CTCGCTAATACTCCT,0.01692822515110454,0.0,1121,2758,2403,2849
CTTCCAGGTTCAGCTACATCCACATAGA,GTTGGGCGCTTAAAG,0.00465816598159375,0.0,1190,2513,1942,2093
AACTCATAGTCAATTCCAAGGTCATTCG,CTCGCTAATACTCCT,0.010777248090479663,0.0,839,1834,1643,1773
TTGACATAGCCATGAACAAGATCAGAGG,CTCGCTAATACTCCT,0.015460025696767235,0.0,757,1763,1606,1841
AATTCATGTCCAGGGGCAAGCACACGGC,CTACTTACAACGGAA,0.01032972416463506,0.0,729,1748,1391,1520
AATGCATGTGCAGCTGCAATGTCACACC,TTTATAAATCAATAG,-0.002679368633384241,0.0,778,1504,1091,1098
CCTTCATAGTCATGGGCAGATACACTTC,GTTGGGCGCTTAAAG,0.008404149507227046,0.0,594,1437,1157,1169
GAAGCACAGACATTACCAAGGGCAGGCT,TATATTGAACTTTAC,0.007871283508630518,0.0,538,1131,933,1042
AAAGCATACTCAGAGGCAAACTCATCGC,TTTATAAATCAATAG,0.002349476079500023,0.0,496,1185,879,814
GACCCAATTTCACGCCCAAAGTCAGGTA,CTCGCTAATACTCCT,0.009782452887100267,0.0,411,868,746,843
TTAGCACCGGCAAATACATTGTCAAACC,TCATAGGTATCTCGC,-0.02032371630382186,6.420590496431942,563,861,523,468
CTTCCACGAACACCGACAGAATCATCAT,TCTTGGAGGTGAATG,0.0044905210347603456,0.0,324,614,512,567
GAAACAGAGTCATAGCCAGCCTCACATG,CTCGCTAATACTCCT,0.016076528169188708,0.0,243,606,547,602
TTTCCAACGTCAAGGTCACCGCCAAATG,AAAAGCGACATTTCT,-0.015147750148587652,0.0,378,611,380,367
AAGGCAAGGCCACCTTCAACCGCACAGG,TCTTGGAGGTGAATG,0.014370655472896473,0.0,212,515,482,499
CTGGCAAATTCAGCGGCAAAGGCAGACG,ACAGTTGACGGACAG,0.010743808164586963,4.830920705829158,234,530,419,494
CTGTCAGAAACAGAGGCACATACATGTG,ATGAAGTTCATAATG,-0.003634906915804519,0.0,280,544,392,384
TTCGCAGGGACAATTCCATGAGCACCAA,AAAAGAAAAATGTAT,0.0038146879060466585,0.0,242,501,435,415
AGACCAGCATCATGGGCATGGTCAATGA,ATTATCAAGTGCCAG,-0.006353265774044513,0.0,303,506,387,383
AAAGCATCGACATGGGCATTGACATGAA,CTCGCTAATACTCCT,0.019822546703283643,0.0,193,378,431,535
ACACCATAGCCAGAGTCACTACCACGCT,TATATTGAACTTTAC,0.008781695046794668,0.0,209,388,407,416
AGTACATGCACACTAGCAGCATCACAAC,AGTGTATGATAATAT,0.006382766915183173,0.0,203,471,350,376
TCTGCAATTGCACGCCCAGCGCCACTAT,ACAACCTACCTGCTA,0.0007588435235309724,0.0,232,468,324,363
AGTTCAATAGCACGACCAAGGCCATCGG,TCTTGGAGGTGAATG,0.01585664150622891,0.0,167,405,365,411
GTGCCACTATCACAGTCATAAACAACCT,TATGCCCTTCTTCTG,-0.01052336216425401,0.0,234,445,277,261
GGTACACGTACATAATCATACGCAAAAG,TTTATAAATCAATAG,0.008833166276031866,0.0,154,399,339,307
CTGCCACATACAGGCACAAATCCACAAT,TTTATAAATCAATAG,0.003483395081543798,0.0,192,369,283,326
ACAGCACGTACACTCCCATAAGCAAAGA,CTACTTACAACGGAA,0.006325846940861282,0.0,159,423,288,294
GGCACAGGATCAGTGACAAGCTCAATGT,CTCGCTAATACTCCT,0.015535758899908445,0.0,144,348,314,351
ACTTCAAAGCCATAGGCACTTCCACAAG,ACAGTTGACGGACAG,0.003834762181470171,0.0,176,365,251,302
TTACCAGCGGCACCCCACGGCCATTCT,ATTATCAAGTGCCAG,-0.0005173716487770396,0.0,170,337,239,256
ATCCCAAAAGCACAGTCACTTTCAAAGG,CTTGCAAGTGTAATT,-0.0053850061700120464,0.0,156,381,235,203
TACCCACCTTCAGTGTCACAAGCACAAG,TCAAAGCATGAAAAA,-0.03640559631549123,0.0,267,354,171,137
TAAACAACTTCAGCCACAGGGGCATAGC,TATATTGAACTTTAC,0.004112445147962533,0.0,152,291,229,263
TAGTCAGGTACAGTTTCAGAAACACCAT,TCATAGGTATCTCGC,-0.005662275073719102,0.0,179,301,218,231
TTTGCAGATCCAGGATCATAGCCACTGC,ACAGTTGACGGACAG,-0.012639263585150587,0.0,171,332,214,179
GGGACACAGACAGTTCCAAGATCACCGC,TATATTGAACTTTAC,-0.007870202853101338,9.207066071667668,154,281,225,186
GACGCACTAGCAATTGCAATTACAGTGG,CCAGGATGTACCGCC,0.033336957213598965,0.610274274508356,76,215,220,316
TCCACACGACCATCCCCATCTACAGTTG,CTTGCAAGTGTAATT,0.0022231368315163667,0.0,126,288,203,206
CCCCCATGTCCACTATCATGTACAAGGC,TTTATAAATCAATAG,-0.0014510866787836197,0.0,140,266,205,205
GCGTCAAAGGCAAATTCAAGAACAGGAA,TCATAGGTATCTCGC,-0.019211725991690198,0.0,185,314,142,159
TACACACACACACGCCCACAACCAAAGC,TCAACAACCTATGCA,-0.01169307282462966,0.0,156,319,158,168
GCCACAACGACAGTATCATGCGCAAATT,AAAACATTATCAAAG,-0.020622871452575544,3.120923340275567,193,261,176,159
TATGCATCGTCATTTACAACGCCAAGGC,TATATTGAACTTTAC,0.010052781464497491,0.0,118,239,190,244
ACTTCAGACGCATGATCAGTAACATGGC,TCTTGGAGGTGAATG,-0.0002447667673139825,3.318298273608434,137,239,192,208
TACTCAAGCACAAACCCATTGACATATC,CTCGCTAATACTCCT,0.027207073146092692,2.3860716405220046,74,235,201,256
GGCCCAACTGCAGAAACACGACCATTCG,TTTATAAATCAATAG,0.006449564948607452,0.0,118,241,177,219
GACTCATGATCATGGACAAAGACAATTA,CTACTTACAACGGAA,0.011841946688565442,0.0,110,218,170,240
GCCCCAGGTACACCGGCACTGCCAAACG,ATTATCAAGTGCCAG,0.012630419718495108,7.185786030893269,94,233,205,210
CTAGCACGGACACTACCATGAACACGAT,TTTATAAATCAATAG,0.014725265025971107,7.69780997989983,95,202,168,226
AGCTCACTTTCACGCCCAGGCACACCCT,TGATCATCACGGGAC,-0.007497455495331228,0.0,131,231,154,160
ACCCCAGCTTCAGAGGCACCGACAGAAT,AGTGTATGATAATAT,-0.000647834959481589,0.0,106,240,170,159
GGGACAACGTCATCGACATAACCATGAC,TCAAAACGGAGTGTT,-0.0010266269144920974,0.0,118,208,171,175
AATGCAACACCAGGCCCACTCTCAGTAG,TTTAACTCACCGTAA,-0.009712292142269653,0.0,126,239,128,144
GAGGCAGCGACAATTACACTACCAGCAA,CTTGCAAGTGTAATT,-0.003383333394625081,0.0,110,228,159,152
TTCTCAAAGCCATAAACATAGACATCCA,CTTGATCAATCAAAA,-0.007723630928725114,3.1404585081793357,122,231,144,148
CAGCCAATGTCAGTTCCAGCAGCATGAA,AGAAGACGACGATGA,-0.014414912084266485,0.0,133,200,143,132
CCAGCAAACGCAATATCAGCCCCAGCAA,CTACTTACAACGGAA,0.0015034490784374469,0.0,85,239,159,136
GGCCCAGAGACAGGAACAATCACAAACC,TTTATAAATCAATAG,0.006944962736208801,0.0,86,195,165,162
ACTCCAGCATCAGGTCCAGAGACATTGC,ATGGCGATGGTCTTG,-0.019301694557329014,0.0,140,188,154,120
TAGGCACTAACACAATCACAGCCACCAG,TATATTGAACTTTAC,0.0033589346637102366,0.0,107,161,149,181
GAGACAGCACCACGGACACATACACCCA,TCAAATGATGAGGAT,-0.010901478896295128,0.0,107,217,143,118
TGTGCAACGCCAGGGGCATTGCCAAAAT,AGTGTATGATAATAT,0.004440357995446354,0.0,95,168,148,166
CAAGCAACGTCAAGAACAATGACAATCG,GAGTGCTTCAAAGTT,-0.006660558025352511,0.0,103,194,152,129
GTTACAATCGCAAGACCATGCGCAGCTT,ACCACCGGTCCTGCC,0.00044515913461808977,0.0,100,177,142,155
CTTGCATTGTCACTCACAGGCTCACTCC,TCTTGGAGGTGAATG,0.006684294987079401,0.0,84,163,124,157
GCCACACGCTCACAGACAATGACAGGCG,GTTGGGCGCTTAAAG,0.003200037295403997,0.0,79,174,138,133
TATCCACCGACACCTACAGTGACAGCGA,TTAGTCTTTCCATCA,-0.013241620852070082,0.0,107,140,161,110
GTGGCATAAACACAATCATAAACAACGT,TCAAATGATGAGGAT,-0.015789677368734812,0.0,105,185,132,100
TAGCCAATCGCAGCCACATGGGCATCTA,CCAGGATGTACCGCC,0.022090767006663414,0.0,61,123,149,181
AACGCAATGACAACCACATGTCCAGCGG,ACAGTTGACGGACAG,-0.002846433885874822,0.0,94,151,131,132
CTAGCACGGACATGTCCACTCACAGAAC,ATTATCAAGTGCCAG,-0.0016735569150400451,0.0,88,154,129,128
CTAACATGTGCAACCACAGTATCATAGG,ACAAGTTTTACAGTT,-0.028366151740117074,0.0,98,183,141,64
TTGACAGTGACATGGACACGTGCATCCT,CGATGATGATGATGA,0.015443586874623896,0.0,65,142,121,158
GTTACACTAGCAAAAACACTGTCACTAG,CTCGCTAATACTCCT,0.026031922070969837,0.0,53,134,113,177
GGATCAGGGGCACCACCAGTACCACAAG,TTTATAAATCAATAG,0.014243723943234034,3.428620013333557,58,145,123,136
GAAACATGGCCAGGTCCAAAGTCACCCT,ACAGTTGACGGACAG,0.016170698732264895,4.0546127099355544,64,146,99,159
TTCACCGGCACACTCACTCCCATGCA,TCATAGGTATCTCGC,-0.014485402260144964,0.0,104,127,109,103
ACTGCAGCTTCAACCACAGGATCAACTG,CCAGGATGTACCGCC,0.004345907648140394,6.719479763626964,66,141,99,115
AACGCATCAGCATTACCAAAGACATTGG,TTTAACTCACCGTAA,-0.04329317765996937,12.594983802995216,127,148,72,53
TTGCCACATCCAGTTGCAGAAGCATGTA,TATATTGAACTTTAC,-0.010947996356835002,4.734044507513545,79,119,111,87
GGTCCAGGCACAGTGACACAAACATGCA,TTTAACTCACCGTAA,-0.018768349845780984,0.0,93,115,82,81
CCACCAGCTACAAGGCCAGGAACAATGA,ATTATCAAGTGCCAG,-0.005377187867329717,0.0,63,121,93,82
ACTCCAACGACAGTGGCAAGACCATTCA,TTTTGCATTTAGGCG,-0.0008304838183024332,0.0,61,97,104,91
AACACAAACTCAATGTCAATAGCATGTA,TATGCCCTTCTTCTG,0.010883864393043638,0.0,50,107,89,106
ACCACAGGTTCAGAGACAAACACACTCT,GTTGGGCGCTTAAAG,-0.0068346893593197525,1.195919032022175,61,107,104,76
ACCACAGCCACAGGGACAATGTCACTTA,ATAATTTTCATCCAC,-0.062262995389634916,0.0,127,115,68,30
CTCGCATGGACAGAATCACCCGCATGAG,TATATTGAACTTTAC,-0.02681299261991718,20.464757085477913,76,137,83,52
AAGACAGAGACACCAACAATAACAATCG,AGTGTATGATAATAT,0.000564419846214248,0.0,54,114,92,84
AGTCCAAAAGCATCAGCACGAGCATGTG,TTTATAAATCAATAG,0.0032132255580224808,0.0,57,109,75,96
GGGGCAGTCCCAACAACACGGGCACTTC,AGAAGACGACGATGA,-0.01955138361496762,0.0,67,108,92,57
ATGACACAGCCACTCTCAAGAACACTAA,TTTATAAATCAATAG,-0.007525716059409223,2.5259731967532844,59,124,66,72
TGAACACCGGCAACCACAGAGGCAGATA,CGCGATCAATCCTCT,-0.009535457067946536,0.0,47,125,92,54
GCGGCAGCCACATACGCATTTCCAAATC,AAAAGCGACATTTCT,0.011241329838476158,5.495433664297252,35,113,81,75
AAATCACAGTCACAGGCAGCAGCAGTTC,CTACTTACAACGGAA,0.022108027730273414,2.2134636171799684,32,93,85,95
GGATCAGACACAAAAACAAACGCATGCG,CTGATTTGTGCTGTC,0.011841946688565442,0.0,44,70,90,96
CGACATCCACAATAGCATACGCACGAC,TCTTGGAGGTGAATG,0.014079923449819736,0.0,39,91,77,91
GCACCATTTACAAGCACACACGCAGGCG,GGTTGCCCAGAAGTA,-0.033601548074607634,0.0,86,95,68,48
CATGCAGCAGCAAGCGCAAAACCACAAG,CTTGCAAGTGTAATT,0.00850005989724377,1.6876888014893439,38,99,80,75
CCTGCAACGGCATCAACACAAACACCTA,TTTATAAATCAATAG,0.0011874909466193181,0.0,53,81,67,84
TCCGCACTTACATAATCAGATTCACGTG,CTTGATCAATCAAAA,-0.022731508662750106,0.0,75,87,63,58
GAGTCAAAGGCAACTACATGTTCAGAGT,CGATGATGATGATGA,0.009907818684686182,0.0,34,113,66,70
CAACCAGGGTCAGTGGCATCTTCAGGAT,AAAACATTATCAAAG,-3.61970038750351e-05,0.0,36,110,71,55
GACCAATGGCATCTCCATGCCCAGTCA,GAGTGCTTCAAAGTT,-0.011220251658231152,0.0,65,72,64,71
GTAGCATCTACAGCTACAGAACCACAAA,CTTGCAAGTGTAATT,-0.01654530402915856,2.1717141666733824,58,95,57,54
CCCTCACAACCAGGCGCAATGCCAGATG,AAAACATTATCAAAG,-0.0003641453038846296,0.0,39,105,55,59
GTGACATGGGCACGGGCATAAGCAAAAC,CAAGGATCCCCGTAG,0.008432651717884822,0.0,33,75,74,65
CAGCCAACCTCAACCTCAAAGGCATGTG,TTTTGCATTTAGGCG,0.009492544187284771,0.0,30,83,64,61
ATGTCAGCTACAGGGACACTAACATGGT,TCATAGGTATCTCGC,-0.0008956675757321765,0.0,45,57,48,67
CCTACAGTGCCAATTCCATGAACAAATA,AGAAGACGACGATGA,-0.016225852020356646,0.0,50,69,46,47
ATATCAAGTGCAGCCACAATGGCACAGG,TAACCTCGCGCTGAG,0.0021907586518619565,0.0,30,74,56,49
CGACCAACGGCACCGTCATAACCAAGAA,AGAACATCATCTACA,-0.010237237374540948,0.0,40,69,50,45
GATACAGCTCCAACAACAAGCGCAGTCA,TCATAGGTATCTCGC,-0.0012378208627949437,0.0,38,66,41,56
AGCTCACATGCATAGGCACGCGCAGAGA,GAGTGCTTCAAAGTT,-0.01041407244886406,0.0,42,49,60,47
CGCTCACTAGCACAGACATCGACAGTAG,AGAACATCATCTACA,-0.01156462051409668,0.0,37,68,41,40
CATGCACCCACATGGACAGTATCATGAC,ATATTGAGTAAGTAC,-0.03656646427515748,0.0,47,76,30,24
ACTCCACCCGCAGCTTCAATTCCACCGC,ACAGTTGACGGACAG,-0.015256332657186756,1.6065731030015513,31,63,58,30
CGACCAAAGCCACGTCCATACTCAATGC,ACAACCTACCTGCTA,-0.0038248409529590814,0.0,33,55,48,45
AGCTCACGGACAAATTCACATCCAGGGC,AGAAGACGACGATGA,-0.023227795745875145,0.0,42,76,31,32
AATACAGGGTCAGTAGCAGTGTCACACG,TCAAAACGGAGTGTT,0.016645291487690672,3.3424859180589124,25,46,44,63
AAGGCAGCGACACTAGCAACGCCAGAGA,CAATCTTGAATTGAT,-0.07027849728513502,0.0,75,67,27,6
GGAGCACGTTCATGGGCACACACAGCAG,TCAAAACGGAGTGTT,0.005080506938073701,0.0,32,55,34,57
CGCCAGGCCCAACTACAGCTTCAACCG,CTTGATCAATCAAAA,-0.020026360778542533,0.0,31,87,31,26
TTCACACGTACAAGAACAGCCGCACCTC,CTTGATCAATCAAAA,-0.014163338563087075,0.0,23,74,50,23
CACCAGAATCATAGACAGCACAGGGT,TTTATAAATCAATAG,-0.037334639463833044,0.2032820590115989,9,66,66,26
TATCCAATGGCATCTTCAGTGACAAATC,AATGATACCATTTTT,0.0011544057495275727,0.0,24,60,39,38
AAGTCAGCCCCATCGTCAGGTACAGCAT,GAACTCAGGTTCCAT,-0.03334214339320579,0.0,48,46,38,27
GCTACACCTACAATGCCAGGATCACAAA,AAAAGCGACATTTCT,-0.013070344468987395,0.0,30,50,51,31
CATTCAAGCGCAGCGACAGCGCCACTTA,CTTGATCAATCAAAA,0.011140166381971031,5.102756195507084,22,61,31,47
GTATCATCAACAAGCACATCCTCACCCC,ACAGTTGACGGACAG,-0.013168239791431046,0.3021577766236305,33,38,51,34
CAAGCAGGGGCAATTGCATGCCCACAAC,CTTGATCAATCAAAA,-0.0242860856896945,0.0,42,51,30,31
GGCTCAGCTGCACAGTCAACCTCAGCTT,TCAAAGCATGAAAAA,-0.020026360778542533,3.77792843673069,31,51,49,26
AGCACATCAGCATAACCACAGACAAAAG,TCAAATGATGAGGAT,-0.030258397620539865,2.3640643538169,47,45,27,29
CCCGCACGGACAGAGTCAATTTCAGGGA,ACAAGTTTTACAGTT,-0.034797978843294504,0.0,39,58,29,21
ACTACAAGCGCAACCGCAAGGACAAACC,TCAAAACGGAGTGTT,-0.006725220185946752,0.0,28,50,31,35
AAATCAAAGGCATACCCACAGACAATAC,GTACAAGAAATTTTG,0.008097640522768118,0.0,20,42,34,39
GTGCCAAGCACAAAGCCATGTGCAATGA,TATATTGAACTTTAC,-0.015158437334743103,1.9128576125727932,34,33,39,33
TCTCCAGTCACATATCCACGGCCAACCA,CTACTTACAACGGAA,-0.0017408290535812637,0.0,31,23,31,45
TGAGCAATTACAGGCCCACTAACACCCC,CTATGCATTTACTCA,-0.0549558529504909,0.0,34,51,31,10
AATGCAGCAACAATACCATAGCCATACG,AGAAGACGACGATGA,-0.018089439751633168,0.0,36,35,21,32
AAATCAGTGGCACAGCCATATACAGATA,TTAATTGCACTTATG,0.00703628699424616,0.0,18,37,40,34
TACACAACGGCATAGTCACCGACATCCC,CTTGATCAATCAAAA,-0.018822069975592385,0.0,23,47,29,20
AAGTCACGAACAGCGTCATGAACAGGAA,TCAAAGCATGAAAAA,-0.03928906530896641,0.0,34,42,21,16
AGATCAAATTCACATCCAAACCCAACAA,GTACAAGAAATTTTG,0.022457071059183254,0.3936032343838747,10,33,39,30
TAGACACCCGCACATTCAACAGCAGTTG,ATTATCAAGTGCCAG,-0.00859486907431486,0.0,22,40,18,26
ACCCCAGAAACAAGTCCAACAGCAATAG,TCAAAGCATGAAAAA,-0.0067252201859467516,3.8406488677665607,20,37,22,25
GGTGCAGAGGCAAGGGCACTTACAGTCC,GTTGGGCGCTTAAAG,-0.028522769099502243,3.6011610066128696,20,38,33,13
CCATCAAATTCAGGGACATCCGCAATAT,CCAACACAGGCTTCG,-0.059313258534782795,0.0,29,44,13,9
GGCACAAAATCACGCACACGGGCAGAAG,TCTTGGAGGTGAATG,0.041868131878746474,0.0039583837139502975,10,42,9,35
AGGGCACCGACAGTGCCACGAACAAGAC,TCAACAACCTATGCA,-0.009712292142269653,0.0,14,38,26,16
ATCGCAGCGACACCAACAATTTCAGACG,ACAACCTACCTGCTA,-0.039568006964650314,5.9373778709619955,30,28,21,14
AGAACAAGTACAAGCTCAGCTTCAAAGC,GTTCAGCTTTGATCG,-0.04152935696541475,0.0,25,41,15,11
ACTGCAGACACAGAAACACAAACATATC,ACAAGTTTTACAGTT,-0.039936334837536495,0.18268814845112047,26,28,26,12
GTGGCATAGGCAGCAACAGCACCAGGCG,ACAAGTTTTACAGTT,-0.019301694557329014,0.0,21,38,16,18
TCTCCAGGGTCAAGAGCATAACCAGAAC,CGTCAAGACCTTCTA,-0.03601954673959658,0.0,28,36,20,3
GCGGCATTAGCAAGACCATAACCACGCG,TTTATAAATCAATAG,-0.0287486967466714,9.35713716262353,23,40,19,8
TCTGCAACGGCATAGGCAGAAGCACGAA,GTTGGGCGCTTAAAG,-0.029167359053570062,10.60668358596888,24,38,9,13
AGTACAATCGCAATAGCAAACTCAGGCC,TCAAAGCATGAAAAA,-0.011488400917173026,0.012123647804344273,24,27,28,6
TCGACAGTTTCAACAGCACTTCCAATTC,GAACTCAGGTTCCAT,-0.002947597342379977,0.0,10,42,16,14
GGGGCAAGGGCAGCAGCATCTCAATAT,TCAAAACGGAGTGTT,0.002864182229112578,0.0,12,31,14,20
ATACCAGGTTCAAGGCCATAGCCATAAG,AGTGTATGATAATAT,-0.04276809373860395,9.570394488407374,30,28,8,16
ACGCCATACTCAGAAACACTCTCAATGG,TCAAAGCATGAAAAA,-0.025010751910908024,0.0,18,19,25,13
GAAACACCCGCAGTAGCATACGCAAGTC,CGAACAGAAACACAA,-0.02665312021113411,0.0,16,27,20,11
CGCACACCCGCAGCAACAACGACATTCG,GTACAAGAAATTTTG,-0.022382857200761407,0.0023321162413481034,4,32,17,17
TCCGCATTGCCACCACCACCAGCAGCAC,GTTGGGCGCTTAAAG,0.015461424119461342,2.6287423551543725,10,33,20,8
GCATCATGAGCAGTGCCAGGATCAGTTG,TTTATAAATCAATAG,-0.009142968269851769,0.20418263563982464,7,26,18,18
GGAACATTTCCAAAATCAGCACCATGAT,ACAAGTTTTACAGTT,-0.02024072378955221,0.0,12,29,16,10
AGAACACGCTCAGAATCAGAGACATACA,GCAAGAAAGAAACCC,-0.07230942569278972,0.0,28,25,5,2
GCTGCAAGGCCAACAGCATAGGCATTAA,CAATCTTGAATTGAT,-0.008038757342825484,0.0,12,29,15,1
GTCTCACAGTCACCAGCACAAACAATTA,ACAGTTGACGGACAG,0.0022525442735060824,0.0,11,15,12,18
CCGGCACAGGCAAAAGCATTTGCAAACG,CAAGTTCGGCGAAAT,-0.06610588660084442,0.0,20,19,3,0
GGTCCAGATCCACAGCCACGAACAAAAC,GGTGGAAGTAGCAGT,-0.0275486391416943,0.0,13,20,11,0
GTGTCAACCACACTCGCACGAACAAGTG,CTATGCATTTACTCA,-0.027329333499968113,0.0,15,21,8,1
TGACCACTCTCAACCTCATAGGCAATAG,GCTAATTTCAAGAAT,-0.0463055827954464,0.0,18,14,7,10
ATGGCATGCCCACACCCAAACTCAAAGG,TCAAAACGGAGTGTT,-0.04673003071097699,0.111225746169481,3,26,13,8
ACTGCATCATCACCTCCATGCGCAGCCA,CTACTTACAACGGAA,-0.01487623675428062,0.32615715978056414,15,6,7,16
TATACAAATCCACAAGCATGAACACTAG,AGTTTATAAAAAATT,,0.0,8,32,5,4
CATTCAGATCCAAACGCAGGACCATTAG,TCAAAGCATGAAAAA,-0.10893386518827802,1.6364383260818443,21,13,6,6
TTCCCATCTGCATGATCAATGCCAGAGC,AGAAGACGACGATGA,-0.04762341789963714,15.757449763331351,21,24,2,0
GCACCAAGATCACTCACAAACACAATGT,CGTCAAGACCTTCTA,-0.022908814045336758,0.0,13,12,11,10
GCTCCAAATCCAGGGGCAATCGCACCTT,CTTGATCAATCAAAA,-0.05265524078427426,0.5193253029116818,19,11,7,11
AGGGCACTAGCACCCTCAACTGCAAGCA,TTTATAAATCAATAG,0.02903853945877466,0.33590499923286643,9,15,16,8
TTCCCAGCCCCAAAGGCAGGGGCAAATA,ACAGTTGACGGACAG,-0.0051408328861749526,0.0,5,16,14,12
CTTCCAATTGCAGTTGCACATTCAGGGC,CCAACACAGGCTTCG,-0.09351879720555213,0.0338727586801042,18,13,7,7
GAGTCAGATTCACTGACATAAACATGGC,ATGGCGATGGTCTTG,-0.02043004635127295,0.0,14,21,4,5
CTCACAAGAGCATGAACATATGCAGGTG,GTTCAGCTTTGATCG,-0.01919593490853593,0.4621188578335733,10,16,10,7
GACGCACCATCAAGATCAGACCCAATTG,TCAAAGCATGAAAAA,-0.11062024579347857,6.285282244972251,23,14,5,2
AGTTCACGAGCACAGCCATCGCCAAAAC,CTTGATGGCTGAAAG,0.0001271928967163877,0.0,7,12,11,10
TGAACACGGCCAGTGCCAGTAACATCGG,CTTGATGGCTGAAAG,,0.0,9,17,7,6
GCTCCAGCATCATTGACAACAGCATCAA,GTTCAGCTTTGATCG,-0.03474013071534028,0.0,10,13,6,6
GATGCAAGACCAGTGGCACGCACATTGA,TCAAAGCATGAAAAA,,0.0,9,8,9,6
CTCGCAGGAGCAACAACACGATCAAGGA,ACAGTTGACGGACAG,-0.0040981458721892836,0.0,5,7,10,10
GACCCAGTCACACAAGCAAGTGCATTGA,CATTTATGGCTATCT,,0.0,7,16,1,6
TGCGCATAACCAAGCTCAATCCCATTGG,CTCTTGAGAATACTT,,0.0,9,14,6,0
GGGACAAAATCATGTGCATAAGCACGTG,CCAACACAGGCTTCG,-0.03686035148040068,0.0,11,14,3,2
ACTACACGTCCATACACAGAAACACCAA,CATTTATGGCTATCT,,0.0,7,13,7,4
GGAACAGGGTCAAACTCATCCTCACGTT,TCAAAGCATGAAAAA,,0.0,13,7,6,4
GCCCCAGGAACATGCTCAGCTCCAGTAT,GCCCTCGAAACCTAT,-0.023507212217948402,0.0,11,16,4,0
CCTACAACTCCAAAAACATCGGCAGACT,TCAAAACGGAGTGTT,-0.060976557162089405,0.0,10,10,9,3
AGACCAGTTACAGTTCCACATCCAGGAG,CTTGATGGCTGAAAG,,0.0,6,11,9,5
GTAGCAGGAGCATACCCATCGCCATCGA,TAACCTCGCGCTGAG,,0.0,13,8,5,1
CCCGCAATTTCACGCCCACTGCCATATG,CGTCAAGACCTTCTA,,0.0,4,11,5,6
CACGCAGCCACAACAGCATCTGCAATAA,ATATTGAGTAAGTAC,,0.0,10,5,3,7
GCACCAGTAACATATGCATTGCCATTGT,CTAGTTGTATAGCCA,,0.0,8,7,3,0
TGAACACCGACATTAACACAGTCATCGC,CAATCTTGAATTGAT,,0.0,9,10,3,0
GCGGCAACGCCAAGGACATATCCACGGG,TCAAAGCATGAAAAA,,0.0,11,8,4,0
CGCGCACTTTCAGCGGCAGCCTCAAGAG,TTTATAAATCAATAG,,0.0,3,4,7,8
TCCCCAACCCCATGGTCAACAACAATGT,TCAAAACGGAGTGTT,,0.0,7,9,4,1
CGACAGGGTCAGTCTCAGCATCAATAC,GCTAATTTCAAGAAT,,0.0,9,3,4,3
GAATCAAGGGCAATATCAAATGCAAGAG,ACAGTTGACGGACAG,,0.0,9,7,0,0
TCTGCAAGACCATCCCCAATGACACGAA,TCAAAGCATGAAAAA,,0.0,9,4,1,3
AATACACTGTCACCTTCAGGGGCACGGA,TTTAACTCACCGTAA,,0.0,4,3,4,6
TGATCAGTACCAATCTCACGTACAAGGC,TTTATAAATCAATAG,,0.0,3,10,0,1
AAGGCAGCGGCACCACCAGGCCCAATAA,GCTAATTTCAAGAAT,,0.0,0,2,10,3
CCTACAGCATCAATCGCACATACACACA,CTTGATGGCTGAAAG,,0.0,7,8,1,0
ATCTCATTAAAGTCTCACAAGCACCGA,CCAACACAGGCTTCG,,0.0,1,5,6,1
AAGTCAGAAACACGAGCAATTGCATTGA,TAACCTCGCGCTGAG,,0.0,6,5,2,1
CATCCAAGCTCATTCACACGGACAACAA,ACCACCGGTCCTGCC,,0.0,0,5,8,1
ATAGCAAACACAATCGCAAGGACATTCT,TCAAATGATGAGGAT,,0.0,5,7,3,0
ACTACAGCCACAGAGGCAAGGTCAAACT,CTACTTACAACGGAA,,0.0,1,1,9,4
CAGGCAGTACCAGTCGCATGACAAGAA,TCATAGGTATCTCGC,,0.0,0,11,1,0
CCACCAGGTCCACAATCAGCTACAGACG,CATCAATGAGGCAGT,,0.0,4,7,0,0
CAGCCAGCGACAAACACAGTGGCATTGG,TTTATAAATCAATAG,,0.0,0,1,9,2
ACGTCAGTGGCAATTGCAGGAACATTTA,GAGTGCTTCAAAGTT,,0.0,6,2,2,2
GAGGCAGGTCCATTGTCACGAACAGCAC,CTACTTACAACGGAA,,0.0,4,4,3,2
TCGGCAGTAACACGACCACAAACAGTAG,CATTTATGGCTATCT,,0.0,3,4,4,2
ACGACAGCTACACCTACAACGGCACCGT,TCTTGGAGGTGAATG,,0.0,1,1,8,3
ACTCCAATCACACAATCAAAACCACGCA,ACAACCTACCTGCTA,,0.0,1,1,9,1
GGGCCAGGTCCACAGACAGTGGCATCCA,GTGTGATTACTAAAT,,0.0,3,6,1,0
GAGGCAAATTCAAAGTCAGCGTCAATCC,GAGTGCTTCAAAGTT,,0.0,5,2,0,0
GACTCAGCCTCACGGCCATCCGCACTCG,CTCTTGAGAATACTT,,0.0,7,3,0,0
GTTTCACCAGCAGGACCATGCGCAGGCG,TCAAAGCATGAAAAA,,0.0,2,9,0,0
TTGCCATTCACACGTGCACGAGCATGGG,CTTTCTTGTGTATTT,,0.0,6,1,0,0
ATAGCAAAGTCAATTTCAGAGACAAGCT,GCAAGAAAGAAACCC,,0.0,6,3,0,0
TTAACAGCGACATTGACACAATCAGTCG,TAATATTGTTTTGCG,,0.0,3,4,0,0
TTTTCAAAGCCAGTGGCAAGCCCAAGCC,TTTAACTCACCGTAA,,0.0,1,4,0,0
CGGACAACGGCACTCGCATTACCAGGGC,TTTTGCATTTAGGCG,,0.0,0,0,7,1
GGGTCAAGATCACGCCCATAACCAGCAA,CTTTCTTGTGTATTT,,0.0,4,2,0,1
GGGGCAGGTACACATCCATGTGCAGTT,GAGAATGAAGGACAG,,0.0,4,0,0,0
ACCACATACACAGGCTCATCTTCAAATC,GCTAATTTCAAGAAT,,0.0,0,6,1,0
AATGCAGCCACAGGGCCAGATTCAGCTC,CTATGCATTTACTCA,,0.0,2,3,2,0
AACACAGCACCACTAGCAAAGACAGAGA,GTTAAATCAACAGTT,,0.0,8,0,0,0
GACACACCTCCAAAGCCAAGAACACGAT,CGTCAAGACCTTCTA,,0.0,5,2,1,0
ATCACAGAAACATTAGCAACATCAATAC,GTTAAATCAACAGTT,,0.0,4,2,0,0
GTATCAAGGACAATTGCAACACCATGGG,CTTGATCAATCAAAA,,0.0,2,1,1,3
ATGACAGTATCATCGACAACACCAAGTG,TTTTGCATTTAGGCG,,0.0,0,0,7,0
CCTGCAATGTCACTCGCAACTACACGGC,AGAAGACGACGATGA,,0.0,1,0,0,0
TTGGCACGATCAAGAACACGGCCATACC,ATAGTCGATTAAGAT,,0.0,2,2,0,0
GGTCCATCGGCAAATCCAGATCCACCCG,CATTTATGGCTATCT,,0.0,4,0,0,0
GCGTCAAGGGCACCTACAAGGCCAAAAA,GCTAATTTCAAGAAT,,0.0,1,5,0,0
GTCCCACAGGCATTCACAAGGGCAATGA,GAACTCAGGTTCCAT,,0.0,1,1,4,0
CGAGCACAGCCAAGGGCATCACCATACA,ATGGCGATGGTCTTG,,0.0,1,0,5,0
GCTGCAAACGCAGCAACACTGTCAACAA,TCTTGGAGGTGAATG,,0.0,0,1,5,0
GCTACATGGCCAATCTCAGTAACACTGG,TCAAATGATGAGGAT,,0.0,0,0,4,2
GGGACATGAGCAATGGCAGGGCCAGCTA,GTAATCTGACTCTAG,,0.0,2,0,0,0
GCTCCAAACTCAAAAACATCAGCAGATT,ATGGCGATGGTCTTG,,0.0,0,0,2,2
GGGGCATAGCCACATGCAAAATCAAGAA,TGGAGTCTTTGTTGA,,0.0,4,1,0,0
TAGCCAAGGACATATGCACCGCCAGATT,TTTATAAATCAATAG,,0.0,0,0,3,2
GGATCAGTCTCAGGAACAGGTTCAGAAC,CGCGATCAATCCTCT,,0.0,3,0,0,0
AAGACATCGGCATTCCCATATCCACACG,CTAAGCAGTCTTCTC,,0.0,3,0,0,0
AGAGCATCCCCAGGGGCAACTCCAAAAG,CATTTATGGCTATCT,,0.0,1,2,0,0
TCAACAGACGCAATTGCATTGCCATCTA,CTCTTGAGAATACTT,,0.0,2,0,0,0
AGAGCAGGGACAGAAACAAGTTCAGCAA,CTAAGCAGTCTTCTC,,0.0,4,0,0,0
TACACATTCACATGCACAGCTGCAGTAA,CAATTTCAACGTTGT,,0.0,2,0,0,2
AATGCAAACGCATTGGCAGCCACAACAA,AGATTCATCCCATGG,,0.0,2,2,0,0
ACCCCATTTACAACATCAGCACCAGAAA,CTCGCTAATACTCCT,,0.0,0,0,4,0
GACTCAGCTCCATAGACACTGGCAAACG,ACAAGTTTTACAGTT,,0.0,0,0,3,1
GCGGCAGGGCCATAGACACACTCATGAG,AGAAGACGACGATGA,,0.0,0,0,2,2
TCGACAGTTGCAAGGCCAGCTCCACTAG,GTTAAATCAACAGTT,,0.0,1,0,0,0
GAAGCAAAGTCATGGACATGATCAGTGA,GAGAATGAAGGACAG,,0.0,2,0,0,0
TTGACAAAGACAGGAGCAAGGACACCTT,GTAATCTGACTCTAG,,0.0,2,0,0,0
AGCACAGCTTCAAATCCAAAGTCACTAG,TATATTGAACTTTAC,,0.0,0,0,2,0
TAAGCAACAACAGTTGCAAGTCCACGGA,TCAAAGCATGAAAAA,,0.0,0,0,2,1
TGGGCACTTCCAATAACAGTCACACCCA,TATATTGAACTTTAC,,0.0,0,0,2,1
GCGACAACCGCACACCCACCAGCATTAG,CAATCTTGAATTGAT,,0.0,0,0,3,0
CCAGCAATTACAATGACAGGAGCAAAAC,TACACCAATTACACT,,0.0,0,0,2,1
TAATCAGCATCAAAGCCAGTTACAATTG,ACAGTTGACGGACAG,,0.0,0,0,2,1
CGAACACCCCCAAGCGCACCATCATCGC,CTAGTTGTATAGCCA,,0.0,0,0,3,0
CGGGCAGGAACACCTTCAAACGCATCCC,AGAAGACGACGATGA,,0.0,0,0,2,1
TGTGCATTGCCATTTCCACTGGCATCGA,ATGAAGTTCATAATG,,0.0,0,0,2,1
GTTGCAGGAGCAAACGCAAAAACAGGTA,GCCCTCGAAACCTAT,,0.0,1,0,0,0
TTCACATGGTCAATACCACGGACGTAA,GTTAAATCAACAGTT,,0.0,1,0,0,0
GCCACAATCACATCGCCACGCACAACAC,CTCGCTAATACTCCT,,0.0,1,0,0,0
TACTCAGAAGCAGTTGCACGTTCAGGCG,GTAATCTGACTCTAG,,0.0,0,1,0,0
GCCCCAGCGTCAAGCACAGGCGCAAATT,CTTGATCAATCAAAA,,0.0,1,1,0,0
AAAGCACGAGCAAAAGCACAAACAAAGG,TTTATAAATCAATAG,,0.0,2,0,0,0
CGTAGCATCCCCAGTTCCATCAGGTC,TGGAGTCTTTGTTGA,,0.0,1,0,1,0
AACACATCTGCACGCCCATGTACAGAAG,TCTTGGAGGTGAATG,,0.0,0,0,2,0
CATTCAACTACAACCCCAATCGCACGCA,CTACTTACAACGGAA,,0.0,0,0,2,0
CGCTCACTGGCACAAGCAGATCCACTTG,TATATTGAACTTTAC,,0.0,0,0,2,0
AGTTCAACCTCAATCTCAGTTACACTTC,TCTTGGAGGTGAATG,,0.0,0,0,2,0
TTGTCAGTCTCACGACCAGCACCAAGTA,CTAAGCAGTCTTCTC,,0.0,0,0,2,0
GATGCAGGGACATCAGCACATTCAAGCC,CTAGTTGTATAGCCA,,0.0,1,0,0,0
GCATCATTCCCAACCTCACGGTCATGCG,CCAACACAGGCTTCG,,0.0,1,0,0,0
GGTTCATCGCCATGCGCATTACCATGAA,GAACTCAGGTTCCAT,,0.0,1,0,0,0
ATGTCAATAACAAACCCAGAGTCAGGTG,CATCAATGAGGCAGT,,0.0,1,0,0,0
TCCCCATGTACAAGCACAAGGCCATACG,CTCTTGAGAATACTT,,0.0,1,0,0,0
CTTCCATACCCACCTTCATGAGCAAGCA,TCTTGGAGGTGAATG,,0.0,1,0,0,0
ATAACACGCTCACCATCAAAGACACTTT,TAACCTCGCGCTGAG,,0.0,1,0,0,0
TCACCATCTCCAATGACATGGCCATGGG,CTTGATCAATCAAAA,,0.0,1,0,0,0
ATCCCACAGGCACTGGCAATTCCACATT,GCAAGAAAGAAACCC,,0.0,0,1,0,0
GACACAAAGACACTTGCAATTACAAGAA,ATTATCATCGCCATC,,0.0,0,1,0,0
AGAACATAAACACCAACAAATACATGGA,CCAACACAGGCTTCG,,0.0,0,1,0,0
AGCTCAAGCCCAGGAGCAACTAAGCTG,AGTGTTAATCAGACC,,0.0,0,1,0,0
CTAACATGGCCATTGGCATAGTCAAAGG,AGTGTTAATCAGACC,,0.0,0,1,0,0
TGGACAACCGCAAAGGCATGGTCAACGG,GTTTGTTTTGGGAAA,,0.0,0,0,1,0
CTTGCAAGCGCAGCAGCATCACCACGGT,CTACTTACAACGGAA,,0.0,0,0,1,0
AATACATCGCCACTGGCAGGGGCACGAA,AAAAGAAAAATGTAT,,0.0,0,0,1,0
TCTACATCGGCATTGTCACCTTCAAAAT,TTTAACTCACCGTAA,,0.0,0,0,1,0
CAGTCATGCGCATGGTCATATGCAGGTT,GTTGGGCGCTTAAAG,,0.0,0,0,1,0
TTAACAACTCCATGGGCACAACCACTAT,CTACTTACAACGGAA,,0.0,0,0,1,0
GAAGCATCAGCAATTCCAGCGCCAGTTC,GTTAAATCAACAGTT,,0.0,0,0,1,0
TAGCCAATAACACGCCCAATGTCAAACG,CATCAATGAGGCAGT,,0.0,0,0,1,0
TAAGCATGTACACCGACATTGCCATGGG,GTAATCTGACTCTAG,,0.0,0,0,1,0
TGACCAAATTCAGGAGCAAAGGCACCAA,CTTGCAAGTGTAATT,,0.0,0,0,1,0
GAAACATCGTCAAACGCAACGGCAAGGC,TAATATTGTTTTGCG,,0.0,0,0,1,0
CCCACAGCTGCAAGTACAAGCTCAGCCC,CTAAGCAGTCTTCTC,,0.0,0,0,1,0
TGGTCAGTAGCACTATCACTACCAGGAA,TCAACAACCTATGCA,,0.0,0,0,1,0
TCTTCAAAGGCACCGCCATGGGCATATA,TTTATAAATCAATAG,,0.0,0,0,0,1
GACACATTGACAACATCACATCCACTCG,GCTGCTTATGAGGAT,,0.0,0,0,0,1
