BC,Edge,s,LL.ratio,TP1-1-T1,TP1-1-T2,TP1-1-T3,TP1-1-T4
TTTACACCGGCACAGGCATGTGCAAGAA,TTAATTGCACTTATG,-0.0033437324575516397,0.0,1318,2831,2753,7606
GGAACATGAACATGGACATGACCAAGTC,CTCGCTAATACTCCT,0.011681140635967443,0.0,873,2287,2443,7907
TCGACAGGGACATCGGCATCAACATGTA,CCAGGATGTACCGCC,0.0022425680220071074,0.0,1010,2314,2368,6892
ATTACATGCACATATGCATGCTCAGCAC,TCGATAGAATTTACT,-0.0007547673489440706,0.0,996,2219,2140,6212
AGAGCAGGTGCAAGCGCATCTTCAACGA,ACAACCTACCTGCTA,0.0012543422033971744,0.0,876,2131,1932,5803
TTTACAGCGACACGACCAAAGGCAGTAG,TCAGAGCATTGGCCT,0.020744541415353843,0.0,488,1129,1570,5801
AACCCATGCGCAATCTCAGGGACAAAAC,TCAGAGCATTGGCCT,0.024931210157992628,0.0,412,1225,1503,5553
CGGCCACTGACATAGACAACAGCACGCA,ACAACCTACCTGCTA,0.008402542569450217,0.0,589,1557,1521,4835
ACTACAAAATCATGGCCAGTGCAGATA,ACAGTTGACGGACAG,0.00645880155983541,0.0,609,1593,1609,4716
TAGCCAAAAACAGCATCAGGTTCAGTGA,TATATTGAACTTTAC,0.02836945942643682,307.1915640472653,366,970,1393,5469
TTGTCACCTGCACCGGCAACCGCAAGTT,GCTGCTTATGAGGAT,0.004659321988504244,0.0,564,1400,1326,4138
ACAACAGAAGCACCTTCACACACAGCTA,CTACTTACAACGGAA,0.008298583473480604,0.0,502,1331,1334,4108
CACGCATCAACATAGTCATTGCCACGCC,CTCGCTAATACTCCT,0.0009428512653193892,0.0,597,1246,1356,3918
CTGTCACCGTCAAGCGCACATCCAAGCG,TCAGAGCATTGGCCT,0.01906878542583693,0.0,381,1005,1256,4307
TCAGCAAATCCACCATCATAACCACAAG,TGATCATCACGGGAC,0.03445282141320332,493.5784320481762,259,839,1200,4645
ACCTCAAAAGCAACGCCATCAGCAAGGA,ACAGTTGACGGACAG,0.004255501947002113,0.0,511,1251,1220,3704
TCTTCACAGTCATCCTCAGTGACAGATC,AGTGTATGATAATAT,0.0005191766280923255,0.0,548,1228,1289,3551
ACCGCAGGTCCAGTAGCATTGACAAGTA,TCTTGGAGGTGAATG,2.2262924539395814e-05,0.0,539,1158,1165,3441
AAGTCACACACAACGACAATTGCATACG,TCATAGGTATCTCGC,-0.012202182155911795,0.0,672,1294,1189,2973
AATGCACCCGCAGCGTCAGTGTCAAGGT,GTTGGGCGCTTAAAG,-0.006117341677427553,0.0,603,1241,1155,3202
AAATCAATACCAAGGTCAGCGCCACTTG,ATTATCAAGTGCCAG,0.0011413915419633703,0.0,495,1220,1180,3268
TCGCCAGGCACACATTCAAACACACAAA,GTACAAGAAATTTTG,0.008136370333873546,0.0,418,897,1086,3404
AGAACAAATACAATTCCAGGGTCAGGGT,ACAGTTGACGGACAG,0.007347051133413555,0.0,404,1056,1049,3213
ATGTCAACAGCACGCACATAAGCACGGC,TATATTGAACTTTAC,-0.0009377110419457766,0.0,498,1053,1006,3089
TGGGCACTGACAAGCTCATACTCAATGC,TATGCCCTTCTTCTG,-0.005560239771389583,0.0,513,1201,994,2770
TCGTCAAAACCACGAGCAATTACAGTCT,TCAAAACGGAGTGTT,-0.0007330383307956988,0.0,473,1044,1013,2952
AAAGCATGGACAATAACAAGCCCAGTGG,TTTTGCATTTAGGCG,0.0028547269263045735,0.0,422,1012,1097,2933
CGGTCAGCACCACTACCATACACAAGAA,CCAGGATGTACCGCC,0.005430689113950792,0.0,405,1033,975,3041
TGAACACAACAACTTCAGGGGCATGGG,ACCACCGGTCCTGCC,0.009139636025358255,0.0,367,997,934,3080
TACGCAAGATCATTCCCAAAACCAGTGG,GGTTGCCCAGAAGTA,-0.007336537312577596,0.0,536,1071,1034,2744
CCCGCACTTCCAGGTCCAAGGGCATATG,CTCGCTAATACTCCT,0.007043305206736846,0.0,386,932,1014,3042
GGAGCATGATCATAAGCAAAAACATGGC,TGATCATCACGGGAC,-0.006125645293439789,0.0,489,1151,1073,2596
CTGGCATGGACAGTTCCAATCACACTAA,ACAGTTGACGGACAG,-0.0035643669842204684,0.0,494,1009,994,2832
TCGTCAATGCCACGTCCATGGGCAAAGC,ACAGTTGACGGACAG,0.0019187507835840706,0.0,417,996,997,2818
AGGACAGAATCAATTGCAATTGCACCAG,ACCACCGGTCCTGCC,-0.001010346838401762,0.0,449,958,1000,2779
GCCCCACAGACAGGGTCAATCGCAACAT,TGATCATCACGGGAC,-0.013218167207909574,0.0,563,1154,956,2416
AGGCCAGTCACATCCGCAGATACAGCTG,GTTGGGCGCTTAAAG,0.003141977719263981,0.0,385,864,919,2699
CTCCCAAGAGCAGAGACATAGGCACAGA,ACAGTTGACGGACAG,0.008599903516150571,0.0,330,873,942,2725
TCCACAGCGACATCGGCAAATACAAGAG,GTTGGGCGCTTAAAG,-0.0026125477688468,0.0,435,911,923,2566
GTACCACCGTCACAACCAATTGCAAGCC,CCAAGACCGTGTAAA,-0.005945046232503501,0.0,465,1006,818,2482
ACAACAATGCCAATAACAGGTTCATAAA,TTAGTCTTTCCATCA,0.0014962564325320838,0.0,388,898,862,2589
ACGCCATAATCAACAACATCGGCAAAAG,CGATGATGATGATGA,-0.010816176321517412,0.0,536,929,756,2472
GACGCAGTCACAGGGACAGGACCACGGT,GTTGGGCGCTTAAAG,-0.004716044652244393,0.0,433,918,957,2398
TTGCCACTCTCACAAGCATTCACAAAAG,GTTGGGCGCTTAAAG,-0.004148203090201911,0.0,439,883,878,2473
TATCCATAAACAATCCCACTTGCAATAA,GAACTCAGGTTCCAT,-0.02883439782704988,0.0,685,1130,850,1840
CACACATATCCACCTACACTGCCACACA,ACAGTTGACGGACAG,0.009558259985383991,0.0,319,803,810,2711
TCGTCAGTAACAGGCTCAGCAACATTAG,GGTTGCCCAGAAGTA,-0.010099193518621742,0.0,483,915,881,2276
CCATCAGTCCCATGGTCACGGGCAGATA,CTAAGTGTGAAGGAG,0.0011634117503724155,0.0,376,813,877,2484
AGAACAGGACCACCTACAAGTGCAAAAT,GCTGCTTATGAGGAT,0.002799712411575964,0.0,343,905,810,2380
ACGTCAAGCTCATGTACAAGGTCAGTTT,GCTGCTTATGAGGAT,0.00013251340947347448,0.0,385,769,835,2466
ACCACATCTTCACTTACAGATTCAGAAC,TTTTGCATTTAGGCG,-0.003567101597711142,0.0,396,921,864,2270
CTAACATGGACAGCAACATTTACACAGG,ACCACCGGTCCTGCC,0.004689651919963629,0.0,326,876,773,2394
AAGCCAAGCTCAGAGGCATACTCATACA,TGATCATCACGGGAC,-0.015241693904359857,0.0,493,968,804,1991
TCTGCAATCCCACATCCATGAGCACAAG,TATATTGAACTTTAC,0.001762669524911346,0.0,347,771,742,2334
CTTCCAGAATCACAAACACGTCCAACGC,CGATGATGATGATGA,-0.00538410255651877,0.0,404,749,745,2193
AACACAAAGCCAGAGCCATCTGCATCGT,TATATTGAACTTTAC,-0.0007236407177271696,0.0,346,755,801,2160
TCCGCAGGTTCATACACAGAATCACTGA,ACAGTTGACGGACAG,-0.0013450192710846574,0.0,353,750,687,2163
AAAGCAGGCTCAATTGCATAATCAAGAG,CTCGCTAATACTCCT,0.0043437231933583535,0.0,310,682,758,2253
TGTGCATTACCAGGGGCACCGCCAGTAC,ACAGTTGACGGACAG,0.0075585711252467375,0.0,278,726,664,2225
CATTCATGGGCATATACAACAGCACCAT,ACAACCTACCTGCTA,0.009750627435086937,0.0,252,710,764,2154
CATTCAGGGTCAAGAACACAAGCAGAGG,GTTGGGCGCTTAAAG,0.0007635507314175026,0.0,326,762,730,2128
CCTGCAGGGACAATGGCAATCGCAGTGT,ACAGTTGACGGACAG,0.005438889921886695,0.0,286,697,731,2148
CAATCAACGTCAGTCGCAGATTCAAGGA,GTTGGGCGCTTAAAG,0.005527432395711118,0.0,279,663,688,2101
AAGACAATCGCATAAGCATCTCCAGACA,CTACTTACAACGGAA,0.008257050106356252,0.0,260,651,708,2125
GATCCACTTGCAGTAGCAACGGCAAGCT,AGTGTATGATAATAT,0.0004475578386150614,0.0,309,727,660,1998
CAAGCATCCTCAGAGGCATAAGCACACG,TATATTGAACTTTAC,-0.001052335007252732,0.0,303,671,658,1873
AGAACAGAATCAAGCACAGGTTCAAAGA,TCATAGGTATCTCGC,-0.006766424720156576,0.0,337,702,618,1755
ATAGCAGACGCAATTACATTGGCAGGCG,GTTGGGCGCTTAAAG,-0.002118044200311238,0.0,308,705,627,1844
AAACCACCTCCAGCCTCAGTAACAACCG,TTTATAAATCAATAG,-0.008142199922867953,0.0,351,719,602,1754
GTGCCATGAACAGTCACATACGCATCAT,TATATTGAACTTTAC,0.001317468101004253,0.0,292,588,571,1938
ATCTCAAGACCAGATGCAATGGCAACTT,CTAAGTGTGAAGGAG,0.009627021836970432,0.0,219,539,654,1865
ATTACACGGGCATAGTCAAGCGCACAAA,ACAGTTGACGGACAG,0.004834371096506655,0.0,245,587,656,1807
GAGACAGAAACACAAGCAGGGCCAAACT,GTTGGGCGCTTAAAG,0.0065581165220597835,0.0,236,642,569,1833
CGAACACTGGCAATTGCATAAGCAACAC,CGATGATGATGATGA,-0.006461829943426478,0.0,317,620,665,1666
CCTACAAATTCAACCACAAAATCAAATG,TGATCATCACGGGAC,-0.007407260846994553,0.0,304,712,659,1553
GAAGCATTTTCACTCGCAATGACAAGAC,ACAGTTGACGGACAG,0.0016905057021316197,0.0,274,578,517,1839
CGCTCAGTTGCATGGTCAGCGTCACGGA,CTCGCTAATACTCCT,0.006106347036504323,0.0,234,558,615,1793
GGCTCAGCTGCAATCCCACAAGCAGCCC,GTTGAACTGGTTGTT,-0.03198685441489458,0.0,471,791,586,1151
TGCTCACGGCCAAAAGCAAACGCAGACA,CTCGCTAATACTCCT,0.0029811813852537398,0.0,257,479,540,1793
CAATCAATTACAGAGGCAACCGTACAGC,GTTGGGCGCTTAAAG,0.008497422853757881,0.0,211,547,554,1737
ATACCAACGACAAGGAACAGTTACAAAAT,TTTATAAATCAATAG,-0.003259567216036189,0.0,275,561,571,1591
TAGACAGAATCAGCGCCAAACGCAAGTA,GAACTCAGGTTCCAT,-0.017803060434719287,0.0,369,629,581,1380
GGGTCAACCTCATCAGCACAACCAGAAG,GGTTGCCCAGAAGTA,0.0021996295313120445,6.737041120612048,227,587,531,1547
ATAGCATTGGCAAGGGCAAGTACACCAT,AGTGTATGATAATAT,0.003415188277227784,0.0,235,559,537,1661
TCATCACCATCATTCACACCAGCAGCCA,TTATATTTATTTGCT,0.020774431369585483,0.18604713190870825,147,482,490,1749
CGAGCACTCTCATAGACACTTGCAAAGA,GCTGCTTATGAGGAT,0.0013067610730332618,0.0,241,520,553,1599
TCCACAAGTCCATACACAAACGCAAAAT,AATGATACCATTTTT,-0.018221216762423595,0.0,339,655,582,1252
AGGTCACAATCACCTACATCGACAGCAC,ACAGTTGACGGACAG,-0.0031041058746275646,0.0,272,482,551,1581
AGCCCAGAGGCATAATCAGAATCAAATT,CTCGCTAATACTCCT,0.00956440721146561,0.0,202,446,522,1717
GGATCACCGGCACACGCAGAATCAGGTT,CTCGCTAATACTCCT,0.011608783751437085,0.0,186,482,530,1681
GAGACAATGTCACCAGCAACGCCATCAA,TATATTGAACTTTAC,0.0047284587896340375,0.0,213,544,553,1566
AGCGCACCACCAGTTACATAGACAGGTC,TATATTGAACTTTAC,-0.004500257632256692,0.0,270,514,543,1505
TTGACAATGGCAATTGCAAGATCAGCAC,CTACTTACAACGGAA,0.0040440794603124434,0.0,222,537,455,1599
CGGAACAGATGCAACATGACCATAGT,TGATCATCACGGGAC,-0.0070920614756773736,0.0,261,644,525,1346
CAATCATAGGCAGGGTCAATGCCACTCC,GTTGGGCGCTTAAAG,0.001874846188894397,0.0,227,511,527,1532
TCGTCATCGTCATAGTCACAATCAAATC,GCTGCTTATGAGGAT,-0.0011969290495728927,0.0,252,500,423,1551
AATTCAGGTTCACGGACAAGAGCAAGGA,ACAGTTGACGGACAG,0.014782699295174668,18.683978583369026,168,426,462,1670
GTTACAAGCACAAAACCAGAATCACTGG,TCGATAGAATTTACT,0.0005558952788121463,0.0,232,475,500,1505
CCGTCAGCAGCAAATCCAGAAACAGGGA,TATATTGAACTTTAC,-0.0025139884209098334,0.0,239,528,502,1414
AGGTCACCCTCAACGTCATAGGCAAAGA,TTTTGCATTTAGGCG,-0.006502852707169357,0.0,265,479,528,1391
ACGACAGCCGCAAGAACATGCTCACATG,TCTTGGAGGTGAATG,0.0014817015293200487,0.0,215,511,523,1434
GGAACATCAGCAAACTCAACGACAAACA,TTTTGCATTTAGGCG,0.004628276306631607,0.0,203,478,492,1488
CTTGCATCCACATTAGCAGGCTCAGCTC,TTTTGCATTTAGGCG,0.002027203052225213,0.0,218,508,456,1478
CGGCCATCTTCAGTTCCACTTTCAGCGC,TATATTGAACTTTAC,0.00040109896022608,0.0,221,470,477,1427
GTGCCAATATCAACTCCAGTAACAACCT,AGTGTATGATAATAT,-0.013588357154736046,0.0,287,568,487,1218
CCTACAAGATCATCAGCATGCGCAACAG,GTTGGGCGCTTAAAG,0.005990884232265334,0.0,195,480,414,1489
CCAACAGGGTCAATTGCACTCACATTAA,TCAAATGATGAGGAT,-0.008177226020531163,23.766446897790047,247,490,488,1233
GACTCATCCGCATATCCAAGGACAAGAT,ACAGTTGACGGACAG,0.0047152793514133005,0.0,189,474,443,1389
AGCTCAGTGACAGTAACAATAACATCGA,TATGCCCTTCTTCTG,-0.007052709820616003,0.0,239,562,415,1234
GGAACATGGTCACGTGCATGCGCAGCAC,TCAAAACGGAGTGTT,-5.94126907333808e-05,0.0,209,508,426,1331
CAAACAGGGTCAAGAGCACTCCCAGTTC,TCAACAACCTATGCA,-0.005579594721829252,0.0,227,520,526,1225
TAACCAAAGACATGAACAAATTCAGCCA,CATTTATGGCTATCT,-0.014939305443833623,0.0,292,535,386,1190
GGCACACTGGCACTACCACGGGCATAAA,GGTTGCCCAGAAGTA,-0.0008003410393126282,0.0,197,539,444,1227
GCAGCAGGAGCAACTGCATTTCCATTGA,ACAGTTGACGGACAG,0.007783568322346286,0.0,173,420,434,1394
AATGCATTGCCATGATAAGAGCAGTAA,CGATGATGATGATGA,-0.009785595491945805,0.0,259,504,414,1232
GTTTCAAAGTCAGCATCAAGCGCACATT,AGTGTATGATAATAT,-0.020566395329765823,33.174838329388876,312,561,421,1074
GGAACAAACTCAGCTTCACTGACATAGA,TCAAAACGGAGTGTT,0.005814091971950738,0.0,178,429,441,1352
GATGCATAGGCAGGCACATACTCACAAT,GAGTGCTTCAAAGTT,-0.010659845941894952,7.247911532488615,232,533,469,1075
TAATCACGCACACGTTCAACGCCATGGG,GCTGCTTATGAGGAT,-0.002659903515909419,0.0,210,430,437,1237
CGACCATCACCATGGACAGGACCAGTGG,TCAAAACGGAGTGTT,-0.0019085850521993292,0.0,202,403,448,1217
GGCGCAACTGCATATACACCCCCAAAAC,TAACCTCGCGCTGAG,-0.007940218081114336,0.0,218,466,444,1096
GGCTCAAGCCCACTTGCAAGGGCAACAA,TCAAAACGGAGTGTT,0.0019228294030580499,0.0,174,480,417,1176
CCAACAGGCACATAGCCATTCTCAGAGC,GAACTCAGGTTCCAT,-0.01253491620676249,0.0,242,447,468,1060
CTATCACAAACAAAAGCATGTCCATCAT,CTCGCTAATACTCCT,-0.004917619651258602,9.474677343281655,212,380,441,1167
CCCGCAAGCCCAAAGTCATCTCCACAAG,TATATTGAACTTTAC,-0.008889518431429991,0.0,220,492,426,1075
CGACCAACCTCAGGCGCAATGACATGGA,CATTTATGGCTATCT,-0.00359105688822828,0.0,195,441,372,1117
GTCACAGTGACATATCCATCAGCAGAGC,AAAAGAAAAATGTAT,0.0049621889518018355,0.0,156,478,391,1155
CGACCAGCTACATAGGCAAGTACAGAAG,TCAACAACCTATGCA,-0.015993024612649634,0.0,272,454,388,1074
GTTACAGGAGCAGTGCCAATTACATCGT,TCAAAACGGAGTGTT,-0.0014948391991012062,0.0,180,466,413,1098
ACAGCAGTCGCAAGATCAGAGTAATGC,AGTGTATGATAATAT,-0.0069633913236895354,0.0,209,431,444,1082
CGGGCCAAGCCACGCAATGGCATTTT,ACAGTTGACGGACAG,0.0012501467697661212,0.0,178,404,376,1179
GAACCACTTGCAAAATCAGAAACATACT,AGTGTATGATAATAT,-0.0075852999105076105,0.0,209,463,399,1062
CTATCATAATCACAGACACGAACACTAC,GTTGGGCGCTTAAAG,-0.011133225213472597,12.57228504259183,227,436,432,1037
TACTCATCAGCAGCCGCAGTCGCAACCT,GTCACCGGCACTAAC,-0.010548512966687662,0.0,228,433,391,1060
AGCTCACACGCATCTTCATGCGCAGGGC,TCAAAACGGAGTGTT,-0.003930888247638942,0.0,194,407,364,1100
TGTACACGTCCAAACTCAGAATCATTTG,TTAATTGCACTTATG,-0.004663308034551933,0.0,192,434,351,1065
ATTGCAAACGCAAAGACACCACCAGAAA,AGTGTATGATAATAT,-0.006751803046234188,0.0,200,460,342,1042
GAAACAGTGGCAACGGCATGCCCACTGC,GGTTGCCCAGAAGTA,-0.003940265089580401,0.0,181,430,379,1026
AGCACATGGACATTCACACAACCAAAGC,GTTGGGCGCTTAAAG,0.009464070290582145,0.0,137,378,364,1161
GATACAAGAACATGAGCACGGTCAGCTT,TGATCATCACGGGAC,-0.0018316496747196262,0.0,181,426,324,1093
AGGCCAGCTACAAGTACATATTCAAAGT,AAAACATTATCAAAG,-0.007497531067873706,0.0,190,399,416,968
CCTTCACCTGCACACTCAACTTCAGGGC,AGTGTATGATAATAT,-0.010276591633521888,0.0,211,406,384,989
GCATCAAGTGCACCTGCAATCACAACAA,CCAGGATGTACCGCC,-0.00014972250846022992,0.0,168,326,347,1067
AATTCAGGCCCATACACAAAAACAGACT,AGTGTATGATAATAT,0.008491517661602261,3.38314783253918,130,417,351,1070
ATAGCAGGGGCACCGTCAGGTTCACTAC,CTTGATCAATCAAAA,-0.00035340508502745117,36.96610029148542,160,392,362,1010
ATGGGCAGGTACAGTTACACTGGCAATGA,AAAAGAAAAATGTAT,0.005278564420634212,0.0,137,390,370,1024
GGTGCACATGCATAAGCATGTTCACACC,TCAGAGCATTGGCCT,0.024658711356659823,0.0,95,250,306,1270
CATCCATATACAAGTTCAGTTGCAGTGG,TATATTGAACTTTAC,-0.004811786379531287,0.0,180,359,361,994
AGTGCAGCTTCAGTCGCAACGGCAGGTG,TTAGTCTTTCCATCA,-0.004450786186421214,0.0,170,410,381,949
AACACATATGCAGCTGCACCCGCATTAC,ACCACCGGTCCTGCC,-0.0013585063573836968,0.0,160,349,368,980
TGCGCACTGCCAAGGACATGCTCAGGAT,TTATATTTATTTGCT,0.007749803079501083,0.0,141,264,358,1135
CGTGCAAACTCACATTCAGATGCAGCAG,TTAGTCTTTCCATCA,0.007768921319508459,0.0,129,333,339,1039
TACACATTCGCAAGTGCAGCCTCAGTGC,TCATAGGTATCTCGC,-0.01472699459888586,0.0,217,458,317,890
CCACCACCCTCAGATCCAAGCTCACTGA,TGATCATCACGGGAC,-0.013626693367510599,0.0,205,449,321,869
TGATCAGCGTCATACACAGGCCCAATTC,AGAAGACGACGATGA,-0.03753617383055583,0.0,319,455,281,660
CATGCATAAGCATCCGCACGTTCAGATG,CCAAGACCGTGTAAA,-0.012153132149031132,0.0,209,343,325,926
TTGACAACTCCAGAAACAAGCACAGTCG,TCAAAACGGAGTGTT,0.0013759892045278976,0.0,148,353,311,984
CGGTCAATAACATAGACAGGCTCAGTGG,GTTGGGCGCTTAAAG,0.0012979114424533326,0.0,139,377,343,922
AAAGCAAAGCCATGTCAGTTCCAATGG,TCAAATGATGAGGAT,-0.02757371306174901,0.0,271,393,290,756
GTGGCATTTTCACAGACAATCGCAACCA,CTACTTACAACGGAA,0.00252755478630795,0.0,136,336,348,936
ACCCCAGATTCAAGTCCAAGTCCAGGAA,TTAGTCTTTCCATCA,-0.012853189233774697,16.201424504544775,192,391,304,833
CCTACAATGCCATGAACAATAGCACGTG,TGATCATCACGGGAC,-0.010449726555124779,0.0,178,385,314,830
TAGCCATCGCCAACAGCACATTCAAAGC,TTTTGCATTTAGGCG,-0.013366231782335966,8.259586251528162,202,339,319,863
ATAGCATGGGCACGAGCACAAACATGCT,ACAACCTACCTGCTA,0.007211247406922819,0.0,126,330,286,998
TGTCCAGCGGCAGTATCAGGGTCAGAGA,TCGATAGAATTTACT,0.005136873354813121,0.0,131,324,286,975
CACACACAATCAAGCTCAATGGCACTTG,GTTGGGCGCTTAAAG,0.01026835645669067,5.719307558945729,113,303,298,981
GCAACAGAAACAAGCACAACATCACCGA,ACAGTTGACGGACAG,-0.0004951487429784527,0.0,140,314,362,880
GGACCAGCTTCAATGGCAACGGCATTGG,GCTGCTTATGAGGAT,0.0011007972332709225,0.0,133,373,310,877
GGTCCAAAACCATATACAGCGTCAAATC,TGATCATCACGGGAC,-0.024869426327944238,16.797280144391152,236,397,300,714
ACATCATCCTCAGAACCAGCACCAGGTT,AATGATACCATTTTT,-0.006988876204396351,0.0,156,379,313,807
GCTGCAAAAACAAGCACACTTTCAGCTA,CAAGGATCCCCGTAG,-0.0033499757472159764,0.0,139,374,319,802
GTCGCATGGACAGTTCCAGTTACATAAG,TCAAAACGGAGTGTT,0.00821916516424707,0.0,116,256,323,947
GGCCCACTTCCATCGCCAATGGCACGAA,AGTGTTAATCAGACC,-0.010243491856526872,50.15047050984958,172,326,340,807
CAGGCAGGCGCAGCATCAATATCACAAT,TTTATAAATCAATAG,-0.012020579092570143,0.0,174,341,350,774
CCTCCAGATCCAAGCCCAAGATCAACGG,TCGATAGAATTTACT,0.00183313100835023,0.0,131,288,320,883
CTGGCAAAGGCATCTACACGGACATAGG,TCTTGGAGGTGAATG,-0.005042841602429293,0.0,157,285,300,861
TTTGCATGTTCATGTTCACAGCCAGGCG,CTTGATCAATCAAAA,-0.026673056510579333,0.0,224,400,264,642
AGCGCAAAAACATAGTCATTCCCACAGC,TATATTGAACTTTAC,-0.005574749300091986,0.0,146,342,312,788
AGGTCAAAGCCACATGCAGGACCAACGA,TCAAAACGGAGTGTT,-0.002083374620227904,0.0,148,260,276,887
AGGCCACAAACAAAGTCAGCAGCAGATC,TATATTGAACTTTAC,0.006914637007438395,0.0,107,283,290,840
ACCACAGAGGCATCTCCAAATACAAGGA,CTAAGTGTGAAGGAG,0.015454526027790011,0.0,91,206,303,923
GCCGCATCGCCAGGATCAAGCGCATCGA,TGATCATCACGGGAC,-0.010481086193665988,0.0,164,319,263,764
TCCACACGTTCATTAGCACCGGCATTGA,TTTTGCATTTAGGCG,-0.005234085088215605,0.0,148,317,243,807
TCAACACGGACAGTCACACGGACAAATC,ACAGTTGACGGACAG,0.010704296543239627,0.0,93,310,271,818
CTTCCAAGACCAGCCGCACCGTCAGGTT,CTCGCTAATACTCCT,0.008685655271135214,0.0,104,240,288,861
TAAGCAGGGTCACTGGCAGTTTCAGAGG,TATATTGAACTTTAC,-0.003691691710738014,0.0,128,304,312,731
AACCCAGTAGCAAAGGCATGTACAGGCG,TTTATAAATCAATAG,-0.00807818652067766,0.0,148,340,250,741
AAAGCAAAAACAAGGGCAAAAACAAAAA,TTTATAAATCAATAG,0.0012413549864682388,0.0,119,284,294,788
CAGCCAGGACCAGGACCATGCACAACAC,GGTTGCCCAGAAGTA,-0.01313260792558464,0.0,172,259,287,740
AGCCCACATACAGCACCAAGGGCACGCA,TGATCATCACGGGAC,-0.01822553043804569,5.13450997592372,179,345,248,661
CAGTCAACAACATAGGCACCAACAATAG,AAAACATTATCAAAG,-0.0125124619564467,0.0,154,320,258,675
GAAACATGAACACAATCATCCGCATGAG,TTTTGCATTTAGGCG,-0.0017903868392892411,0.0,130,246,253,786
CTCACAGGACCATGTACAATGCCACGAA,ACAACCTACCTGCTA,0.0005764553028707818,0.0,112,255,308,727
AGTCCAACATCAGTTGCACGTGCACGAA,GTTGGGCGCTTAAAG,0.0037187325547328506,0.0,113,246,236,806
GTATCAGCCCCAGCGGCACTGCCATTCT,TCATAGGTATCTCGC,-0.019550997574835433,0.0,164,344,292,582
GCTGCAACTGCAAAGGCAATCTCAACAA,TCAAAACGGAGTGTT,0.004989883071856468,0.0,100,269,262,741
GATCCAAAGACAACGGCAATTTCAGGTG,TCTTGGAGGTGAATG,0.009065103400583144,0.0,91,239,267,762
TCCGCACCGGCAAGGTCACGCTCACGGC,CGATGATGATGATGA,-0.006593201532366762,0.0,132,291,230,691
GACGCACGATCAACGTCACAAACAAAAT,TGATCATCACGGGAC,-0.004688793627332203,0.0,129,254,243,715
AGCTCAAAAGCAAGTACACTACCAACAC,TATGCCCTTCTTCTG,-0.0011480531854886214,0.0,116,250,243,715
GGACCAATGCCACATTCATAGCCAGATC,CGAATGCCATACAAA,0.006755965871136307,0.0,91,267,244,711
CCCGCAGATCCACCGCCACGCGCAATCG,TTTATAAATCAATAG,0.005343958227077221,0.0,92,253,263,689
AGAACAACTTCAAGGTCATGGACAGCAA,GTTGGGCGCTTAAAG,-0.0006096963929311661,0.0,106,251,263,664
CTACCAAATCCATTCTCAACACCATGGT,AGTGTATGATAATAT,0.0010548687166001287,0.0,106,232,215,698
ACAGCAGTTGCACTACCAGGGCACAGAG,GAACTCAGGTTCCAT,-0.0208309609812866,0.0,159,338,207,543
ACATCACCTACATCGGCAGCTTCAGACT,GTTGGGCGCTTAAAG,-0.0009433909883408356,0.0,114,203,223,707
CGCGCAGTAACAGGGGCATTGGCATATC,TTAGTCTTTCCATCA,0.0020595935617290896,0.0,103,215,229,699
CTGTCAGGTGCATTTGCAGAATCAAAGG,GGTTGCCCAGAAGTA,-0.010386632928037558,0.0,131,250,251,612
ACTTCATCGGCATCCCCAACTCCATCCC,CATTTATGGCTATCT,-0.020125937899284938,0.0,168,241,226,586
CATTCAGCCCCAAACGCATGGCCATGTT,GCTGCTTATGAGGAT,-0.004376380718485888,0.0,116,272,184,649
GCGCCACGTGCACAAGCAGTCACAACGT,TCATAGGTATCTCGC,-0.010157357885199182,0.0,125,292,221,588
CGGGCAAACACAAGGACATACGCATTGC,TCAAAACGGAGTGTT,-0.012272268617512738,7.705818054306292,135,256,219,596
TCAGCACTATCAGCCTCAGGAACAAGGT,TTAATTGCACTTATG,-0.008123201157273371,0.0,127,209,225,635
AAGACAACATCAGAACCAAGAGCAAGAA,TATATTGAACTTTAC,-0.0071175052361612595,0.0,111,278,234,572
ACGCCACGTGCAGTGCCACCAACATGCC,CTACTTACAACGGAA,-0.02120938266542347,32.625363004107385,162,249,225,547
CTAGCACATCATTCGCAGATCCACTAT,TGATCATCACGGGAC,-0.020604681638963635,4.751673005585872,146,251,253,502
CTCGCAGGCGCATAGTCAGTTTCAGAGA,GGTTGCCCAGAAGTA,-0.01179387325430053,0.0,117,254,221,524
CACCCAATTGCAATAACAAGTACACATC,CTACTTACAACGGAA,-0.0033404770413503503,0.0,105,217,223,606
TCAGCAGAAACACGGCCAGGAGCATGAC,GTTGGGCGCTTAAAG,-0.0014577226227165806,0.0,103,185,216,629
CCACCAGTGACAAGAACAGCTTCAAGAT,CATTTATGGCTATCT,-0.01958863143561905,0.0,134,242,216,475
TGGGCATCGGCAATGACATTGACAGGCC,TCATAGGTATCTCGC,-0.014030083028179534,0.0,117,264,197,490
GATGCACGAGCACTCTCACCTACACAAC,TCATAGGTATCTCGC,-0.011430089493388336,0.0,108,261,210,489
ACAGCATGCGCATATTCAGCTGCACACA,GTTGGGCGCTTAAAG,-0.004268861747430656,0.0,93,247,206,522
GAGCCACGATCATGGACAAGCTCAGGTC,ACAGTTGACGGACAG,0.00036771220529815035,0.0,91,173,166,587
TCCTCAGCTGCAAAATCACCTCCACAGC,GGTTGCCCAGAAGTA,-0.021981670456291846,15.120379656159912,127,257,188,419
CCCGCATGCGCAGAGGCACTCTCAGATG,GTTGAACTGGTTGTT,-0.03001888556860049,0.0,157,227,176,407
ATGACAGGGGCAGAAACATTGGCAAATC,CGATGATGATGATGA,-0.0027640938043483228,0.0,86,228,178,505
ATAACAGACTCAACTGCAGCCTCAACGA,TAACCTCGCGCTGAG,-0.002803424300060102,0.0,89,204,166,522
GGGTCAAGGCCATCACCACGGCCAGTTG,TGATCATCACGGGAC,-0.0016691640890104473,0.0,88,196,161,534
TAACCACCACCACACGCAAAGGCATAAT,GAGTGCTTCAAAGTT,-0.02530870012826963,0.0,141,229,166,421
GGATCAACCCCAAAGACACTGGCAGATG,TCAAAACGGAGTGTT,0.003887806411896847,0.0,71,197,198,509
CGAACAATTTCACAATCAGGCCCATAAG,CTTGATCAATCAAAA,-0.011834939334809821,1.473870636184074,93,250,214,416
CTAACATCGCCAGTATCAATGGCAACAA,GCTGCTTATGAGGAT,0.005239746878751713,0.0,73,173,170,545
AATACACGGTCATCGTCAAGATCAGGAA,TATGCCCTTCTTCTG,-0.00985144997500549,0.0,95,222,180,451
ATTGCACTGTCAAGCACAACTTCATCGC,ACAGTTGACGGACAG,0.0038458677940084104,0.0,75,168,174,537
CACGCATTTGCACCGGCAGGATCACATA,CAAGGATCCCCGTAG,-0.007510313615592083,0.0,97,191,167,494
GGGGCACTGGCATCGGCAGCGGCATCTCT,TATATTGAACTTTAC,0.002714464176635885,0.0,76,191,145,526
TTGCAGCCGCAGGAACATCGTCAGTAA,GCTGCTTATGAGGAT,-0.0022574568534301817,0.0,79,215,164,471
GTACCAGGAGCAAAACCAACAACACACG,ACAACCTACCTGCTA,0.0029521889788889136,0.0,68,185,185,474
GTATCAAGATCAAGCACATTGGCAGTAT,TCTTGGAGGTGAATG,0.011817275111539233,0.8993596568143403,53,164,187,482
CATCCAACGGCAGGCGCAACAGCAAGCA,AGTGTATGATAATAT,-0.006665354707013119,0.0,85,208,162,444
GATCCACTGGCACGCGCAAGCGCATATG,AAAACATTATCAAAG,-0.016050325859340162,0.0,103,199,175,406
ATGCCATGCTCAGAATCAACGCCAGCGA,CCAACACAGGCTTCG,-0.07136053398680274,0.0,236,240,97,177
GAGGCAAGCACACCCTCACTCGCAAACT,TTTATAAATCAATAG,-0.0008167980705306409,0.0,71,170,185,442
AGAGCAACTACAAGGCCACGGCCAATCA,AGAAGACGACGATGA,-0.007828213981373972,36.59111242567678,90,167,158,454
GTCTCATGGCCATTCACAAGGTCACACG,TGATCATCACGGGAC,-0.016680529385533854,0.0,106,197,156,410
ATCGCAAGATCAGTATCAGAACCAGAGA,TATATTGAACTTTAC,-0.0009372418722587954,0.0,69,182,173,428
GGAACATCCACACACACACATTCAAATT,TCAAAACGGAGTGTT,-0.006316519260684053,0.0,79,169,199,417
CGGTCAATCTCAGGAGCAAAACCACACG,TAACCTCGCGCTGAG,-0.013420666443270557,0.0,98,160,145,418
AAATCACCAACAAAGTCAGGGGCACCAA,CTTGCAAGTGTAATT,-0.0584197572643475,0.0,208,245,107,230
CGAACACTACCACGGGCAGGGACAGGAT,TCATAGGTATCTCGC,0.006331331678555314,12.671591555171744,63,166,136,486
ACGCCAAACGCATACACAGCGTCAATTA,GTTAAATCAACAGTT,-0.021929827426504008,159.04227050065265,115,198,137,380
GCAGCAGTGGCACGCCCAGTTACAGATA,TTTATAAATCAATAG,0.002868575055142234,0.0,64,161,163,445
CGTTCAGCGGCAAAGACACCGCCACGGG,TTAATTGCACTTATG,-0.006150238777595692,0.0,82,175,141,435
CATGCAAAGTCACCTACAGTTGCAAAGT,TTATATTTATTTGCT,-0.00019348755898117962,6.12203600615203,70,154,147,444
AATACATCGCCACGCGCATACGCATTGA,TCAAAACGGAGTGTT,-0.00026864730521748123,0.0,70,171,134,443
TTCGCAGATACACACTCAGCCACACACA,TGATCATCACGGGAC,-0.007332650270029495,0.0,75,186,161,384
AGATCATGGTCATGAGCATGGACAGATC,GTTAAATCAACAGTT,-0.07869825068161002,0.0,221,258,102,133
CCGACAGGGACATATCCACGACCAATTG,GAGTGCTTCAAAGTT,-0.022241608710583644,0.0,106,186,163,347
GGACCACTACCAATCTCAGCGACAGTAC,TCATAGGTATCTCGC,-0.018800111149535313,0.0,108,167,135,392
GCGCCAGTAGCAGTACCAAATCCATAAC,GTTCAGCTTTGATCG,-0.021380805344140455,0.0,103,202,134,346
GGGCCATGGGCAATTACAGATGCAGGTG,CAATTTCAACGTTGT,-0.04446112321317799,0.0,141,229,133,237
CAGGCAAGGGCACATACAGATTCAACCT,CTTGATCAATCAAAA,-0.014303308601652144,0.0,78,200,148,324
GTTGCACGCGCAGCAACATCACCAACGC,AGTGTATGATAATAT,-0.006197906685533623,0.0,74,178,133,392
TTAGCAAGAACACCGGCACGAACAGCTC,TATGCCCTTCTTCTG,-0.0030559942473191715,0.0,67,157,164,390
TACACACTGGCAAATACAACGCCACATA,CTACTTACAACGGAA,-0.005061469053894448,0.0,79,127,144,433
GCTTCAGCGACAAAGTCAACGGCAAGCG,AGAAGACGACGATGA,-0.035210277903917175,0.0,119,224,129,264
CGACCCACTACCAAAAACATAGCCAAGT,AAAACATTATCAAAG,-0.018395887623944108,0.0,92,161,156,338
GAGACAAGGTCAGTCACAGAGACACAAT,ATTATCAAGTGCCAG,-0.003399639902614545,0.0,67,158,130,386
AGCCCATGTCCAAAATCAAACTCAACTT,TTATATTTATTTGCT,0.012590241366096752,0.0,52,112,102,484
GGAACAGGAACACTCACAAGCGCACCAT,TGATCATCACGGGAC,0.0030058473400984705,3.5997800443014967,55,152,136,384
CCATCACCGCCAGGACCATTTTCAAGGG,TCATAGGTATCTCGC,-0.014448418999989119,0.0,81,123,128,335
TCGCCATCAGCACGGGCAGGGCCACTTC,TCGATAGAATTTACT,0.0036174852957050253,0.0,54,116,169,384
CTTGCAAACACAAGGACATCCCCAAGGC,AATGATACCATTTTT,0.0014086803922036763,8.359490746426218,58,142,123,386
GAATCATTGGCACTGGCATCATCACCGG,CTTGATCAATCAAAA,-0.015778475568453472,0.0,77,170,121,306
GTATCAAGCTCAATTTCAGCATCATGAC,GAACTCAGGTTCCAT,-0.0340353764787388,10.855322442278066,104,212,133,239
GCAGCATGTGCATAATCAACTGCATGTA,GTTAAATCAACAGTT,-0.0964384023851453,0.0,232,245,70,82
GTAACAGTATCAGTAGCACACCCAAGGA,CCAACACAGGCTTCG,-0.06321020396725036,0.0,142,218,101,136
GTACCACTTACAAAAGCAACGGCAAGGA,ATAGAGCGGCGTTGA,-0.040640986671840594,0.0,113,218,106,213
CTATCAAAAGCAAAATCAGGTTCACGCA,GAACTCAGGTTCCAT,-0.025988587725191154,0.0,94,153,135,275
GCACCAGTTGCAAAGTCACCCTCACAGG,ACAACCTACCTGCTA,0.006753035597007277,0.0,48,110,121,375
GAATCATCAACAGGTACAGAACCAATGT,TAACCTCGCGCTGAG,0.009345827193260343,5.834191755173833,45,129,98,380
TTTCCAGTTTCAGCCACACACACAACAA,AAAAGCGACATTTCT,-0.0042688617474306275,0.0,62,144,92,348
AGTGCAACCGCATTTTCAGAGTCAACAT,GTTGGGCGCTTAAAG,-0.012198035502601205,5.266346678112768,73,145,101,323
GCCTCATCCGCATCCACAACTCCAATGA,TCAAAGCATGAAAAA,-0.036095034590337645,0.0,106,169,115,229
GATCCATGAACATCTCCAGTGCCACCGC,TATATTGAACTTTAC,0.00675923657057802,0.0,43,121,114,336
GTAACAACGGCATGGTCAAATGCACACG,ATAGAGCGGCGTTGA,-0.050864034531462855,0.694450581047704,124,175,111,172
GAAGCAAAAGCAGCAGCAGTACCAGTAT,CTTGATCAATCAAAA,-0.023843364844363696,0.0,75,167,136,234
ATTGCACCCGCACGTGCATCTGCAAAAC,AGTGTTAATCAGACC,-0.033290620633207785,8.342123209162764,100,155,108,235
CTATCACCCACAGGGTCATTCACAGGAA,CTTGATCAATCAAAA,-0.01975595443445927,0.0,74,133,138,261
ATTCCACTCGCATACACAGAGACAGAGA,CTCTTGAGAATACTT,-0.07903590128957186,0.0,188,197,51,112
TGTGCAAAACCACAATCATAATCATAGG,TATGCCCTTCTTCTG,-0.02471498589722798,13.586775032786136,76,158,115,231
AAGTCAAACCCAATTCCAGTCGCAAAAG,TCAAATGATGAGGAT,-0.02153935048960759,0.0,67,177,90,224
TTCACACCAACAAATACACAGCCATCTG,CATTTATGGCTATCT,-0.011128237723749955,0.0,58,147,93,265
GGATCATCAACACGCTCATCAGCAAGCG,TCTTGGAGGTGAATG,0.005603273614720358,0.0,42,94,117,317
GGGTCAAAAGCAGGACCACCACCATACC,AGTGTTAATCAGACC,-0.05290377904939001,0.0,105,167,92,137
GGCTCACTGGCATGCGCAGTTTCACAGA,TTTTGCATTTAGGCG,0.0017188644418782764,0.0,46,81,86,309
GTATCATGCACAATAGCAACGACATATC,GTTAAATCAACAGTT,-0.09784508086815787,0.9162527200742261,121,124,44,41
CTACCATGAACAGGGGCATTGTCAAAAC,ACAAGTTTTACAGTT,-0.03519990176894363,0.0,73,163,91,162
ATGCCACGTACACCTACAGAGGCAGGTT,CTGATTTGTGCTGTC,-0.009992850045641507,0.0,55,96,87,260
TTAACAGTTGCAAAGCCAGATCCAGGGA,AAAACATTATCAAAG,-0.02248263169368851,0.0,64,129,95,208
AGTACAAGGACAAGTGCATTAGCATAGA,CAATTTCAACGTTGT,-0.06443922182752793,0.0,117,130,82,108
AGCGCACCAGCAATCTCACCGGCATTAA,TCAAAGCATGAAAAA,-0.03074848259420156,0.0,69,143,77,175
CCGGCACTCGCAGCCGCAAATGCACGCG,TCAAAGCATGAAAAA,-0.026261935958392806,0.0,61,142,72,177
CAAACAGAGTCAGCACCACTGGCAGGTG,TCATAGGTATCTCGC,-0.01235774252850228,0.0,57,81,94,251
CAGCCACTAGCAGTACCACCCGCATATG,GTTAAATCAACAGTT,-0.08777641682339588,0.0,168,148,51,77
TAAACACTCACAATCGCAAACACATGCC,GAACTCAGGTTCCAT,-0.010467917469214856,5.3129580842523865,53,91,89,247
TTCACAAGGACAATATCAGAGACAGTAA,TTTTGCATTTAGGCG,-0.007113022840762403,0.0,52,83,66,268
CGAGCAGGTACAACGGCAGTACCACTAC,TAACCTCGCGCTGAG,-0.02882899052176856,14.760116093302713,67,134,84,180
CGCCCACGGGCACATCCAGAGTCACATC,CATTTATGGCTATCT,0.00419456880546331,2.120534775028773,34,108,79,246
ACGGCAATCACATTGACACATGCATGTT,TCAAAACGGAGTGTT,-0.009992850045641507,0.0,44,110,97,208
CACTCACTAGCAGAATCAAGAACATACA,AGTGTTAATCAGACC,-0.03697810112578671,2.912468196822033,77,139,57,162
AGTTCAGAGTCAAGTACACGGGCAAGTC,AGTGTTAATCAGACC,-0.04156660478606621,2.0979719516992645,72,129,93,132
TACCCAAGAGCATGCACAAAAACACCGC,TCTTGGAGGTGAATG,-0.005618110411295237,0.0,41,83,96,221
ACAGCATCGACAGCATCAGGAACAAACA,TTAGTCTTTCCATCA,-0.012733356869846045,5.983614133822357,48,106,88,209
TAGCCAGATCCACGATCAAGTGCATCTA,CTAAGCAGTCTTCTC,-0.07238625594236123,0.0,99,127,51,72
ATAGCATCTACACGGTCAAGAGCAGAGA,TTAATTGCACTTATG,-0.022145685382996466,9.479615605459003,53,103,112,174
CGATCAGGTCCAGTCTCACGTACAACAT,AGAAGACGACGATGA,-0.03111899633110592,0.0,61,134,86,153
GACTCACAGTCAGAAACATAGGCATCGCA,CGATGATGATGATGA,0.00029191152832785066,0.0,39,62,89,251
TCCGCATGTACATGGGCAAGGACATGAG,ACAGTTGACGGACAG,0.008270888064072458,0.0,34,67,59,278
GTATCACCGTCAGTTTCAACCTCAGAGC,CTTGATCAATCAAAA,-0.015010342802706694,0.0,45,113,74,183
CCCCCAAGTGCATCGCCATGACCACTAG,GTTCAGCTTTGATCG,-0.033055048392438065,0.0,60,115,81,142
GTCTCAGAGACATAATCAGGGCCACGAA,AGTGTTAATCAGACC,-0.07081496807132924,3.406014125189131,101,122,65,77
AAGGCAGATGCACCAACATTGACATGGC,TCAAAGCATGAAAAA,-0.030912149044120093,0.0,63,103,53,159
GACACAAAGGCACGGACATATGCATCGT,TAACCTCGCGCTGAG,0.0026129154816970715,0.9180859936773231,30,81,61,207
TACGCAATTGCACCCCCAATTCCAGAGG,GTTAAATCAACAGTT,-0.0629011832942661,11.393364058622524,90,131,61,87
CCGTCAGCTACAACGTCAAGTGCACCAT,TGATCATCACGGGAC,-0.005124926601842081,0.0,34,86,77,186
GCGGCAAAATCATGGTCAACCACACGCA,AGTGTATGATAATAT,0.0007927776805353384,0.0,30,83,73,196
CCAGCAGAGGCATAGTCAATTGCACGAG,GCTAATTTCAAGAAT,-0.05363854363117499,0.0,76,115,69,97
GAGCCAAGGGCATGACCATTGGCAATGA,ACAGTTGACGGACAG,-0.0034205812152765087,0.0,33,69,74,190
GTTTCAGGGCCACGCACATGTACAGGAG,AGAAGACGACGATGA,-0.025557231052600344,0.0,55,82,56,163
GGTGCAAAGTCACAACCACGGACAAAAC,ACAAGTTTTACAGTT,-0.0081232011572734,6.756140697312162,31,93,77,155
GGGTCATCAGCAAATGCACGTACACGCG,TCAAAGCATGAAAAA,-0.02515072194947308,0.0,45,107,67,135
CCAGCATGCCCAGCCACATTCTCAGATA,TTAGTCTTTCCATCA,0.014215387587234824,4.715941022880088,22,47,69,215
AGTGCACTGGCACTAGCATGTCCAAGGT,TATATTGAACTTTAC,0.00530989614148578,0.0,27,58,65,202
AATCCAATGGCAAACGCACGGCCATCCC,AGTGTTAATCAGACC,-0.06491070540706677,2.7144263172178853,89,117,35,81
AAGCCATCATCAAACTCAGCGACACAGT,CTTGATCAATCAAAA,-0.014482476717679318,0.0,38,73,67,157
CGACCAACAACACTGACAGGATCATCGT,AGAAGACGACGATGA,-0.0314759397921888,0.0,54,85,71,134
CCAGCAAAACCACTTCCAAACACAGGCA,TATGCCCTTCTTCTG,0.019316809136331353,8.43570447810771,18,56,65,205
ACGGCATGAGCAGATGCATTACCAGAAT,TCAAAGCATGAAAAA,-0.03324892790315273,0.0,51,79,83,120
TTATCAGGTCCATTCCCAGACGCATGCC,GTTTAGCTTCCGTTG,-0.09524455171164457,0.0,101,95,22,37
GCAACAATGGCACTTCATGAACAGGAA,TATATTGAACTTTAC,-0.0034644697447680905,0.0,32,53,63,184
TGTCCAATTGCACGAGCATAGACAGAGG,ACCACCGGTCCTGCC,0.005871927028068742,0.0,23,65,70,175
AAAACAGCGACAGGCGCATGAGCAAAAA,GTTCAGCTTTGATCG,-0.02535335681868583,0.0,55,53,50,164
GTGACAAAAGCAACCCCAGTTCCAGATA,GTTAAATCAACAGTT,-0.04211217070153972,28.94530578864442,56,108,43,101
ACTCCATTGTCACAGGCACCATCATTGA,GAGTGCTTCAAAGTT,-0.019876588442309922,0.0,35,99,66,123
GCTCCATATACAATGGCACTTGCAAACG,CGAATGCCATACAAA,0.007543586484251122,0.0,23,48,64,184
GATCCATTGTCAAGTCCAACGACAGCTG,TATATTGAACTTTAC,0.0020409281389361933,0.0,23,64,62,156
GGTGCAGGTTCAGTAGCAGTTACAGGCT,GTTTAGCTTCCGTTG,-0.10012353249170407,0.0,79,75,23,25
GCCACAGTATCAAACTCAGGAGCAGTTT,TTTTGCATTTAGGCG,-0.005971917119354336,0.0,27,64,65,144
GACTCAGGCACAATCACATATCCAGTGA,TATATTGAACTTTAC,-0.0033038268635697883,0.0,27,54,61,156
GAGCCATTTCCAGAGGCATACGCAGCGT,CTTGATCAATCAAAA,-0.023938467143777214,0.0,36,85,63,112
CATACATGTCCATACACACGCCCAGTCG,CATTTATGGCTATCT,-0.032281618489782594,6.933006497841461,45,76,45,109
CTTACACGGCCAAACACAAAGACAGGCA,GTGTGATTACTAAAT,-0.09880054428040752,0.0,82,87,35,27
GCCCCAGCCGCAATACCATTATCAGGTT,AGAAGACGACGATGA,-0.041281946067795026,0.0,53,70,44,98
GGCACATGGCCACAAGCAAAAACAATCA,TTTTGCATTTAGGCG,0.019153809626524996,0.04519173463813786,12,69,58,136
GCGGCAAACACAGGCGCAGTGTCAATAA,CTCGCTAATACTCCT,-0.006438125185179025,2.395811393995018,27,54,47,142
GTTACAACATCAGCGACAGCTGCAGTAG,TCAAATGATGAGGAT,-0.0434100996257537,3.477400703244257,49,66,49,85
GGAACAAACACACCAACATGCGCATCTT,TAGACGGACATCTTC,-0.023298393577646084,0.0,35,57,45,111
TCTTCACGGCGCACCGCCAGGATCAGGAG,ACAGTTGACGGACAG,-0.0008065158227497822,0.0,22,70,36,137
ATAGCACCCGCACGGACAGTCGCAGGTC,CTTGATCAATCAAAA,-0.03158084415362281,0.0,38,77,41,94
AGGCCAAATGCAGAGACAGGAACAGCAA,ACAGTTGACGGACAG,-0.004611183968679174,0.0,18,79,52,100
GTTCCAGCTGCACCCGCAGTAGCAACAA,CAATCTTGAATTGAT,-0.06006135509215841,0.0,57,67,39,60
GCACCATACACATCCTCAGTCGCAATGG,CATTTATGGCTATCT,-0.0023395035868800326,0.13697941829605043,19,55,58,113
TAAACACGGGCATGAGCAAAAACACGGC,GTTGAACTGGTTGTT,-0.03183974513154477,0.0,33,71,49,81
GAATCAACATCATAAGCAAGCGCATCGA,CTTGATGGCTGAAAG,-0.05055539035103632,0.0,45,63,53,63
TGTGCACCAGCATAGGCACGTGCAAAAA,GTTGAACTGGTTGTT,-0.008734839112879929,2.999794277103206,22,64,34,108
TCCCCAAGGTCAGCTGCAGAATCAACCC,ACAGTTGACGGACAG,-0.012688729659711974,2.7513371185029882,25,46,48,109
CTGGCAATGACAGTGACAGGGGCACAAC,CTTGATCAATCAAAA,-0.04988196677378564,8.244855336348678,56,58,41,80
TACACAACCACAACCGCAGAAGCATAGG,CTTGATGGCTGAAAG,-0.0470940702571323,0.0,47,64,39,73
TTGACACGGGCAGATACACACACACTGT,CTTGATGGCTGAAAG,-0.061771131571743354,4.018398662930281,49,88,23,49
GCCACATAGACACTCTCATGGCCAGAAT,CTTGATCAATCAAAA,-0.01115559376413091,1.561604873687088,23,49,51,105
AGTTCACTGGCAGGAGCACGTCCAGATA,CCGTTAGTATCGCTA,-0.1289176265861729,0.0,94,60,9,12
TTTCCATGGGCAGTGACATGAGCAATAG,ATGGCGATGGTCTTG,-0.024020670226950345,0.0,29,66,33,90
GGAACAAAAGCACAAGCATGAGCAGCCA,CCAACACAGGCTTCG,-0.06480352417860095,0.0,46,75,29,42
CCTCCAAGGCCAACCGCATAGGCAGATG,CGTCAAGACCTTCTA,-0.0244414753345636,0.0,31,48,34,95
AGCACATCTACAGTTGCACTCTCACACA,TTAGTCTTTCCATCA,-0.0013985464022381472,0.0,17,44,49,104
ACGACATCGACAGTCTCAAGGGCACGAC,ACAAGTTTTACAGTT,-0.06360645747784427,6.550589847039987,56,63,38,53
AAGGCAGGGTCACGTTCAAATGCAGAAT,GCCCTCGAAACCTAT,-0.05759902680660987,0.0,60,43,25,68
AGCGCAGGTGCAGCTGCAATTGCAGCGT,AATGATACCATTTTT,-0.024756240027906305,1.9228527005767546,28,58,29,85
CCAGCATTCTCAAGAGCAACATCAGCTG,TCAAAACGGAGTGTT,-0.016500348766636894,2.9755646246026117,27,51,23,105
GTAGCATTTGCACCACCATGAACAGATA,CTTGATCAATCAAAA,-0.023154117230104115,0.0,27,47,37,86
GATGCATATCCATACGCACTCTCATAAG,ATAATTTTCATCCAC,-0.07973768159616627,0.0,48,45,21,28
CACCCAGAGTCAGAATCAGTTGCAAACC,TCGATAGAATTTACT,0.015804791947737214,2.5287547110710875,12,30,34,123
GATTCACCCCCAAATGCACTGTCACTCG,AGTGTTAATCAGACC,-0.08855430616270371,9.01278383742823,67,49,25,30
AAGTCATAGCCAGCTGCATCACCATGAA,CTTGATCAATCAAAA,0.0037659636406843777,5.242138437993503,14,40,32,100
CGATCACGGGCAGTGGCAACACCACCCC,TCAAAGCATGAAAAA,-0.04490661028935011,0.7747985476178201,41,45,38,68
TTGTCAGTGGCACAAGCACTAACACGAT,CTTGCAAGTGTAATT,-0.06407089395464177,0.0,45,48,36,42
GCGCCAACGTCAGTATCAGGCTCAAGCA,AGAACATCATCTACA,-0.06876181593781235,2.990709867665828,37,52,21,30
CCGACAGGATCAACTCCAGCGCCATGGT,CTTGATCAATCAAAA,-0.03813288084153054,2.9738906411676,31,51,26,63
GACTCAATGACACGTGCAGTGTCATCTC,CAATCTTGAATTGAT,-0.05218172915668399,0.0,42,41,23,56
TAGGCACAGGCAACAGCAACGACATGCC,TCATAGGTATCTCGC,0.005562805801891148,5.444342881488751,13,21,32,98
AATCCACATACAGAGACAGTCCCATGAG,GCTAATTTCAAGAAT,-0.06259421865808912,0.0,41,43,31,40
GGGCCAAACGCACACACATAGACACAGC,ATAGAGCGGCGTTGA,-0.03866622555307854,0.0,20,56,31,40
CCCTCACGCGCACCATCACTCACATCTC,CTTGATCAATCAAAA,-0.021638704760878855,0.0,21,42,16,70
GGACCAGCTTCAACGACACATCCATCGA,ACAGTTGACGGACAG,-0.03922646283029126,12.476608712857342,30,31,29,59
CAGCCACAGACATCATCAAGGGCACTGC,CTATGCATTTACTCA,-0.08904814235554175,0.0,34,53,14,15
ACAGCAGCTACAGGATCAAAGACAATAT,TATATTGAACTTTAC,-0.001201888997998557,0.0,13,28,26,80
TTGTCATGCACAGCACCAAGGACACCGG,GTTTAGCTTCCGTTG,-0.10496220297932794,0.0,41,34,11,2
ATAGCAGTTTCAATCTCAGCCGCACAAG,TCGATAGAATTTACT,-0.010791291413057949,2.527480797863632,13,36,25,60
GTGTCACACTCAGCGCCAAGTACATAAT,CATATGCATTCCTTG,-0.09987689479804551,0.0,52,32,6,22
GATTCACAAGCAAACTCAACTGCAGGAA,CTTGATCAATCAAAA,-0.020012365955231117,0.0,16,25,24,56
TACCCAGAATCACACACATGGCCATCAC,CTTGCAAGTGTAATT,-0.05218172915668406,0.0,27,45,26,36
GTGACAGTAGCAAGCTCATTCCCAGCCC,CTTGCAAGTGTAATT,-0.06784851679820851,0.0,30,45,14,25
GCCGCATCTTCATCTACAAAACCAGCAG,CTTGATCAATCAAAA,-0.04275296962282294,1.0720282778480623,26,23,32,46
CATACACTGTCATTCGCGTTACAGCTC,CCAACACAGGCTTCG,-0.04870306197920929,2.696787435528165,25,32,14,37
GGAACAGCCACAGAATCAGGACCAGACG,AGAACATCATCTACA,-0.03495870438273771,0.0,17,32,26,38
TAGTCAGCTACACACTCAGCACCAAACT,CAATCTTGAATTGAT,-0.04283833031821203,0.09368521997419066,17,43,17,30
GAGACATTGCCAAAGCCAGTTCCAAAAT,AGAACATCATCTACA,-0.04773068273586658,0.0,21,46,15,32
CCGACATTTCCAGATGCAGCTGCAATGT,CAATCTTGAATTGAT,-0.09549116196102604,7.486684408137705,33,48,12,12
TCTTCAGATCCAGGTTCACTAACATGTA,CCAACACAGGCTTCG,-0.06784851679820851,0.0,30,30,14,25
GAGACACATTCACAAGCACGCCCACATA,GTGTGATTACTAAAT,-0.09478442170600598,0.0,35,36,11,13
ATCTCAAGGACACCATCATGACCACGCT,AGAAGACGACGATGA,-0.04670496078030814,1.0426892778099273,21,32,17,33
TCGACATTCTCAACCGCAAGTGCAGCGC,TCAAAGCATGAAAAA,-0.04716263387403822,0.7720764698948415,20,26,25,31
CATTCATGGGCAAGTGCAGCAGCATAGG,GTTAAATCAACAGTT,-0.0900531780643139,0.0,33,35,9,12
AAAACACAGCCACGGTCAGATGCATCTC,TATGCCCTTCTTCTG,-0.028037085690684617,0.36895175815868697,1,34,10,55
CTATCAAGCTCAATGGCAGCTCCAGCCT,TCATAGGTATCTCGC,-0.05101201849630832,7.1309844413638075,21,23,19,29
GGTCCAGCCGCAAATTCATCGCCAAATG,CCAACACAGGCTTCG,-0.06778881800977796,0.0,35,40,6,9
TATCCAGTAACATTCGCAGCACCAGCGT,CTTTCTTGTGTATTT,-0.08635776300943603,0.0,23,29,15,11
GGATCAGGAGCATAAGCAACAGCAAGTT,CTTGCAAGTGTAATT,-0.07383572231202834,8.43114992315924,26,33,13,3
AAGTCATTGGCACAGGCAAAGCCACTAC,AGAAGACGACGATGA,-0.05115600720112557,0.8551231803904216,16,25,26,22
ATAGCAAATGCAACTGCATATGCAAACT,CTAAGCAGTCTTCTC,-0.017543080600230444,0.0,18,34,7,7
GTCCCAAAATCACGGACAGTCACATTAG,CCAACACAGGCTTCG,-0.058870752338755744,0.0,22,21,12,24
GGATCACTTGCACATACACAGTCAATGT,TATATTGAACTTTAC,-0.0017454817507506666,0.0,4,19,13,52
CAGCCAGACGCAGAAGCATTGGCATATT,CTTTCTTGTGTATTT,-0.20877130386278636,0.0,43,12,3,9
CACTCACTGACAGCGGCAATTGCACCGT,GTTTGTTTTGGGAAA,-0.14304587811285244,0.0,26,14,8,3
GCATCAAAACCAACTGCATCTGCAGCAT,CTTGCAAGTGTAATT,-0.04194756131352029,2.5007121900101197,16,18,18,29
TCCTCAGTCCCAGACTCACACGCAATAT,CCAACACAGGCTTCG,-0.084075442944329,2.6100529162205817,27,27,11,9
AAATCACGGACAACTGCACAAACACCTG,CATCAATGAGGCAGT,0.04226373057145913,0.0,1,10,8,65
GTAGCAGAGTCACGTGCAAATTCAGCTG,ACAAGTTTTACAGTT,-0.04968688713247085,0.0,8,30,6,31
CTGACATGTACACGAACACAAACAAATC,ATAGTCGATTAAGAT,,0.0,35,8,1,0
CACATCAGCAGCCACAACGGCAGAGT,AGATTCATCCCATGG,-0.06784851679820854,0.0,18,20,17,15
CTCTCACGTCCAAGGCCAGTGCCAATCT,CTTGATCAATCAAAA,-0.04113649129153596,1.5133313803939927,14,21,14,26
GCAACAAAACCAAGAACACATCCAAAGA,GTTAAATCAACAGTT,-0.10092127100431222,0.3914260633871436,29,21,8,10
ATGCCATGATCAGTGGCAATCACAGAAA,TTAGTCTTTCCATCA,-0.024057727855373374,4.376593016805998,10,24,10,31
TGCCCATTGTCAAACGCAGTGGCAATTC,GTTCAGCTTTGATCG,-0.030627490325848935,0.0,11,26,11,28
AGGGCAAGTTCATTCGCATGCACATTGA,TAACCTCGCGCTGAG,-0.036577972306308014,1.7246167623575843,9,22,10,30
TGGGCAGATCCAGATTCAAGTGCAATCA,CCAACACAGGCTTCG,-0.07860123130224464,3.7275495004271875,22,23,10,4
TGGGCAGGCACAGTGTCATCGACAAAGT,ACAACCTACCTGCTA,-0.06483532163953755,0.012477398031592202,5,9,21,32
CTGTCATCGCCATGCCCAGTCTCACGTG,CTTGATCAATCAAAA,-0.02331751147632193,0.0,8,18,15,32
GCTGCATCGTCATTGTCAGTACCAGTGA,TGGAGTCTTTGTTGA,-0.08805304358388576,0.15957866594311554,22,14,14,10
ACGGCAAGCCCAGCTACAATGTCAATGA,TGGAGTCTTTGTTGA,-0.05287061401334259,1.256484554129969,15,24,7,16
GTCTCACGCACAGGTCCATTCCCAGTGA,CGAATGCCATACAAA,-0.03595214328622234,1.7147654163427433,5,25,6,34
AGCGCACCTTCAAAACCAAAAACAGATT,GTAATCTGACTCTAG,-0.1168094516661033,0.0,20,14,4,1
CAGCCAGCGCCATCGGCAACTGCACAGC,CCAACACAGGCTTCG,-0.09392529442321863,2.9003661666783955,25,22,6,9
TTTCCAGGAGCAAAAGCAATTCCAAGAA,GTGTGATTACTAAAT,-0.07628173394700487,1.9782737091067588,17,18,16,11
CTCCCAGCTGCACGAACATAGCCAATTT,CTCTTGAGAATACTT,,0.0,32,9,2,1
GGTTCAAGCACACAGGCAGAGTCAGACA,CTATGCATTTACTCA,-0.06888172506299695,0.0,23,26,4,2
GAGTCAATTACACAGGCAGGGTCACATC,GCAAGAAAGAAACCC,-0.04194756131352029,0.0,16,11,10,29
AGAACAACCTCAGGATCAGCAGCAAAAT,TAATATTGTTTTGCG,-0.08234309318268807,0.0,20,21,5,10
TGTTCATCCTCAAACGCATAGCCAACCC,CTTGATCAATCAAAA,-0.05685122771171629,1.4396294193170434,9,22,11,20
TGCCCATCTCCATAGTCAAGAGCAAATC,TGGAGTCTTTGTTGA,-0.06830742725619351,0.0,17,19,9,14
AGTTCAGCCTCAAAATCACCAGCATACC,TTTATAAATCAATAG,,1.0444754193352423,3,2,54,4
ATGCCAGTGACAAGGTCACGCTCAGAAA,GTAATCTGACTCTAG,-0.16443286956574044,0.0,23,10,4,4
TGTCCATCGCCATGGGCAGTCGCAGAAA,GTAATCTGACTCTAG,-0.0750794950905866,0.0,16,17,1,3
CATGCAATGGCAAACGCAACCCCAATAA,GTAATCTGACTCTAG,-0.07060590570644765,0.0,18,20,2,5
CAGACATCGACACAAGCATGTGCAATCA,TGGAGTCTTTGTTGA,-0.10029861363548963,0.18534274118782434,25,16,4,10
CGATCAGGCGCAGATTCAGCCTCAAGAG,GTGTGATTACTAAAT,-0.09290871139246284,0.0,23,14,8,13
CAACCAAGGTCAGTTGCACCAACAACCT,GTGTGATTACTAAAT,-0.11743250664116696,0.10981806431780683,23,16,4,9
CTAGCAGGATCATTAGCAAAGACATAGC,GCCCTCGAAACCTAT,-0.059655445624727486,0.0,14,17,6,15
GGATCAGAAACAATAACACTACCAGGGC,AGTGTTAATCAGACC,-0.10692486820244004,9.572414199138564,22,17,3,5
CCAGCACGTGCACAACCACCCACATGCG,CTTTCTTGTGTATTT,-0.15915781302718762,0.0,24,11,3,1
CTGCCACCTACAAGCACAAAGCCAACCC,ACAACCTACCTGCTA,-0.0016637896231062046,0.0,7,10,8,27
CTCACATTGACACAGCCAGAGTCATAGA,CTCTTGAGAATACTT,-0.04749949530085469,0.0,11,16,8,16
GTGCCAATCACACTGTCAGTAACAGGTG,TACACCAATTACACT,,0.0,24,9,1,0
AGCTCAGCTTCAGGGCCAACATCAGCAA,AGAACATCATCTACA,-0.039178363284031084,0.0,12,13,12,8
GACTCAAGCGCATACGCAAATTCAGCCG,CCAACACAGGCTTCG,-0.02279913535023965,7.865330737663044,6,13,9,23
GACGCATTTGCAAGGGCAAACGCACAAA,TCAAAGCATGAAAAA,-0.02901202314219935,0.0,5,16,5,25
CTCGCCAGGCACAGGTCCATTTACAATA,CTTTCTTGTGTATTT,-0.07418342625725334,0.0,20,9,10,3
AATCCATCAACATTATCAGCGACATGAC,TTAGTCTTTCCATCA,,0.7640585730495104,6,4,6,34
CCTTCAAAGACAAAGACACGGTCATGCG,GTTTAGCTTCCGTTG,-0.12909926529841878,1.6979653829663164,21,13,5,1
TCTGCATGAGCAAACTCAAAGGCAGGGC,CATCAATGAGGCAGT,,0.0,21,4,2,0
GGCGCAGTGACATCCACAAATCCAAACC,TGGAGTCTTTGTTGA,-0.056010514444139486,0.2960242282342733,14,18,8,2
GGTTCATATGCACAGGCAACTGCAGGAA,AGTGTTAATCAGACC,,0.0,7,15,2,3
TCATCACCCACAGAACCAATCGCATATG,ACAAGTTTTACAGTT,-0.042293951654662806,0.0,5,8,11,21
GGAACATAACCAATCTCACTGTCATCAG,CTATCAAGGCTTAAT,-0.14580467376473535,0.0,21,11,0,3
AGATCAACTCCAAAGGCAATGGCAAATC,ATAGTCGATTAAGAT,-0.11478918093435135,0.0,14,10,1,0
ATAACAAGATCAGGCGCACTACCATGCG,CCAACACAGGCTTCG,-0.056097540070221046,0.0,10,10,2,15
CGCCGCATCGTCACCTACAATAACCC,CTTGATGGCTGAAAG,,0.0,9,18,3,7
AAGTCATTTCCAGCGGCACTGACAATAG,GTTTAGCTTCCGTTG,,0.0,9,9,7,4
CTCCCACCTGCAGATTCACAACCAGGTA,CCAACACAGGCTTCG,-0.03581863185842833,0.0,7,11,5,15
GTTACATAAACACGGACAGATGCACGCA,AGAAGACGACGATGA,,0.0,3,7,4,22
GACCCAATCGCACCAACATTAGCAGCCG,TACACCAATTACACT,,0.0,15,9,3,0
AGGTCAAGACCATCACCAGAGTCAAGTT,CTCGCTAATACTCCT,-0.03770161509891092,0.0,0,12,10,16
CGGTCAGTAGCAGTTGCACCATCATCGG,TGGAGTCTTTGTTGA,-0.08114195727223014,0.0,12,12,0,0
CGCGCACATCCATCAGCATCCGCAATGC,TCAAAACGGAGTGTT,,0.0,0,1,6,30
GGACCAAACGCAGCTGCATTCGCAGGGC,GTTTAGCTTCCGTTG,-0.05490553082548102,0.0,10,13,0,4
AAGTTACTGACATGTGCAAATGCAAGAC,AGAACATCATCTACA,-0.04297367404046204,0.0,7,11,1,13
GTAGCACCCGCACGATCACACCCAAAAG,GAGAATGAAGGACAG,,0.0,8,13,0,2
GCATCAATCTCAACGGCATCATCAAGCG,TCGAAAGCACAGTAG,-0.07161093929179758,0.0,10,11,0,0
CGAAGCAATGCCAATCAAGTCATCAA,GTTTAGCTTCCGTTG,,0.0,8,4,10,4
CAATCATAAACAAACCCAAAAGCAAGAC,GTGTGATTACTAAAT,,0.0,9,9,5,3
AACGCAGGACCATGAGCAAGCTCATAAG,GTTTAGCTTCCGTTG,,0.0,6,10,4,3
CAAACATCGGCAAACGCAACAACAGATC,TAATATTGTTTTGCG,,0.0,8,10,6,4
GGTGCATAGACAGGGACAACAGCATCCA,GTGTGATTACTAAAT,,0.0,5,11,4,6
GCCCCATTGCCATGGTCACCTGCACGCA,GTTTAGCTTCCGTTG,,0.0,10,3,0,0
TAGACACAGGCATTGTCAGCCTCAACGA,TAATATTGTTTTGCG,,0.0,11,5,6,1
GTTACAGTTCCAGAATCATACACACTGA,AGTGTTAATCAGACC,,0.0,12,2,7,3
TATCCATGAACACTTACAAGCTCAAACG,CTATGCATTTACTCA,,0.0,10,9,5,0
AGAACAGGTCCAGGGACAGCTCCATTCC,CTTTCTTGTGTATTT,,0.0,9,5,2,11
GCTTCATAGCCAGCTTCAGAGACACGGA,ATAGTCGATTAAGAT,,0.0,16,3,2,0
CGGCCACCTCCATCTTCAGCTGCACGGT,AGTGTTAATCAGACC,,0.0,14,7,0,0
CCGTCAATCTCACCAACAACAACACGAC,GTTTAGCTTCCGTTG,,0.0,14,3,1,3
GCACCAGCGCCAAGCCCATGAACAGAAT,CTAGTTGTATAGCCA,,0.0,5,5,1,2
TCTACAGAACCAAGTCCAAGAACATGCC,GTGTGATTACTAAAT,,0.0,10,8,1,2
TTCCCAGGGACAGGCTCACGCGCAGTCG,ATAGTCGATTAAGAT,,0.0,13,7,1,0
GAGCCATTTGCATGGTCAATCCCAAAAC,CGAACAGAAACACAA,-0.08114195727223014,0.0,11,11,1,2
GACGCAAGTTCATATGCATCCACAGTGC,TATATTGAACTTTAC,,0.0,8,7,9,3
TCGGCACAACCAGTATCACATACAGGCA,CATCAATGAGGCAGT,,0.0,11,4,0,1
TGGTCAGCTTCAGAGCCATCACCAAAT,CTAGTTGTATAGCCA,,0.0,15,4,0,0
TATACACTAACAGGCACATTAGCATCAG,CAAGTTCGGCGAAAT,,0.0,6,2,4,9
ATGCCAGCCCCACAGCCAGTCACAACGC,CTATCAAGGCTTAAT,,0.0,10,7,0,2
TAAGCAAATCCACCCTCACCGTCAAATA,TGATCATCACGGGAC,,0.0,5,4,9,7
AGGTCACGGTCACGAGCAGATCCAGCCT,TGATCATCACGGGAC,,0.0,2,1,7,16
CGCACACATTCAAAGACATTATCAGACA,GTGTGATTACTAAAT,-0.08114195727222996,0.0,10,10,1,1
AATGCACTCCCATCGGCACCAACATAAT,AGTGTTAATCAGACC,,0.0,7,0,2,0
TGCTCACTGACATGTCCAAATCCAACCT,GTTGGGCGCTTAAAG,,0.0,1,4,2,19
GAAGCATGTGCAACGACACTGTCAAATC,CTAGTTGTATAGCCA,,0.0,9,9,1,0
ACAGCAGGTCCATATGCAATACCATGCC,GTGTGATTACTAAAT,,0.0,9,3,1,3
TTGTCACGACCAACGCCAGTTACACCAC,CTAAGCAGTCTTCTC,,0.0,7,4,2,8
CTCGCACCTCCAGCACCACCCTCAACCA,GTAATCTGACTCTAG,,0.0,14,4,2,0
CATACAATGACACCACCAGCTGCATAGC,CTTGCAAGTGTAATT,,0.0,2,0,19,3
CTGACACTCCCAGTGCCACCCTCAATAC,TATATTGAACTTTAC,,0.0,6,8,2,9
GGCCCATGGACAGAGGCACCATCAATTC,GTTTGTTTTGGGAAA,,0.0,12,5,0,0
CTAGCAAAACCAAGCCCAGGATCACCCA,GTGTGATTACTAAAT,,0.0,9,9,0,2
ACGACAATACCAACATCATGGGCACCTG,TCAAAGCATGAAAAA,,0.0,7,12,2,1
ATACCAATTACACACCCATCGGCAAGAC,TAATATTGTTTTGCG,-0.07161093929179758,0.0,10,11,3,0
GCCTCAGCGACAGTGACAATTGCATAAC,CTAGTTGTATAGCCA,,0.0,9,2,1,2
CATTCACGGCCAAGTTCAGGCTCACGCC,GAGAATGAAGGACAG,,0.0,2,8,4,0
GTAGCATGAGCACCAGCACGTTCATAAA,CATTGTCGGACGCTT,,0.0,2,3,8,7
TACACAGGGTCAGCGCCACATTCACTTA,CTAGTTGTATAGCCA,,0.0,9,2,1,0
TTCGCACTATCAAGGACAGTCACAATCC,ATAGTCGATTAAGAT,,0.0,9,6,0,0
CACCCAATAGCACGTGCACCAACAGGCC,CTCTTGAGAATACTT,,0.0,5,1,0,0
TGAACAGCCTCAGTTCCACTGTCAAATG,CTAGTTGTATAGCCA,,0.0,11,2,0,1
AGGCCAACCTCATAAGCATTGGCACCGT,TCAAAGCATGAAAAA,,0.0,1,3,13,4
GATACAGAAACAATTGCAAGAGCAAATG,GTGTGATTACTAAAT,,0.0,6,4,3,4
ATCCCATCCACAAGCGCAGCACCATCGA,CTAGTTGTATAGCCA,,0.0,11,4,1,0
ACGCCACCATCACGGCCAACTGCAATAC,AGTGTTAATCAGACC,,0.0,7,0,0,0
TAAACAACGCCACCCGCAGTTACAACCG,CTAAGCAGTCTTCTC,,0.0,7,0,2,7
ATCTCATCAGCATCGTCACGTACACATG,AGTGTTAATCAGACC,,0.0,3,4,0,0
GTCACAATAACATGACCAGCTACAGAGC,CTATCAAGGCTTAAT,,0.0,4,2,4,4
CTCGCAGGACCAGCACCAATATCAGAAT,TAATATTGTTTTGCG,,0.0,6,0,0,5
TCGGCAGGCACAAAAGCAGCCGCACTCT,CTAGTTGTATAGCCA,,0.0,6,3,0,1
TAGTCATGCACACGGTCAGGAACAAATC,CTATCAAGGCTTAAT,,0.0,7,3,2,2
GGGACAAGTCCAAGCGCATGCTCACTGA,GTTTAGCTTCCGTTG,,0.0,8,2,4,2
AGAACATCTTCACGCGCAAGCCCATAGC,CTATGCATTTACTCA,,0.0,5,5,1,0
TAGGCAATAACACGTGCACGACCATAGT,GTAATCTGACTCTAG,,0.0,5,1,2,4
ACAACATGAACATGTTCAGTTCCAGGCA,GTAATCTGACTCTAG,,0.0,2,7,3,0
AACCCACCGCCAAGAGCACCTGCAAGTG,GTAATCTGACTCTAG,,0.0,10,0,0,5
AAGACAGACGCATGGTCACTCCCATTAG,GAGAATGAAGGACAG,,0.0,5,3,0,1
GTTCCAGAGGCAAACCAGGATCACTTC,CTTGCAAGTGTAATT,,0.0,4,5,0,0
GTTACACAAGCAAAAACAATTACAGCGG,CTATCAAGGCTTAAT,,0.0,4,4,0,0
TGCACAGCGACACTGCCAAGCCCAATTC,GCTAATTTCAAGAAT,,0.0,3,5,2,3
GGTGCAAGCTCATATGCAGGGTCAGAAA,GTTTAGCTTCCGTTG,,0.0,4,2,2,1
GTCCCAGCTCCAGCTCCAAATCCAGCTG,GTTTAGCTTCCGTTG,,0.0,5,1,3,0
GAACCATCGGCAGGTCCATAAACAGCCG,CATCAATGAGGCAGT,,0.0,5,5,0,0
AGCTCACAAACATCCGCATGCACACACA,ATTATCATCGCCATC,,0.0,7,0,1,0
GCCCCACAGCCAGAAACATAGTCACCAG,CATCAATGAGGCAGT,,0.0,6,1,0,0
GCCACAATCACACACTCAGCATCAGGAG,CATCAATGAGGCAGT,,0.0,6,2,0,0
TGCCCACGGACAATGTCACTCCCACCAT,CTTGCAAGTGTAATT,,0.0,2,3,1,5
GTGGCAGCTACACAAACAACTGCAATGGA,GAACTCAGGTTCCAT,,0.0,4,2,2,0
TGAGCACGCACAAGAGCAAAAGCACCAT,CTATCAAGGCTTAAT,,0.0,2,0,0,0
GGCACATCAACATAACCAGAGGCATACA,GTTTAGCTTCCGTTG,,0.0,5,1,3,1
AATACAAGAACAGCTTCAACTCCATAAA,CATCACCGTGCTCAT,,0.0,4,2,0,0
GTAACATGCTCAACTCCAATGACAGGCG,CTAGTTGTATAGCCA,,0.0,2,2,0,0
AGGACATCCACAGGGGCATAAACAGTCG,CTATGCATTTACTCA,,0.0,3,2,2,0
GGGCCATCCTCACCGCCAACTACAGTGG,GTTTAGCTTCCGTTG,,0.0,4,3,0,0
GAAACACCCACATCACCAGCCGCAATGC,TAATATTGTTTTGCG,,0.0,5,0,0,0
CACTCAAATTCACTAACAGTCACAGATG,AGTGTTAATCAGACC,,0.0,3,1,0,0
AGTACAGTTCCAGAAACACGGTCACACA,GTTTAGCTTCCGTTG,,0.0,6,1,0,0
ACATCAATAAGCAACATAGACAAAGC,GTAATCTGACTCTAG,,0.0,3,5,0,0
GTATCAAGAACAGAATCATGGGCAGCCT,GTTGGGCGCTTAAAG,,0.0,3,2,1,0
CCATCAATGTCAGGATCAAGTGCACCGA,AGTGTTAATCAGACC,,0.0,3,1,0,0
GTCTCAGAGTCAAGTGCACAACCATTCC,GAGAATGAAGGACAG,,0.0,4,1,0,0
AATACAATGGCATCTGCACGGGCAGTCA,GAGAATGAAGGACAG,,0.0,2,0,1,3
CATCCATCTGCAGCCTCATCGCCAATGC,CTATCAAGGCTTAAT,,0.0,8,0,0,0
ATCCCACGGGCATAATCACAGCCAACGA,CTATCAAGGCTTAAT,,0.0,3,2,0,1
TCATCAGCTACAGTTGCATGGCCAGCGA,GAGAATGAAGGACAG,,0.0,5,1,0,0
CGATCAACTCCAAAGTCACTGTCAACTA,AGTGTTAATCAGACC,,0.0,3,0,0,0
GGAACAGTCACAAATGCAGGATCAATAA,CATCAATGAGGCAGT,,0.0,3,0,0,0
GGACCATCTTCATTAGCATAAGCAGGGG,CTAGTTGTATAGCCA,,0.0,3,0,0,0
GGCTCAGCTTCAGATGCACCGACAACTT,GAGAATGAAGGACAG,,0.0,3,1,0,0
ACAGCACATCCATTTCCATAGACAGGTC,CATCACCGTGCTCAT,,0.0,2,0,0,0
GGATCATCATCAAATTCACACTCACGTG,CTCTTGAGAATACTT,,0.0,2,1,0,0
TCATCAGTAGCAGTTACAAGGACAATCA,GTAATCTGACTCTAG,,0.0,4,1,0,0
GAAGCAATGGCAACTGCAGAGTCACAGT,TCAAATGATGAGGAT,,0.0,3,1,0,0
AATGCAAAATCAAGGTCAATGACAAGAG,CATCAATGAGGCAGT,,0.0,3,0,0,0
TGCACAAGCACAGTTACATTCACAAGGA,CTAGTTGTATAGCCA,,0.0,4,0,1,0
GCAACAAAGACAGTCTCATAAGCAATCT,TCAAATGATGAGGAT,,0.0,2,3,0,0
CCAGCATTAGCAAAACCAGAGTCATAGT,CATCAATGAGGCAGT,,0.0,2,1,0,2
ATGGCAGCGGCAGCTACAACAACAAAAT,AAAACATTATCAAAG,,0.0,1,1,1,2
GTCACAAAGCCATATACATATGCAAGTC,CCAGGATGTACCGCC,,0.0,0,0,3,2
GGGACATTGCCATCGGCATGACCAATCC,TACACCAATTACACT,,0.0,2,0,0,0
GATACAACGACACTTACACGGACATCGA,TAGACGGACATCTTC,,0.0,0,0,4,0
CAGTCAGGGGCAGCGTCACCGCCAATAG,AGATTCATCCCATGG,,0.0,1,1,0,0
CGGACAGAGGCAGAATCAGGCGCAAATA,CATCAATGAGGCAGT,,0.0,1,1,0,0
GGGCCACAGTCAAAGACACCATCAGGAC,AGATTCATCCCATGG,,0.0,1,2,0,0
CAAACAAAGGCAGTCCCATACGCATAGA,GTAATCTGACTCTAG,,0.0,1,0,0,2
CTTTCAGCGACAGTGTCATACTCACTCC,CTAAGCAGTCTTCTC,,0.0,0,0,3,0
ATCTCAGAATCAGGGGCATAGACAATAC,CCGTTAGTATCGCTA,,0.0,0,0,2,1
GCTCCAACTACATATTCAGACACATCTG,ATAGTCGATTAAGAT,,0.0,1,0,0,0
TGCGCACGCTCACACGCAAGCTCAGCGT,CATATGCATTCCTTG,,0.0,1,0,0,0
TGTTCAGATCCATTGCCAGCTACACAGG,CATATGCATTCCTTG,,0.0,1,0,1,0
AACTCAGGGGCAGTCGCACAGACAGGTC,ATAGTCGATTAAGAT,,0.0,1,1,0,0
CGCGCAAAGGCAGGTCCATGTTCAATCC,AGATTCATCCCATGG,,0.0,2,0,0,0
TTCCCACATACACATCCACGCGCATCTA,TCGAAAGCACAGTAG,,0.0,0,0,1,1
GATTCACCGACAACAGCAAGCGCAGTGA,CTACTTACAACGGAA,,0.0,1,0,0,0
ACCCCACGCCCAAAAGCAGATACAAAAA,GCTGCGGAGCCTCAG,,0.0,1,0,0,0
CTCTCACTGGCATACGCATGTACACTGC,CATCAATGAGGCAGT,,0.0,1,0,0,0
ATGGCAATAACAACCGCAACCACACCTT,AGATTCATCCCATGG,,0.0,1,0,0,0
ACATCAAGTCCAACACCAGCCACATGAT,ATCGTTGGCATTTGG,,0.0,1,0,0,0
ATACCAGCTCCAGGAGCATAGACAAGAC,GAGAATGAAGGACAG,,0.0,1,0,0,0
ATCTCAGGCTCACTTGCACAGGCATAGG,GTTTAGCTTCCGTTG,,0.0,1,0,0,0
CAAGCAAGGGCATGCTCATAGGCAATCT,GTAATCTGACTCTAG,,0.0,1,0,0,0
GCGACACCCTCACGGTCATCCACAAGTC,ATTATCATCGCCATC,,0.0,1,0,0,0
GAGGCAGTGTCATAGGCATAACCAATTC,CATATGCATTCCTTG,,0.0,0,1,0,0
GTCACAAATGCATCACCAAGGCCATCCA,AGATTCATCCCATGG,,0.0,0,1,0,0
ACACCAGCTGCATTCGCACGTGCAGGGC,AGTGTTAATCAGACC,,0.0,0,1,0,0
CATTCAAGATCAGATCCATAAACAGCAA,CTAGTTGTATAGCCA,,0.0,0,1,0,0
GAAACAGCTGCAATACCAACATCACGCT,CTAAGCAGTCTTCTC,,0.0,0,1,0,0
TGGTCAGGGACAATCTCAGGATCACATT,GCTGCTTATGAGGAT,,0.0,0,1,0,0
TAATCAGTCACATCCGCATTCGCAGGCA,GTTTAGCTTCCGTTG,,0.0,0,1,0,0
TGAACACCTTCAATAACAGCACCATCAC,TTTATAAATCAATAG,,0.0,0,1,0,0
TGGGCAACACCAAAAACAGAATCATACA,ATGAAGTTCATAATG,,0.0,0,0,1,0
CAAACAGTGGCACTCACATGCGCAAGCG,TCAAATGATGAGGAT,,0.0,0,0,1,0
CACACAAGATCAGGGCCAAACTCAGTTG,TAATATTGTTTTGCG,,0.0,0,0,1,0
AATTCAAACGCACGAGCAGGGCCAGCTA,GTTGAACTGGTTGTT,,0.0,0,0,1,0
ACTTCACATCCACGCTCACGGACACGTG,GAGTGCTTCAAAGTT,,0.0,0,0,1,0
GAATCATCATCAGTAACAGCCGCACACG,TCAAAACGGAGTGTT,,0.0,0,0,1,0
CGGATCAGGCACAGTGGCCTCACCTA,CTACTTACAACGGAA,,0.0,0,0,1,0
GGTTCAGGTTCACCAGCAATCCCATCGA,ACCACCGGTCCTGCC,,0.0,0,0,1,0
GTTTCAACCACATATGCAAGCTCAATGG,CTAAGCAGTCTTCTC,,0.0,0,0,1,0
GGTGCAAATGCAACTCCATCGACAACCA,GTACAAGAAATTTTG,,0.0,0,0,1,0
CAGCCAAACTCATGGGCAGTCGCAGTTA,TAATATTGTTTTGCG,,0.0,0,0,0,1
