BC,Edge,s,LL.ratio,TP1-2-T1,TP1-2-T2,TP1-2-T3,TP1-2-T4
GTCGCATATGCACGGCCACTCGCAAAAC,CGAATGCCATACAAA,0.06035390340088607,0.0,23193,33867,20898,19926
CCCTCAGGGACACAATCATAGACACAGG,TTATATTTATTTGCT,0.05472680130917628,0.0,9223,13402,7441,6693
TCGTCACCATCATATCCAGTCTCAGAAG,GGTTGCCCAGAAGTA,0.016790731743991247,268.8078157497148,9504,10629,3074,2210
TGAGCAGCGGCAGAATCACCACCAGTAA,TTATATTTATTTGCT,0.05849302948055726,0.0,6437,9024,5842,5230
AGCGCATGCGCACCACCAGACACACGAA,GGTTGCCCAGAAGTA,0.03665842713727829,0.0,5085,5495,2938,2146
GGACCAGTATCACACACAAACGCAAATC,TCTTGGAGGTGAATG,0.0345016840325588,0.0,3261,3661,1778,1290
TCACCAAAAACAAGCTCAAAAGCATGGG,TTATATTTATTTGCT,0.019102765424767385,620.2811215979564,2941,4202,895,733
CGGGCAGTTGCAGATACAGAATCATTGG,GGTTGCCCAGAAGTA,0.025965162503961237,0.0,2593,2787,1170,794
AAAACAGTGGCAAGATCAACCACACCAG,TCAAAGCATGAAAAA,0.025219032024071202,0.0,2812,2303,1371,842
GAATCAGGGCCATATGCAGTCTCATGCT,TCAAAGCATGAAAAA,0.04915134051821037,218.9655625049436,2300,3021,1502,1412
TTCTCAGTGTCACGCCCATCCTCATGGA,GTTGGGCGCTTAAAG,-0.007309273046329644,0.0,1728,1374,379,195
GTGCCATAGTCATGCTCAGTAGCAGGTG,TCAAAGCATGAAAAA,0.027453419094178172,6.045700103233685,1471,1272,623,471
CCAACACTAGCAACATCATGTACATCAT,TCAAAGCATGAAAAA,0.017416645498998854,0.0,1857,1558,707,440
CAGTCACGCTCAACAACAGTCTCACGGG,GGTTGCCCAGAAGTA,0.03357314080943389,0.0,1518,1679,847,584
ACATCAGGGTCATTGGCAAAGCCAAGTC,CGAATGCCATACAAA,0.05692956950856796,0.0,1148,1856,905,890
GGCACACAGACAATCCCAAGTACAATTC,AGTGTATGATAATAT,-0.002221515204128527,15.99299599675669,1278,851,379,168
ATCGCACCCACATCAGCAATGACAAGCC,TCAGAGCATTGGCCT,0.042903641837518235,0.0,1224,1420,809,623
TCCCCATGATCATGCACATGTCCAGCAC,GGTTGCCCAGAAGTA,0.03834245309809634,0.0,1212,1275,763,538
TTGACACGGTCACGTACAAGGTCAAAAC,GGTTGCCCAGAAGTA,0.015908661237942198,53.568659685544844,1232,1371,408,279
GCTGCAAGTGCAGCACCATTCGCACCAG,TCAAAGCATGAAAAA,0.01181735291647429,0.0,1318,1158,379,264
AAGTCAGTGCCACCCCCAAAGGCAAATA,GGTTGCCCAGAAGTA,0.02938103687397547,0.0,1070,1261,610,363
GGGCCATAGGCACAAACAGGTACAGCAC,ACAGTTGACGGACAG,0.02100096883180191,22.47719260323629,849,641,385,224
CCCGCAAGCGCAGACTCATAGTCAAATC,CCAAGACCGTGTAAA,-0.04680040779359724,0.0,1188,704,106,41
GCATCATAATCAGTAGCAAATACACGAG,TCTTGGAGGTGAATG,0.032254223480796644,0.0,960,1083,541,355
GGGGCACGATCACCAACAAGGGCATGGT,GAGTGCTTCAAAGTT,-0.0045377765618671365,0.0,897,729,287,110
GGCTCACACACATTTGCAGGGACATCGG,TCAGAGCATTGGCCT,0.04321412287462242,0.0,800,809,467,411
GACGCATGCACAACCTCACACACAAAGG,TCAAAGCATGAAAAA,0.007197659860963692,16.721686297685665,929,697,263,162
CGGTCAGCTACAACTACACTGGCAGCGA,TCAAAACGGAGTGTT,0.010253308740473298,0.0,811,618,275,155
GCGCCAGGAGCAAATTCATACACAGCAC,AGAACATCATCTACA,0.01534166057766207,0.0,795,649,301,177
TCGACAACTCCACGACCAGTCCCATTTT,TCGATAGAATTTACT,-0.039195104626616524,28.903000549671333,715,463,58,31
ACATCATATGCACCTCCACTGTCATCGC,TCAGAGCATTGGCCT,0.0448492639900823,0.0,619,738,403,334
ACTACAAAAACAATACCAGCTCCACCGA,TCTTGGAGGTGAATG,0.02753449048600651,0.0,701,759,326,225
GGCGCATCAACAAGACCACGTTCAATCC,TCTTGGAGGTGAATG,0.0431712083344769,6.855041887663901,573,593,337,294
CCAGCATCGTCACTGTCACAGCCATAAT,GGTTGCCCAGAAGTA,0.028072681301513403,0.0,607,717,313,198
CTGGCAAGTTCAGCACCACTTGCACGCG,AGATTCATCCCATGG,-0.09601896084816569,0.0,453,155,18,9
ATTCCATGGCCATCACCAGAGTCACAAG,TCAAATGATGAGGAT,0.00813072975169044,0.0,658,547,232,118
CGAGCAGTGCCACGAGCAGATACAAAGG,GAGTGCTTCAAAGTT,-0.005117547083561513,0.0,697,598,179,84
CCGTCAGGGACAAGGGCACGGACACTCT,CTCGCTAATACTCCT,-0.0130525022405317,14.569959610729256,758,623,156,72
TGGGCACGACCAATATCAGGGGCATTGG,ACAACCTACCTGCTA,-0.0004852845571659883,0.0,686,539,183,95
TACCCAAGACCAGCAGCAAGAGCAAAGA,GTTGGGCGCTTAAAG,-0.02695524397593162,16.77663125937306,671,563,99,42
TTTGCATACCCAACAGCAGCGTCACGGA,TCAAATGATGAGGAT,0.01154894386654933,0.0,614,544,202,122
GACGCATCGGCATGTACACTGACAACCG,TCAAAGCATGAAAAA,0.01933642055271636,0.0,506,421,239,127
GGGCCAAAGCCACATGCATCTTCAACGG,CTCGCTAATACTCCT,0.0013990207997912087,0.0,621,501,163,91
TAAACAAGAGCACAATCAGAGGCACGAT,CCAACACAGGCTTCG,-0.03222816582451574,12.40854397208318,655,429,84,35
CCAGCACTAACACTCGCAACAACAGCTA,ACAGTTGACGGACAG,-0.00471236596969189,0.0,623,457,165,76
GGTCACATTCAATCCCACAGACAAACC,TCTTGGAGGTGAATG,0.035310096544677906,0.0,491,485,347,199
ACTACAAGCTCAATACCACGAACAGCGA,ATTATCAAGTGCCAG,0.0018312256663667835,0.0,613,495,169,91
TATGCAGTCCCAGTTACACCCGCACTCT,GTTTAGCTTCCGTTG,0.00031381941953957773,0.0,423,314,110,60
GATACATTGGCATAATCATCAGCATAGC,AGAACATCATCTACA,0.019682588794843303,0.0,485,428,219,123
ATTGCAGGAGCACGGACACGACCACAAA,AGTGTATGATAATAT,-0.019396262361614524,0.0,624,417,99,49
AGTCCACGGCCATCAACAACTACACGCC,TCAAAGCATGAAAAA,0.008159690077867751,0.0,546,409,212,98
AAGGCACTCCCAAGACCAAAGCCATGTT,AGAAGACGACGATGA,-0.021082178186398806,0.0,576,436,96,43
CGGCCACAAACACGGGCAGCGACAGAAT,ACCACCGGTCCTGCC,-0.018966148867084268,0.0,528,358,118,42
GGGTCAATCGCATAAACAATAGCAAGAG,CGATGATGATGATGA,-0.0023248819139641912,0.0,496,437,139,65
GCTGCAAATCCAAGTCCAATACCATCGC,TCAACAACCTATGCA,0.0018537800132507887,0.0,552,426,161,82
TAAGCAGCCCCAAGGACATTGCCAGGGT,CTATCAAGGCTTAAT,-0.0465398522610998,0.5998942640022165,345,200,54,12
TTTTCAGGGGCACCAACACGGCCAGTGT,AGTGTTAATCAGACC,-0.02249112207017293,0.0,531,348,86,38
ATGTCAAAGGCAGGATCAGTGGCACTAC,ACAACCTACCTGCTA,0.012202545618120597,0.0,380,304,128,77
GAACCACTGGCATGAACAAGATCAACCA,GTTGGGCGCTTAAAG,0.006003892080522293,0.0,422,372,137,71
ATCTCAGTCGCAGCGACAATCACACTTG,CCAAGACCGTGTAAA,-0.014978072851622415,0.0,435,297,110,39
GTCTCAAATTCACTAACAAGAACATGGT,CTTGATCAATCAAAA,-0.03952528892626331,1.22215936672319,396,232,51,17
AGTTCAGCTGCAAGGGCAAGATCAAGGG,TCTTGGAGGTGAATG,0.022051716596400244,7.367323207019581,415,369,171,113
CGGGCAGGACCAAAAGCATATTCAGAGC,TCAAAACGGAGTGTT,-0.019190298829881606,21.721538682599203,405,272,52,32
GCATCAATAACACTACCACGAACATAAA,ACAGTTGACGGACAG,0.004551657460428381,0.0,447,388,135,72
GGCACACGGCCATTGACAGGCGCAACAT,CTCGCTAATACTCCT,0.004487259842050478,0.0,367,332,150,59
GTGTCAAAACCACACGCAAACGCACTGT,TCTTGGAGGTGAATG,0.017596036577354663,11.578145139192202,382,383,149,91
CTGACATGCTCACCAGCACTTTCAGGCG,AAAAGCGACATTTCT,-0.010074121957379561,0.0,414,327,69,43
GTGTCATGATCACCGGCAAATTCAAATT,TCAAAACGGAGTGTT,-0.004813277215252828,0.0,370,310,107,45
GCCTCATCCGCAAAGCCATATCCAATGC,ACAGTTGACGGACAG,0.011022493685939194,0.0,317,257,122,62
CCGGCATTTGCACCCGCACATCCAGGAC,CTCTTGAGAATACTT,-0.009900113364102113,0.0,431,401,135,45
GTGTCATCAACAATTGCAGGTCCAACCG,GTTGGGCGCTTAAAG,0.0036783601857568737,0.0,427,373,123,67
TGGGCAAGTTCAGTTGCATCATCAATAC,CTCGCTAATACTCCT,0.009988610209032389,0.0,385,310,119,73
GCCCCAAGACCATCGGCAAAAGCAGTGA,ACAAGTTTTACAGTT,0.015039189968720749,0.0,349,316,111,77
TGGTCAGCTACAGCTACATGCTCAAGTC,AGAAGACGACGATGA,-0.02627863895481698,0.0,454,270,77,29
ATCCCACCTTCACAATCATTGGCAATCA,TTAGTCTTTCCATCA,0.004349210323475653,0.0,406,262,116,65
GCCGCACATGCAGTTCCAATGCCAATGG,ACAAGTTTTACAGTT,0.02479316613850563,0.0,389,332,150,115
AACCCATCGGCAACCCCAGACACACCCA,TCAAAGCATGAAAAA,0.0010121176501171256,5.598366907317086,359,304,128,52
CAGCCAGGATCATGATCAGTCTCACAGG,TATATTGAACTTTAC,-0.00869192881097051,0.0,351,285,101,38
TGGACACGCGCAAAATCATTAACAATAG,GAGAATGAAGGACAG,-0.021292163535793173,0.0,337,176,64,25
GAAACACACCCATGTCCAGGAACATCCC,AGTGTTAATCAGACC,0.011584659750139522,24.343600903136576,367,277,131,73
ACGCCATCGCCACTAGCAAAGCCATAGC,AGTGTTAATCAGACC,-0.10611867696779867,29.78545039740311,308,109,10,2
GTTACAAATACATAACCATTGCCAAACA,TTAGTCTTTCCATCA,-0.0007026406796910462,0.0,298,234,121,41
AATACAGCTGCATGTACATGTCCAACCT,ACAGTTGACGGACAG,0.004776125199806534,0.0,370,272,130,60
GGGTCACCCGCACTAGCAGGGACAAGAA,TTAGTCTTTCCATCA,0.0009013342651155674,0.0,284,208,71,41
CCTGCAAAATCAGTGACAAATACAGGTT,GGTTGCCCAGAAGTA,0.017237143556876052,13.205133409351674,314,348,105,74
CGGGCATAGGCACATTCACAAGCAATCA,TCGATAGAATTTACT,-0.0027302674152733498,0.0,224,173,67,29
GTGACAAGATCACTGTCAGTACCACAGG,TAGACGGACATCTTC,0.015394768900347184,0.0,287,217,110,64
GCAACAATCCCATGTCCACGTGCATTGG,ACAAGTTTTACAGTT,0.029774793198284976,0.0,201,218,126,69
GATACACTGGCATGTGCAAAATCAGATC,CTCGCTAATACTCCT,0.013018073543177654,0.0,183,171,84,38
GCATCACCTTCACGTTCACCTCCACGTG,GGTTGCCCAGAAGTA,0.046612402037518735,9.514082487443375,225,268,179,128
GACTCAAGAACAGATGCACGCTCATAGT,GTTCAGCTTTGATCG,-0.047783726474709784,0.0,211,132,22,7
TGTCCATAGCCATGTTCAACGTCACTCA,TCAAAACGGAGTGTT,0.022149900270725498,2.533973474511413,249,218,81,68
GGCTCAAGGCCAGTATCAGCCACATGAT,GTTTAGCTTCCGTTG,-0.07337237858081125,30.31614191648191,160,42,10,3
AACTCAGAAACACTTTCACTGCCAAACC,TGATCATCACGGGAC,-0.05735946643649157,9.8999215762924,151,52,13,5
AGTACAGTGTCACGCTCAGCGGCACGGC,TCAAAGCATGAAAAA,0.03893996339930171,8.337121650431527,208,184,99,94
CTGTCACACTCAGTCGCATACCCATGGA,GCTGCTTATGAGGAT,-0.0063606418168246,0.0,267,161,67,31
GAGTCAGTAACACAGCCAAGGACAGATA,GCTAATTTCAAGAAT,0.03797472968674073,0.0,205,187,104,90
TTTACAGGTGCAAGCACAACATCAGTCG,CAATCTTGAATTGAT,0.0008409252440868391,0.0,229,149,60,33
GGCCCAATAGCAAACACATGTTCACATG,AGTGTTAATCAGACC,0.022053101474911962,26.97394219948262,213,152,81,58
CACGCAGCAACATTAGCAACCACAAATG,GTACAAGAAATTTTG,-7.78811316443917e-05,0.0,214,177,89,30
GCAGCAGTTACAATCGCACGACCAACAA,TCAAAACGGAGTGTT,0.018600681789930597,5.36020982244122,167,178,88,41
AGTTCACGGGCACTGCCATGGCCATCAC,TTTATAAATCAATAG,0.03950343092100241,0.0,161,164,83,74
ATGTCAACAACAGGATCATATGCAGGGC,TCAAAGCATGAAAAA,0.010922882633065812,0.0,200,213,45,39
GACACACGTGCAAGAGCAACAGCACTGC,GTTGGGCGCTTAAAG,4.472949536924361e-05,0.0,199,165,94,28
CTGGCAGTATCACGTACAGCCACACAAT,CAATCTTGAATTGAT,0.015538231435871524,2.839690978886779,192,163,72,43
TGAGCAGCGGCAACCGCAACATCAAGCA,TCGATAGAATTTACT,-0.011338096452789352,0.0,220,167,50,22
GTACCAACTCCACGACCAATAGCAGACT,TCAAATGATGAGGAT,-0.0008828444909546387,0.10166397374246117,190,174,88,26
TGGTCATGAGCACGCTCACAGTCAGTAA,TCTTGGAGGTGAATG,0.03344438234510938,0.0,167,178,114,64
ATTGCATAAACAAAGGCATCTACAGCTG,ATTATCAAGTGCCAG,-0.0009550057479393489,0.0,249,167,47,34
TCGACACATTCACGCACATCTGCACAGG,CTCGCTAATACTCCT,0.0208765873991982,4.316522752761784,175,186,77,46
CTGACAAGGACACTATCAGCGCCAGCTC,CAATCTTGAATTGAT,-0.02815663014453587,9.33405240947559,265,164,21,16
GGCGCATAAACAGACGCAGTCTCAGAAA,GTTTAGCTTCCGTTG,-0.03945945017750152,10.918615011131465,203,132,25,6
TCTACACTGCCACTAGCATGAACACAAG,GTTTAGCTTCCGTTG,-0.004847909253000168,0.0,214,132,52,26
CAATCAGCGGCACTTTCACGTACATTCC,CTCGCTAATACTCCT,0.02346604032667865,3.574283447124344,176,171,66,50
TGTGCACATGCAGTTTCAAGAGCAGAGG,GTAATCTGACTCTAG,-0.05293437838056041,0.021969504571643483,202,112,19,7
TCGACATCCGCACGGGCATCCACACGCA,ACAGTTGACGGACAG,-0.00042651882464895635,0.0,173,189,65,24
ATCCCAAAGACAGGACCAGTTGCACAGG,ATAGAGCGGCGTTGA,-0.06715828977451892,0.0,153,63,7,2
AGTGCAGATGCACACACAGTGGCAGAAT,AAAAGAAAAATGTAT,-0.017313048045478816,0.0,146,75,28,8
GTGACACATGCATTCTCAATCACATTGA,TGATCATCACGGGAC,-0.00026000167681596134,0.07863304500142476,208,119,43,29
TCGGCATATGCACGAACAGTGTCAACGA,TCAAATGATGAGGAT,0.004162439805033857,0.0,201,151,60,32
TCGCCAACAGCACCAGCAAAACCAATTA,AGAAGACGACGATGA,-0.031663615506819155,0.0,184,120,26,10
AGGACATGTCATAGGCAGCACCAGATA,GTTTAGCTTCCGTTG,-0.007453635910924278,0.0,178,123,52,20
GCTGCATGGGCAATGGCACGACCAGTCA,TCAAATGATGAGGAT,0.029880202705895604,6.029436903012083,151,110,68,52
CCACCAGGGCCACCGACATATCCAAGAC,AGTGTTAATCAGACC,-0.08073844389042514,22.42044867580296,153,55,1,0
GTTACACGTACACGATCAGCCACATGAA,GAGAATGAAGGACAG,-0.04254202340893076,2.2930473142166647,95,22,11,6
CAATCATACTCAGCGTCATGGGCAGATC,AAAAGAAAAATGTAT,-0.019342800708882054,0.0,178,84,25,14
GCGACAATTGCAAGGGCAGTCCCAGAGC,CCAGGATGTACCGCC,-0.02951266041474281,0.0,193,151,29,7
ATTCCACCGGCATCCACACCCACAACAC,TTTTGCATTTAGGCG,-0.02721256908600173,0.0,161,96,28,10
GTATCAAGGCCAGTATCATGTACAAGCT,CGATGATGATGATGA,-0.03871501955281398,0.0,152,135,19,8
TATACAAGTTCATACACATGATCAGAGG,AGTGTATGATAATAT,-0.007649244189872041,0.33955381994508116,188,118,29,21
CAGTCAATAGCACATACATGATCAAGCT,AGTGTTAATCAGACC,-0.13296387584938651,22.802262058324914,136,29,6,0
GGCCCAGGGGCACGTGCAGGATCAGTCA,CTCTTGAGAATACTT,-0.010589001257720746,0.0,176,88,33,18
GGACCACGGGCATGCCCAATCTCAGTGG,GTTTAGCTTCCGTTG,0.01282509950969482,1.8576265407925803,155,102,46,32
GCTCCAGACGCAAGATCACCCTCACGGC,GCTGCTTATGAGGAT,-0.013280393390255217,0.0,159,125,31,15
CGAGCATCTGCAGTGGCATCGGCATTAC,TTTATAAATCAATAG,0.015032823177882267,4.330727750923188,136,139,54,30
GGTGCATACGCATCATCATAGGCAGAAC,TGATCATCACGGGAC,-0.014716512928132289,0.0,166,121,37,15
ATCACACTGACATGATCACCCTCACTAC,GTTAAATCAACAGTT,-0.06922799559052295,0.0,162,51,11,2
ACCTCACGTCCATACCCAGGGTCAGCAT,AGAAGACGACGATGA,0.006819476061933072,8.519339025052886,145,122,40,25
GCCACATCCGCACATGCAGTACCAAGGC,TCGATAGAATTTACT,-0.007593790286992031,0.0,143,140,31,16
CGTTCAAAAACACGCGCAACATCATGAG,TCTTGGAGGTGAATG,0.023784923589763942,0.0,129,135,47,37
CGCCCATACCCAAGGTCAAGTTCAGCGG,TATATTGAACTTTAC,-0.01133809645278932,0.0,130,96,31,13
GGTACATGCACAAATCCATCAACAACGC,GAACTCAGGTTCCAT,-0.018561812224282704,0.029198638288505663,139,91,26,5
ACATCATCTGCATAGGCACTAACAGTAC,GTAATCTGACTCTAG,0.010716853997229813,12.457858167634754,129,87,37,25
GTATCAGATACATGCACAAAAGCACCTC,AGTGTTAATCAGACC,0.025116061785779697,20.376250314806157,134,126,41,40
GCCTCATCTCCAGAGGCACCAACATACT,TTAGTCTTTCCATCA,0.0011160536222941757,0.0,117,127,47,17
TGACCAGGCACAATCCCAGCGGCATGGA,GAACTCAGGTTCCAT,-0.028811523864709372,0.0,105,58,16,7
AGGCCAACTACACTACCAGAGACAACAG,CATTTATGGCTATCT,-0.05898827495822221,0.0,156,77,13,3
AACACAAACGCACGATCAACAACACTAG,TCAAAACGGAGTGTT,0.01417025269592028,0.0,107,91,57,23
CATCCACCTACACGCTCATGTGCACAAT,GTTGGGCGCTTAAAG,0.0007900179944555057,0.0,139,91,47,20
GGTGCAAATCCAGTACCAGGTGCAGTGG,ACAGTTGACGGACAG,-0.005037744954630978,0.0,149,93,44,18
AGTCCATGGTCACCCTCAGAAACAAATT,ACAGTTGACGGACAG,-0.00647636721903727,0.16367926636598895,121,116,35,14
GCTTCAACGTCACCCGCAGCATCACGCG,GTTTAGCTTCCGTTG,-0.0176543462989988,6.513673265027251,147,69,28,5
GGCGCAGACACAATGGCAAATACAAGTT,GTTTAGCTTCCGTTG,0.0053822025025795405,0.16209773288187534,109,91,11,18
TGAACAGCGACATGCGCAACAACATGAG,TTTTGCATTTAGGCG,-0.026585591354085187,0.0,158,76,22,10
CAGGCATTAACAGTCGCAAGGGCAGATC,GTAATCTGACTCTAG,-0.04096620362151173,0.0,159,77,19,6
CAAGCACCCTCATCTTCATGCACATCGT,GTTTAGCTTCCGTTG,-0.021325719726739693,1.5831864136903278,113,84,20,8
AACACAGTGACAGAGGCACCAGCAAAAT,CTTGATCAATCAAAA,-0.016285429956731774,0.0,116,83,13,10
ACGTCAAGAACACTAACAGGTTCAAGGA,GTTTAGCTTCCGTTG,-0.005379323378224509,0.0,115,138,28,3
GGTCCAGGGTCACGTACATGAACAGAAT,GAGAATGAAGGACAG,-0.0363890187710694,0.2824668001126156,84,52,11,4
TAAACATAATCAGGAACAGCGGCACTAC,GCTGCTTATGAGGAT,0.0008005268978656284,0.0,98,88,27,8
TACGCATCGCCAAGAACAAGATCAAAGA,AAAAGAAAAATGTAT,-0.02362648264873446,0.0,88,56,5,2
GTAACACGTGCATCAGCAGGTCCATACC,GTTGGGCGCTTAAAG,0.021110208404347432,2.2891650912068826,102,73,29,27
CATCCACGACCACCCACAGCTCCACACC,TCGATAGAATTTACT,0.020048854875825497,2.80965401869787,78,74,21,20
GGTGCACGCCCACTTCCAGCGACAGGTA,CTATCAAGGCTTAAT,-0.04254202340893076,1.728590493887907,95,75,11,8
ACGACATGTTCAGAAACAAGCGCACGTC,GTTTAGCTTCCGTTG,-0.05144681549845816,14.596227093472748,110,53,5,3
GACTCAGATCCAATCTCACAAACAGGCA,TCGATAGAATTTACT,0.0021774071508161076,0.0,100,92,23,15
GAAACAGGATCAACACCAAGTCCATTTC,GAACTCAGGTTCCAT,-0.02768788107210638,0.0,77,62,12,4
AGGACAGCGTCATGATCACAGGCAAACT,CCAACACAGGCTTCG,0.010673815471775787,0.0,93,68,22,18
GCCCCAAGCGCACAATCAATGTCAAATC,ACAGTTGACGGACAG,0.004328691188735141,0.0,100,76,18,16
GACGCATCTGCAAAAACAAGGACAAGCA,CTACTTACAACGGAA,0.0012383779185929078,0.0,96,111,22,14
ATAACATAGTCAAGGACATTCACATAGG,ATAGAGCGGCGTTGA,-0.03983866234541697,0.0,90,30,11,1
TACCCAAGCTCACAAGCAAAGCCATAAC,ACAACCTACCTGCTA,-0.006310666794969895,2.2770867797640904,86,64,11,10
TAAACAAAGGCATTCCCACAGGCAAGAG,TATATTGAACTTTAC,-0.04306558840229553,4.149670883404156,96,59,11,4
TCGACACTAGCAAGGACATCAGCATAAA,AGTGTTAATCAGACC,-0.025970407071374546,0.0,93,46,15,2
GTCCCAGCCACAGTGCCATCGACAGAAT,CATTTATGGCTATCT,-0.034364450703332515,0.0,88,37,12,3
ATGTCAAAGGCACAACCACCTCCATAAC,AGATTCATCCCATGG,-0.10876864040584104,0.0,81,22,6,2
TTCGCAGAAACAGTGTCACTTCCAGTTG,ATGGCGATGGTCTTG,-0.005662076252391809,0.0,95,52,23,4
GCTCCAACCGCAAACCCAGATCCATTCC,ACAGTTGACGGACAG,0.0037621053097827892,0.0,89,76,29,14
GTGTCACAGACAAATCCAGTTGCAGATC,GTGTGATTACTAAAT,0.011215832834168493,0.0,61,52,14,12
AGTGCACCGGCAGGAACAGAGGCAGCCG,AGTGTATGATAATAT,-0.02344593707525491,0.0,112,56,19,7
CAGGCAATGCCAGACTCACCTACACTGA,GAACTCAGGTTCCAT,-0.036251467102474844,0.0,99,51,13,5
TCCTCACGTACAATCACAAAGACAAACC,AGTGTATGATAATAT,-0.019980347080743473,0.0,66,33,12,4
GCATCACTGTCATGACCAAAGCCATCAG,CTAAGCAGTCTTCTC,,0.0,87,8,1,1
TTTGCACAGGCACGACCAGGTCCAAGCC,GTTCAGCTTTGATCG,-0.03376649409290744,0.13115513771560927,80,46,7,3
GGCCCAAGCACATTTCCACGGCCACTGC,CCAACACAGGCTTCG,-0.009704681083846568,2.402198637439426,103,47,23,9
AACTCATGTACAAGGACACGTACAAAGC,ATCGTTGGCATTTGG,-0.1438838050458856,0.0,68,13,1,0
TAGTCAGTGACACCCACACGTGCATAGT,CTCGCTAATACTCCT,0.005907575132823896,0.0,88,64,8,19
AATTCAGTAACAACCACAGCGGCAAGGG,CTATCAAGGCTTAAT,-0.0007423254058496163,1.4618619602087506,65,52,8,5
TGGACACGCCCAAAATCAATATCATACC,GAGAATGAAGGACAG,-0.020625517322538898,0.0,78,43,14,4
GTCGCAAGGTCAATAGCACGAACACAAT,TATATTGAACTTTAC,0.019729873175287117,2.645835624635538,63,68,16,16
CATGCACGAACAAGGGCAACGTCAGTGG,CGCGATCAATCCTCT,-0.10115093692344894,0.0,58,17,1,0
ACACCAAAGACACAGTCAGGTACAAGGT,TTTTGCATTTAGGCG,-0.06948397599094562,1.9336935128462187,87,35,6,4
AGCGCAGAGACAAGGACACGGGCAAGT,ATGGCGATGGTCTTG,-0.03022006771304413,0.04246628161192234,81,52,12,5
CCCGCACTCGCATGGACATGTTCATGTG,ACCACCGGTCCTGCC,0.008159690077867722,4.040784377204204,78,49,30,14
GGATCAACGGCAGGGACAGGCTCAACAT,CTTGATCAATCAAAA,-0.00970565667093579,0.0,75,43,5,11
CATTGCAGAGCAAGTCCAAAGTCAAGAA,GAGAATGAAGGACAG,0.0649356282330574,2.6676783268240456,35,54,6,6
TGGCCAGAGACACGAACATTTACAGCTT,TATATTGAACTTTAC,-0.035184141192116394,1.3408776102481283,82,65,11,5
CCTACAAAACCAAAGTCAAGTGCACTCT,TATATTGAACTTTAC,-0.028333051313901757,0.03571693069358162,65,47,10,9
TCTGCACCCCCACAGGCACAGACATTCT,CTCTTGAGAATACTT,-0.09417324914353306,18.97720176632555,70,22,2,0
GGTGCAACTCCAAGTGCAAACTCACCCG,AAAAGCGACATTTCT,0.023065988460519857,6.76971116185905,57,45,24,16
GATTCAATTGCAATGCCAGTACCACCGG,GTAATCTGACTCTAG,-0.03904155063146017,0.0,77,42,7,4
ACAACAACGGCAAGTCCAAGCACATGCT,CTCGCTAATACTCCT,0.008357514595194909,0.0,72,63,28,13
GGCACAGCCGCAAGCACAGAAACACAGC,CTATCAAGGCTTAAT,-0.028252654430341813,0.0,79,48,6,2
CGCCCATGATCATTTGCACAAGCACCGA,ATTATCAAGTGCCAG,-0.007818831586696162,0.0,69,61,16,7
GTCCCATTGACATAGTCACATACAGGTA,CTTGATCAATCAAAA,0.0005510683451684257,2.401555783062747,84,51,27,12
GTGTCAGATGCACAGGCATCCTCACCGA,CTATCAAGGCTTAAT,0.024710546720361368,5.76017069371963,45,28,20,5
ACCACAAAGGCAAAAGCATGACCACACA,GTTGGGCGCTTAAAG,0.007240091527240085,0.0,63,53,22,11
CAGGCAAGTGCAGGTACAGGAACATCCC,ACCACCGGTCCTGCC,-0.02502058203684172,0.0,73,59,12,4
GTTTCATACGCATTAACAACTTCAGTGC,TCAAAACGGAGTGTT,-0.08501021685894052,25.351459057742204,90,31,5,0
AGGACAACACCAGACGCAAGCTCATCGA,GTTGGGCGCTTAAAG,-0.011765194516179658,0.44177130894638594,56,55,12,4
GTCTCACGGACAGTAACACAATCAACGA,AGATTCATCCCATGG,-0.05091755816188126,0.0,64,31,4,1
AGTGCAAGGCCACAAGCAGCGTCAATTA,GTTGGGCGCTTAAAG,0.0261262401022906,3.1570262158422793,52,51,18,16
ATACCAATAACATACGCACCAGCATTGG,TATATTGAACTTTAC,-0.019629468447811126,0.0,71,20,13,2
ATCCCACATACAGGCGCAGAGTCAGTTT,ACAGTTGACGGACAG,0.013226896987821922,0.0,67,44,12,14
GGAACATCTTCAGGATCAGACTACATGC,AAAAGAAAAATGTAT,-0.015214838090527281,0.0,55,33,11,4
ATCCCATGTGCATTCCCAAGGTCATAAC,CTTGATGGCTGAAAG,-0.04247831498188104,0.0,74,39,7,4
TCGTCATAGCCAATTGCATGAGCAAAAG,TATATTGAACTTTAC,0.009615525527956458,0.09492251693706066,64,36,12,12
CTCGCAGTTTCAGCCGCATGCGCAGAAG,TCGATAGAATTTACT,-0.016823860563148774,0.0,69,47,8,4
CCACCAAAACCATACACAGGGACATTTC,CTATGCATTTACTCA,,0.0,45,9,2,1
GCGCCAAAGACAATGGCAGGCACATTTA,CTTGATCAATCAAAA,0.013127542716550686,4.0659717432976095,48,40,17,10
GCATCAAAAACAGAATCAACTGCAAATG,TCAAAACGGAGTGTT,-0.001608131680161138,0.0,58,46,6,3
ACAGCAAAGCCACATGCAGGGCCAACTT,CTTTCTTGTGTATTT,,0.0,31,9,0,0
AGAACAGGCTCAGCACCAAGGTCAAGAT,TGATCATCACGGGAC,-0.007673693603798016,0.0,43,28,10,4
GCGGCAACGGCATATGCACTAACATGAA,GTTCAGCTTTGATCG,-0.05199864977230284,0.0,48,23,9,3
TCCCAGCGCCATGGTCAAAACCACTGA,TTAATTGCACTTATG,-0.02091628967095529,0.0,52,34,6,1
TATACAATGGCACCCACACGGACAAAGG,GTTTGTTTTGGGAAA,,0.0,25,8,0,0
GAGGCACTTCCAGAGTCAGCAACAGGTA,ACAGTTGACGGACAG,0.01838184085667014,2.3302487730447865,41,42,23,10
TGGGCATCGGCAGCGGCACGTACAAGAA,CTAAGCAGTCTTCTC,,0.0,32,6,1,0
CTAACAGATTCAAGTACAGTTACAAAGA,GTTTGTTTTGGGAAA,,0.0,45,8,0,0
ACCGCACATGCACCCCCAGGAACAAGAG,CTTGATGGCTGAAAG,-0.045210907531994235,0.0,39,20,4,1
TCTCCATAACCATGTGCATTAGCATTCG,GAACTCAGGTTCCAT,-0.07728910961980677,3.100993165605672,43,16,3,0
GGGACAAAGTCATAACCAGACACATCAA,TTTTGCATTTAGGCG,-0.005088624884953517,0.12934501081460326,49,22,12,3
ACTGCAGCGACATAGGCAGATGCACATC,CTTGATCAATCAAAA,-0.021959777400213196,0.22226061344440495,51,33,7,2
GCTACATTACCACTATCAAAATCAACTA,AGTGTTAATCAGACC,-0.08558633190244773,11.302818179941369,73,25,1,0
GAGTCAGGGACAGGCCCATCTGCAATCA,CTTGATCAATCAAAA,-0.022611245502332622,0.18711858749298926,42,27,9,4
GTGCCACTCTCACGGCCATGAGCACCAG,TTTATAAATCAATAG,0.040010071578782246,0.0,30,55,11,14
CGCCCATTCCCAAGTTCAGTTTCACCGC,CCAACACAGGCTTCG,0.01770824303807552,0.0,44,25,17,9
CTGGCACGTGCAGGTACAAATCCAAAAT,GAGTGCTTCAAAGTT,-0.00943919373443507,0.0,49,39,11,3
CGGTCACGAGCAATGACATAACCACACC,CTTGATCAATCAAAA,0.00785191757422279,0.4235753192113805,39,34,6,5
AGCACAACTGCATCAACAGATTCATCGC,ACAACCTACCTGCTA,0.017186499173446612,0.8266220084690872,34,45,13,8
AACTCAAATACAGCATCAGCGCCAACAA,TATGCCCTTCTTCTG,-0.10259928350530688,0.0,45,13,1,0
TCTGCATCTACATAGACATGCACATTGG,AGTGTATGATAATAT,-0.03674259880899022,1.9221974972913358,43,24,4,0
GCTTCAAAGTCAGGGACAAAGACACTAC,AAAAGCGACATTTCT,-0.08828919914123964,5.49403554036283,48,16,2,2
CGCACACTGACATGGACATAGACATGGT,CTAAGCAGTCTTCTC,,0.0,24,5,1,0
GAGACATGCTCAGCGGCAGACTCAAAAG,CTATGCATTTACTCA,,0.0,29,7,0,0
TAAACAGTAGCAAGATCATGGGCATTCT,CCAACACAGGCTTCG,0.03747849918854005,0.3524804572514313,29,34,7,2
GGGTCACGCTCATCGACAAACACATGAG,GAACTCAGGTTCCAT,-0.06850662480824762,2.260780881936938,32,13,2,0
AGGGCACCTTCACGCCCATCAACATCTA,TTTTGCATTTAGGCG,-0.10479717417718444,5.395816788144629,46,13,2,0
TATCCAAAACCAAGTTCAGTAACAGTTG,GAACTCAGGTTCCAT,-0.07958806144227655,2.014669736569971,33,12,3,0
TCAACAGAATCAAATACACTGTCACTGG,GCTAATTTCAAGAAT,-0.03278951493332691,0.0,31,18,0,0
GATCCACGTGCAGGCCCATGAACACAGA,GTAATCTGACTCTAG,-0.02362648264873428,0.06299488054665403,33,21,6,0
CGATCACAGACAACGTCATATACACCTC,CTTGCAAGTGTAATT,-0.08828919914123964,0.0,33,11,2,1
TTTTCAAACCCAGTCCCAGCGGCACCTT,TATGCCCTTCTTCTG,0.021572029725571266,0.0,15,15,1,0
TGTGCAACACCAGAAACATGTACACATG,AGATTCATCCCATGG,-0.04774268833042328,0.0,32,16,1,0
GCACCATACTCATCTACAATAGCAGCGG,CGTCAAGACCTTCTA,,0.0,10,2,0,2
GGGGCAAATGCACTAGCAAGGTCAAACA,CGCGATCAATCCTCT,-0.09156818142353877,0.0,31,10,1,0
ATATCACTCACAGCCGCAGGCGCAAAGC,CTTGCAAGTGTAATT,-0.018974481085245104,0.0,15,10,0,0
ACCGCAATTTCAGTATCAGGAGCACGAA,CTAGTTGTATAGCCA,,0.0,10,3,0,0
TTATCAACACCAATAGCACATGCAAAAA,ATAGTCGATTAAGAT,,0.0,33,6,4,0
TGCCCACACCCACGTACAAGTCCAATCA,GTTTAGCTTCCGTTG,0.02645104614251466,0.420523029732351,20,21,4,5
TAATCATCCGCACCACCAAGCACAGTGA,ACCACCGGTCCTGCC,-0.06666688829427603,0.18966285146657924,29,12,8,4
TCAACAGGCTCATGGTCAAATACAAGAA,GAACTCAGGTTCCAT,0.010239161194870942,1.402796234735007,28,25,4,5
AGTTCAAAGGCACAGGCATGTCCAACAA,CTAAGCAGTCTTCTC,,0.0,25,9,1,0
TGAACAAGGCCACTTGCACCGTCAATCG,CATCAATGAGGCAGT,,0.0,2,0,0,0
TCACCATGCCCATCTCCAAGCTCATTCT,CTTGATCAATCAAAA,0.011563683869873033,1.4068624947761919,21,19,4,5
CATTCATACACAGGATCAATAGCACATC,CATCACCGTGCTCAT,,0.0,15,8,0,0
CCTCCAACTACAGTGACATGATCAGTCG,CTTGCAAGTGTAATT,,0.0,15,5,0,0
GTGACAGCGCAAGATCACCATCAATAT,CTTGATCAATCAAAA,,0.0,27,7,4,1
ACGTCATGAACAGTGTCACAAGCAAACG,CGCGATCAATCCTCT,,0.0,26,4,1,0
TGCCCATTGCCACCTGCAGGATCATCAA,TCAAATGATGAGGAT,0.048433445700117136,3.357381994670959,14,26,10,8
AGTTCATTGGCACAAGCAGAGACAACCA,GCTGCTTATGAGGAT,,0.0,5,0,0,0
ATCACAAGCTCATTAGCAGATGCACGAC,TACACCAATTACACT,,0.0,2,0,0,0
TCATCAGGTCCAGCATCAGTGACACTAC,TTTAACTCACCGTAA,-0.008966135229546875,0.0,19,14,4,1
TGTTCACAGTCAGCGGCAAGGTCAAAAT,CTAAGCAGTCTTCTC,,0.0,21,4,0,1
TATTCAAAATCAGCACCAGTGTCAAAAG,GCTAATTTCAAGAAT,0.0021564282814756225,0.0,17,14,0,0
TGCCCAGTGACAATGGCAAGTGCAACCA,AGTGTTAATCAGACC,0.004866621259254703,0.0,13,11,0,0
GTGCCAGAGGCAGCGCCAGAGACAAACT,CAAGTTCGGCGAAAT,-0.0477426883304231,0.0,20,10,1,0
ACGCCAAGCCCAATTACAAACTCAGCGA,AGAAGACGACGATGA,,0.0,11,6,1,4
AGTCCAGCATCATAGACAGTAACATAGC,CTTGCAAGTGTAATT,,0.0,6,1,0,0
TGGTCAAAATCAGCGGCATCTACAGAAA,GCTGCGGAGCCTCAG,,0.0,10,3,0,0
TTCTCAGCGACAGAAGCAAATCCACGAG,ATGGCGATGGTCTTG,0.007595835488055515,0.005725017408380495,23,20,4,1
GCCACACTTACAGAAGCACCAACACTGG,CTTGCAAGTGTAATT,,0.0,16,0,0,0
TGTACAGCCTCAACCACATAGACATAGG,AGTGTTAATCAGACC,,0.0,10,3,1,0
GGGACAATAACATGGCCAGAGTCACACG,GCTGCGGAGCCTCAG,,0.0,15,3,0,0
GCCACAACGGCAGAGACAGAAACATTGA,CTTGATCAATCAAAA,,0.0,9,5,4,0
AACCCAGCTCCACGAACATCGACAACGC,CATCAATGAGGCAGT,,0.0,2,0,0,0
TTGGCACTTGCATGATCACTAACACGCC,AGTGTTAATCAGACC,,0.0,5,0,0,0
GCAACAGTCTCAATTACAAGGACATCGC,TACACCAATTACACT,,0.0,7,0,0,0
GGTCCAGATACAGGCGCACTCCCAATTA,TACACCAATTACACT,,0.0,3,0,0,0
ACAACAGTTGCACTGGCAGGAGCAGGTA,ACAGGGCAGCTCCCG,,0.0,2,5,2,2
GACTCAATGGCAATGACAACGTCACAGA,GTGTGATTACTAAAT,,0.0,9,6,2,2
CCAACAAAAACATGGGCACAGCCAAGGT,GCTGCGGAGCCTCAG,,0.0,7,0,0,0
CTAGCACGGTCAAAAACATCTTCACAAA,AATGATACCATTTTT,,0.0,12,1,0,0
AAGACAAGCTCACGAGCACAATCAATGT,GAGAATGAAGGACAG,0.029576300492925083,0.0,12,13,3,1
TGTCCAAGTGCACTGTCACCCGCACCAG,TAATATTGTTTTGCG,,0.0,2,4,0,0
ACCTCAATACCAGGCCCAGTTACACGAA,GTTTAGCTTCCGTTG,,0.0,9,4,3,1
GGGCCAGATCCATGTTCATGTCCATCTG,CTAGTTGTATAGCCA,,0.0,2,0,0,0
AGCCCAGTGACACAAACATGCACACTCA,TATATTGAACTTTAC,,0.0,2,9,5,1
GTTGCATTAGCAAGGACACGCCCAACGA,CTAGTTGTATAGCCA,,0.0,3,3,0,0
TGAACAGTGTCAAGTGCACCAGCAAAGA,CATCAATGAGGCAGT,,0.0,4,0,0,0
AGAACAGGAGCATCCGCACGGCCAGCGG,GCTAATTTCAAGAAT,,0.0,1,2,0,0
AGAACACGCCCATGCACATTGGCAGTGA,CTAAGCAGTCTTCTC,,0.0,10,3,0,0
GAGACATAGGCACGCCCACCGGCACGCG,TGATCATCACGGGAC,,0.0,5,3,2,2
ACTGCAGAATCACAGCCATAGCCAGGTC,AGTGTTAATCAGACC,,0.0,6,0,0,0
CCCACAATTCCAGCTACAGTGGCAAGAC,CATCAATGAGGCAGT,,0.0,4,0,0,0
AGCGCATTTGCACGCACAAAGACACACT,CATCAATGAGGCAGT,,0.0,1,2,0,0
ATTACACGTACACAGGCAACTACACAAG,CTAAGCAGTCTTCTC,,0.0,4,0,0,0
TTACCAAAAACAATGACACAGACATCAC,TATGCCCTTCTTCTG,,0.0,1,2,0,0
TGCTCAAAAACAAATGCAAGGCCAGTCG,TTTTGCATTTAGGCG,,0.0,9,2,0,0
GGCCCAAAATCACAACCATGAGCACCGC,GAGAATGAAGGACAG,,0.0,4,1,4,0
TGAGCAAAACCAGCAACAGAGACAACTG,ACAGTTGACGGACAG,,0.0,3,0,0,0
TAATCAACCACAAAGGCAAGTCCATCTT,CTTTCTTGTGTATTT,,0.0,1,0,0,0
AAATCAGTTGCAAGTGCATATTCATAGA,TTTAACTCACCGTAA,,0.0,2,6,0,0
AACTCACCTACATCCCCATAAGCACAAA,TAATATTGTTTTGCG,,0.0,3,0,0,0
ATAGCAGTGTCAAACACATTGTCAAATG,AAAACATTATCAAAG,,0.0,1,0,0,0
TCCGCAGCATCATGGACATCAGCATTGT,ACAGTTGACGGACAG,,0.0,2,2,1,0
CGGGCAAACCCAGTTCCATGGACATTCG,TGATCATCACGGGAC,,0.0,2,3,0,0
TGGTCACACCCAATTCCAGCTGCATTCG,CGAATGCCATACAAA,,0.0,2,0,0,0
AATACAAGCGCACTCGCAGCTGCAAACA,TTTAACTCACCGTAA,,0.0,2,0,0,0
CCCGCAACTACACCCGCAGGTTCAGGAC,GTTGGGCGCTTAAAG,,0.0,2,0,0,0
CTCACATATTCATAATCAGGAGCATTCG,CATTTATGGCTATCT,,0.0,1,0,0,0
AGTCCACAACCATATCCATCGACATTCC,TTATATTTATTTGCT,,0.0,0,0,0,1
