BC,Edge,s,LL.ratio,TP1-1-T1,TP1-1-T2,TP1-1-T3,TP1-1-T4
GGCACACAGACATATTCACGGCCATGGT,TCTTGGAGGTGAATG,0.01067051548357733,0.0,2166,6014,5453,5799
AACCAGCCCCAGGCGCACGCCCACATT,CGAATGCCATACAAA,0.04711653399301258,0.0,1094,3944,5627,8741
CTAGCAGCGGCATCCACATTAACAAAGC,ACAGTTGACGGACAG,0.007457055342152352,0.0,1716,3867,3902,4172
ATAACACCAGGCACTAGCAGGGCCAAAG,TTTATAAATCAATAG,0.00855659697400451,0.0,1527,3792,3527,3837
CGAACAGCTACACGTCCAGCGACATGCC,CCAGGATGTACCGCC,-0.0046570741105812045,0.0,1628,3559,3024,2752
CAGCCACAGTCAGTGCCAGAGTCAGTTC,CCAACACAGGCTTCG,0.01237408895950271,0.0,1245,3225,3081,3508
GAAGCACTCGCAATGACAGTCTCAGGTT,GTTGGGCGCTTAAAG,0.0005193821525089737,0.0,1524,3305,3035,3009
TACGCACCTGCATCAGCATCGACAGTGT,TATATTGAACTTTAC,-0.008616454632550135,0.0,1371,2731,2262,2058
GGGCCACTGACAACTGCAACTACAGAAT,TCAGAGCATTGGCCT,0.04429186579042891,0.0,493,1712,2154,3619
ACTCCAAGCTCACTTACAGGCACAACAA,ACAGTTGACGGACAG,0.005333556698600576,0.0,946,2264,2053,2158
AACGCATTGCCAACTCCAGAAACATTTA,TCAAAACGGAGTGTT,0.00713457793259363,0.0,792,2046,1931,1907
GATGCAACCGCAGTCGCAGGGCCATTCC,TATATTGAACTTTAC,0.00018844330742409857,0.0,887,2082,1805,1734
ATGCCACCCGCACAAGCATTTACAGGAA,CCAACACAGGCTTCG,0.00986745330608115,0.0,841,1741,1785,2198
GAGTCACCCACAAGAACAGAGGCACCAA,TTATATTTATTTGCT,0.041405572594948294,0.0,414,1404,1827,2787
TGTCCAGGCACAGCGACACACTCAAGGA,TCTTGGAGGTGAATG,0.009974139779936138,0.0,693,1633,1682,1817
AATCCACGAGCAAAATCACACGCAGTGA,CAATCTTGAATTGAT,0.01758699656457494,0.0,560,1427,1619,1845
GGGGCAATAACAACCTCAGCCACACACA,TTTATAAATCAATAG,0.007951025816620579,0.0,616,1606,1530,1520
ACTCCAATCTCAGCGGCAGTCTCAAATG,TCAACAACCTATGCA,0.004792824429323702,0.0,679,1517,1462,1524
AAATCAACGGCAGGTTCATTACCAGCAA,CCAGGATGTACCGCC,-0.007487536927338026,0.0,767,1669,1416,1191
GTAGCACACGCACTTGCATCGCCAGCAG,CCAGGATGTACCGCC,0.0002051182412487362,0.0,680,1612,1331,1330
GGTCCAATGGCACAGACACATGCACGGG,GGTTGCCCAGAAGTA,0.008572076221537321,0.0,574,1518,1415,1443
GTTTCAGGAACAAACACAGCGACAAGTC,ACAGTTGACGGACAG,0.004082604784479846,0.0,634,1483,1379,1393
GGCACAGGGCCACCCTCAGTATCAGCAT,TAACCTCGCGCTGAG,-0.011273118300648114,0.0,777,1582,1156,1077
AGGCCATAAGCACACACAGCGGCACAGT,ATGAAGTTCATAATG,-0.011610172312283104,0.0,747,1525,1196,1025
GAATCATCGTCAAACTCACCCGCACTCT,TATATTGAACTTTAC,0.003436383092597661,0.0,613,1419,1217,1321
CTGCCAGAATCAGGTCCAATCGCAATGA,CTACTTACAACGGAA,-0.01086168800184914,0.0,724,1392,1055,1016
AATCCACACTCAAGGTCACTGGCAAGTG,GTTGGGCGCTTAAAG,-0.0019759869852082074,0.0,625,1331,1151,1145
GAGTCATCGGCACAGGCAAGGACACATT,TTTTGCATTTAGGCG,-0.010588878785669824,0.0,687,1378,1184,972
GCGGCACAATCATTGTCACATCCAGACG,ACAAGTTTTACAGTT,-0.006974935274086176,0.0,683,1357,1089,1077
AATACAGCTTCATCACCACAGCCAAGTG,TATGCCCTTCTTCTG,0.014464147095330846,0.0,452,1288,1196,1356
CACTCACTTCCATTTTCAAAAGCAGAGC,CCAGGATGTACCGCC,-0.0005122973072473556,0.0,583,1270,1219,1116
TGTACAGGGGCATTGCCATCATCAGAAG,ACAAGTTTTACAGTT,-0.012487481495244576,0.0,734,1320,1177,981
GCGTCAAGAGCATGGTCATAGACAGTGG,AGTGTATGATAATAT,-0.02582467791165709,0.0,902,1370,1002,808
AAGACAGGACCACACTCATCCCCACAGT,AAAAGAAAAATGTAT,-0.001940678075434143,0.0,548,1197,1033,1005
AAGACAACCCCAGCTTCAACACCAAGCT,TCAAAGCATGAAAAA,-0.013761341878854005,0.0,625,1181,857,804
AGTACAATCGCAGAGGCACTCTCACGGT,AAAAGAAAAATGTAT,-0.005674438356609479,0.0,505,1074,899,828
TGGACACCAGCAATGTCACCTTCAGTGC,GGTGGAAGTAGCAGT,0.00882632867826414,0.0,452,884,821,1145
GGCTCACTCCCAATCACACTAACAATGT,CCAACACAGGCTTCG,0.015727176219044032,0.0,328,892,980,1022
GTCTCAGGTACATCCGCAGTCCCATGGG,TCAAATGATGAGGAT,-0.0009286375279487762,0.0,420,1013,850,794
TGCCCAGCCTCATACTCAGGGACAGCAT,TCTTGGAGGTGAATG,0.011687392679530959,0.0,367,781,840,1013
ATAGCAATGACATCTACAATGTCAGTTC,ACAGTTGACGGACAG,0.0020041406465243147,0.0,373,958,843,770
GGGTCAGTCACATGCACATGGCCAGCCC,TGATCATCACGGGAC,-0.011585637702042455,0.0,477,966,791,655
GGAGCAGTCACATCACCAAGAACATGGT,TATGCCCTTCTTCTG,0.007040879835982769,0.0,374,827,770,898
GATTCAACTTCATGAGCATAGTCATCTC,ACAAGTTTTACAGTT,-0.0068267458909344455,0.0,447,948,738,708
GTTTCAAAATCAGCCGCATGGGCAAACG,CCAACACAGGCTTCG,0.009297890092233519,0.0,332,822,825,853
CCGCCATGGACATGATCACAGTCAAGGC,TATATTGAACTTTAC,-0.003548667104920337,0.0,412,851,755,720
GCGGCAGGGTCAATGCCAGAGTCATAAT,CCAACACAGGCTTCG,0.008596226520816812,0.0,349,789,753,878
CTAGCACGCACAGAACCATGATCAAAAG,ACAGTTGACGGACAG,0.009726457888307194,0.0,317,685,757,825
CATACATCTCCAAAGTCAAGCTCACATC,TGATCATCACGGGAC,-0.020263009247168395,0.0,462,881,635,489
CATGCAGTCCCACAGACACAGACAAGGA,CCAACACAGGCTTCG,0.013934712222897416,0.0,275,686,711,812
ATTGCAAAAACAGGCGCACTCCCACCTC,TCAACAACCTATGCA,0.009034963785327822,0.0,275,694,709,701
TGTGCAAGTACAAGAGCACGGCCATACC,TGATCATCACGGGAC,-0.02372920391094277,0.0,499,802,596,476
AAACCAGCATCATGGACAAAGGCAGGCT,TCGATAGAATTTACT,-0.0041130664964925305,0.0,362,763,619,622
AAGTCACCGGCAACACCATAAACATACG,TATATTGAACTTTAC,0.0038304370909260535,0.0,299,753,642,652
CGTCCACCGGCATGACCATGATCAGATC,TATATTGAACTTTAC,-0.008289878490434424,0.0,378,742,591,573
CTCTCAAACGCAGAAACACCGTCACAGG,TCAAAGCATGAAAAA,-0.009059646343329283,0.0,347,774,576,514
ATTTCAACGCCATCGCCAACAGCAATGA,AGTGTATGATAATAT,-0.014447139947024165,0.0,392,751,571,494
GGCGCAGAGGCATTACCAAGGACAAGTA,CAATCTTGAATTGAT,0.004783007514708978,26.69700980102698,283,733,585,635
ATGTCAGTAACAAGGTCATGGCCAACCG,ATAGAGCGGCGTTGA,-0.02074707975533156,0.0,440,718,502,459
GATGCAGCCGCAACCGCATAGGCAAA,ACAACCTACCTGCTA,0.0014164874289381475,0.0,283,638,577,574
GATGCAACTACACTTACAACGGCACATC,GTTGGGCGCTTAAAG,0.005460021754050751,0.0,276,589,589,632
ATGCCAGGGGCAAAGACACCATCAAGCA,ACAACCTACCTGCTA,-0.0006080596098073203,0.0,263,649,648,502
GACACAAACCCAGAAGCAAATACATAGG,ACAGTTGACGGACAG,-0.012690362784964965,42.72877099731704,338,723,496,449
CATCCAGAAACAAGAACACAATCATTAG,TCAACAACCTATGCA,0.010918133643378444,0.0,218,640,583,588
GGTCCACGGACAGTTACATATACAGATC,TTTTGCATTTAGGCG,0.0008293827801292286,0.0,280,650,460,558
AACTCACGCTCACTCGCAGTCCCATAGT,TTTTGCATTTAGGCG,-0.005150824102777199,0.0,302,631,468,503
CGCGCAGTCCCAAACACACCAGCAGGAC,CTACTTACAACGGAA,-0.0033045784117649094,0.0,288,625,489,507
CAATCATCCCCATGCGCAAAGCCACGGG,AGTGTATGATAATAT,-0.02696143386012549,0.0,365,686,463,316
CAGCCAAGATCATGCCCAAGTCCACCCA,TATATTGAACTTTAC,0.006303642296811425,0.0,241,604,477,566
AACACATATCTCAGCAGCACACCCACCAA,ACAGTTGACGGACAG,0.008239594595228458,0.0,227,542,570,565
AGTGCAATGACATCTGCAGAAGCACCAA,TTTATAAATCAATAG,0.010230824069953903,0.0,218,546,545,576
CGCCCAAGGGCACCCTCATACACAATAG,GTTGGGCGCTTAAAG,0.0028685598845032303,0.0,253,581,528,536
CTAACAAAATCACCGACATGGACACGGA,CCAGGATGTACCGCC,-0.003248916282918087,0.0,262,558,505,462
TGGTCATCCGCACTTGCAAAATCACAGG,GTGTGATTACTAAAT,-0.01092449181165401,0.0,297,560,465,416
GGGCCAGTGCCATCACCACATACACCCT,ACAACCTACCTGCTA,0.008149029497623276,0.0,197,546,453,489
GTTGCAAGTTCAACACCAAGTGCAGTGA,CCAACACAGGCTTCG,0.008243083485494955,0.0,186,549,456,463
TGAAAGAGGCAGCGACAATCACAACTA,TAACCTCGCGCTGAG,-0.013152698272597048,0.0,287,568,397,376
ACAGCATAGTCATAGCCATCACCACAAG,TTTTGCATTTAGGCG,-0.01289398082682427,0.0,256,490,507,338
CCGGCACTGGCACAACCAGCGTCACCAT,AGTGTATGATAATAT,-0.030683406980398117,0.0,350,563,386,271
TAGGCAATAACATACGCATGCGCAACTC,GTTGGGCGCTTAAAG,0.009970173001699112,8.85356471106661,185,422,486,485
GGTACAAGTGCAAGGGCAGTACCATTTC,TTTTGCATTTAGGCG,0.042432606782401565,122.64800342878698,87,402,527,604
AGCACACCAACAGAAACAAGAGCACTAG,CAATCTTGAATTGAT,0.022873982457579444,0.0,151,412,451,583
GCTTCACTACCACCTTCAACCGCACCCG,AAAAGCGACATTTCT,-0.011929492063654177,0.0,259,544,348,352
TTAACAAGCTCACGGGCATGTACAAAGG,TCAAATGATGAGGAT,-0.002150571723544817,0.0,214,512,385,390
GGAACAAGTTCAACTACAGAGACATCAA,TATGCCCTTCTTCTG,-0.0027542967216463397,0.0,214,501,422,383
TGGGCACGGACACACGCAGATCCAAAGT,TATATTGAACTTTAC,0.007009968330824494,0.0,173,492,437,415
CGTGCAGAATCAGAGACATATTCAACGG,ACAGTTGACGGACAG,-0.0024629720145358095,0.0,221,427,444,399
GCTTCATAGGCAGAATCACTCACAGATC,TCAAATGATGAGGAT,0.002046782015703807,0.0,209,440,388,432
AAGACAAGATCAGTGCCACATCCACATT,TGATCATCACGGGAC,-0.018054259435031906,0.0,252,493,426,285
CCAGCACGGGCAGGGGCATGTTCACATA,ATAGAGCGGCGTTGA,-0.011945837583109105,0.0,226,495,377,307
GACACACAGGCACACGCATCCACAATCA,ACAAGTTTTACAGTT,-0.009813762903213749,0.0,241,464,387,349
CGCCCATGTACACAAACACGGTCAGCCC,CCAACACAGGCTTCG,0.011883089090903638,0.0,170,422,425,472
CGCTCAGGTACAAGGTCAAAGCCAACCC,TGATCATCACGGGAC,-0.01635999043808684,0.0,258,460,406,307
GAGGCATGTACAGTCACACAAACAGAGA,TATATTGAACTTTAC,-0.0018484222499527408,0.0,205,456,370,377
CGATCAGGGTCAACGACACAATCACCTT,ACAAGTTTTACAGTT,-0.010724770822711815,0.0,220,473,408,310
AACTCACTGACAGCTGCAACATCATAGG,AGAAGACGACGATGA,-0.0025815340532610326,0.0,204,456,370,367
CGCACACCCACATACGCACCCTCAAAGT,AAAAGAAAAATGTAT,0.005598142572546272,1.7879499225405198,157,482,398,361
CCCGCACCACCACTATCATAAGCATGCA,TCAAATGATGAGGAT,0.0010327124728156667,0.0,198,383,379,397
GCTTCAAATGCATAACCACCTTCAAATC,ATGAAGTTCATAATG,-0.0030295817626935302,5.375912919527764,200,428,355,355
TAATCACTAGCAGAAGCAAACACAGGGA,TCTTGGAGGTGAATG,-0.0017776709418905634,7.765242801640852,191,410,370,352
TCTACAAAGACAATCCCAATGTCAATAT,AGAAGACGACGATGA,-0.0026212943601535625,0.0,192,421,354,345
GTACCATGGGCACATACAGGAGCATCGT,TATATTGAACTTTAC,0.003661687676553031,0.0,171,388,357,371
TGGACACTAGCATAATCAGCGCCAATAG,TCAAAACGGAGTGTT,-0.006000251071550555,0.0,186,457,372,302
GAGTCAATTTCATTGGCATTATCATCGT,ATGAAGTTCATAATG,-0.014688262181564575,0.0,223,438,343,279
AAGGCATTACCAAAGACATAGTCATGAC,GTAATCTGACTCTAG,-0.019600733135342267,0.0,251,455,291,271
CAACCATGACCAGTACCAGGGACATAAC,AGAAGACGACGATGA,-0.0038957894224284375,0.0,207,382,335,358
ACGGCAGCCACAGCTTCAGGTACAATGA,TATATTGAACTTTAC,-0.006640158599125569,0.0,194,454,290,309
GGGGCATATTCATACGCAGCGTCACGCC,TCAAATGATGAGGAT,-0.003885548909949906,0.0,200,364,325,346
CTCACAGGGGCAATGTCAAGTCCATGAC,GTTAAATCAACAGTT,-0.0028289793518414172,177.37082470791006,168,431,325,300
GCAACACTCCCAAGTGCATGCTCAGTAA,TTTTGCATTTAGGCG,-0.011069470532163056,0.0,185,430,328,258
AGTGCATGGGCACGGCCAAAAACAAGAT,CATTTATGGCTATCT,-0.01749753111443421,0.0,220,355,327,253
GGGGCAACTCCATTCACACCAACAGAGA,TGATCATCACGGGAC,-0.005041137654530788,4.79030741311044,152,392,306,254
TGGACATCCGCAACTGCATTAACAATGG,TCAAAACGGAGTGTT,-0.007280025772658842,0.0,176,341,329,275
GTCGCACGAGCACCCGCATTATCAACTC,ATGAAGTTCATAATG,-0.014991369723271775,0.0,196,383,309,243
GTCGCATGGCCATCCTCACAATCAACTT,TATATTGAACTTTAC,-0.010769872469359343,0.0,167,404,325,235
GTAACATTTACACGTACAGGTGCAACGC,AGTGTATGATAATAT,-0.02095647577200928,0.0,191,405,319,198
ATGTCAGCACCAGAGCCACCTGCAGAAC,ACAGTTGACGGACAG,0.005064139129185856,0.0,156,338,284,353
GTCGCACCTTCACTGACAAGCGCAAAGA,TATGCCCTTCTTCTG,0.01238013519595303,0.0,121,327,333,341
CGCTCAGGTGCATCACCACAATCAGTGA,AGAACATCATCTACA,-0.0015216222467320315,0.0,161,380,280,299
AGATCATAGGCAATGACAGATTCAGATC,TCAAATGATGAGGAT,-0.00959593411534654,0.0,177,329,295,258
TATGCATACGCATTGACAACATCATTCT,AGAAGACGACGATGA,-0.013311770068280007,0.0,181,352,268,236
GCAACAAGCACAGTAGCAATGCCAACAC,GAGTGCTTCAAAGTT,0.008855886109254392,0.0,127,331,265,322
AGTTCAGTCTCACAACCAAAATCACACA,TATGCCCTTCTTCTG,-0.0010940375488750858,0.0,143,305,291,269
TACGCATGATCATCTCCAATCACAAAGG,TCTTGGAGGTGAATG,-0.006685801353950412,10.842462581689688,149,319,322,237
GCTACAAAAGCACTTACACACGCATTTA,CATTTATGGCTATCT,-0.010497055785353641,0.0,160,345,284,227
TGAACATAGTCATAGACAGGGGCAACTA,AGTGTATGATAATAT,-0.012845801767564,0.0,180,318,257,238
TTTGCACATGCAAAACCACGCTCACCTG,AGTGTATGATAATAT,-0.02196413903638113,0.0,173,353,216,174
AAACCACTTGCATGAACATTAGCAACAA,CCAAGACCGTGTAAA,-0.035444233961531624,0.0,219,310,225,147
GGCTCAGTACCACCACCAAAATCAGGTG,ACAAGTTTTACAGTT,-0.0024766809735336103,0.0,128,288,254,231
TCATCACAAACACGGACAAATGCAATGA,CTACTTACAACGGAA,0.009781665533382363,12.58201840376205,117,282,217,305
TTCTCAGTCGCAGGAGCAGCTTCATGAC,ACAAGTTTTACAGTT,-0.010401596902721022,0.0,149,314,240,212
AGGTCACCAGCAACAGCAAATCCATAGC,GTTTAGCTTCCGTTG,-0.006347328259199696,0.0,117,280,287,188
TACTCCCAGCAGGCTCATTTGCACGAC,ATTATCAAGTGCCAG,-0.010854573686634242,0.0,166,280,214,233
CAGGCAGGTCCAAGGACACTCGCAAGCT,AGAAGACGACGATGA,-0.008814823722705723,0.0,128,290,279,191
GGGTCAAACCCAGGTACATATGCAGAGG,GTTGGGCGCTTAAAG,-0.0025351131327908754,0.0,131,269,271,236
TAGGCATCAGCATGAACAGCACCAGATT,TCAAAGCATGAAAAA,-0.011521842449077599,0.0,157,294,188,216
GCTCCATCCGCATTGCCATCGGCACTGG,TTTTGCATTTAGGCG,-0.015289461145689022,1.0430612016803025,153,260,231,188
AGGACAAGGGCAGATTCAATGTCAACGG,GTGTGATTACTAAAT,-0.01862232272437956,1.2660783458679816,152,285,250,169
CACACAATAGCAGTCCCAGTCGCAAAAC,GTTGGGCGCTTAAAG,-0.018086172633576137,14.030744461513223,154,293,240,174
CATTCACAGTCAGCCTCAACGTCATGTC,TCAAAGCATGAAAAA,-0.018257206640756005,0.0,137,324,213,154
GTCGCAGGCACACAAGCATTACCACAGC,AAAAGCGACATTTCT,-0.011449437043925337,0.0,132,298,214,182
CGCGCATTGGCACCCTCATCGACAGCGA,AGAAGACGACGATGA,-0.00319659038655736,0.0,124,275,191,219
GAAACACAAACATCTGCAGGGACAAATC,ACAGTTGACGGACAG,-0.00173074045663999,0.0,123,242,232,227
CAACCATACGCACCATCATGAGCATCTA,ATATTGAGTAAGTAC,-0.009954557874696552,0.0,138,285,188,199
GAGTCATCGTCACAGGCAACCTCACAGA,ACAACCTACCTGCTA,-0.004644471715976128,0.0,123,293,210,208
TGGCCAGCTCCAACAGCATTGACATGCA,GTTAAATCAACAGTT,-0.09394999867363633,0.0,293,316,110,34
TGACCAGGCGCAAACGCATCGACAACTG,TCAAAGCATGAAAAA,-0.026267036394672778,5.4646536228483455,181,253,189,160
TATGCACCGCCAAAAACACCAGCAGTCG,ACAAGTTTTACAGTT,0.0028539239530569692,0.0,102,253,211,216
AGTGCACTAGCAGGTTCAGGTCCAGAAT,CATTTATGGCTATCT,-0.0018541270819593554,5.0582413611364245,124,231,189,228
GAGTCAGGGTCACCTACAATCCCAAAAG,CTCGCTAATACTCCT,-0.004284814801930125,0.0,117,255,199,200
CATCCAGTGTCAGGTACATTGACAGCTG,TATGCCCTTCTTCTG,0.0040940688733348335,0.0,96,233,222,211
GTGTCAGAGTCAAAGCCAGACGCATCTG,TTTATAAATCAATAG,0.007217051208490034,0.0,87,244,224,210
GCCGCATGACCAACTGCAAGCACACAAG,GGTGGAAGTAGCAGT,-0.09477401067107505,0.0,265,228,104,30
CTACCATACTCACACGCATAATCTAGGG,CTTGATCAATCAAAA,-0.013598934298679007,0.0,123,212,212,159
TACTCAGAGGCACATTCAGTGTCAAAGT,ATTATCAAGTGCCAG,-0.012910151851899277,0.0,122,222,191,161
AAAACAGCATCACATGCAGGTACAGTGG,TCAAAACGGAGTGTT,0.0013296000191794627,0.0,87,223,191,176
GTGACAGACGCAGTACCAGCGGCAGTCG,AGTGTATGATAATAT,-0.03200506962340068,1.782690909113171,172,187,149,128
CAGGCATGTACAGTAACAAGAGCACTAG,ACCACCGGTCCTGCC,-0.02077293816338106,0.0,118,208,185,123
GTTCCAATTACAGCGCCACATACAGGAT,GAGTGCTTCAAAGTT,0.0022783544593020975,0.0,86,179,211,179
GTTGCAGTCGCAAGCACAGGTCCACCAA,TCAAAGCATGAAAAA,-0.0027265727172757367,0.0,91,211,151,163
CGCCATGCTCATCGCCAAAGTCACGAG,AGAACATCATCTACA,-0.01089803139183237,0.0,112,192,186,157
GGACCAGTATCAGTATCAAGTGCAACGT,GTGTGATTACTAAAT,0.009353013097974096,8.174353072800386,68,189,198,175
TAAACAACGGCAAATGCAATCACAAGCA,AGTTTATAAAAAATT,-0.03492267093547634,0.0,132,216,169,90
TATGCAGCGCCACTATCAAAAGCAAACC,ACAAGTTTTACAGTT,-0.00233269226871639,0.0,96,215,136,174
CGGGCAGAGCCAGATCCAACACCAACAG,TTTTGCATTTAGGCG,-0.0050043634809778526,0.0,107,203,130,179
GGGTCAAATCCATGTCCAAAAACACATC,GTTTAGCTTCCGTTG,0.003418909230182747,2.1253063184199164,78,185,175,168
AAACCATTACCAGTGTCAGTTCCATGGC,ACAGTTGACGGACAG,-0.004189712502516578,0.0,98,185,167,168
GTCGCACTATCAAGATCATTCGCATCAG,TCAAAGCATGAAAAA,-0.008231755836940196,0.0,108,195,146,164
GGAACAAGCGCACTGACAGGCTCATAAC,TTTTGCATTTAGGCG,0.007593073579075068,4.410931756609898,68,198,178,166
CTGACACACTCAGCTGCACGGTCACCAG,AAAAGAAAAATGTAT,-0.007938978616739593,0.0,94,198,157,144
GAAACACGTTCAACAACACTCACACAGG,AAAAGAAAAATGTAT,-0.012395480128532843,0.0,97,180,175,130
GGACCACGCACAATCTCAGTGCCAAATC,TCAAATGATGAGGAT,-0.016447205173360513,6.254689621922807,91,208,166,108
TGGACACCCCCATAACCAAAGTCAGTCT,ATTATCAAGTGCCAG,-0.0038213846296304504,0.0,90,184,146,156
AACACAGATCCAAGCTCAAGTGCAATAA,AGAAGACGACGATGA,-0.011643440026902282,0.0,89,193,144,122
TTATCAAGCACAGAGACAACGGCAGGGT,ATATTGAGTAAGTAC,-0.011865079805285719,0.0,94,171,147,128
CTGCCAGTTGCAAAAGCAAGGACACTGG,ATTATCAAGTGCCAG,-0.005785577437384201,0.0,82,168,148,134
GACACAGAGCCATGACCAAAATCACCAC,TATGCCCTTCTTCTG,0.009937429056695436,0.0,63,155,155,165
TAAGCAGAGTCATCCCCAAGTACAAAAC,ACAAGTTTTACAGTT,-0.017408917858880536,2.34652954473313,98,172,124,113
TATGCATAGGCATCCTCAGTACCATGGC,ACCACCGGTCCTGCC,-0.00497406241618971,0.0,86,118,149,144
CAGACAACTCCAGGATCATTCCCACCGT,TCAAAGCATGAAAAA,-0.024824352782724036,4.100777790067923,104,148,86,96
GAGGCATGTACAGCGGCAATGCCACCAG,GTTGAACTGGTTGTT,-0.043866264881087656,0.0,117,180,68,61
GCGACAACAGCACTTACAAACTCACGCG,CTTGATCAATCAAAA,-0.01256686011188013,0.0,66,155,151,88
TTGTCAGTAGCATCAACACGCTCAAGATG,GTAATCTGACTCTAG,0.012358183707946451,14.396014486968397,49,152,109,138
ATTGCAACGTCAATGACACAGACAGGAA,TCTTGGAGGTGAATG,0.00932579110108891,0.0,56,108,140,144
GCCCCACTAACAGTCTCACATCCAAATC,GTAATCTGACTCTAG,-0.021431596305725966,0.0,91,147,86,93
TTAACAGTGACAACGACAACGACACTTC,TGATCATCACGGGAC,-0.02052992372129175,0.0,80,143,115,84
GGGGCAGTACCAAAGACAAGCGCATCGT,ATTATCAAGTGCCAG,0.0009486434917253586,0.0,60,97,139,120
CTTGCACCCACAGGCACACCGTCACTTT,GTGTGATTACTAAAT,-0.0022901481233962295,0.0,54,154,79,98
GTTGCATTTGCAACTACATGAACACCAC,GAGTGCTTCAAAGTT,-0.004189712502516578,0.0,70,126,93,120
GCGACACGTACAAACCCAGGGACAGTTC,AGATTCATCCCATGG,-0.030263939522971062,0.0,88,144,77,69
ATTGCACCAACAGCTGCAACCTCACCTA,GCCCTCGAAACCTAT,-0.010156171392559258,0.0,60,103,116,86
GATACATAGGCATTGTCAAGCCCAGCCA,CAAGGATCCCCGTAG,-0.03296425146645877,0.0,65,124,109,47
AGAGCACCGCCATTAACAACCTCACATA,TCGATAGAATTTACT,-0.018597330012749286,2.8594500202775635,71,117,91,79
ACCGCAGTGGCAAAGGCAAAGCCATCAGG,CTTGCAAGTGTAATT,-0.020489248507784132,0.0,78,95,106,82
CTGTCACCAACAAAGCCAGGGACACGAA,GTTTAGCTTCCGTTG,-0.0125668601118801,0.0,57,105,102,76
CCCTCACTACCATAAGCATCTCCACACT,GTTAAATCAACAGTT,-0.09272899151569554,0.0,108,157,46,13
ACCCCAAGTACAAGAGCATTTCCAGTAG,CCAACACAGGCTTCG,-0.011817764916811494,6.987825746406543,66,93,80,90
GTGCCATTACCAGGAACAGAAACAATCA,ATTATCAAGTGCCAG,-0.0008733035928701147,0.0,47,98,100,89
GGCTCAAACACACGTCCATGCACAGGGA,TCGATAGAATTTACT,-0.0021856548298838513,0.0,39,116,114,71
GGTACAAGATCAACGTCAGCTACACATC,TAGACGGACATCTTC,0.03149166788753053,0.0,26,95,74,130
GGTACAAGACCACCCTCAGGTCCAGCAG,ACAGTTGACGGACAG,-0.005972668667549457,0.0,48,96,67,78
AATCCAGGAGCACAAACACGTTCAGGTC,AGTGTATGATAATAT,-0.017849204810939285,0.0,58,103,65,66
AGGGCAAGTTCAGGGACAAGTTCAGCTC,ATGGCGATGGTCTTG,-0.032232291589370576,0.0,46,126,71,34
CTTTCAGGGGCAAAGTCAATTGCAAGGG,ACCACCGGTCCTGCC,-0.014276636591465164,0.0,45,101,75,57
AGCTCAGTTACAGCGTCACCGGCATAGT,CATTGTCGGACGCTT,-0.04475225280791136,0.0,65,108,49,33
GACTCACTTCCATAACCACTATCATGAG,TCAAAACGGAGTGTT,-0.00497406241618971,0.0,43,92,73,72
GTGACACTCTCAGCTCCACGCACACGTG,GTTGAACTGGTTGTT,-0.03019499775416906,0.0,42,95,67,33
AGTACACGATCATCACCAACGTCATTCA,GAACTCAGGTTCCAT,-0.014718144149799163,0.0,40,66,84,50
ATGGCAAGTTCAGGAACACGCGCATCAC,GAGTGCTTCAAAGTT,0.005835425964787856,0.0,38,69,53,88
CCTCCACGACCAGCGGCATTTGCAGGTG,ATTATCAAGTGCCAG,-0.007172092596866316,0.0,37,76,59,58
AATGCATTACCAACGTCACGGACAAGGA,CATTGTCGGACGCTT,-0.03413539589053605,0.0,53,72,63,37
TGGGCAGCTTCACTGCCATCGACAGGCA,GTTTAGCTTCCGTTG,0.0023877158872323365,3.2599471975464667,34,50,74,71
TCTCCATAAGCAGGACCAATTCCACCTG,CCGTTAGTATCGCTA,-0.07199733651614361,0.0,71,72,33,8
CGGGCAGCGTCACTTTCAGGCTCAGTAA,CCGTTAGTATCGCTA,-0.057443160995419816,2.15451741101748,49,78,28,17
CCAACAAATTCAGCAGCATCCCCAGCGA,ATATTGAGTAAGTAC,-0.003870730801978225,0.0,26,70,77,45
TCTACATTACCAGGGGCAAATGCAGTCG,CATTTATGGCTATCT,-0.02079552937626433,0.0,48,76,43,50
ACATCAATTCCACATACAGACTCACTGA,CCGTTAGTATCGCTA,-0.1257162024072762,1.747181845893806,63,86,10,4
TTAACAACCTCACCGACATGGGCACCCA,CTTGATGGCTGAAAG,-0.0241176125277039,0.0,35,94,59,33
GAGGCAAGAGCATGAGCAGATGCAATAT,TCAAAGCATGAAAAA,-0.010267097728981739,0.0,35,82,42,50
ACGCCACTACCAGTGTCAACCACATAGA,TCAACAACCTATGCA,0.009177312756109557,0.0,25,56,58,64
CACGCATAAGCAATCGCACTGGCATCAA,CGAACAGAAACACAA,-0.04236078931261669,0.0,44,66,35,24
TGGGCAGGATCACCAGCACGTGCACAAT,GTTGAACTGGTTGTT,-0.044316792836585475,0.0,47,66,38,7
GGACCAATGACATTACCAGGGGCAAATA,TCAAAACGGAGTGTT,0.015196777319289997,0.3625373826961322,15,58,61,46
CCGGCACGGGCAACATCACGGTCACAAA,GTTCAGCTTTGATCG,-0.0286281296749714,0.0,34,77,32,28
CGGTCATGAGCATGAGCATGCTCAAATG,ATAGTCGATTAAGAT,-0.039449388974111745,0.0,42,58,26,25
TTGGCAAGTGCAAAACCATCGGCAACTC,CTTGATCAATCAAAA,-0.04971221496642176,8.380357525369732,32,73,43,14
CGGCCACTTCCAACAGCATGTTCAACAG,AGTGTATGATAATAT,-0.009054842923285874,2.4082126106811756,27,50,51,40
TGTGCACCTGCATCTTCAACCGCACTAC,CTATGCATTTACTCA,-0.05269928692274465,0.0,45,46,38,18
GAACCAGTGGCAACCTCAAAATCATAAC,CTTTCTTGTGTATTT,-0.06427933049452472,0.0,46,56,20,13
TCAGCAAGTACACGCTCAAGAACAATCG,TCGATAGAATTTACT,0.025923198398758313,7.043748664587497,13,36,46,55
TTCACAGGATCATCGGCAAGGTCAGATA,ATTATCAAGTGCCAG,-0.02079552937626433,1.1583345257163273,24,50,44,25
CTGGCACTGCCATCAGCATCAACACTTA,AAAAGCGACATTTCT,-0.013779114917575967,0.0,21,59,40,27
GAGCCATTGTCATTTCCAGGGTCATGGA,GCTAATTTCAAGAAT,-0.06759975729011257,0.0,43,47,25,11
TTGGCAAAGTCACCTGCAAAGACACCTG,CTTTCTTGTGTATTT,-0.07520613584107338,0.08982056585782061,39,53,17,7
TAGACAGAAACAGTAGCAATGGCAAACA,TCTTGGAGGTGAATG,0.0018619426313292164,0.0,18,30,18,37
ATGACACTTGCAACAACATGGCCAAGCC,CAAGGATCCCCGTAG,-0.038848772124022435,0.0,33,25,26,20
TATGCAGACTCATATCCACGGCCAAAGC,CCAACACAGGCTTCG,-0.0010721772354891277,0.1316226927385742,17,26,38,32
GCCCCATCCACACTCGCACTTCCATGAT,CTCTTGAGAATACTT,-0.21189895598566041,0.0,40,11,4,1
GCGACACAAACAAGATCAGCACATAAT,GAGAATGAAGGACAG,-0.07056866789394078,0.0,23,54,11,9
TCCGCACGTCCATCCACAGGTCCAACAG,GAGAATGAAGGACAG,-0.07077676328359002,0.0,43,27,18,10
CGTGCATACCCAGTATCAAGGACAAAAC,CTAAGCAGTCTTCTC,-0.07179572333974664,0.0,30,34,14,5
ATAGCATCTTCAGTGGCATGATCAAGAG,ATTATCAAGTGCCAG,0.01095212990673662,1.3627857361331621,10,27,35,27
AATTCAGAACCAAGGACAACCCCACTCT,GTTGGGCGCTTAAAG,-0.017497531114434212,3.191906351032685,20,41,19,23
CCAACAGCCACATTGCCAGGGGCACCTG,CTTGATCAATCAAAA,-0.016078877300474356,0.0,20,20,26,24
TCGTCAAACTCAAGTACATTAGCACAGA,ACAAGTTTTACAGTT,-0.005608366316476492,0.0,14,34,16,23
CCATCAGTGACAGGAACACAGTCAGTAC,GTTGAACTGGTTGTT,-0.0039548018176768,3.6702245057239793,20,44,9,2
CATGCATCGTCAATTCCAGGAACAGATC,GAGTGCTTCAAAGTT,-0.02215626252693946,3.4488979270232107,13,33,20,13
TCGCAGATCCACAGCCAATCACAGTCC,CTTGATCAATCAAAA,-0.01737540605165685,0.0,9,25,25,15
GTGCCATCAACAAGAACAGTCCCAATGC,GTTTAGCTTCCGTTG,-0.028420694954510495,4.413934586550397,18,28,20,9
TAGGCAAAGACAGTTCCAAGCGCAAAC,CTATGCATTTACTCA,-0.014405596696802546,0.0,17,15,25,9
GCACCAAGTGCACTGGCAAGCACATAAA,CTTTCTTGTGTATTT,-0.05831254499229148,0.0,18,29,11,1
CGGGCAGCTACAAACACATGTCCACATC,TGATCATCACGGGAC,-0.016587793038167275,0.0,11,34,12,13
GGGACAGATGCAGGTACACCTTCAGTAC,GAACTCAGGTTCCAT,-0.04979163991925424,0.0,22,29,7,10
TAAACATATCCAACGACAGGATCAGAAG,AGTGTATGATAATAT,-0.013415465331993648,0.0,12,28,18,3
TTTCCACGGCCAAACACACGCTCAACTA,CTAAGCAGTCTTCTC,-0.03738024925005499,0.0,16,21,6,12
TCACCAATGCCATACACAGATACATAAT,CTTGATCAATCAAAA,0.0025749822973731274,0.7968101986031115,10,17,14,21
AACACAGAATCAGCGCCACTGGCAGCAG,TCATAGGTATCTCGC,-0.1616462738905309,0.0,22,10,5,1
GGCGCAGATACACAAACAATTGCAGGAG,ATATTGAGTAAGTAC,-0.0011593424303443442,0.0,12,18,23,9
TGTCCAGCTACACAGGCAAGGACAGGCT,GTTGGGCGCTTAAAG,-0.009076149177943737,0.0,9,24,16,17
AAATCAAAACCACACCCAAGAGCATCCC,CGTCAAGACCTTCTA,-0.05656411140735478,0.0,20,26,8,6
GAGGCATAGGCATGTCCACTCGCAAAAC,CGATGATGATGATGA,0.021284088360017238,0.0,3,20,16,26
CTTACAAGCACAGCGGCATGTACAGCAG,CTTGATCAATCAAAA,-0.026533678555368125,3.020076824527166,13,19,15,5
GCAACAGAGTCAAACGCAACATCATCAT,CTTGATCAATCAAAA,0.008165875136642672,2.9728730933186682,3,16,24,16
TGGACATTTACAGTCTCAGGAACATCGT,CATCAATGAGGCAGT,-0.10356447433192843,0.0,16,13,2,0
CTAACATGCCCAAGCAGAATCACGGG,GAGAATGAAGGACAG,-0.04280479857709958,0.0,12,23,10,3
TGGTCAGCTCCACGGACAGGCGCAAACT,CTCTTGAGAATACTT,,0.0,23,8,5,1
TCCACATTAGCAGTCCCACAGTCAATCA,CTTGCAAGTGTAATT,0.015112084955340386,0.0,10,8,27,3
GGCGCAAACTCAAAATCAACATCAATTG,GTTTAGCTTCCGTTG,-0.05766909502601343,0.0,14,18,2,3
GTTACATTGTCAAGTCCAGAGCCAAAGG,CTCTTGAGAATACTT,-0.12026988279824499,0.0,16,11,0,0
AGGCCAATCTCACGGCCAGTAACAAAAT,CATCACCGTGCTCAT,,0.0,15,3,3,0
GTACCACCGTCAAGGGCATTGACACCAC,CTAAGCAGTCTTCTC,-0.029784994704957532,0.0,10,5,11,4
TGGACAACTGCACAAGCATGATCAGGCA,AAAAGCGACATTTCT,0.012829592586077786,0.253269023907734,8,12,9,13
TTCTCATCCACACCACCACGGACAGCTG,CGCGATCAATCCTCT,,0.0,8,11,3,6
TTCGCATTGTCAGCGACACGGTCAGCTC,CTATCAAGGCTTAAT,,0.0,8,16,8,4
GGCACAACGACAAGTACAACTGCAACTC,AGTGTATGATAATAT,-0.13388310023070296,0.0,20,12,3,0
GGTTCAAGGCCAAGCGCAAGGGCAATAT,CTAAGCAGTCTTCTC,-0.09021133506947615,0.0,14,13,2,0
GTATCAAGCTCATACTCACAGTCAGGTA,GTTTGTTTTGGGAAA,,0.0,7,6,5,1
CACACATCAGCAACCTCAATTACAACGA,TCATAGGTATCTCGC,,0.0,17,3,2,0
CCCACAGTAACAGCGACAAGGTCATGAA,GAGAATGAAGGACAG,0.015504026833627015,0.0,5,14,3,16
CAAACATAGACACCTCCAAAAGCACGCG,AGAACATCATCTACA,0.041455164704801664,0.0,3,7,10,15
CTCGCAGGTTCACGGGCAAAAGCAATTG,ATCGTTGGCATTTGG,,0.0,21,9,0,0
GGCACAGGCTCATAGACATTACCAAAGT,CGAACAGAAACACAA,,0.0,6,14,3,7
TCGGCACGAGCAAAGGCATCCGCATCAG,CTAAGCAGTCTTCTC,,0.0,7,10,5,0
CTCACAGCATCACAATCAACCACATCGG,TAACCTCGCGCTGAG,-0.05868433217241509,0.0,11,14,6,0
ATGACAGTTTCAAAGCCAGAAGCATTTC,AGTTTATAAAAAATT,-0.07409940015514098,0.0,11,12,6,1
CATACATGGGCAAAGGCATACCCATTAC,CGAACAGAAACACAA,,0.0,15,5,1,1
GAAGCATCGACAAGCACATAATCAAACA,ATTATCATCGCCATC,,0.0,8,9,5,1
TGCGCACATGCAAGTTCAGCAACAAAAC,GTAATCTGACTCTAG,,0.0,7,14,2,3
GGCTCATTGACAGAGCCAAAGCCATACT,TAATATTGTTTTGCG,,0.0,11,4,0,0
GGGTCATGAGCATCACCACACGCAACTT,TACACCAATTACACT,,0.0,9,1,1,0
GTAACATGCACAGCGACAAAGCCACTCT,CTAAGCAGTCTTCTC,,0.0,2,6,5,7
ACCCCATCTGCAGTGGCATTTGCACCAC,GAGAATGAAGGACAG,,0.0,8,8,1,0
TCCTCAGTTCCAAGGCCAGTACCACCCA,CATTTATGGCTATCT,,0.0,4,13,3,0
CTCTCAAACACAGAGTCAGTATCAAAAA,TAATATTGTTTTGCG,,0.0,3,1,5,0
CTAGCAAAACCAAATGCATCAACATCTA,CTCTTGAGAATACTT,,0.0,6,0,0,0
GTACCATAGGCAGTTGCATGGACAGTGT,ATCGTTGGCATTTGG,,0.0,9,6,0,0
GGCTCAGCGTCACTTTCAGGAGCATTCG,TTAATTAGAGGTATG,,0.0,5,6,8,1
GCGACACAATCAAATGCACTTACATCGC,CTTGATGGCTGAAAG,,0.0,13,4,0,1
CTTGCAAGAGCAACACCACGTGCACTCA,AAAAGCGACATTTCT,,0.0,3,13,2,0
TAAGCACAATCACCATCAGTGGCACGAC,GAGAATGAAGGACAG,,0.0,5,10,4,0
GCAACAACTCCACTAGCAGAGGCAGAAC,TCGAAAGCACAGTAG,,0.0,3,6,0,0
ACATCAGTGTCAGAGACATCTTCAATCG,CTTGATCAATCAAAA,,0.0,1,7,0,9
AGCTCAAAGCCACTTGCATTGACAGAAT,CGCGATCAATCCTCT,,0.0,3,9,3,4
CACGCAAAGCCAGATACAGGACCAAATC,CATTTATGGCTATCT,,0.0,0,0,12,7
GGACCAAGGACAAATGCACTACCATAGA,GAGAATGAAGGACAG,,0.0,4,5,3,0
ATGGCATCCGCAGTGCCAGCAACAGCCG,TCATAGGTATCTCGC,,0.0,4,3,1,0
GAGGCACCATCACTACCACCAACAGCTA,CTCTTGAGAATACTT,,0.0,6,2,0,2
TCTACACATACAAATACAACAACATAGT,TCAAAGCATGAAAAA,,0.0,2,1,1,13
GCCGCACTAGCAGAATCAGGTACATGGC,CCAACACAGGCTTCG,,0.0,1,0,11,3
ATCACAGGAACATGTACATCTCCACCAC,TAATATTGTTTTGCG,,0.0,6,3,0,0
CATTCACTTTCACTAGCACACACATGAG,TCATAGGTATCTCGC,,0.0,6,3,0,0
CAGCCAATAGCACGTACATTGTCAATCG,CATATGCATTCCTTG,,0.0,6,1,1,0
TGCTCAGGTACAAAGCCAAGAACAAAGT,TCGATAGAATTTACT,,0.0,2,7,3,2
AAGGCAAACCCACCTTCACAACCAGGGA,AGTGTATGATAATAT,,0.0,2,2,4,6
AGACCAGCTGCATTAACATCATCAACGT,GCAAGAAAGAAACCC,,0.0,3,0,0,0
CGCTCACGCGCATGAGCATTTCAGGAT,ATTAATACTTTGCAG,,0.0,5,4,0,0
GCACCAATGGCAATCTCATGTCCACCGG,TTTTGCATTTAGGCG,,0.0,5,1,0,7
GTGTCAGGGTCAAGCACAGAGTCAATCA,GCTGCGGAGCCTCAG,,0.0,3,4,0,0
ATAACAGGGTCAGGTGCAAGATCAGCCT,TAATATTGTTTTGCG,,0.0,4,3,0,0
AACTCAGCCTCAATAACACGAACAAAGG,GTTGGGCGCTTAAAG,,0.0,0,0,7,4
GGGGCAACAACAGTCGCACTACCACCCT,CTAGTTGTATAGCCA,,0.0,4,1,0,0
GTGACATACGCATGTTCAAACGCACGTC,CTAAGCAGTCTTCTC,,0.0,2,3,1,0
AACCCAGCAACAATAACAGATACAGGGG,CTAGTTGTATAGCCA,,0.0,2,3,0,1
AAAGCACGTACAAACGCAAATGCACTTG,GAGAATGAAGGACAG,,0.0,3,0,0,0
ACCCCAGGATCAGGAGCAAGTTCATGCA,GTTTAGCTTCCGTTG,,0.0,1,1,3,4
CGCGCAGCGTCAGGATCATCCACAGCCA,ACAGTTGACGGACAG,,0.0,1,1,7,1
AACACAGGTACAATGGCACAAACATGTG,AGTGTTAATCAGACC,,0.0,0,1,7,2
TGCCCACATTCATTGACAACAACAGGGC,CATCAATGAGGCAGT,,0.0,5,0,0,0
GGGGCATGATCAAATACAGGAGCAAATA,ACAGTTGACGGACAG,,0.0,0,7,0,1
GCTCCAGACGCAACCACACAGCCACCTG,CGAACAGAAACACAA,,0.0,1,2,3,1
CTCCCACACACATGGCCAGGACCATCAA,TCAAAACGGAGTGTT,,0.0,0,0,7,1
GCCGCATCCACAACACCAGTAGCATCAA,CGTCAAGACCTTCTA,,0.0,1,4,1,0
AACACAGTGTCAGTCCCAATAGCATAGA,AAAAGAAAAATGTAT,,0.0,1,3,4,0
TGAGCACCTCCATTCACACCGCCACCGG,GTTGGGCGCTTAAAG,,0.0,0,0,7,1
CATTCAGGCGCAGCAACAGACACAGTAT,CTAGTTGTATAGCCA,,0.0,2,0,0,0
TCACCACTCGCAGTCCCAATATCATTAC,TCATAGGTATCTCGC,,0.0,3,0,0,0
GACCCAGGGGCACGTTCACGAGCAGATC,GCAAGAAAGAAACCC,,0.0,4,1,0,0
CGGTCACTAACAGAGACAGAGACAACAG,AGTGTTAATCAGACC,,0.0,0,0,4,3
CAGGCATGACCAACTTCATGAACACGGC,CTAGTTGTATAGCCA,,0.0,0,1,0,0
AATACACACGCAACTCCAGGGGCAAGAT,AAAACATTATCAAAG,,0.0,3,0,0,0
GTTGCATCTTCAGCGCCAGTCGCACCTA,TCAGAGCATTGGCCT,,0.0,0,1,4,1
CTACCACTCCCAATGACAAGACCATGGA,AGTGTATGATAATAT,,0.0,0,0,2,1
TGGGCAAGATCAGGGACACTCACAAGAG,CTAAGCAGTCTTCTC,,0.0,3,0,1,0
GGGCCATACGCATCAGCACACTCAGTAA,CTAAGCAGTCTTCTC,,0.0,0,3,2,0
AACGCAGTCACAGTGCCATTAGCACATT,TCAAATGATGAGGAT,,0.0,0,0,5,0
GGCACAAAAACAGTAACAGTGTCATCGA,TTATATTTATTTGCT,,0.0,0,0,2,3
CAAACAAAAACAAAAACAAGGGCAAGAT,GTTTAGCTTCCGTTG,,0.0,0,0,5,0
TAAGCAAGATCACGGTCAGGTACATAGG,GAGAATGAAGGACAG,,0.0,1,1,0,0
ATAGCAACGACAAATCCACGGGCAATAC,CTTGATCAATCAAAA,,0.0,0,1,0,2
GGTTCACTCTCAGGAGCAGGTTCATGAT,CTATGCATTTACTCA,,0.0,1,2,0,0
TCACCAATAACACTAGCACCTACAGCCT,AAAACATTATCAAAG,,0.0,1,1,0,0
ATTGCATAGTCAAGATCATCGCCATAGG,ATTATCATCGCCATC,,0.0,1,0,0,1
GGTTCAACGCCATTACCATCGTCAACGT,CGCGATCAATCCTCT,,0.0,1,0,0,0
GGCACAATTGCAATTTCACCGACATGAA,GCAAGAAAGAAACCC,,0.0,4,0,0,0
TGAACACGTACAGTAACAAAAGCAATAA,ACAACCTACCTGCTA,,0.0,2,0,1,1
TATCCAATCACAATCGCACTCTCAAACC,TCAACAACCTATGCA,,0.0,0,0,4,0
TTAGCACACCCACGATCAGAGCCAGGAA,ACCACCGGTCCTGCC,,0.0,0,0,3,1
GTGGCAGTGTCAGATACAATGCCACAAA,ACAGTTGACGGACAG,,0.0,0,0,2,2
CACGCATCCGCAACAACAACTGCAGCCG,GGTTGCCCAGAAGTA,,0.0,0,0,2,2
ATACCAAACCCATGGGCACGAACAGCAT,CTAGTTGTATAGCCA,,0.0,2,0,0,0
CAGGCAGGACCACACACATTAGCAAAAT,GCAAGAAAGAAACCC,,0.0,1,0,0,0
GAGCCACGGACATTGTCACTAACAATAT,GCAAGAAAGAAACCC,,0.0,2,0,0,0
GATACAGAAGCATTGGCAACTCCACGAG,TAGACGGACATCTTC,,0.0,0,1,0,0
TAAGACAAGCGCAACCGCAATTCCATCGC,GCTGCGGAGCCTCAG,,0.0,2,0,0,0
GTAACAATGTCAGGATCAGAATCACCAC,GTTGGGCGCTTAAAG,,0.0,0,3,0,0
AGGCCAGATCCAACGGCAGCGTCAATTA,TCTTGGAGGTGAATG,,0.0,0,0,3,0
AACTCATGTCCAAAAGCATTTCCAGGGA,CAATCTTGAATTGAT,,0.0,0,0,2,1
CACGCATTCTCATGGTCACGGACAAATA,TCAAAACGGAGTGTT,,0.0,0,0,2,1
CGGTCATCCGCACGGGCAGACGCACCTT,TGATCATCACGGGAC,,0.0,0,0,1,0
TGGCCACGACCATGATCAGCCTCACTCT,GTTTGTTTTGGGAAA,,0.0,1,0,0,0
AGTGCACTGGCATAAACACCACCATACT,GTTGGGCGCTTAAAG,,0.0,1,0,0,0
GGGGCAGATCCACGTTCATCCTCAGCAT,CTTGCAAGTGTAATT,,0.0,1,0,0,0
GGGCCAGTTACATTCACACGGACAAACG,GTAATCTGACTCTAG,,0.0,1,0,0,0
GGCGCAATCTCATTGGCATATCCAGCGG,ACAGTTGACGGACAG,,0.0,0,1,0,0
ACTACAGCTCCATCGGCACGCTCAAGCT,GTTGGGCGCTTAAAG,,0.0,0,0,1,0
TCACCAAGACCAGTAGCAGTGCCAATCT,CCAACACAGGCTTCG,,0.0,1,0,1,0
CCTACATGCTCAGAACCAAAGGCACGAC,CTAGTTGTATAGCCA,,0.0,2,0,0,0
AATTCAAGGCCATCACCATGCTCAACAG,GCTGCTTATGAGGAT,,0.0,0,0,2,0
ATCCCAGGTGCAGCAACAGCAGCAGGAA,ATGAAGTTCATAATG,,0.0,0,0,2,0
TTCACAAGCACAAGCACAGCTACAACAC,TGATCATCACGGGAC,,0.0,0,0,2,0
AGTTCAGTAGCACAAACAGGGTCAAGTC,AAAAGAAAAATGTAT,,0.0,0,0,2,0
TGGTCAAGCACAGTAGCATCGGCACATT,CATTTATGGCTATCT,,0.0,1,0,0,0
TGGTCAGGGACATGATCAGCTTCAATTG,AAAAGCGACATTTCT,,0.0,1,0,0,0
CCCGCAATTACACAGTCAGAGTCAGGAA,TATATTGAACTTTAC,,0.0,1,0,0,0
TTTACAGAAACAAAGACAAGGACATGAA,CTAAGCAGTCTTCTC,,0.0,1,0,0,0
GGCTCACATACACCACAATACCACTCG,GAGAATGAAGGACAG,,0.0,0,1,0,0
GTCTCATGCACACGAGCAGATCCACATT,AGTGTTAATCAGACC,,0.0,0,1,0,0
ACCCCAATGACAACTACAGGGGCACATT,CTAAGCAGTCTTCTC,,0.0,0,1,0,0
CAATCATCCGCAAGAGCATTGTCACACG,CTATGCATTTACTCA,,0.0,0,0,1,0
TGACCAACGACACCGGCAAGGCCAGTGC,TCAAAACGGAGTGTT,,0.0,0,0,1,0
GAACCAAAGGCAGAGCCAACGTCAGTAG,CCAAGACCGTGTAAA,,0.0,0,0,1,0
GAAACACAGCCAGATCCACTAGCAGCAG,CTTGCAAGTGTAATT,,0.0,0,0,1,0
ACGTCAGGTGCATTACCACAGGCACTAT,GCTGCGGAGCCTCAG,,0.0,0,0,1,0
CTGGCAAACCCAATACCACCGCCACGAA,GTTCAGCTTTGATCG,,0.0,0,0,1,0
CAAGCAGTATCAACAACACCCTCAAAAA,ATTATCAAGTGCCAG,,0.0,0,0,1,0
