BC,Edge,s,LL.ratio,TP1-1-T1,TP1-1-T2,TP1-1-T3,TP1-1-T4
GGTTCACTAGCAAGATCAAGTACAGTTG,CTCGCTAATACTCCT,0.014096809018887916,0.0,1993,5219,5527,6310
ATCGCACATGCATAGCCAAATCCATACG,CTCGCTAATACTCCT,0.007960440601692268,0.0,1488,3408,3488,3919
AGATCAGCTGCACTTTCAGAGGCAAAGA,CTCGCTAATACTCCT,0.007144303057564551,0.0,1435,3508,3404,3688
TCAACATACTCAGACGCAGTCACACGGC,GTTGGGCGCTTAAAG,0.0019970882207138423,0.0,1651,3330,3285,3636
TGCACATAAGCAGGTCCACCATCAAGAT,ACAGTTGACGGACAG,0.0026009450593943227,0.0,1546,2976,2931,3467
AAGTCACTTTCATCGCAGGGTCATAGT,TTTTGCATTTAGGCG,-0.015231266676708754,0.0,1391,2575,2083,1827
GCGTCAACAGCAGTAGCACTAACACAAG,CCAGGATGTACCGCC,0.004312104745681289,0.0,987,2125,2158,2330
CGAACATAAGCACATGCATCTCCAGTCA,ACAGTTGACGGACAG,0.0063866873978723005,0.0,855,1932,2055,2148
AATGCACGGGCACGGACACGGTCAGATT,TCTTGGAGGTGAATG,0.005539817410854815,0.0,808,1844,1803,1979
GGATCATAGGCATTGTCAGGAGCAGAAG,TATATTGAACTTTAC,0.00811583380945676,0.0,695,1803,1741,1839
CGGGCATAGACAATCCACGTACAAAAA,CTTGCAAGTGTAATT,-0.012092101645102533,0.0,1029,1977,1498,1485
CAAACATCGACACATGCAGCTCCAAGCT,TCTTGGAGGTGAATG,0.004167372366283262,0.0,759,1652,1548,1784
ACGTCAAAAGCAGCTCCATGAGCACAAC,TTTATAAATCAATAG,-0.0032029396497163486,0.0,829,1603,1543,1562
ATACCAAGTCCAGGGGCAGGGGCAAGCG,TTTATAAATCAATAG,0.0027433335052948465,0.0,694,1574,1508,1563
GCTTCATTACCAGCAACACAAGCACACG,TATATTGAACTTTAC,-0.0004636314291247923,0.0,724,1488,1464,1481
GTGCCACCGTCAATTGCATACACAAACG,TTTATAAATCAATAG,-0.007149287915178333,0.0,745,1355,1174,1247
CCTGCAGTACCAGAAACATATGCACCTC,ACAGTTGACGGACAG,0.00542813022521232,0.0,526,1338,1190,1284
AATCCAATTGCAGCACCAGTGTCACGGG,CTCTTGAGAATACTT,0.0020433033525685484,0.0,560,1346,1202,1235
GGACCAGGGGCATTTGCAGAGTCATCAG,ACCACCGGTCCTGCC,0.0036794506410340617,0.0,509,1167,1167,1179
ATCACAGGTACAGCAACATAGGCACGGG,TCTTGGAGGTGAATG,0.012552304318255542,0.0,396,1067,994,1197
ATGGCACTGGCAACTTCAGTATCACCCG,ACAACCTACCTGCTA,0.002156384931079355,0.0,498,1029,1007,1102
CCGGCAAGCTCAAAGACAGATACATCCG,TCGATAGAATTTACT,-0.011021202721998025,12.150437766878895,565,1145,972,842
TCCACAAGAACAAGTACAACCTCAATGG,ACAGTTGACGGACAG,0.005196707851557525,0.0,455,910,913,1103
AGGGCATTTGCAAACCCAGTGGCATAGA,CTTGCAAGTGTAATT,-0.00759181479665479,0.0,514,1020,827,849
GAAGCAGAGTCATAGGCATGGGCAGTCA,GTTGGGCGCTTAAAG,0.0034950702950088766,0.0,425,855,919,979
CCTCCACGGGCAGTATCATCCACATGGA,AAAAGAAAAATGTAT,-0.008227593568558199,0.0,477,1000,876,773
AGTGCAGACTCACGGGCAAGGGCACATA,TTTATAAATCAATAG,-0.004101921901088431,0.0,458,935,852,840
ATATCAAACACAAAGTCAAGCTCAGCAC,AGTGTATGATAATAT,-0.005366863561254769,0.0,444,1032,830,784
GTCTCACAAACAGAGTCATTTTCATACC,ACAACCTACCTGCTA,-0.00279728079280015,0.0,399,924,758,761
GTTCCACCAGCAGGCGCAGAGACAAGAT,TTTATAAATCAATAG,-0.005915102348736029,0.0,441,801,810,766
TCTACAAGAGCACATACACCCACAAGCA,CTTGCAAGTGTAATT,0.012713532770400155,69.19452615518821,321,720,775,975
TGAACAAAACCAAATCCATAGGCAACCG,CCAGGATGTACCGCC,-0.0032308910814071875,0.0,443,768,750,834
CAACCAGATCCAAACCCATTCGCATTAC,GGTTGCCCAGAAGTA,0.011931995473547508,0.0,303,763,776,899
CCCGCATAGTCAGGAGCATACTCACCCA,ACAGTTGACGGACAG,0.002637383387872901,0.0,351,816,762,788
TTAGCACGCTCACAAACAGAATCACGCA,ACAGTTGACGGACAG,0.008286662231054853,0.0,332,658,812,883
GGACCAAAGTCACGACCACTAGCAAACG,TCAAAACGGAGTGTT,0.0024316064608084745,0.0,359,707,680,801
ACCGCAGCCACAGGTGCAGCCGCAAGTC,CTCGCTAATACTCCT,0.008537629118336389,0.0,306,730,662,820
CCAACAGGAACAGATCCAGGAACAAGCT,AATGATACCATTTTT,-0.01046052956629337,4.058090410093882,386,845,688,585
GCCGCAAGAACAGACACATTATCAACGT,TTTATAAATCAATAG,-0.005974864027130892,0.0,387,729,677,671
CCGTCAGTAGCACAAACACACGCAATTA,ACAGTTGACGGACAG,0.0025323570348481394,0.0,332,714,672,743
AAGCCAAGTCCAAATTCACACTCATGCG,TTTATAAATCAATAG,0.006032323080311459,10.757676997011004,315,675,637,783
ATTGCATAGTCAGCTCCAGATCCATCAC,ACAAGTTTTACAGTT,-0.03851202463415789,0.0,597,817,514,390
ACATCATGAACAACGACACATACAATAA,AGTGTTAATCAGACC,-0.005421816511129925,0.0,350,742,621,617
GCCGCACGATCAGGTTCAGGTGCAACTG,TCGATAGAATTTACT,-0.004984989065612088,0.0,360,703,578,643
CCTTCACAGCCACCAACATCAGCAGGAA,TATATTGAACTTTAC,0.0017370071048521246,0.0,297,690,612,649
TGTGCACAATCAAGCACATCGGCAACAA,GTTGGGCGCTTAAAG,0.00011873834726059344,0.0,294,688,634,612
CGGGCATAGTCACCTTCAGATTCAGTAC,TCAAAACGGAGTGTT,0.013379256251724153,11.088956723683623,223,609,662,691
CGAACACGGTCATGCACAGGATCAAGTA,AGTGTATGATAATAT,-0.004005140938561806,0.0,330,610,620,607
GTGCATGGCCAAGAACACTCTCACTCT,TCAAAACGGAGTGTT,-0.003467882510946962,0.0,306,579,596,572
ATAGCAGCCACAGCCTCACTACCAAATC,TTTTGCATTTAGGCG,-0.012553847975635272,0.0,352,676,501,501
TATGCAAGGTCACTTACATAGACACTGC,TTTATAAATCAATAG,-0.0006293919088644484,0.0,254,576,590,517
CATGCAGGGTCATTCACAGCGCCACTTC,ACCACCGGTCCTGCC,0.012141621505320855,0.0,210,577,516,627
ACTACACGGACAAAAGCAAGACCACAAA,ACAACCTACCTGCTA,0.004940611229830502,0.0,249,511,575,599
GGTTCAGCACCAGAATCAGGTACACCG,TCTTGGAGGTGAATG,0.007822770096771991,0.0,236,520,490,619
TGCACAATGACACGCGCATGTCCACTGG,ACAGTTGACGGACAG,0.005800730295285251,0.0,254,511,473,627
ATTCCAAGGCCATCATCATGGCCAAATG,GAGTGCTTCAAAGTT,-0.026691470833737217,0.0,364,588,497,339
TCTTCATATGCACCCCCATCGCCAAAAA,ACAGTTGACGGACAG,0.015607274280038136,5.929775929110292,179,516,527,593
GAGGCACAATCATGGGCATCGACAAAAA,ACAAGTTTTACAGTT,-0.018494013257527753,18.322225868328587,288,613,473,343
AAGCCAAGAGCAGCGGCAATAGCACACT,CGATGATGATGATGA,0.009356825986630969,21.083751258649045,209,484,475,574
GCCTCAACTACAGCAACAGGGGCAAAAG,TGATCATCACGGGAC,-0.02124667707625817,0.0,321,582,442,352
CCGACAGTTACAGCTGCACGTGCAAACT,TTTATAAATCAATAG,-0.027278224178720584,51.43377615197369,365,583,414,334
ACCACACAGACATAGCCAGCAACATTGT,CGATGATGATGATGA,-0.010539773457591961,0.0,293,492,487,443
AAATCAGGTACACGTCCAGTGACAAGCA,TTTATAAATCAATAG,-0.008529205203785173,0.0,269,584,418,432
ACAACAGATGCAGTCACAAGAGCAGTCT,ACAGTTGACGGACAG,-0.00480094649586061,0.0,250,510,499,449
GCCTCAAAACCAGCGGCACGCTCACGGG,TTTTGCATTTAGGCG,-0.014086809792969229,0.0,295,508,476,401
TGTGCACAATCAGGGGCACTGTCACAGT,TCAACAACCTATGCA,0.008098531608651718,0.0,197,514,460,521
AGCACAATGTCATTCTCAGAGGCAAACC,ACAGTTGACGGACAG,0.011654601903041165,0.0,191,462,465,562
TAGCCACAAGCAGGACCACAGGCATAGC,CCAGGATGTACCGCC,0.0020494117658142277,0.0,243,435,452,536
TTGACAGAAGCAGATTCACATGCAGACG,GTTGGGCGCTTAAAG,-0.002987514988539663,0.0,251,501,444,476
GTTTCAAGGTCAGCACCAGGGACAATCC,TATATTGAACTTTAC,0.0020360611979332102,0.0,205,505,446,452
ACTACATAATCACACTCAGGGACAAGCG,TTTATAAATCAATAG,-0.004025009688529169,0.0,235,478,424,432
TTGCCATGACCAGTAGCAAACACACACA,TCAAATGATGAGGAT,-0.042055866264955555,11.974265290038602,412,529,341,242
TTTGCAAATGCAGTGTCATGGGCACACG,GTACAAGAAATTTTG,0.004386722874713007,0.0,194,449,411,459
GGTGCATGGCCAAGTTCACACGCAGTTT,CTCGCTAATACTCCT,0.00825112693544514,0.0,169,440,437,449
GGGACAACAACATCTGCAAGTTCAACCT,ACAAGTTTTACAGTT,-0.03302013967084819,0.0,296,535,403,228
ATCTCATCTCCATGCACAAGTCCAGCGC,TCAAATGATGAGGAT,-0.02275218087036547,0.0,270,497,385,283
GGATCAGAGCCATTACCAAGCGCACCAA,TTTATAAATCAATAG,0.0038384405275426747,0.0,168,464,407,391
CTAACATACTCAAAACCAAGTTCAACTA,ACAACCTACCTGCTA,0.0018616294888512605,0.0,181,447,399,397
AAGTCAACGGCAAGGGCAGCTTCAGATG,ACAACCTACCTGCTA,0.007193925522968536,0.0,176,402,375,453
CCCCCACCAGCATAGACACCCGCAACCG,ACAGTTGACGGACAG,0.008199519762418447,0.0,167,401,379,443
CTAGCATCATCAGAGGCAGTATCACGCA,ACCACCGGTCCTGCC,0.003710078321137234,0.0,179,441,360,415
GGGGCAGTAACATCCGCAGAAACAAGAT,GTACAAGAAATTTTG,-0.0007032538173740397,0.0,194,472,326,394
GCAGCATCAGCAGTGTCAGGTACACTAT,CTTGCAAGTGTAATT,-0.006556010335984726,0.0,206,431,387,351
CAATCAGTGACAAGGTCATTGCCAAGTC,TCAAATGATGAGGAT,-0.022693340019546492,0.0,260,447,374,273
AATACAGAGACAGGGCCACGGGCAGGTC,ACAACCTACCTGCTA,2.3212091785855423e-05,0.0,185,377,394,384
GGTACAGGGTCAACTACAGTGACATTCG,TCTTGGAGGTGAATG,0.024669520176770505,16.631114433276707,115,367,348,500
GTGCCAAGAACAGTGGCACCTGCAGTAA,TTTTGCATTTAGGCG,-0.013917227972662866,0.0,243,395,336,332
TCGCCAACATCATGAGCACTAGCACTCC,TTTATAAATCAATAG,-0.0018950685275696138,0.0,198,369,356,388
ATCACACGAGCACTGACAAAAACAGACG,TATATTGAACTTTAC,-0.010649495903038646,16.090373729339262,215,449,299,324
GTGTCAAATGCACACTCAGCGTCAAAAC,TTTATAAATCAATAG,-0.004476632473321299,0.0,177,428,340,321
GTCTCAATCACAAATGCACTCACAAGGG,TCAAAACGGAGTGTT,-0.00460177868688878,0.0,207,340,350,374
TGAGCATGTTCAGACTCAGAAACAATCT,CTTGATGGCTGAAAG,-0.050817341320857135,0.6730246890914486,341,439,309,154
TCCGCAAGGCCACCACCAGGACCAACTA,ACAACCTACCTGCTA,0.0066702342466147995,0.0,163,326,361,413
ATGGCATCCTCAGTACCACGGGCACAAT,GTTGAACTGGTTGTT,-0.020820386711514354,0.8046968210808245,262,421,270,291
CGAACACGCTCACACACAGGGTCAGGTG,CGATGATGATGATGA,-0.0068391104595432115,0.0,190,422,323,321
TGAGCACCTACAATGCCATATGCACTGA,TCTTGGAGGTGAATG,-0.004565271407339481,0.0,183,383,331,331
TTCCCACGAGCAGCTGCACGTTCATTGT,AAAAGAAAAATGTAT,-0.0004940240060905017,0.0,183,341,330,374
GCATCAGCCACAAAGCCAAGGGCACGCT,CTACTTACAACGGAA,0.00349894899513159,0.0,158,355,332,364
GTTTCATTAGCAATTACAATTTCAGCAA,TTTATAAATCAATAG,0.005346101960031868,0.0,154,322,352,375
TCCGCAACATCAAGTACACTGCCAGGAA,ACAGTTGACGGACAG,-0.005129614635625979,0.0,185,381,301,329
GTTCCATAGACAACGCCAGGATCAACCT,CTAAGCAGTCTTCTC,-0.016503744278917012,51.23688235677014,193,426,288,244
CCGGCAAGTCCACCTTCAAGATCATACA,CTCGCTAATACTCCT,0.012041326115674272,0.0,129,296,358,384
CTATCAACAACAAGTCCAAGCTCAACAT,TCAAATGATGAGGAT,-0.03143881550179617,0.0,260,388,292,210
ACGGCAATGGCAGTTTCAGGTGCACAAT,CTACTTACAACGGAA,0.0006734617156257009,0.0,163,332,315,345
ACCACATCTGCATCGCCAGCTTCATGCG,ACCACCGGTCCTGCC,0.0010849895763690373,0.0,154,356,309,330
CCCACATCAGCATGTGCAACGTCAAAAA,CCAACACAGGCTTCG,-0.05736203661626571,0.0,353,404,234,131
AGGTCAAACACAGGCTCAGAGTCACCAA,GGTTGCCCAGAAGTA,-0.00393943558973328,0.0,172,354,294,317
GGCACAGAGCCAGCCACAGTGCCATTTA,GTTGGGCGCTTAAAG,-4.5062146153673734e-05,0.0,154,331,319,319
AAGGCAGCAGCACCCTCACCTGCATTAG,TCGATAGAATTTACT,0.005859611122244882,0.0,129,343,287,319
GGGGCAGCTCCACAAACAATGTCACTCT,CTACTTACAACGGAA,0.007823652876822977,0.0,122,363,278,320
TGCGCAGTTACAGTCACAACCTCACGGA,AGTGTATGATAATAT,-0.012411686953404511,0.0,177,317,323,253
CTATCAATACCAGAGACAAATCACAAC,GCTAATTTCAAGAAT,-0.0253105515007009,0.0,239,278,275,232
GTATCAAGGTCAGAGACAAGAACATACA,TTTATAAATCAATAG,-0.0019068391881436643,0.0,146,320,288,286
AAACCATGTGCAAACTCAATCGCATACA,TTTTGCATTTAGGCG,-0.006886473512319347,0.0,147,325,306,248
AGCTCATCGCCAAATCCAGACACATACG,ACCACCGGTCCTGCC,0.0012554929319280074,0.0,156,244,287,336
TTCACATTAGCAAAGACACTGCCAAACA,TATGCCCTTCTTCTG,-0.0006771267421998994,0.0,123,359,266,250
AGCACACAATCAGCGCCAGCTACATGGG,CGATGATGATGATGA,-0.0071590906573432665,0.0,150,345,248,251
AGGGCAATGCCACGTACAACGCCACACG,CTTGATCAATCAAAA,-0.01839278294387993,0.0,185,339,241,221
CTTTCACCGTCACGTGCAGGGTCATGAG,ACAGTTGACGGACAG,-0.003410829629330659,0.0,149,327,230,279
AATGCAAGGCCATAATCACTTACAACGC,AAAAGAAAAATGTAT,0.005754953788755938,0.0,129,254,274,318
TATGCAGGGTCAACAGCACCAACAGACC,TCGATAGAATTTACT,0.002372915999882829,0.0,132,295,245,294
GCACCAACTACACGCTCAGGGACAAAAA,TCAAAACGGAGTGTT,-0.004345833467669472,0.0,145,308,252,264
ATGCCAATATCAATGGCACTGGCAGTTG,TCTTGGAGGTGAATG,0.004384951568108299,0.0,123,307,249,291
CTGTCATGGTCAGCGCCATTGGCATATT,TTTATAAATCAATAG,-0.006928848351059994,0.0,146,297,274,246
CTACCAATGTCAGGGACAGCATCACATA,AGAAGACGACGATGA,-0.028872196658719245,0.0,188,328,239,164
GGCACAAGTGCATCGCCATAATCAATCC,TTTATAAATCAATAG,-0.01721657164317061,11.465325349339764,160,325,246,198
CAGGCAAGCACAGGCGCATTGACAATGG,TTTATAAATCAATAG,0.009821273459681838,2.815519751218744,93,288,274,259
AAAGCAAAATCACAGGCAAAAACATCAG,TTAGTCTTTCCATCA,0.00024531461541707315,0.0,134,266,238,280
GGGTCATCAACAAGAACATTCGCAGAGA,GAACTCAGGTTCCAT,-0.008219984666109322,0.0,153,282,224,248
AAGGCAGCAACAACTTCATTGCCACGTA,TCAAAACGGAGTGTT,-0.019271291396591103,15.396384452675193,159,292,235,185
TAAACAGTCACAGCCGCACCCTCAAGGT,TGATCATCACGGGAC,-0.02048403449903466,0.0,164,297,222,184
GCGCCATTACCAGTGGCAGGTCACGTC,AGTGTATGATAATAT,-2.652818218812821e-05,0.0,124,274,223,257
ACGACACATGCAGCTACACAGTCATGAG,TCGATAGAATTTACT,0.007371719862419158,0.0,97,277,251,251
CGAGCAGGTCCAAAAGCAGCGGCACTCC,TCAAAACGGAGTGTT,6.743655439715955e-05,0.0,102,259,248,212
TCGCCAGTGACAGGCGCAGAATCAACGC,ACAGTTGACGGACAG,0.005576076042040912,0.0,104,228,240,255
TCGTCAGCCACACGAGCATAAACAATAT,CATTTATGGCTATCT,-0.021608157510062467,0.0,177,249,209,192
CAGGCAGTTTCAGGGTCAGGTACATACG,CTTGATCAATCAAAA,-0.020671884123678805,0.0,147,295,203,164
TGACCATACACAGGCGCATCCACACAAG,ATTATCAAGTGCCAG,-0.009903219475324769,0.0,146,257,166,225
TTTCCAAAGACAGGTACAGCTCCACTGG,TTAATTGCACTTATG,5.3879254282144844e-05,0.0,116,226,219,241
GCGCCAACGTCAGGGGCACAAACATTAC,CGATGATGATGATGA,0.006732261308303918,5.023765448835547,91,249,217,231
AACTCATGCCCAGATTCAGGGTCATAGA,ACAGTTGACGGACAG,-0.005866502153399559,0.0,119,225,234,207
GTCGCAGTCGCAAAGGCAAGCTCATTCA,CTCGCTAATACTCCT,0.010554054917291717,0.0,111,183,176,316
TGTTCAGGATCATCAGCATTGCCACTCT,GAGTGCTTCAAAGTT,-0.013445820943393416,0.0,140,278,164,194
GAAACACAAACAGTCGCACCACCACTGA,ACAACCTACCTGCTA,0.004117382183226548,0.0,98,223,226,230
TACCCATTGTCACAAACAGAATCAGTGT,CTACTTACAACGGAA,-0.0026096764710460615,0.0,122,188,218,234
CACACACGGTCAGTCACAATGGCAGCTG,TTTTGCATTTAGGCG,-0.002594280011957842,3.5099177141582913,111,240,191,213
TAAGCACTGGCAACACCAGTAGCAAGTA,GTTGGGCGCTTAAAG,0.0006038600018184534,0.0,107,208,210,226
GAGTCACTCGCACTTGCAACCACACGAT,ACAACCTACCTGCTA,0.004996213133187069,0.0,83,240,230,200
TCAACAAGTTCAAATGCAAATCCAGATG,GTTGGGCGCTTAAAG,-0.0025336261467357487,0.0,116,223,195,223
GCTCCAAATACATAATCAGGGTCAAATC,TTTATAAATCAATAG,-0.003981336792228295,0.0,113,238,166,208
AATACACCCCCACCTGCATGGACAGCAA,TATATTGAACTTTAC,0.001593905314061953,0.0,91,230,190,198
CCAGCAGTGGCAATATCATCCCCATGCA,TCAAATGATGAGGAT,-0.02556826424302421,0.0,136,274,168,131
CTGACAGGCCCAACAGCACTATCATAAG,TTTATAAATCAATAG,-0.002868004177841781,0.0,93,205,227,177
GGATCAACCACAAGCTCAAATTCACGAA,TCTTGGAGGTGAATG,0.0005874679024798096,0.0,90,216,192,190
GTCGCACAGCCAGGTGCATCACCAAACG,ACAACCTACCTGCTA,0.013393724891175815,0.0,70,192,206,217
ACTTCAACTACACATTCACTTACACTTA,TATATTGAACTTTAC,-0.005618704967441893,0.0,101,212,178,177
GTGACACTTGCACGTACAGCCCCATCAG,AGAAGACGACGATGA,-0.026518277751587462,0.0,141,222,156,132
GACACAAGAACACAGGCACATACACCCA,TCTTGGAGGTGAATG,0.002669687735335691,0.0,89,182,191,200
CACCCACCCTCAAATGCAGAACCACAAA,TATATTGAACTTTAC,0.007398950198526218,0.0,78,189,181,202
TTACCAGCAGCAACGACAGATGCAGGTC,GAACTCAGGTTCCAT,0.0025628500370374215,5.553164608524412,100,155,167,224
GCCTCAGGTTCAAGTACAACGCCAGGTA,TCTTGGAGGTGAATG,-0.000854408936388854,0.0,92,202,159,186
TGGGCACCTACAACCTCACCATCATAGT,TCGATAGAATTTACT,0.003732560697413071,0.0,75,223,168,174
TGGGCATCCTCAATGGCACCACCATTCG,GAACTCAGGTTCCAT,-0.04109936700114329,21.1848986045934,134,225,184,81
TTATCACCCACACGTCCACGAGCATGTC,ATGAAGTTCATAATG,-0.018186224059296235,0.0,99,209,184,119
GAGGCATACGCAATATCAGGCGCAATGG,ACAAGTTTTACAGTT,-0.025775514275282935,0.0,117,238,152,112
TTCTCAGGGGCATTCTCATCAACAACGC,CTCGCTAATACTCCT,0.006056260843159504,0.0,80,164,183,199
AGTGCAGGAACAGCACCAGCGCCATCAA,AGTGTATGATAATAT,-0.03674931008097926,27.648105873632176,151,212,151,104
TGCGCAGTTTCAATAGCAGTGGCATTGA,ATTATCAAGTGCCAG,-0.013704554454576384,0.0,112,180,165,154
TTCGCACTACCACATGCAGACACACACA,GAACTCAGGTTCCAT,-0.007971823223096175,0.0,109,167,162,178
TAGTCAGCGTCATGTACAGGGGCAGTGT,ACAGTTGACGGACAG,-2.5180008335143563e-06,0.0,81,211,146,168
GATACACTGTCAATATCATGAGCAGAAC,TCAACAACCTATGCA,-0.005485476136405199,0.0,79,217,167,139
CCAGCAGTTGCAATACCATATGCAAACA,TCAAATGATGAGGAT,-0.03938584961662944,0.0,143,217,137,91
TCCCCAAGGACATCACCAATTTCATGCC,GTACAAGAAATTTTG,0.005948240845386944,0.0,73,171,164,181
GTATCAGGAACATACGCAGAGACAGTCT,ACAAGTTTTACAGTT,-0.03866118339541592,0.0,143,194,144,93
ATCGCACCTACACACTCAAGCTCAACGT,CTACTTACAACGGAA,0.0012696622555561962,0.0,84,152,163,181
ACTCCAAATACAGCAACACTTCCAAACA,TATATTGAACTTTAC,0.01922204295635092,3.131687832795251,52,179,159,192
TACGCACTTGCAAGGACAGAGACAAGCT,TCTTGGAGGTGAATG,-0.005475885190192184,0.0,75,189,171,132
CGGACAGGTACACTAACATAAACATAGA,ATTATCAAGTGCCAG,-0.003417776534162368,0.0,86,177,139,161
TGGGCAGCATCACGAGCACTGCCATGAA,TTTTGCATTTAGGCG,-0.01334288725377418,0.0,100,162,145,139
ACGCCAGGGTCAAGCACAGTTACACATT,TCAAATGATGAGGAT,-0.036830081156443435,0.0,147,176,121,101
TGTCCAACGCCAGGTACAAGTGCAAGGA,GAACTCAGGTTCCAT,-0.00804976640224638,0.0,89,157,164,145
ATTACAGGCCCAACGCCATGGGCAGATT,ATTATCAAGTGCCAG,0.0014927418575568254,1.618883673530945,65,175,172,141
GCCACAGGGGCAAAGTCAAACTCAGGCT,TCAAAACGGAGTGTT,0.003571591180545826,0.0,68,145,174,157
GTCCCACAAGCATACTCACGCTCACAAC,GAGTGCTTCAAAGTT,-0.021698241247890455,0.0,110,200,95,119
GTGACACGGCCATACTCAGGTGCATGGA,GTTGGGCGCTTAAAG,0.008582314600217862,0.0,60,176,133,161
CAATCAGCGACAGGTACACTCGCATACA,GTTGGGCGCTTAAAG,-0.0014537224558164301,0.0,70,157,140,139
GGTACAAGGGCAAGGGCAATTACAGGCA,TTTTGCATTTAGGCG,-0.011464262798128066,0.0,85,174,121,125
GATACAGGAACAGTTACATCAACAGCAA,TTAGTCTTTCCATCA,-0.001214772806529353,0.0,74,155,113,148
TGCTCAGGTTCATGTACAGAGACAAGAC,ACAAGTTTTACAGTT,-0.03988081397467611,0.0,126,172,105,79
TGCACAAGTACAGAGCCAATCCCAGCAT,ACAGTTGACGGACAG,-0.05064890572581076,78.02179458652927,141,177,88,64
CTGTACAGGAACATTATCAGTTGCAAAA,CTTGATCAATCAAAA,-0.007583280698619697,0.8955139251761466,69,177,116,114
CTTACAAGTGCATACCCAGCCGCAACCG,CTACTTACAACGGAA,0.007579046894975225,0.0,53,137,146,138
ATAACAAAACCACTAGCAACTCCATAAC,ACAGTTGACGGACAG,0.016885057416783367,6.613411247725708,52,106,130,179
CACCCAATCCCAGAAGCAGTATCACAGA,ACAACCTACCTGCTA,-0.01777701519037218,5.647093622288139,83,127,146,101
CTACCATGGTCAGTCGCAGGGCCAAGGT,GTTCAGCTTTGATCG,-0.006199163938894835,0.0,72,149,112,124
ATTCCAGAGTCACCACCAGGAACAACTA,TCAAATGATGAGGAT,-0.020217675733286648,1.444281826165934,84,155,117,95
GAGACAGTTGCAGTCACAGCTACACAGA,TTTATAAATCAATAG,-0.010030745318933264,0.0,71,159,117,109
GGGTCAAGAGCACGTACAGCCGCATTGC,TCAAATGATGAGGAT,-0.022319078500985797,0.0,97,125,114,103
CGAACAGTGCCAGCAACAAGTACATCAG,AGTGTATGATAATAT,0.014411140110886978,9.123040007020563,51,119,112,163
ATGTCACGAACACGAACACGTTCAAAGG,TATATTGAACTTTAC,-0.006315612383380136,0.0,74,139,83,127
GGGACAGTCGCAAGTCCACACGCACTTA,CAATCTTGAATTGAT,-0.05942467597823927,0.0,129,148,57,45
ACCTCAATATCAGACGCAGTCTCATAGA,TCAAATGATGAGGAT,-0.04833788398346287,9.770397344883804,111,173,81,54
CAGGCACCCACATCTGCACTTCCAAGGC,TCAAATGATGAGGAT,-0.030898326630477382,0.0,67,194,98,55
TGAGCATGTGCAACCACAACAGCACTAA,TTAGTCTTTCCATCA,0.0005247522991563172,0.0,56,120,113,118
GCGCCAAGTACAACAACAAGAACACAAG,TTTTGCATTTAGGCG,-0.030230812667958046,2.6982487179116106,80,129,125,67
AATGCAGTATCACCCACATGAACAAT,CTCGCTAATACTCCT,0.005812662757676254,0.0,49,108,124,121
CACACAGGCACAATTGCATGTTCAGTGG,AGTGTATGATAATAT,-0.0023643120089016953,0.0,59,124,99,114
TGGACATATTCAGGGACAAGAACACAAA,GAACTCAGGTTCCAT,0.0023312406454230193,0.6338478429172483,49,128,111,109
ACGTCACCCGCAGCTGCAATCGCACTTC,CTTGATCAATCAAAA,-0.021795951434004313,0.0,89,106,104,96
AGCGCAGAACCAGCAACAAGCGCACATC,TCAAATGATGAGGAT,-0.029647968856590726,0.0,88,133,84,75
TTAACAAGGGCACGGACAGCATCATAAA,TCAACAACCTATGCA,-0.001563816135439226,0.0,48,102,111,95
CTACCAGGGCCAAGAACAGTCACAGTGT,TTTATAAATCAATAG,1.9936249482273294e-05,0.0,53,116,72,110
TCGACAGGAACAGCGGCAGGAGCAATAT,AAAAGCGACATTTCT,-0.02219581834565729,0.0,76,103,87,81
GTTACAAATACATTCGCAAATGCAACAG,AATGATACCATTTTT,-0.02519692243577333,0.0,77,119,71,75
GTGCCAAGCGCAATCTCAAAACCAGTAA,GCTGCTTATGAGGAT,-0.01678779573550006,0.0,71,105,72,89
GCCCCAATATCACATACACGGACAAACG,GTTCAGCTTTGATCG,-0.031338504462105864,0.0,79,116,78,64
GCGGCAATGGCAGTATCACGAGCAAGAG,CCAACACAGGCTTCG,-0.020287925144605458,18.611853442140614,70,94,81,79
TGGTCATCGTCATTTGCATTACCACAGT,CAATCTTGAATTGAT,-0.0669083628290974,0.0,122,103,49,34
GCCGCAACGTCATAAACACACACAGTGG,TCGAAAGCACAGTAG,-0.03631976995957442,0.0,86,88,84,60
TTCGCAACTGATAACCAGACTAAGCA,GTTGGGCGCTTAAAG,-0.020559829020349387,7.682118059672121,67,99,81,75
AGGGCAGATGCATTTCCAAGGCCAGAAT,GTTGGGCGCTTAAAG,-0.022377381887728354,6.872466060556917,50,108,114,53
AAAACATCGGCAATTACAGCTACATCAA,TATGCCCTTCTTCTG,-0.006101555279591909,0.0,44,91,101,76
CGTACCAACACCGGCATCGACATACA,TATATTGAACTTTAC,0.009329804800542544,0.0,43,76,77,118
GAGACATAGCCAGCACCAGATACATAGA,CTCGCTAATACTCCT,-0.00048214258257019946,0.0,45,83,83,92
GCTCCAACCGCAGGGTCAATCCCAGTCT,AGAACATCATCTACA,-0.035364916690342287,0.0,78,116,49,56
CACGCAAGGGCACAAGCAGCAACAGTTA,TTTTGCATTTAGGCG,0.0034047659696755,1.548636941281984,37,105,63,85
ATTCCACGCGCATTGTCACCGTCAAGAA,GTTGGGCGCTTAAAG,0.003672009666533145,0.0,38,67,89,88
CGGGCAGCTTCATTTGCAGGAGCACTGG,CTTGATGGCTGAAAG,-0.0365771714960381,0.0,65,104,65,45
CGCGCAGCCGCAAAGGCAGTGGCACATC,TATGCCCTTCTTCTG,-0.024319678825194202,5.2770586554859165,48,107,72,48
GAATCAGGCGCATGCTCACATCCACCCC,CTCGCTAATACTCCT,0.009123724803598613,0.0,33,65,88,90
GGAGCAAGGTCATTGTCACACACATGAA,GTTGAACTGGTTGTT,-0.03175779720233455,0.0,50,106,74,40
GCTGCATGTGCAATTGCACCTGCAATCG,TCAAATGATGAGGAT,-0.03589288549133382,0.0,75,84,46,53
ACGACAGCTGCAGTCGCATTTACACAAA,AGAACATCATCTACA,-0.046675489648790404,0.8449616928232899,88,80,53,45
ACAGCATGCTCACTCGACACACCCATCCG,TCAAATGATGAGGAT,-0.02934710848301368,0.0,50,106,69,43
AAAGCAAATTCAGCTTCATGATCACACG,GAACTCAGGTTCCAT,-0.0194328963521317,0.8197475539226389,57,70,72,66
TAGACAGGTACAGTGTCACTCTCAGCGG,ATATTGAGTAAGTAC,-0.0320234028573071,0.0,63,80,65,50
CCCGCACGCGCAAGCGCAAGAACAAGTA,TTTATAAATCAATAG,-0.020393577636648102,5.346853937427795,56,86,50,63
GTAACAAAGTCAATCGCATATTCACCAC,GAACTCAGGTTCCAT,-0.020542055981627453,1.0319655086804005,50,73,77,56
GAAGCATACGCAGGGTCACGAACAAGTC,ACAGGGCAGCTCCCG,-0.037274945151587,0.5804510323589511,59,92,57,40
GCTGCATGAGCACGTCCAGGACCAGAAC,GAACTCAGGTTCCAT,-0.008652891183669673,0.0,30,73,99,48
GTCACAGGAGCACGTCCATTTTCACGAA,TATGCCCTTCTTCTG,-0.006353128800771317,0.0,35,74,77,60
ATTCCAGACTCAAGAACACGGCCAAGAC,GTTGAACTGGTTGTT,-0.04596449742191263,1.4571400719727876,67,78,51,35
CTATCAGTCACACGTTCAAACGCAGTAG,CTTGATCAATCAAAA,-0.012187499585147171,0.0,41,69,68,59
ACCTCAAAGCCAGTTACAGTACCATCTA,AAAACATTATCAAAG,-0.0914831128432697,0.0,90,84,30,12
GCTCCAGCCCCATGGCCAAGTGCACTCT,TCAAATGATGAGGAT,-0.03039706405165936,0.0,54,83,46,45
GCGACAGAATCATCAACATAGGCATGAC,ATGGCGATGGTCTTG,-0.026340499552408716,0.0,51,70,57,48
TGCCCAGATGCATCAACACATGCACACC,ATAGAGCGGCGTTGA,-0.007292158032994514,0.0,36,83,46,60
GCGTCACGGTCAAGCGCATAGACATTCC,TGGAGTCTTTGTTGA,-0.04475649458807449,0.0,72,62,48,39
GGGGCATAGACATGGGCACACTCAAAAC,TCAAATGATGAGGAT,-0.028580791208857054,0.0,50,74,49,44
TAGGCACTGCCATGAGCAATAGCAGCAT,CTTGCAAGTGTAATT,-0.0008006888065774745,0.0,40,53,42,81
ACATCAAGCGCACGCACAATTGCACTAT,TTTAACTCACCGTAA,-0.05459496416442389,0.0,62,74,51,25
GGATCAAACTCATGCGCAAAGTCATAGT,TATGCCCTTCTTCTG,-0.001214772806529382,0.0,25,71,68,50
TGGTCACCTTCACGTACAGTCTCAAGGG,AGTGTATGATAATAT,-0.025870346013023984,5.898683312479875,44,78,46,42
GTTGCACGCCCAGTTCCACGTACACACA,AAAAGCGACATTTCT,-0.006559527809035362,0.0,27,75,53,46
CATCCAAAACCACGATCACGCCCACCGA,CTAAGCAGTCTTCTC,-0.07683847967267911,0.0,73,85,32,8
TACACAGTGTCAGAGGCACCTGCAACCG,CATTTATGGCTATCT,-0.040952717695827166,0.2619424286251615,28,75,84,17
AGGTCAAAGGCAGCTTCAACACCACAGT,CCAACACAGGCTTCG,-0.08249432727829958,1.9863665801381103,63,78,37,11
AATCCACACTCACGGCCACAATCAACTG,CGAACAGAAACACAA,-0.029573976965313654,0.0,48,57,45,41
GTCGCATTAGCACCTTCACAGGCATCTT,TTTTGCATTTAGGCG,-0.025163605758003877,2.7927150634674263,40,75,36,39
AAAACACACGCAATCGCAAAAGCATTTG,AGTGTTAATCAGACC,-0.048111894417283585,0.0,49,68,45,24
GCGCCACAGACAAGTGCATATCCATTGC,ATGGCGATGGTCTTG,-0.007522839461146965,0.4599455286007128,29,68,39,48
CAATCAGGCACAAGTACAGGAACAGTTA,AGAACATCATCTACA,-0.034168485921655424,0.0,43,59,45,32
CAGACAATCTCATGGACACCGCCAGGAA,ATAGAGCGGCGTTGA,-0.015209900991871523,0.0,35,41,53,46
GAGTCAATAGCAACAACAACCTCACCGA,CTTGATCAATCAAAA,-0.0023448245290520627,3.646091020914241,30,47,44,58
AAGTCATCCGCACGCCCAAGTTCATGCC,AGATTCATCCCATGG,-0.08722200045960686,0.0,66,69,20,10
AGCACACGGTCATTACCACAGGCAAGTG,ATTATCAAGTGCCAG,-0.022564887709013482,1.7068208789522714,37,59,38,39
GAGGCAAATGCATGTACAGAGTCAAGCT,CCAACACAGGCTTCG,-0.0333293564831913,3.864310005531536,38,60,40,29
GGAACACGTTCAACAACACGCTCATTTT,CGATGATGATGATGA,-0.02431967882519419,2.253701406310256,38,56,38,38
TTTGCATCAGCAGTGACAAGGTCAGTTA,TCAAATGATGAGGAT,-0.038679109361609364,0.0,40,58,41,26
TCAGCAAGTTCAGGCCCATGGCCATAGG,TCATAGGTATCTCGC,-0.10184857349242578,0.0,79,45,21,2
GGACCATTTGCAATTGCACAACCAGTAA,TATGCCCTTCTTCTG,0.0047079331013856855,0.8479183761777449,18,47,51,43
CGTGCAGTAACAAACTCAGGCGCACAGT,CTTGATGGCTGAAAG,-0.05389645199189099,0.8859905188970174,51,50,34,21
GCGACAAGCTCAGGTACACCTACAGACA,TCATAGGTATCTCGC,-0.08969256127283229,0.0,59,59,20,3
AGATCAGGCTCATTCCCAGGACCAAAAA,ACAAGTTTTACAGTT,-0.052562940838101035,0.8330186450032215,35,64,41,15
GTATCATCCTCACTGTCAAGTGCAGGAA,CATTTATGGCTATCT,-0.027831696013788394,0.0,30,51,51,27
TGGCCATTAACATTCCCACGCACACACA,GCTAATTTCAAGAAT,-0.027306750781517158,0.0,35,47,38,32
GCACCATCGGCACTCTCATTCTCAACAG,GGTTGCCCAGAAGTA,0.01866923868916642,1.9033862405225364,19,39,22,69
AAGTCAGCGTCAAAGCCACTTACATGGC,ATGGCGATGGTCTTG,-0.023380649592971026,0.0,35,34,41,36
TTGTCAGCCGCATGCTCAAGTACAGGAA,GCCCTCGAAACCTAT,-0.06290143844822897,0.0,35,66,22,11
GCAGCAGCCGCAGAAACATTGACAAATC,TCAAATGATGAGGAT,-0.06042414707094046,12.644132158224807,46,61,28,8
CGAGCAGGAGCAACTGCAATTCCAGCGA,AGTGTTAATCAGACC,-0.0681755719553921,0.0,41,59,17,11
GGAACACCTCCAATGCCACGAGCAGCAA,TATGCCCTTCTTCTG,-0.01310393760448707,0.0,20,60,39,28
CAGGCAGAGGCACCATCATGGGCATGAT,ACAAGTTTTACAGTT,-0.00543982966116749,10.338452718050007,21,33,51,37
CCATCAACTGCAGGTCCAAGTTCAACGG,ATTATCAAGTGCCAG,-0.03783518242879965,5.05247048202051,42,36,27,28
GGACCATTTGCATGGACAAGAACAGCGG,TATGCCCTTCTTCTG,-0.028245780013740323,1.4047072230328013,27,39,47,24
GGGGCAACCACAGTATCAGTGGCAGGCC,AAAAGAAAAATGTAT,-0.010324550639852085,0.0,23,33,47,35
TAGGCATAGTCACAACCAGTACCAGCCA,ACCACCGGTCCTGCC,-0.0289246901078881,10.001398780143518,31,49,22,27
TACACACACCCACGGACAGGTCCAGATG,CAAGGATCCCCGTAG,-0.03836012766107101,0.0,32,47,25,21
GAACCATCCGCATCTTCACGAGCAGGGG,CAATCTTGAATTGAT,-0.052916114591137584,0.46771801934443147,41,53,29,1
CCTGCAGGTCCAAGTCCAGCTTCATCGA,TCAAAACGGAGTGTT,0.017869200285848322,2.2638389238286436,11,27,44,39
ACGGCACTGCCAAATGCACATGCAAGAA,CTTTCTTGTGTATTT,-0.1328978102080115,0.0,77,22,11,1
ACTCCACATCCACCTGCAATGCCAGGTG,CAATCTTGAATTGAT,-0.11172362952746939,4.425306699525208,55,40,12,6
GGGTCAGGTCCAAGGTCAGTAACAGTCG,GTTGGGCGCTTAAAG,-0.012062186154350322,2.1838843305317823,18,46,32,26
TGCCCATCGGCAGGTACATGTCCATTGA,GTCACCGGCACTAAC,0.01973884917421646,0.0,12,27,38,45
CTAGCAAAGACACTCGCATAAGCACTAC,CTTGATGGCTGAAAG,-0.03998646646671875,0.0,32,40,25,20
AAGGCAGGAGCAGTGGCATTCACACTCA,TTTATAAATCAATAG,-0.015788566353954193,0.07262846560672642,24,24,37,31
CCGGCAAGCCCACGGTCACCTACAGTCC,CTAAGCAGTCTTCTC,-0.08587839603535079,0.0,41,42,15,6
GCACCAGCGACACATGCAAAGCCAGATT,TCAAATGATGAGGAT,-0.04611722773874969,2.198195559068836,25,51,22,13
CAAGCACTATCACGGACATGTTCATCTG,GGTTGCCCAGAAGTA,-0.03783518242879966,11.598312995832032,24,43,23,16
ATAACAGGGGCAAAAGCATTCTCAGCTG,CTAAGCAGTCTTCTC,-0.06614775687139451,1.0635173436055823,35,34,19,9
GACCCACTCCCAGTCGCACCCGCAGTGC,AGAACATCATCTACA,-0.014316192410182907,1.9904087249244071,20,32,20,27
GTCGCAAACGCAGTTCCAACCACAGTCA,CTAAGCAGTCTTCTC,-0.12100321960136803,4.375141555479587,52,33,9,2
GGGCCAGGATCAGTTCCATTGCCAGTGG,CTAAGCAGTCTTCTC,-0.05106456124269212,3.657283688615223,29,34,18,13
GGAACAGGCGCAGTAACACGTCCAGTCC,CTTGATCAATCAAAA,-0.03004802072274949,0.2137705105430996,19,33,30,16
GCCTCAATACCAGCCTCACTAGCACCGG,TAGACGGACATCTTC,-0.10376754490000539,0.0,43,34,11,4
GCTACATAAGCAACCCCATACCCAAGAG,CGTCAAGACCTTCTA,-0.013472265477373286,0.0,13,34,27,18
TCAGCATCAGCATGGGCACGACCACATC,GCCCTCGAAACCTAT,-0.06885111793490835,0.0,35,35,18,5
ACGGCATGGTCAGGGGCACTCACATTGT,GAACTCAGGTTCCAT,-0.017493198403660426,0.0,22,28,16,27
CCTACTGACATCTACACCGCCATATA,CTAAGCAGTCTTCTC,-0.11842916444170926,3.6132568574697927,43,28,7,2
CTGGCACGTGCAGTCGCACACGCAGGGT,TCATAGGTATCTCGC,-0.0942383157963374,0.0,42,31,13,3
CCTGCAAGAACAACAACATCATCAGATA,GAGAATGAAGGACAG,-0.060940088447464534,0.0,30,23,10,10
TAGCCATAGGCAGTGGCATACTCAGGAA,TCAAAGCATGAAAAA,-0.1535454596448308,0.0,48,22,6,6
AGGACAAGATCATCAGCACTTGCAAGAA,CTTGATGGCTGAAAG,-0.03773028347618561,0.0,24,29,23,7
ATCTCAAGCACATTGGCACACACAACGT,CGAACAGAAACACAA,-0.049050923649506785,0.731352204751488,21,35,16,10
TCGGCATCAACAAATTCAGGTGCAGACT,AAAACATTATCAAAG,-0.12908142752550958,1.7784140742014642,41,24,9,2
TGCCCATGGGCAAAGCCATCAACATAAA,TCAAATGATGAGGAT,-0.01473027641013481,0.9452801175845593,12,26,25,16
AGCACATCCTCAGCTGCACCATCAGTTA,CAATCTTGAATTGAT,-0.04621233003816321,1.1067130219675505,27,18,13,14
TTGGCAAGCTCAGTTTCAGGTCCAAGAA,TCAAATGATGAGGAT,-0.05820155894239869,7.020550471969955,22,35,14,3
TTCCCACTTCCAGGCCCAGTCACAGAGG,CGAACAGAAACACAA,-0.0386335338460676,0.0,17,37,16,6
CAGACAATATCAAACTCAAACCCAGAGA,ATTATCATCGCCATC,-0.06217646462742121,0.0,28,32,8,3
TGGTCAGAGACAGAGACACTGTCAAGGA,AGAAGACGACGATGA,-0.01614893022409472,0.0,18,18,15,23
GTTGCATCTTCACAGCCACCTACAACA,CCAACACAGGCTTCG,-0.05714144855986853,0.0,20,30,13,9
CGAGCACGGCCAATGACATTCGCAAACT,CTAAGCAGTCTTCTC,-0.15025104407289552,6.690534303839712,38,18,2,2
AGTTCAGAGACAGCAACAAATGCATAGT,CGCGATCAATCCTCT,-0.06590909293376164,0.0,22,19,12,5
ACCGCATTCGCAGTGGCATGCTCATTGG,TCATAGGTATCTCGC,-0.05141339820818466,1.29639722941954,22,28,9,3
AGCGCCGACCAAACGCAAGCTCATTCT,ATATTGAGTAAGTAC,-0.04742458484385905,0.0,20,19,13,10
TAGCCAACAACACCTGCAGGTACAAGGG,AGTGTTAATCAGACC,-0.12371341257914721,0.0,34,21,6,2
GCGCCAACTACAGTGGCACTCACATCGA,AGAAGACGACGATGA,-0.009809076449932709,0.38889557331282276,11,25,12,17
TATGCACAAGCATGTGCAAGGTCAGGTG,AGAAGACGACGATGA,-0.025327918207890113,0.0,16,25,5,16
GGACCAGAAGCACTAACACCGGCAGATC,TCAAATGATGAGGAT,-0.03830566381875966,0.0,19,18,18,9
ATGCCAAGTACATGCACAGCATCAGTAA,AAAAGAAAAATGTAT,0.017678137641833923,0.8973643716877291,8,21,24,7
AAATCACAGGCAGTACCATGAACATAAC,AAAACATTATCAAAG,-0.08506062187030587,0.0,22,20,8,3
TTATCACCAACAGGTTCACTGCCAACAC,GAACTCAGGTTCCAT,-0.051873422776977283,7.4179454112855865,18,23,13,6
AAGCCACAGGCATATCCAATATCAACTA,AAAACATTATCAAAG,0.0033161321465536185,0.03627708964475573,15,33,4,2
GTACCATTGTCAATTGCAAGTCCATGGG,ACAGGGCAGCTCCCG,-0.005710452717464842,0.0,11,17,20,9
CTCGCATCGTCAGTGGCACATGCAAAAA,GTTGGGCGCTTAAAG,-0.02029125556611098,1.3825881790419317,13,19,8,17
TGCGCACATGCAAAGTCACTGACAGTAC,TCAAAACGGAGTGTT,-0.03553542004590133,3.305826322828807,14,17,13,10
GAGTCAAACGCAATGTCAAGTGCACGGC,CCAAGACCGTGTAAA,0.0490608559585172,0.0,9,10,11,26
CCTTCACGCGCAGGCCCAGTCACAGACA,CTACTTACAACGGAA,0.0025094872261928183,0.0,12,7,26,7
TGCACAAAATCAATCGCAGTAACAGGAG,AGTGTTAATCAGACC,-0.12661216626647254,0.0,25,15,5,6
CCATCATGTTCATTCCCACGCCCAGCAA,TCATAGGTATCTCGC,-0.06769499706386559,2.4928611625572614,19,20,10,4
CAGCCAAGACCATAGGCAGTTGCAGTAA,ACAGGGCAGCTCCCG,0.015669387329734448,1.567945602762066,7,15,10,20
TCTTCAGGTACACATCCAACCCCATCAA,AGTGTATGATAATAT,-0.01613005100626541,0.7181594521958914,2,17,21,12
CAGACAACTCCAGCTTCATAGCCAGGCC,CAAGTTCGGCGAAAT,-0.11001365251904631,0.0,24,17,4,0
ACAACATTGACAGATCCAAACTCAAAAA,GAGAATGAAGGACAG,,0.0,21,6,1,0
GGTGCACGGACAGCTTCATGGTCACCGG,CGAACAGAAACACAA,0.0012852837071453578,2.955910720049957,6,12,16,12
TCTACAGGCGCATCGTCATGGGCAAGAT,AATGATACCATTTTT,-0.0698687360935561,0.3558832528338769,9,21,10,6
CGCACAATCACAGGCACACGGCCACTGG,CTCTTGAGAATACTT,-0.07552960388987348,0.0,18,18,0,0
TCCCCAGTTACACCGTCACCCACAGCGA,ACAGTTGACGGACAG,-0.001390843004613184,0.0,3,18,17,8
CTATCATACACAGGCACAAAACCAAACA,CGAACAGAAACACAA,-0.07080736621347854,0.0,20,7,10,1
GTGCCAGCAACACGTGCATTCACAATTC,CTAGTTGTATAGCCA,-0.1314911826834156,0.0,21,12,1,0
ATGACAGTGACAGGATCATGCGCAAATG,AGTGTTAATCAGACC,-0.15882051618338378,0.0,23,10,3,1
ATCACACTTCCACTCACATCCGCAGAGT,GTTGGGCGCTTAAAG,0.030787809078371794,2.972859492452187,2,9,13,18
CAGACAGCTGCAGTGTCAGCTGCAGTAT,TATATTGAACTTTAC,0.011675490182369951,0.0,6,15,3,18
CGGACACGTACAAGGGCACACTCATGTT,AGAAGACGACGATGA,,0.0,8,16,9,6
CCGTCATTAACATGCACATCTGCACTGT,CAATCTTGAATTGAT,-0.06907575177611637,0.0,15,16,6,1
CGGCCAGTCACACGGCCAACCCCAATTA,TCAAAGCATGAAAAA,-0.10807184393333621,0.0,18,13,0,0
TTAACAATCGCAGCGACAGGCGCATAGT,CTTGATCAATCAAAA,-0.08423074158883623,0.46019028267122053,12,11,8,9
GCCTCAGAATCAGCTCCACCATCAGACT,TCAAAACGGAGTGTT,-0.0017544309650909364,0.0,3,7,15,15
CATCCATAAACATTTGCAGAGGCAAGTG,AAAACATTATCAAAG,-0.1023560025493412,0.0,17,13,5,0
TGGGCACACACACAGGCAAAAACACCCA,TCAAAGCATGAAAAA,-0.01086688739736812,0.0,11,21,1,3
CTGCCACGGGCATTGACATCATCAATGT,TCATAGGTATCTCGC,-0.11906141101565777,0.0,17,11,3,0
AGGACAAAGTCAACATCAATCGCATTTG,CTTTCTTGTGTATTT,-0.05729744821047782,0.0,10,12,9,1
AGTGCAGGCACAGGGCCATGCTCAACGG,AAAACATTATCAAAG,,0.0,17,8,6,2
GCATCAGGAACAAAACATAAGCATCAG,CTAAGCAGTCTTCTC,-0.03083679376502954,0.0,10,10,11,1
CAAACAAAGGCAGGTTCAAGTCCAGGTA,CAAGTTCGGCGAAAT,-0.0937617595692688,0.0,12,10,4,0
GGCTCAAAGTCAGTGCCATGAGCAACCC,GTAATCTGACTCTAG,,0.0,13,9,0,0
CCAACACGTCCAGCACCATGGGCACGAC,GCTAATTTCAAGAAT,,0.0,10,7,7,5
CTCGCACCAGCAGTTGCAGTCGCATAAA,TCGATAGAATTTACT,-0.0445141110594895,0.0,11,15,2,5
CTTTCAGTCCCACGCTCAGCCACATACA,TCAAAGCATGAAAAA,,0.0,7,17,2,0
CGAGCACATACAGTGGCAGCAGCATGGT,GAGAATGAAGGACAG,,0.0,4,9,6,6
AGTGCAGTCACAAGCGCACAAACATAAC,AAAACATTATCAAAG,,0.0,22,5,3,0
AAAACATACCCAAGAACAGCCCCAAGGT,GAACTCAGGTTCCAT,,0.0,5,12,8,5
ATGGCATAGACAATATCAACGTCAAGCC,TCAAAGCATGAAAAA,-0.08294040110524556,0.0,14,13,4,0
AGAGCAATGCCACATGCAAAGCCACAAC,AGAACATCATCTACA,,0.0,7,15,1,3
ATCCCATGAGCACTCACAGAGGCATGTA,TGGAGTCTTTGTTGA,,0.0,7,11,5,1
GCATCAGGGACAAATGCACGGTCAGGAT,GCTGCTTATGAGGAT,,0.0,14,6,6,0
CTTGCAATATCACGAGCAGCCTCAATTG,GTTAAATCAACAGTT,,0.0,12,1,0,0
CAGGCATAGTCAGTTACAGAACCAACAC,CTAGTTGTATAGCCA,,0.0,10,6,0,0
AAAACACGAACAGTAGCAAAGTCAGTGT,GCCCTCGAAACCTAT,,0.0,8,14,4,0
GGTGCAACGCCATGGACACGGGCATCGA,CGATGATGATGATGA,-0.08506062187030587,0.0,11,10,2,2
TACTCAAGCCCACGCCCAATTTCAAGCA,CTAGTTGTATAGCCA,,0.0,9,7,0,1
CTGTCAACCGCAGGAGCATAGCCACTTA,AAAACATTATCAAAG,,0.0,9,7,3,2
GCTGCAGTGACAGTGGCACCAGCAATTG,GCTAATTTCAAGAAT,,0.0,6,6,8,4
TCCACATTGACAATTTCAGTGTCAGCCA,AGTGTTAATCAGACC,,0.0,11,8,2,0
TGCCCACGGTCAAAGTCACTGCCATCAC,TTTTGCATTTAGGCG,,0.0,4,5,6,9
TCACCAAAAGCATGGACATCAACAGAAG,CGTCAAGACCTTCTA,,0.0,6,9,3,3
TCATCAGATCCACGAACAGTGCCAATCT,CTAGTTGTATAGCCA,,0.0,14,0,0,0
GGAACAGAATCAATATCACCCTCAAGCA,CTCTTGAGAATACTT,,0.0,6,6,7,1
CTGTCATATCCAGATCCACACACAGTCG,TCAAAGCATGAAAAA,,0.0,7,6,2,5
GCAGCACGGGCATTCGCACGAACAGGTC,GTTTAGCTTCCGTTG,,0.0,5,7,3,0
TCGACACGGACAGGAACAACCTCAGCCG,GTAATCTGACTCTAG,,0.0,13,3,0,0
GCGCCATCATCAGATGCAGTAGCACCGA,TCAAAGCATGAAAAA,,0.0,12,3,2,1
GGTCCAGGATCAACATCAACATCACTCT,CTAGTTGTATAGCCA,,0.0,11,6,0,0
CAGGCAATATCATTAGCATCAGCAGTAT,CTTGATCAATCAAAA,,0.0,8,2,6,3
TGGACAAATCCAACGACACGAGCAAACA,GTTTAGCTTCCGTTG,,0.0,6,8,2,0
GGGACATCAACACGGTCAGTTCCATTCA,TCATAGGTATCTCGC,,0.0,11,5,1,0
AAAACAGACTCAGAGGCATAACCAGGAG,TCATAGGTATCTCGC,,0.0,3,10,3,2
GGGTCAAGGTCACATTCAGGCACAAGCC,CGTCAAGACCTTCTA,,0.0,3,9,2,4
CTTACAACCCCACTTGCACACCCACGAC,TCAAAGCATGAAAAA,,0.0,6,2,3,2
CTTACAGTTGCACAAGCATGAGCAAAGT,GTTAAATCAACAGTT,,0.0,7,0,0,0
ACACCATCGGCAAAAACAGCAACAATGC,CGCGATCAATCCTCT,,0.0,10,6,0,0
AGGACAAGTCCACATGCAAGGGCATCTC,AAAACATTATCAAAG,,0.0,3,4,0,0
TAGGCAGAGCCAGCTGCAGATTCAGAAT,TCATAGGTATCTCGC,,0.0,7,2,1,2
AGTGCAGCCACACAAGCACGATCATGAA,CGTCAAGACCTTCTA,,0.0,6,6,3,0
TTACCAAGTGCAAGGGCACACGCAATTA,GTTAAATCAACAGTT,,0.0,2,0,0,0
GCAACAGGGTCATGTACAGCATCAGTGA,GTGTGATTACTAAAT,,0.0,7,4,2,0
GGTACATGTCCATTACCATGCTCATGGA,CTAGTTGTATAGCCA,,0.0,6,4,2,0
CACTCATGGTCAGCGACATGGGCATTCT,CAAGGATCCCCGTAG,,0.0,7,4,2,0
AATACACTGACACCTTCAAACGCACATC,TGGAGTCTTTGTTGA,,0.0,1,3,7,0
CTGCCACATCCATCAGCACGGGCATCTG,GTTAAATCAACAGTT,,0.0,5,1,0,0
GTTTCAATCTCACTCTCAAAAACAGCCG,TCAAAGCATGAAAAA,,0.0,8,0,1,0
GAGCCAGCGCCATATCCAGGGACATCTT,CTAGTTGTATAGCCA,,0.0,5,3,0,0
CGCGCAACTCCAGGGGCATAACCAGTGA,CAATCTTGAATTGAT,,0.0,5,4,0,3
TCATCAGATACAACTACATGTCCATGAA,GTTTAGCTTCCGTTG,,0.0,7,1,1,0
GGGGCACCCACACGCTCAATGCCACAAA,GTTAAATCAACAGTT,,0.0,5,0,0,0
CTAACACACACAAGCCCAGCCTCAAAGG,AAAACATTATCAAAG,,0.0,7,2,0,0
TGACCATCTAACCGACACGGACAGTCG,ATAGTCGATTAAGAT,,0.0,4,0,1,0
CTGTCATGGGCAGTATCATATCCAGACA,CTTTCTTGTGTATTT,,0.0,4,5,0,0
GAAGCATTATCACGTCCAAGACCAGCCT,CGTCAAGACCTTCTA,,0.0,2,5,1,0
GTTTCAAGAACAAGTGCACGCGCAGGCC,AGATTCATCCCATGG,,0.0,4,2,2,0
TCGACAACGACACGTACAAAAGCATTGG,TATGCCCTTCTTCTG,,0.0,1,0,1,8
GAAGCAGGGGCACCTCCACTGTCATGAT,GTTAAATCAACAGTT,,0.0,3,0,0,0
CGAGCAGGTGCAATCTCAATACCACCAA,CTATCAAGGCTTAAT,,0.0,4,3,0,0
GCGTCAACGCCATCATCAACCACATACT,CTAGTTGTATAGCCA,,0.0,4,2,0,0
CAAGCAAAGACAAGTACAGGGCCATATA,GTTGAACTGGTTGTT,,0.0,3,6,0,0
ATATCAAAAGCAGTCACAGGGACAACGA,GAGAATGAAGGACAG,,0.0,1,0,0,0
TTGACAGCGGCACGCACATGGTCACAGC,CTATCAAGGCTTAAT,,0.0,6,1,1,0
CGAACAGCAGCATTCGCATTGACAAGAT,TAGACGGACATCTTC,,0.0,6,2,0,0
ACGACATGGTCAACATCAACACCAGTAT,AGTGTTAATCAGACC,,0.0,2,3,0,0
TCAGCATAGCCATACGCACGCGCACGCA,GAGTGCTTCAAAGTT,,0.0,2,3,0,0
CAGCCAGACACAACGGCAATACCATACG,AGTGTTAATCAGACC,,0.0,1,5,0,0
GTATCAGAGTCAGTCACAGAGTCAATTC,TCAAAGCATGAAAAA,,0.0,0,4,1,0
TCAGCAACCACAACACCATACACATGCG,ATAGTCGATTAAGAT,,0.0,3,1,0,0
AGCGCAGAGACAAAGACATGACACCAC,CGCGATCAATCCTCT,,0.0,5,0,0,0
TTCACACACTCAAAGTCAACTTCAGTGG,AGTGTTAATCAGACC,,0.0,3,0,0,0
GCGCCAGAGTCACGGGCATCTCCAAGCG,TCAAAGCATGAAAAA,,0.0,3,0,0,0
ACTGCAAAAACAGTTGCAACGGCATTTC,TGGAGTCTTTGTTGA,,0.0,4,2,0,0
CAGCCAGAGACAGTCTCAGCTCCAGAAT,TCATAGGTATCTCGC,,0.0,3,3,0,0
TCGGCAGCCTCACGCTCATAACCATTGT,TCAAAGCATGAAAAA,,0.0,4,0,2,0
AGAGCAAGCCCAGTAACAACCACATAAG,TAACCTCGCGCTGAG,,0.0,0,6,0,0
GCGTCATCTGCAGAAGCAACGTCAATGG,TTTATAAATCAATAG,,0.0,2,0,0,0
CCGGCATGCCCATCAACAAGTCCAAGCT,CTCTTGAGAATACTT,,0.0,3,0,0,0
TTTACAGTGGCACTTACAGTGTCAATGT,GCTGCTTATGAGGAT,,0.0,5,0,0,0
CACACAACACCATCCACATCTGCAGTGA,AGTGTTAATCAGACC,,0.0,0,3,0,0
ATTTCATATACACGAGCAGGTGCAGGGA,GTTAAATCAACAGTT,,0.0,2,0,0,0
ACTCCAATCCCACCGTCAGCCACATCAC,GAGAATGAAGGACAG,,0.0,0,3,0,0
AGGTCACGGGCATAACCAAAGGCAGAAA,ATTAATACTTTGCAG,,0.0,2,0,0,0
TCAGCATGTCCACCTCCAACCACATTAA,AGTGTTAATCAGACC,,0.0,1,1,0,0
TAAACAGGACCATATGCAAAGCCACCGC,CGTCAAGACCTTCTA,,0.0,2,0,1,0
TGAGCAGGAACACGAACAGCCTCACATC,TCAAAGCATGAAAAA,,0.0,3,0,0,0
GAGACACCCCCAAAACCAAGATCAAGGG,AGAACATCATCTACA,,0.0,2,1,1,0
GGGGCAAATGCAGGTCCAGTTTCAGCCC,ACAGGGCAGCTCCCG,,0.0,0,4,0,0
CACGCAGACGCATGATCATGAACACTCG,GTTTAGCTTCCGTTG,,0.0,1,0,0,0
CAAACACCCTCAGCCTCAGCGACACATT,CTAGTTGTATAGCCA,,0.0,2,0,0,0
CCGCCAGCTACAAGAGCACGGACACTGG,TAATATTGTTTTGCG,,0.0,3,0,0,0
CAGCCATGAACACTAACACATTCAGGGG,GTTTGTTTTGGGAAA,,0.0,3,0,0,0
GCTTCATCCCCATCGTCAATTACAGGCA,GTTTGTTTTGGGAAA,,0.0,1,0,0,0
GTGTCACCATCAAACACATCCACAGGAT,CTCTTGAGAATACTT,,0.0,0,1,0,0
GGAACATACGCAAAGACAGTGCCAATTA,CTCTTGAGAATACTT,,0.0,1,0,0,0
GGCGCAAGATCATATGCAGGCTCAGAAT,CTTTCTTGTGTATTT,,0.0,2,0,0,0
AAGCCACCAACAGAGCCAATTGCATCGG,CGTCAAGACCTTCTA,,0.0,1,1,0,0
ATTGCATCCCCATTATCACCACCACTCC,CATCAATGAGGCAGT,,0.0,1,0,1,0
TTGCCACTCACACGAACACTACCATAGT,TCAAAGCATGAAAAA,,0.0,0,0,2,0
GGGTCAATCCCACTCGCACTGACAATAC,AAAACATTATCAAAG,,0.0,1,0,0,0
ACGGCACAAACATCAACAGTGTCACTCA,ATCGTTGGCATTTGG,,0.0,1,0,0,0
TTAGCACGTGCAGCACCACCTGCACATC,ATAGTCGATTAAGAT,,0.0,1,0,0,0
GGGTCAACATCATCCTCACCTGCAAAAA,ACAGTTGACGGACAG,,0.0,1,0,0,0
GGAACAGGGCCATGGACACAGCCACAGA,GAGAATGAAGGACAG,,0.0,1,0,0,0
ATATCATCGGCAAGGGCAACATCAAAGA,CTAGTTGTATAGCCA,,0.0,1,0,0,0
CAGACACTAACAAGCCCAGGTCCACATC,TCAACAACCTATGCA,,0.0,1,0,0,0
GTTCCATCACCACAACCAACAACAATGA,ACAGGGCAGCTCCCG,,0.0,1,0,0,0
