BC,Edge,s,LL.ratio,TP2-1-T0,TP2-1-T1,TP2-1-T2,TP2-1-T3,TP2-1-T4
ACCACAGCTGCATGTGCAAGTGCACGGT,TCAGAGCATTGGCCT,0.04971754078591557,0.0,3278,2489,13891,4646,21873
GTATCATGAACATTTGCACACTCACACA,GAGTGCTTCAAAGTT,0.02731114197627076,1303.8058629940642,5117,3197,13746,3642,13934
TGTGCAATTACATACCCAAAGGCACGGA,CCAGGATGTACCGCC,0.011747397431608544,0.0,2290,1288,4599,1083,3346
AACGCAGGAGCAGCAACACTCACAAACT,ATTATCAAGTGCCAG,0.04336592805875353,738.4771250253962,877,671,3287,1086,4539
ATACCAGTAACAGCTCCAATTCCAAAAT,CTCGCTAATACTCCT,0.018510155342536104,0.0,1612,936,3595,993,3087
CTGGCACGGACATGGTCATCGACATGAC,CTCGCTAATACTCCT,0.019892396252752086,0.0,1466,874,3660,889,2967
CGGCCAAGAACACAGACATCAGCAGTTA,TTTATAAATCAATAG,0.039413002593050264,1185.589164325229,750,569,2637,819,3314
TGGACACGGGCATAAGCATCCTCAATCG,CCAGGATGTACCGCC,0.01299485460483738,0.0,1198,577,2275,534,1840
GCTCCACATACACATGCATACTCAGCCG,TTTATAAATCAATAG,-0.0017148538852552963,0.0,1467,741,2253,462,1251
AACACAGCATCAGTCGCACAATCAAGCG,CGAATGCCATACAAA,0.009556929578761354,0.0,1084,607,2189,529,1451
TAGCCAACTACACCATCAGAGCCAACGG,TCTTGGAGGTGAATG,0.00969767270320452,0.0,1069,578,2110,434,1439
AAGTCAAATTCAGAGACAAGCTCAATTA,CATTTATGGCTATCT,0.03973786395960284,509.51044000209185,531,369,1709,565,2377
GAGCCACGAACAATCCCAAGTGCACTGT,TCAAAACGGAGTGTT,0.0480920038974846,835.0158795234602,384,272,1598,508,2401
TGAACACGTGCAGAACCATCTGCAAATC,CCAGGATGTACCGCC,0.014779184424361456,0.0,836,532,1846,414,1379
TCAGCATCTACACTACCACACACAAGAA,CCAGGATGTACCGCC,0.01294213429812885,0.0,888,485,1833,434,1361
GGAACACTTTCATCAGCAGGATCACCTA,AAAACATTATCAAAG,-0.006977639690536841,0.0,1294,544,1723,366,894
GCTCCATGGCCAGGGGCATTCACAATGA,ACAACCTACCTGCTA,0.009931078657877701,0.0,892,437,1623,380,1212
GGCTCATCGACAACTACATCGACACTGC,ACAACCTACCTGCTA,0.0011450696522106402,0.0,957,500,1573,327,915
TTGACATGCGCACACTCATGGCCAAGCA,GGTTGCCCAGAAGTA,-0.005145480590500105,0.0,1025,500,1655,301,762
CATCCACGAGCATCGCCATATGCATCAG,TTTATAAATCAATAG,-0.004019368900311004,0.0,1003,423,1617,306,780
AATACAGCCTCATCTACATGCACAAGAC,ACAGTTGACGGACAG,-0.001295935210838994,0.0,926,422,1527,281,803
GCGCCATTCACAACGTCAACTACAAACA,TTTTGCATTTAGGCG,-0.0004298306047308296,0.0,929,437,1459,263,834
GAGGCATCATCAAGCCATGGACAACAG,GTACAAGAAATTTTG,0.0127042371469267,0.0,689,386,1397,360,1046
GGGGCACATACAGTAACATATGCAGTGA,TTTTGCATTTAGGCG,0.0037509088728760135,0.0,834,426,1350,312,885
GTTCTCATCTCCAAGGTCAGTCACATAGC,CTCGCTAATACTCCT,0.018539237088398018,0.0,580,312,1267,329,1112
ACGTCAAAGACAAACGCAGTATCATTGT,CTCGCTAATACTCCT,0.01330167340514854,0.0,638,332,1220,271,992
AAGACAGGATCAAGTGCAAATCCAGCGC,TCATAGGTATCTCGC,-0.005211183650656848,0.0,820,354,1344,244,608
AGTCCACTTGCATAGGCAGTGACATTGC,GTTGGGCGCTTAAAG,0.003742011325695338,0.0,724,359,1253,254,768
GTGGCACATACATAAACAGGTGCAAAAT,ACAACCTACCTGCTA,-0.0012254135243215058,0.0,790,404,1233,238,687
TGAGCAATGGCAACTTCAAGCGCATCAG,TTTATAAATCAATAG,-0.0019969857332862383,0.0,727,424,1362,221,613
ACCCCAAGACCAAGGTCACGATCAACCG,AAAACATTATCAAAG,-0.011019430533227115,0.0,963,373,1184,224,566
TTCACAGAGGCACCAGCATAGACAAGCT,GTTGGGCGCTTAAAG,-0.0014628849275766017,0.0,772,398,1224,230,665
TGAACACGCACAACTCCAATGACATGTT,CGATGATGATGATGA,0.0018722133001929152,0.0,702,377,1287,229,691
GGATCACGAACACTCCACTCGCAGAAG,TCAAAACGGAGTGTT,-0.001859107382828329,0.0,769,360,1253,244,652
GTCACACACACATAAGCAGGATCACAAA,CTTGCAAGTGTAATT,0.034141705438648404,334.1346652956445,356,204,1099,291,1274
ACAGCAGTTCCATGGTCATAAACAGTGC,TTAGTCTTTCCATCA,-0.0073405302753608796,0.0,865,405,1117,197,589
CCGTCAGCGACACACACAGTCACAGGTA,TTTATAAATCAATAG,-0.0030234669452892772,0.0,755,358,1183,228,611
GCAGCACGGACATAATCATTGGCAATTA,TTTTGCATTTAGGCG,0.0032475706354784697,0.0,675,372,1064,252,702
ATCGCATAATCAACCGCACGTACAAAGG,TCTTGGAGGTGAATG,0.008756015258046146,0.0,604,311,1136,231,783
GCCACAGGGGCATCCCCAAATTCATCGA,CTCGCTAATACTCCT,0.01909404324437485,0.0,453,285,1188,244,888
AGGGCAAGAGCATGAGCACGGACATTCG,TTTTGCATTTAGGCG,0.0030067517362838414,0.0,666,321,1123,245,686
AAGGCATTATCACAGACAGTGACACAAG,TATATTGAACTTTAC,-0.0036893769214599854,0.0,750,342,1070,232,591
CCGACATTTGCAGATGCAGCGACATGTA,ATTATCAAGTGCCAG,-0.005078575617490921,0.0,762,321,1062,213,568
GCATCACTAACAATGTCAGGGGCACTCA,TTTATAAATCAATAG,-0.0009542354116891753,0.0,670,356,1068,200,589
ACTGCAAGGACAGTCGCACCTTCATAAG,TTTATAAATCAATAG,-0.003112124480234257,0.0,718,353,1007,191,579
AGCACAATATCAGTCTCAAAGCCATGAA,TCATAGGTATCTCGC,-0.008431055249176245,0.0,833,310,993,163,543
TGTCCAGACGCACATACAAAATCAAGAAC,CTACTTACAACGGAA,0.01331988718824404,0.0,509,317,999,207,792
TCTCCATGCACAAGGGCATCGTCAGATA,TTTATAAATCAATAG,-0.004383461585118598,0.0,685,299,1001,222,525
TAATCACACGCATTCCCATTCACAACGT,TCATAGGTATCTCGC,-0.004041852282354564,0.0,686,287,976,227,533
CCGTCATCTACATCGACATTCACAGCCC,ACAGTTGACGGACAG,0.0008154577827774291,0.0,585,302,980,188,552
AGCGCAGCCTCATAAGCACTACCAGTTT,CGATGATGATGATGA,0.0022230774215169723,0.0,569,324,962,177,568
GTCACACGGCCAAATCCAGATACAAGGG,TATATTGAACTTTAC,0.0079005263535876,0.0,455,289,1063,184,570
CCATCAGAATCAGGGTCACCCGCACAAA,ACAGTTGACGGACAG,0.003862340625270311,0.0,516,315,965,214,550
TGGGCATTTACAGGTCCAAGTGCAGTGA,TCTTGGAGGTGAATG,0.008208844103574453,0.0,533,264,864,212,676
ATGCCACTGGCATATGCACCCTCACTGC,TCTTGGAGGTGAATG,0.010725197938409847,0.0,462,237,990,195,648
TAGACAGTCACAAGTACAAGGCCAAGGT,TCTTGGAGGTGAATG,0.0008459553322332392,0.0,561,282,955,185,530
TCCCCAATTGCAATCCCAGGGACATATA,TTTTGCATTTAGGCG,0.0027906321527775496,0.0,567,309,814,190,579
TGGACAGGATCATTGTCATTGCCAAAGG,ATGAAGTTCATAATG,-0.006213340257527645,0.0,657,298,852,174,468
TGGCCAGGTGCAACAACATAACCAGTAA,GTTGGGCGCTTAAAG,0.0025969350671172673,0.0,527,317,907,142,534
TGTGCAACAACATACACATCGGCAAACC,CATTTATGGCTATCT,0.04478885576648976,336.6308560575126,188,133,818,253,1030
GGATCAAGCTCAAGGTCAACTTCAAAAG,TTTATAAATCAATAG,-0.00644061455005893,0.0,612,251,913,139,432
AAGGCAATTGCAAGTACACAAACAAAGC,TTTATAAATCAATAG,-0.0019092993099326886,0.0,572,238,869,181,484
GAAGCATGATCATGCGCATTGACATGTG,CTCGCTAATACTCCT,0.005475927171191008,35.92366091755321,460,239,926,187,523
CGACCACGGCCAAAAGCAGTACCAGCTC,TCAAAACGGAGTGTT,-0.00012034896052635002,0.0,538,305,795,183,489
CAAACATGGCCAGTCCCAGATACAGGGA,GTACAAGAAATTTTG,0.016569464035622247,0.0,364,233,860,201,645
TTAGCATGTGCACGCTCATGCGCACCAA,ACAGTTGACGGACAG,-0.0008301620238252649,0.0,575,256,774,177,508
ACAGCAGTAGCACTAGCATACACAGGGC,ACAGTTGACGGACAG,0.003923287445176471,0.0,511,223,814,171,546
TAGTCACGCTCAGAGGCAGAATCAAGCC,CATTTATGGCTATCT,-0.0038942123299242405,0.0,586,246,781,179,458
GCTACAATGTCAAGGACAACGACACTTT,TTTATAAATCAATAG,-0.0032891043910340473,0.0,557,268,804,167,446
CATGCAATTCCAGTTTCACAAGCAGGCA,TATGCCCTTCTTCTG,-0.008517909446720262,0.0,625,245,821,116,406
TGGTCAGGGACACTCCCACTTGCAATAC,TCATAGGTATCTCGC,-0.009149642660428036,0.0,581,251,818,162,368
AAGGCATTAACATCGCCAGGTCCAATCA,TTTATAAATCAATAG,-0.00848580327792401,0.0,575,262,804,161,374
TGTCCAATTACAAAGCCAGCAACATAGC,TTTATAAATCAATAG,-0.000720791731983827,0.0,506,277,791,142,449
ACGACAAGCGCAAAGTCACGATCATGGG,TTAGTCTTTCCATCA,-0.0027856821125731507,0.0,541,251,769,159,442
GCACCACGTGCAGGAACAAACTCACCGT,ACCACCGGTCCTGCC,0.003859948166299132,0.0,456,243,767,168,486
CGTGCACGGTCAGCAGCAATAGCACAAC,ACAGTTGACGGACAG,0.0038019262808565604,0.0,458,232,756,160,487
ACACCAGGTACAGGTACAATGTCACCGG,TCTTGGAGGTGAATG,0.005443524759619067,0.0,465,242,681,176,528
CCCGCATGGGCAAGGACATCAGCACGCT,CGATGATGATGATGA,0.0034023830231389774,0.0,452,216,781,162,473
GTGCCATAACCAGGAGCATGTGCATTGA,AAAACATTATCAAAG,-0.0038908076399585484,0.0,513,245,767,155,401
GTAGCAGGAACATGAGCAGTCACATGCA,TATATTGAACTTTAC,-4.228019662893016e-05,0.0,476,268,751,150,434
AGGTCAGTAACATGGGCATGGTCAAAGT,GTTCAGCTTTGATCG,-0.022362453164504872,0.0,691,235,741,125,258
CCGCCAATTACATTGTCACAAGCAGACT,TTTATAAATCAATAG,-0.003532233829297925,0.0,512,196,769,141,406
GCGGCAGAGACAGGGGCAGAGACACAGC,ACAGTTGACGGACAG,0.0035937770099021544,0.0,422,201,774,146,445
TTATCACGCCCACCTTCAGGAACATAGC,TCGATAGAATTTACT,-0.0003053077724193714,0.0,450,238,724,163,406
GCGCCAACCACAAACACAATATCATCAT,CAAGGATCCCCGTAG,-0.0123744788330987,0.0,564,228,739,134,314
GGGCCATACCCAGAACCACAGTCAAAAG,CTACTTACAACGGAA,0.017588233760603988,0.0,324,192,678,185,598
CGTTCAGCGTCATGGACAACGCCAATAG,TTTATAAATCAATAG,-0.004022966096559677,0.0,499,238,672,170,388
ATCACACCACCACAACCACATACATGCA,ACCACCGGTCCTGCC,0.0031521009829193593,0.0,444,220,686,143,460
CAGACATCTCCAGCCGCAAAAACAGAGG,CTCGCTAATACTCCT,0.023220490081359936,0.0,282,180,649,188,652
AGGCCACATGCAATGACACTCCCACGCT,CTTGCAAGTGTAATT,-0.004091588497958255,0.0,472,197,770,141,366
ATTTCATACGCAAAGTCAGAGTCAACGG,AGATTCATCCCATGG,0.024936833018719982,195.73486025022885,275,144,613,186,681
TCCTCAAGGGCAGTCGCAAGTACATGAA,TATATTGAACTTTAC,-0.0033646709590166245,0.0,471,179,716,140,376
GACACAGGCGCAACCTCATAGGCAAAGT,ACAGTTGACGGACAG,0.0012390966334096419,0.0,422,200,692,152,405
TGCTCAGGAGCACATTCAGACACAGGAA,TCTTGGAGGTGAATG,0.0038060001316322814,0.0,378,251,706,120,402
GTAACACGAACATACCCACGAACAGTCG,TCAAAACGGAGTGTT,-0.006663941097195836,0.0,506,207,668,121,354
GGCACAGGTTCAATAGCAGTGGCAAAAC,TATATTGAACTTTAC,0.00640267171665836,0.0,378,179,681,167,446
CACCCATCAACATACACAAAGACATCGA,TCTTGGAGGTGAATG,0.004914049338996751,0.0,385,199,675,140,428
ATCCCAGAAGCACGAGCAACGGCAGCGC,CGATGATGATGATGA,0.005925626700614538,0.0,349,145,794,134,404
CATGCAGAGTCACGTGCAAGAGCATATA,TTTATAAATCAATAG,-0.002618970912475382,0.0,445,211,659,142,366
TAAACATAGCCATACGCAGTGGCATATG,TCAAATGATGAGGAT,-0.051294553347860636,0.0,835,261,513,58,98
TGAGCACTACCATGATCAGAGTCAAGGG,ACCACCGGTCCTGCC,-0.0006402597003115846,0.0,419,217,629,122,373
CCAGCAAGCACACGCTCACTCACACGAC,ACCACCGGTCCTGCC,0.004134587438785587,0.0,361,207,648,142,389
GGCACAGCGCCACGCACAAAGGCAATAT,TTTATAAATCAATAG,-0.0014788497345902037,0.0,424,214,628,107,365
GCTCCACCGCCAACTTCAGCCACAATTG,TATATTGAACTTTAC,0.0027281989514152285,0.0,376,185,643,138,383
TCGACATGAACAGTAACAGGGTCAGTAG,CTCGCTAATACTCCT,0.013330722381963866,0.0,300,164,645,133,467
AGCACATTGGCAGGTTCACGGGCAATAT,CCAAGACCGTGTAAA,0.0050322995952456935,0.0,342,174,633,127,382
CCTGCACGGACATAAACAAAAGCAGAAA,GTTGGGCGCTTAAAG,-0.0002899184213640102,0.0,360,194,652,115,325
AGGGCATGGCCATGAACATGTACATTCC,ATTATCAAGTGCCAG,0.002197896469324179,0.0,362,192,597,129,361
GTATCAAAGTCAAGATCACGAGCAACGG,GTTGGGCGCTTAAAG,0.006725005805000085,0.0,292,179,673,123,349
TGCTCACGGGCAATAGCACGAACATTCG,ACAGTTGACGGACAG,0.006479892402336953,0.0,316,231,588,90,374
AATACATCTCCACCAACAATAGCAGCAT,AAAAGAAAAATGTAT,-0.005401203878915428,0.0,424,160,566,129,312
TACACATATCCAATCTCAACAGCAAACA,GTACAAGAAATTTTG,0.01382557171915062,0.0,262,143,622,145,416
CCTCCAGCCACATATTCACTCACAGTCG,TATATTGAACTTTAC,-4.4577885155905675e-05,0.0,351,214,573,115,320
CATTCAGCCACATGAGCACGTCCACTCC,GTTGGGCGCTTAAAG,0.0027005896825586188,0.0,343,180,591,107,349
ATCGCAATAGCAAGTGCAAAGACAGGTC,AAAACATTATCAAAG,-0.0093711809146239,0.0,446,165,582,92,280
TCTACATTTGCACGCACAGGTGCAAGAT,TTAGTCTTTCCATCA,-0.008882824423196701,0.0,428,204,550,105,274
GTCCCAACCGCAGCCACAGTGCCAAAGG,AAAACATTATCAAAG,-0.0065145634736156754,0.0,395,185,603,97,278
GCAACACCTTCACGCACACGGACAGCTA,GTTGGGCGCTTAAAG,0.005534010897699337,0.0,351,176,497,122,400
GTGCCAAACTCAGTGACACGGACATACG,TCATAGGTATCTCGC,-0.010044859320798395,0.0,414,175,616,87,253
ACGTCACGTGCACACTCAAGGGCAGTTG,TATATTGAACTTTAC,0.001298228149215608,0.0,342,172,571,131,329
GGTTCACGCACATGCTCAGGAACACTTA,GTTGGGCGCTTAAAG,0.0007381922278131949,0.0,354,185,547,123,333
GTGGCACAGGCAGTAGCAAAAACATACG,TCAAAGCATGAAAAA,0.03235157563706188,259.9875077702975,169,123,530,152,563
GGGTCACTGACAGTGACATAACCAAGCA,GTTAAATCAACAGTT,0.03073686195598746,78.80414970821886,187,120,496,142,584
GGATCAAAGGCACCGTCATATACAGTAG,AAAAGAAAAATGTAT,0.000147139390144547,0.0,369,174,507,133,339
CCATCACACCCAGTGACATCAACAGCTT,TATATTGAACTTTAC,-0.016600574032338014,53.05887349021032,536,192,434,101,252
CTTGCAGTGACAGGAACAATGTCAGGTT,TTTATAAATCAATAG,-0.0036426666449593135,0.0,380,182,544,108,300
ATTGCAGACTCACGGACACCACCAAGGA,CCAGGATGTACCGCC,0.013764963499454818,0.0,274,125,565,116,434
GCCTCACTAGCACTGCCATAGGCAACTC,ACAGTTGACGGACAG,0.009568132265666284,0.0,286,155,567,120,383
AAGCCACTCACAGTTACACTACCACAGAAT,TATGCCCTTCTTCTG,-0.011370726737200586,0.0,440,185,535,90,255
GCCCCATGCACATCTACATACCCAGTCC,CTTGCAAGTGTAATT,-0.0005308950984531881,0.0,340,185,557,114,304
GCATCACTTGCATGGGCATAAACAAGAA,CTCGCTAATACTCCT,0.005185159664349981,22.94204027836895,315,151,552,125,354
ACTCCAGAAACACAATCATTATCAGAGA,ACAGTTGACGGACAG,0.006455092627973325,0.0,329,163,525,86,389
GTACCAAGAACACAGTCAAACGCAGCTG,TATATTGAACTTTAC,-0.00360393697028858,0.0,387,186,511,95,306
AACCCAGGGACAGGTTCAAAGACAGCGA,TTAATTGCACTTATG,-0.003521380779420502,0.0,329,170,546,120,261
TGTACAGGAACAATAGCAGCTGCAATCT,ATGGCGATGGTCTTG,-0.005083585852702433,8.061117950095309,369,170,508,100,275
GATACATCGACATGGTCATAATCAAGTC,TCATAGGTATCTCGC,-0.002127343755636546,0.0,335,162,538,103,281
GGAGCACTCACAAGGGCAGGCTCAAGCA,TCATAGGTATCTCGC,-0.011739794672852844,0.0,380,182,557,83,217
AATACAGTAGCATAAGCACGTGCATTCC,TTTTGCATTTAGGCG,-0.0010505964320624453,0.0,346,169,498,93,303
AGCTCACAGTCACGGCCACGGGCACATA,AATGATACCATTTTT,-0.01315594257265509,6.52656018946368,404,166,506,107,218
CTTCCACATTCACAGGCAGGGGCAGAGG,ATAGAGCGGCGTTGA,-0.014144092536091479,0.0,428,169,505,76,222
GTGGCATCTTCAGGCACAGAAACAATTG,CGATGATGATGATGA,0.005980620607470488,0.0,281,158,506,127,326
TTAGCAGATTCATCGGCATGTTCAGAAC,TCTTGGAGGTGAATG,0.007320687918507351,0.0,308,138,472,99,377
TCGTCAGTGACATCCACAACACCAAGCC,TATGCCCTTCTTCTG,0.0029185554733930814,0.0,303,157,531,89,311
TTCGCAGACTCACCGTCACCGACAATCC,CAAGGATCCCCGTAG,-0.015312885103689711,0.0,400,176,521,94,198
GAGTCATTCGCAATGGCATGCGCATTCG,ACCACCGGTCCTGCC,-0.007805390008426527,17.153025573919876,389,183,469,88,260
CTTCCAACCGCAGAATCAAGGCCAATGT,TCAACAACCTATGCA,-0.0031702926626558047,0.0,353,151,485,103,284
GTTCCAGTCACAATCTCAGGGCCAAAAG,TCAAAACGGAGTGTT,0.005411287488872273,0.0,291,130,532,93,330
GGGGCATATGCAACGCCAGTCCCAACAA,AAAAGCGACATTTCT,-0.023504379604346152,0.0,485,166,472,75,173
GGTCCAGAGGCAGGCGCAGTAACAAAAC,TCAAAACGGAGTGTT,-0.0012504442459319255,0.0,320,152,516,105,278
AAGCCAACGCCACAGCCACTATCAAACG,CATTTATGGCTATCT,-0.0002603501151377647,0.0,312,151,534,87,282
AAAACATGGTCATCTCCAAACGCATGAT,TGATCATCACGGGAC,-0.013821703178867883,0.0,413,169,467,96,217
GGGGCACGGTCATAACCAAACCCATGGG,TTTTGCATTTAGGCG,-6.382676248266545e-05,0.0,337,141,471,98,307
GCGGCAAGAGCACGGCCATAAGCAACAC,ACAGTTGACGGACAG,-0.0027975157416979535,0.0,349,144,475,95,285
GTATCAAAAACAGTTCCAGGGACAGGTC,TTAATTGCACTTATG,-0.005747919379976607,0.0,350,148,488,97,254
CTATCAAGTCCACGAACATGCGCAACAG,TCTTGGAGGTGAATG,-0.00287040446947584,0.0,323,163,492,87,263
TTGTCAAAATCAGAAGCAGATCCAAAGG,TCTTGGAGGTGAATG,0.012612886751113474,0.0,238,130,470,101,360
GAGGCAAAACCAGTAACAGTTTCATCTC,TGATCATCACGGGAC,-0.008876422374506166,0.0,342,141,497,97,219
TGTGCACTCACACTGACAAGGGCACTGC,GAGTGCTTCAAAGTT,-0.0015266180062501345,17.030900965693036,277,142,493,128,238
GTTTCACTAGCAGGGTCAGTTGCACGGG,GGTTGCCCAGAAGTA,-0.008946664549465464,0.0,332,149,464,116,212
GTAGCAGGTGCAGTCGCATTACCATCGA,TCATAGGTATCTCGC,-0.005247584125545779,0.0,312,143,478,89,231
CACTCAGGCTCACGGTCATACGCAGATA,GTTGGGCGCTTAAAG,0.0013375777256025901,0.0,274,158,468,84,264
TAGTCACAAGCAAGAACAGGACCAAGGT,GGTTGCCCAGAAGTA,-0.0032907804748090624,0.0,301,164,441,92,241
GGACCAGTGACAGAATCATCACCATCCA,GAGTGCTTCAAAGTT,-0.003993839533408973,0.0,325,148,444,67,253
TTGACATCGACAACGTCACTAGCAACCC,CGATGATGATGATGA,0.03451125691886951,128.40987538354693,144,72,388,107,523
GGTACAGGCTCATGCGCATTTCCAGCTT,TATATTGAACTTTAC,0.002267052806646452,0.0,256,124,480,105,256
TTCGCAAAAACAGGCACAAAGACATGGC,CTTGCAAGTGTAATT,-0.006231709718291989,0.0,288,130,495,85,205
GCTGCAAAGGCAAGCCCAGTTTCAAGGT,AAAACATTATCAAAG,-0.010528328017132459,0.0,337,144,420,77,202
ATGCCAGTGACACACGCATATTCATAGG,TCGATAGAATTTACT,-0.0011679439284146172,0.0,296,137,415,73,258
TCATCAATTGCAACGGCATGGCCAATCA,TATGCCCTTCTTCTG,-0.00348045553778078,0.0,297,118,443,75,236
TGTACATGCGCACAAGCAACGTCAACCG,CGAATGCCATACAAA,0.0107927541355733,0.0,219,131,396,96,308
GTTGCAAAGTCACGCGCACTATCAAGGC,TCTTGGAGGTGAATG,0.0033235480388935207,0.0,278,134,364,84,290
GACGCAATAGCACCCTCAATATCAGTGT,TTTATAAATCAATAG,-0.00666244386707111,0.0,283,147,457,64,198
AACTCATCGGCACTGGCACGTACAGCGG,TCAAAACGGAGTGTT,0.010678858722176776,17.45228562756938,230,101,403,91,322
TTCGCAGACTCATCAACAAGTACACTTG,CAAGGATCCCCGTAG,-0.0029847339370249865,0.0,285,129,425,74,231
ATAGCAGGAACAACGGCACTCTCAGGCA,TTTATAAATCAATAG,-0.00495215815995358,0.0,307,132,393,77,230
GGGCCAGGCACAACCGCAGGGACAACAA,GAGTGCTTCAAAGTT,-0.01934980949892904,0.0,387,145,369,74,163
ACTACAGGGCCAAGAACAACTACACATA,AGTGTTAATCAGACC,-0.009147676779384684,97.79077697251046,311,154,384,74,197
TAGCCAATTCCAAGAGCAATACCAGTTG,GTTGGGCGCTTAAAG,0.004398159803386691,0.0,236,130,400,91,257
GATACAGGATCATAAGCAAAAGCAGGCA,TCTTGGAGGTGAATG,0.012280223468335995,0.0,203,100,397,108,303
TATCCAAGATCACATGCAACGGCAAAC,GAGTGCTTCAAAGTT,-0.01870596839458243,0.0,317,142,427,76,137
CCCGCAGACGCAAGTCCATTGCCAAGGG,GTTGGGCGCTTAAAG,0.009583793155716957,0.0,200,138,386,102,268
CTTGCACCAGCAAAGTCACTGCCAATAT,GAGTGCTTCAAAGTT,-0.012362551970466963,0.0,307,121,404,87,171
GTCTCATAGACAAAGGCAGGTACAGGTG,ACAACCTACCTGCTA,-0.005882970612201488,0.0,266,137,416,75,192
ATTTCAGCCCCACGCACACGCGCATGTA,GAGTGCTTCAAAGTT,-0.014417814304791832,0.0,345,132,353,78,177
GTTCCATCACCAAGGACATGTTCACGCT,CTTGCAAGTGTAATT,-0.008808022879034283,0.0,285,156,394,62,183
GGCTCACAGGCACACGCACGATCAGGTA,TTTATAAATCAATAG,-0.006031374229749087,0.0,308,124,371,54,221
ACTGCATTACCAAGATCAAAAGCAGCTA,GTTGGGCGCTTAAAG,0.001617665646564937,0.0,234,121,405,87,228
GGGCCAGTAGCATGAGCACTAGCAGGAA,GAGTGCTTCAAAGTT,-0.007828490252464414,0.0,304,109,371,70,203
GAGTCAATGTCACGTCCAGAAGCAGTAC,TCAAATGATGAGGAT,-0.047968536062794526,0.0,455,147,335,51,61
TCTCCAGGAGCACTGACACTTACAGGGT,TTTATAAATCAATAG,-0.008254197867044621,0.0,262,109,425,70,172
GTCACAAAACCACCTACAAGGCCAGCAT,GTTGGGCGCTTAAAG,-0.0039004008864308437,0.0,247,128,385,72,193
AAAGCACAAGCACATGCAACAGCAAGAT,TTTATAAATCAATAG,-0.008323307858699593,0.0,278,116,377,60,182
GTAACATCGGCAAAACCAGTCACAAACT,GTTGGGCGCTTAAAG,0.0033161577841222655,0.0,210,107,404,71,219
ACTTCAGGTACATCGACAAGGACAAACA,TATATTGAACTTTAC,0.005285266453799942,0.0,226,85,369,69,255
AACCCAGATGCAAGTTCAGTTGCAGAGC,TGATCATCACGGGAC,-0.020112292404184374,0.0,328,128,338,73,134
AAACCAGTGCCAAATACATGCACAATTC,CTACTTACAACGGAA,0.014900330417855212,0.0,146,110,384,102,242
TCGGCAACTGCAACTCCAGTGTCAAGCC,ACAACCTACCTGCTA,-0.0017821803919799498,0.0,214,101,392,90,182
GCACCATGGGCAACAACACTCTCACGTT,AGTGTTAATCAGACC,-0.021111927597816993,51.20919042816536,321,119,328,60,126
GCGACAAGCTCATCGCCACATACAGTGG,ACCACCGGTCCTGCC,0.006620452111834331,0.0,184,105,342,82,219
GTCGCATAAACATCTCCAGTCGCAACAG,TATATTGAACTTTAC,-0.004568698436968032,0.0,209,106,358,90,159
AGCTCACTGACACAACCAATTACAATCC,GAACTCAGGTTCCAT,-0.023990289978286096,0.0,303,125,319,50,106
CTTGCATTAGCATCTCCATCCACAAGTA,GTTGGGCGCTTAAAG,0.0008989303144153003,0.0,169,125,373,70,160
TCCTCATACGCACAAGCACAGACAGTAC,AGTGTTAATCAGACC,-0.02633851719135758,41.898881540997536,314,98,321,61,100
GTGGCACCAACACGTACACTGGCATCGT,TCGATAGAATTTACT,-0.003192204007392351,0.0,209,102,333,82,168
TAGTCAGACGCAGTTCCAATCACAGGAA,GTTGGGCGCTTAAAG,2.2802820928724023e-05,0.0,198,104,326,83,181
GGCCCAGCAGCAAATGCATACCCAACTC,TTTTGCATTTAGGCG,0.0031715442210840106,0.0,190,107,347,48,197
CAGCCATGCACAAAGTCAGCGACACATC,TCAAAACGGAGTGTT,-0.0008267772594257273,0.0,189,94,350,78,167
GAGGCACACACAGTTGCAACAACAGTCA,ACAGTTGACGGACAG,-0.0036802323920726685,0.0,222,88,324,65,175
GTCGCATTGGCAAAGGCAAGGTCACCAG,AGTGTTAATCAGACC,0.005986771223793276,166.45362595819097,187,83,311,76,217
AAGACATAGCCAGTAACATACGCATCAC,GAGTGCTTCAAAGTT,-0.012661260376362459,0.0,258,109,284,68,142
CGTTCAAGCGCACCTACATCCCCATTCT,AAAAGAAAAATGTAT,0.002825735273946383,0.0,177,110,299,83,181
TACTCACGTGCATCGCCAAACTCAAATG,TATATTGAACTTTAC,0.008056867951664893,0.0,165,96,308,70,208
CTCGCAGACGCAGCAACATTTCCAGGCA,ACAAGTTTTACAGTT,-0.02962152211403324,25.18148484118774,333,115,255,44,93
AAGACAGGAACATTGTCAGTCACACAAC,TCATAGGTATCTCGC,-0.016172920771623023,0.0,253,100,298,64,121
GTCTCATGTGCAGCCGCATTACCACAAA,CATTTATGGCTATCT,-0.0014269692365657108,0.0,182,90,330,75,157
TCTGCAGGTGCATTGACAATGGCACAGA,ACAAGTTTTACAGTT,-0.05457288609637336,0.0,408,121,232,20,42
GGGGCATAAACAGCCCCAGGGACAATAC,AAAAGCGACATTTCT,-0.019952886975702456,0.0,287,93,269,52,118
CCGTGCAGAGACAACGCCATTTTCAGCA,CATTTATGGCTATCT,-0.005283000349016787,0.0,211,95,302,55,156
TCCTCACTGGCAAGTGCATGGCCAATCC,CATTTATGGCTATCT,0.0017083703393465217,0.0,181,84,307,64,177
CAGCCACGTACACGTACACGTGCACTAA,GAGTGCTTCAAAGTT,-0.016073910741220596,0.0,252,122,264,50,121
CCGCCAATAACAATGGCAAATGCAAAAA,GGTTGCCCAGAAGTA,-0.006401884875388217,0.0,215,80,319,36,152
CCGTCAGTCGCAAACACACTGGCAAGAA,ACAGTTGACGGACAG,0.0021269964179297055,0.0,179,76,293,70,178
TAATCATTTGCACGGTCATAGCCAGTCC,TTAGTCTTTCCATCA,-0.002290986113202397,0.0,210,93,259,59,175
TTGGCAAGGGCACTACCAATAACAGCCA,CTTGCAAGTGTAATT,-0.005211183650656847,0.0,205,88,289,58,152
CCACCATAGGCACGGCCACGACCATCCG,TCGATAGAATTTACT,0.002979351701504097,0.0,173,75,314,51,178
GAGACAAAACCAATTACAATGGCAGGCG,TCAAAACGGAGTGTT,0.0033375527362196735,0.0,160,110,303,49,167
CGACCATATGCAAAGGCATCCACATTAA,AGTGTATGATAATAT,-0.0038066016586132834,0.0,204,90,290,44,160
GCTGCAAATGCAGGAGCAAGTGCAGTCA,TGATCATCACGGGAC,-0.01551208934491912,0.0,224,110,289,52,110
GCCGCACAGCCAGCTACATAATCATTTG,TCTTGGAGGTGAATG,0.008720562640429108,0.0,146,96,285,67,189
AGGCCAAAGCCAAGTTCAGGAACAATCA,CTTGATCAATCAAAA,-0.028962575872040628,0.0,279,112,261,44,80
TCAGCATTGACACGAACAAGATCATCCG,CGATGATGATGATGA,-0.009328875051605335,9.463507262964413,194,91,320,48,122
TACGCAAAGCCAAGCGCAGTCGCACAAT,GTTAAATCAACAGTT,0.0075271659450659514,40.99901135257613,158,75,278,68,195
TCACCACAAGCACATTCACGGTCAAGTC,TCAAATGATGAGGAT,-0.06555735517931018,5.354987098586207,407,111,203,26,27
CGATCAGCCACACAATCAGTACCAGAGA,CGAATGCCATACAAA,0.011324376212720356,0.0,142,105,257,62,204
ACCACAGGGACACACACAGAGTCAGTTA,ATAGAGCGGCGTTGA,-0.02150735443990468,0.0,220,114,283,49,85
GGCGCAACTACAGATGCACCCTCATGGG,GTTGGGCGCTTAAAG,-0.004831540951882896,0.0,178,97,291,48,134
ATCTCAGCTACAGGAACAAAAACAGAGA,GAGTGCTTCAAAGTT,-0.011035087773174544,0.0,206,79,281,53,121
TGCACAGCCGCATCTGCACAACCAAATT,ACAGTTGACGGACAG,-0.0026185667381630976,0.0,169,105,283,41,139
TGCTCATTGCCAACCCCAAGAACAGGAA,GTTGGGCGCTTAAAG,-0.0007365549894051242,0.0,159,109,288,38,141
CTTGCAGGTTCAAATGCAGCCACACTAT,TCAAAACGGAGTGTT,-0.00017040630547549007,0.0,183,96,222,67,166
GATCCACTAACAGGTCCAAAAACAGTGT,CTTGCAAGTGTAATT,-0.005759141350743069,0.0,193,79,275,42,140
GAAACACTTGCATCAACACTTGCAATCG,TCTTGGAGGTGAATG,0.003364407645577083,0.0,156,73,266,69,163
AAGTCATCCGCACGGGCACCCGCACTAT,ACAACCTACCTGCTA,0.0021062805483891946,0.0,156,81,247,62,155
GGCTCACAGCCATACACAGCCCCATAAC,CGATGATGATGATGA,-0.0010712320089666153,0.0,168,70,246,55,147
GGTACACGGACATAATCAGGTACACGCG,TGATCATCACGGGAC,-0.00943046166957746,0.0,190,66,246,58,119
CAAACACGCGCATAGTCATTAACAACCT,AAAACATTATCAAAG,-0.02551272396522779,17.02841367695237,240,87,228,41,79
GAGGCATTACCACAGCCAGTACCAAAAC,GGTTGCCCAGAAGTA,-0.007112983455061974,0.0,179,66,273,27,123
GACTCAGATGCACTGGCATCAGCAGATC,TCGATAGAATTTACT,-0.0007914184981596458,0.0,165,88,213,54,146
CTTGCAGTGGCAAAACCAGGAACAAAT,TTAATTAGAGGTATG,-0.023963435526816877,0.0,237,81,202,50,83
GTCACATGGGCATACGCAACTCCAAGCA,TCAAAACGGAGTGTT,-0.00987064258789605,0.0,182,95,212,44,112
AGACCAGATCAGGGGCAAGAGCATGAG,TTTATAAATCAATAG,-0.024531548233002253,27.352749577677514,222,84,225,26,76
GGAACATTCACAAAACCAAGGACAGCAC,ACCACCGGTCCTGCC,0.0005302434862772612,0.0,149,53,227,62,139
TCCCCATAGCCACAATCAAAGACACTCC,ACAACCTACCTGCTA,0.0019149343096029892,0.0,143,70,224,47,141
CGGGCAGAAGCAGTAACATAAGCAGGTG,TCAAATGATGAGGAT,-0.046104455015071766,0.0,270,91,193,28,39
GGCGCAGTTTCAACGTCATATGCACAGA,TCATAGGTATCTCGC,-0.011846192261799837,0.0,153,82,260,33,87
GAAGCATCTACAGACGCATTAACACTCA,ACCACCGGTCCTGCC,0.005727110878124431,0.0,128,56,219,48,147
GGTTCATAAACATCGGCACAACCATGGC,ACAAGTTTTACAGTT,-0.053348535981461914,0.0,259,65,206,23,28
CGTTCAATTTCAGATCCACAGTCACGCA,CATCACCGTGCTCAT,0.00629359174082409,0.0,103,56,249,52,121
AGCCCAGGATCAGAGACAATCTCACTCA,CATTTATGGCTATCT,-0.004426643632127636,0.0,149,62,227,27,114
GGCACACATTCATGCACAGTGTCACGGG,TATGCCCTTCTTCTG,-0.003496038658649358,0.0,136,83,204,45,108
GGCTCATTAGCAAAGGCAAAACACAGC,GAGTGCTTCAAAGTT,-0.010787681753761191,0.0,177,56,199,32,105
ATGACAGGCTCACGAACATAACCAGGCA,ATGAAGTTCATAATG,-0.013112588170609363,0.0,148,77,217,47,80
TACGCATATGCAGCTCCACGCGCATCCT,GTTGGGCGCTTAAAG,-0.01405477922890368,12.666568492592432,146,84,233,29,76
AGGCCAAACCCACTGGCACAGACAATTT,TTAATTGCACTTATG,0.00042949125682329977,0.0,127,67,208,46,118
GAAACAGTGCCAGTTCCACTTCCACGGT,CTACTTACAACGGAA,-0.017723713717413436,53.3382744369751,198,67,163,40,89
ACTACAGCGTCACCCCCAATAGCAACTA,ACAGTTGACGGACAG,0.004562241537974533,0.0,104,51,233,44,114
TCTCCAAACTCAACATCAAGCCCAAGTT,TTAGTCTTTCCATCA,-0.00331153597620879,0.0,140,49,187,49,112
GTTCCAATAGCAGGGGCACTGGCAAACA,TGATCATCACGGGAC,-0.02056969358166638,0.0,177,63,194,32,71
GGATCATGTGCAGACGCATGAACAAAAC,ACAAGTTTTACAGTT,-0.05070725670426533,0.0,258,81,136,25,31
GTATCAATTCCAATAGCAGTACCAGATA,TTTTGCATTTAGGCG,0.006690320510623391,0.0,93,74,192,53,111
AGGCCAACTGCATCTCCAGTCACAAGGG,TCAAATGATGAGGAT,-0.060876163301059966,0.0,275,80,132,14,22
CTATCAGTACCAACCGCACGCACACAAA,TCATAGGTATCTCGC,-0.013037400144010513,0.0,166,73,150,37,90
TGTCCAGAATCAGGGGGCAGGATCAAAGG,CATTTATGGCTATCT,-0.029121951521264292,33.473498935729594,179,78,189,17,51
ACGACAAAATCATGGTCAAACACAGGTT,TCATAGGTATCTCGC,-0.011053060455472694,0.0,138,74,191,30,81
ACCCCATCGACATCCTCACACTCATAAC,GAGTGCTTCAAAGTT,-0.013745533370216624,0.0,148,67,181,38,78
ATGGCACTGGCATAAGCAGCTCCACGGA,GTTGGGCGCTTAAAG,-0.009707926997211368,5.531555362629206,134,64,186,37,83
AGGGCACGATCAGTTACATCCGCAAAGC,AAAACATTATCAAAG,-0.006805584535587772,0.0,138,57,181,31,96
AATTCATCCACATACGCATGCGCATAAG,ACAGGGCAGCTCCCG,-0.049494768985780445,0.0,222,59,162,27,28
TAGACAATCTCACCGCCAAAATCAACCG,AAAAGAAAAATGTAT,-0.019805540089388996,12.942025827050884,162,56,181,32,67
TGAGCAACGACATATTCACAGTCACG,ACAGTTGACGGACAG,0.05241338243220513,135.46243370351795,37,20,132,34,275
AGTTCATACCCATAGACAAACTCAACCG,TATATTGAACTTTAC,0.001812494829566691,0.0,111,59,184,31,109
TCCACAGATACAGGGACACGGCCATCGT,GAACTCAGGTTCCAT,-0.007869574896057663,10.068986111127742,144,59,157,36,96
AAAGCAGGAGCAGCGGCACTAGCAAGAG,CTACTTACAACGGAA,0.0019938260433416816,6.35413777368376,92,64,187,51,91
ACGTCATGGGCAGTGACATCCTCAAATA,TGATCATCACGGGAC,-0.022829620220322134,0.0,161,67,168,28,59
CGGACATTTACAAAACCATAATCACGGC,TCAAATGATGAGGAT,-0.06415186986122007,0.0,228,82,143,13,16
CTTCCAGTGCCAAAGCCATCCCCACTCG,TCAAATGATGAGGAT,-0.0795670474471603,9.372267557717123,264,72,125,11,10
TGGACACTTACATGACCAACTGCAAATA,TTATATTTATTTGCT,0.02408537174502208,0.0,61,35,179,49,146
GGGGCATGCCCATGGTCATGAACATACC,ATAGAGCGGCGTTGA,-0.019938141271636775,0.0,158,67,152,24,65
TGGCCACATACAGTGCCATTGGCAGTCC,CGATGATGATGATGA,-0.009518524090852586,8.818967351645824,141,57,142,28,88
TTACCAGAGGCATGTACAGTCGCAATGT,CTTGCAAGTGTAATT,-0.024272222618047554,16.55623150543488,159,55,162,18,55
TTACCAACTCCAGACGCAGGAACAACCA,TTTTGCATTTAGGCG,0.013053067669432086,4.324675773814306,76,49,171,36,117
CGGACAAACGCAGACGCAACCACATCTC,AAAAGCGACATTTCT,-0.030993294761489376,0.0,174,58,145,23,46
AGGTCACAGGCAGCGGCACGCACATTCA,ACCACCGGTCCTGCC,0.006592531909937494,0.0,90,48,171,27,107
GTTACATCGTCACAACCATGGTCATGAT,GAGTGCTTCAAAGTT,-0.011954183790412753,0.0,136,38,162,23,77
CGATCAACATCAAAACCACACGCATCAG,ACAAGTTTTACAGTT,-0.06844990191562417,1.0968625694740695,220,64,123,13,13
TATTCACAAACAGTTTCACCGACACAGA,TCATAGGTATCTCGC,-0.0030832238871269634,0.0,109,36,167,30,88
TCATCATACTCAGGAACAGGTTCAAACG,TTAATTAGAGGTATG,-0.018330882486932043,0.0,155,49,130,27,68
GGTCCACTCACAAGAACAGAAGCAATGA,TATATTGAACTTTAC,0.0025629142478215353,0.0,84,37,179,36,85
GGATCAAGCTCACAGCCAATCCCACCGC,AGTGTTAATCAGACC,-0.053142045132026444,0.0,211,52,115,18,23
TGTGCAATGCCAGCGACACATGCAGAGG,TCAAATGATGAGGAT,-0.05033630105010876,0.0,205,56,116,11,25
CAGACAGGACCAGAGGCACGGTCAACGA,TTAATTGCACTTATG,0.0002040272144463685,0.0,101,50,138,28,93
AGGGCAGGCTCAATGCCAATGCCATCTG,ACAAGTTTTACAGTT,-0.05239760167163263,0.0,187,65,121,14,21
TGCCCAGGACCAGAGTCAGAAGCAGATA,AAAAGAAAAATGTAT,0.004567525274652739,0.0,83,60,154,16,91
ACCCCATTCGCATATTCACGAACACCCA,AGTGTTAATCAGACC,-0.06185668112989198,0.0,208,51,109,18,16
GAATCAATATCAGCATCAATGGCACGAA,GAACTCAGGTTCCAT,-0.032244533213580985,0.0,171,34,131,19,43
GGAACAATGCCATCATCATCAACAACAC,CTTGATCAATCAAAA,-0.03493487357909937,0.0,155,51,131,25,35
GTGCCAGCGGCAATAACACGGACAACAC,ACAAGTTTTACAGTT,-0.06107536754228937,0.0,189,53,118,19,15
GCGCCAAAAACAATCTCATGCACAGAGG,CCAAGACCGTGTAAA,0.002267052806646454,0.0,87,66,119,33,87
GCCACACTGACACCTCCAGAATCACATA,ACAACCTACCTGCTA,0.0036335131200930593,0.0,89,34,145,27,94
AATGCAGATGCACTTGCACGGGCACGAC,CTTGCAAGTGTAATT,0.04509151759101997,103.34966271950657,33,13,111,47,183
AGTTCAGGCACAGTTGCATAGACATGAT,ACAACCTACCTGCTA,0.0087659909175696,0.0,64,42,171,24,83
TCTTCAAATACATGGTCAAGGTCAGCCA,TATATTGAACTTTAC,-0.005367488432133083,0.0,95,46,135,29,70
GACACACGAGCAACATCAAAGGCATGTA,ATTATCAAGTGCCAG,0.001438247623723932,0.0,92,63,109,22,89
GAAGCAAATCCATAGGCATAAGCAATGG,TTTATAAATCAATAG,-0.002806468293270803,0.0,98,43,133,20,80
GGGTCAGGTTCAGCACCACATGCAACTC,ACAAGTTTTACAGTT,-0.06298469201190374,0.0,204,43,96,13,15
AGGACAGAGACACAGCCAAACCCATTAT,ATTATCAAGTGCCAG,-0.0074108464293527465,0.0,81,51,155,28,55
TTTTCAGCAGCAGCCACATAGTCACTAA,AGAACATCATCTACA,-0.03477306071645894,0.0,154,46,107,22,35
GTGACAGCTGCAATGACATTCTCATCAA,CATTTATGGCTATCT,0.0093656465651758,0.0,67,35,127,42,89
AATTCAGCACCAAGTACATCTTCAGCGC,CTTGATCAATCAAAA,-0.02210790551087687,0.0,114,54,130,19,43
CTCCCAAGGGCAGAAGCACATACAGACA,AATGATACCATTTTT,-0.02636125480092859,0.0,132,39,115,29,42
GATGCATGCCCAACTCCATAAACACCGA,TTTTGCATTTAGGCG,-0.00014861808558033155,0.0,76,39,136,33,69
GCAACAATAGCAGATACATAGGCAACTG,TATATTGAACTTTAC,-0.0050093161166140385,0.0,99,38,114,25,74
ATTACACGCACACTGTCACAGTCAAGTG,ATTATCAAGTGCCAG,-0.006613029026535443,0.0,97,36,119,23,68
ACCCCAGACACAGTTGCACATCCAAGGT,AGTGTATGATAATAT,0.0010062814659741477,0.0,61,37,158,29,58
ATGCCACAACCATGAGCACATGCAGCGC,CCAGGATGTACCGCC,-0.016641099247890458,23.89836042731781,98,33,147,17,46
CTATCAGTTGCATCATCAGAAACAGAGT,GTTGAACTGGTTGTT,-0.042021866241116965,0.0,147,67,86,15,25
TGCGCAACCGCATCGGCATACACAGCAT,TCAAAACGGAGTGTT,0.00871278053919895,0.0,68,40,121,21,88
TCTGCATAAGCACTATCAACTTCATAGG,AATGATACCATTTTT,-0.026857631133678096,0.0,109,35,138,18,34
TCAACATAGGCAATGTCACGAGCATAAG,TCGATAGAATTTACT,0.003618733338403347,0.0,72,45,110,31,76
TTACCAAGCCCAAGTTCAACACCAACGA,ATGGCGATGGTCTTG,-0.022171306121225375,0.0,101,37,140,15,38
TAGCCAGACACACAGCCATGGTCACTCC,CTCGCTAATACTCCT,-0.016252327932083553,33.92645487348955,86,43,141,17,41
ACCGCACCACCATGATCACCCCCACAAC,CAAGGATCCCCGTAG,-0.0025422445095399475,0.0,80,30,120,28,66
GCGCCATCGGCACGTTCAGGATCAATCA,TCAAATGATGAGGAT,-0.050905649166322536,0.0,151,45,85,20,18
CTGACAATACCATGAGCAGTGGCACCTG,CGAACAGAAACACAA,-0.023655915184922806,0.0,110,38,116,16,39
GGTACAAGTCCAACGGCAGCGGCAGCTC,AGTGTTAATCAGACC,-0.06264539007326511,0.0,161,43,82,14,12
TATGCATGGACAAATCCAATTACATGTA,AGAAGACGACGATGA,-0.05183292043605102,0.32405224026501855,148,32,103,10,17
CTGACATCGGCAAATGCATTCACAAAAA,TGATCATCACGGGAC,-0.020022900175448145,0.0,100,39,113,17,41
GAATCAGCGCCAGTTTCACTCACAGTCC,ATTATCAAGTGCCAG,0.004191078835049654,0.0,50,36,140,26,54
ATGCCGGTACAAACCCAATCGCAAGGT,CTACTTACAACGGAA,0.03474912740990296,4.041549078985099,24,21,145,25,88
GGTGCAGGCCCACTAACACTACCATGAT,CCAGGATGTACCGCC,-0.004811103591251541,9.714773583566512,73,40,110,21,55
AGTGCAAAAACAGAGGCAGCCACACGGG,CTTGATCAATCAAAA,-0.04205963059875111,1.4326739004404772,106,41,112,12,18
CAGGCACAATCAAGGGCAAGTACACGAA,CCAACACAGGCTTCG,-0.05150090877872312,0.0,144,43,82,10,9
GAAACACCGCCACATACAAGATCAGAAT,GAGTGCTTCAAAGTT,-0.00960528755685175,0.0,82,27,100,21,51
TTGCCAACGGCAGAAACACTCGCAACAG,CTTGATCAATCAAAA,-0.027199322101894685,0.0,78,59,105,13,24
TCACCACACTCATGGGCAAGCACAAACA,CGTCAAGACCTTCTA,-0.03350160028562168,3.992049818139037,92,40,97,23,22
ATAGCAGGGGCAAGTCCATGTCCAATCT,TCAAATGATGAGGAT,-0.04768455976366312,0.0,136,39,84,7,6
GGCGCAACGTCAAGCACAGAATCACACG,ATGGCGATGGTCTTG,-0.026674014469464612,0.8394474848786899,99,45,89,6,33
ATGCCAGTTCCAGAACCATCGTCAACAT,CCAGGATGTACCGCC,0.02293401713625816,0.0,35,24,111,22,80
TGAGCAGAAGCATCCGCAGCACCATTGG,TGATCATCACGGGAC,-0.015959926938003764,0.0,85,30,100,16,41
ATGACAGCGGCAGTGTCAATCTCACCCC,TCAAATGATGAGGAT,-0.0652457016050179,3.8011244120607444,147,44,64,7,10
GGTCCACGGTCACATACAGTCGCAAGGA,TTTTGCATTTAGGCG,-0.003693222779478499,0.0,66,38,91,22,52
ATAGCAGAGGCAAGGACACTCACAATAG,CGAACAGAAACACAA,-0.04084090190416658,0.0,129,33,69,14,23
CCGGCAACGGCAACTCCAAGTCCAGTTT,TCAAAACGGAGTGTT,-0.021397849227590623,5.694892383888146,67,46,106,23,26
GAGTCAGTGACAGGTGCATGGGCAACTG,ACAGTTGACGGACAG,-0.005057625310390401,0.0,63,32,104,21,47
AATCCACACGCAGGTCCATTGGCACGGG,TTTATAAATCAATAG,-0.0024342529809270545,0.0,70,39,82,16,58
CATCCAGTCACACTCACAATCGCAGGTT,ACAGGGCAGCTCCCG,-0.05640886858247551,0.0,115,45,82,11,11
TTGCCACACACAAATACAGGGGCAGCAA,GGTTGCCCAGAAGTA,0.00041435350280341274,0.0,70,28,86,10,65
TAGCCACCCGCAGCATCACTTCCATTAG,ACAAGTTTTACAGTT,-0.05378937306185977,0.0,126,25,85,6,11
GCTACAACTGCACGTACAGAATCACTGG,AGATTCATCCCATGG,-0.05483153237707194,0.0,121,30,81,8,10
AGATCAATAACAAGCTCACAGCCATACT,TCAAATGATGAGGAT,-0.03905602280269953,4.591311715020083,94,38,88,12,18
GACTCACAGTCAGAGTCACCCCCAAAGC,GCCCTCGAAACCTAT,-0.032204318195893984,4.020429290608831,113,28,89,14,5
GTTTCAGGCTCAGCCACATTTGCAAAAC,CTTGATCAATCAAAA,-0.008039067070692152,7.954671706216118,74,25,83,16,49
TATACATCAACAACATCAACGCCATCGA,ACAGTTGACGGACAG,-0.04766520617333056,65.44522176940723,123,31,76,9,7
CCGTCACAAACACGTCCAACGGCAATAA,AGTGTTAATCAGACC,-0.04991353924640084,0.0,129,34,56,11,16
AAATCATGCGCAGACTCATTTCCAACTC,AGAAGACGACGATGA,-0.04704153234644029,0.0,115,44,58,11,16
GCACCACCTTCAATCACACCAACAGAGA,GCCCTCGAAACCTAT,-0.060128203257260836,0.0,129,24,67,7,10
GTAACACCAACAGGGCCAGAGGCATCAG,CCAACACAGGCTTCG,-0.04442658159850296,0.0,123,29,56,10,19
ATAACACAAGCAGTGGCATGGTCACGGG,TCAAAGCATGAAAAA,-0.04791079410885037,0.0,110,33,78,2,13
AGGGCACTAGCATGAGCAACGCCAAAGA,GCCCTCGAAACCTAT,-0.06874717180228662,0.0,136,46,37,4,12
TCTGTCAGGTCCAAAGACACCCACAAAAT,ACAGGGCAGCTCCCG,-0.04871837301507559,0.0,103,37,77,3,11
GTGCCAAGACCAGAAACAAGATCAGATC,TCATAGGTATCTCGC,-0.025516730054492016,4.546116489549377,79,20,92,13,26
GGTACAAAAACAGAGGCATAAGCAAACA,CTTGATCAATCAAAA,-0.03533488211276041,0.0,72,29,101,12,16
CATCCATAGTCAGATACAGAGACAGAAG,ACAAGTTTTACAGTT,-0.05797806351087082,0.0,123,23,63,8,11
CGTACAGCCTCAGCATCAACTTCAGAAG,TATATTGAACTTTAC,-0.025937298348865045,16.40061430818855,82,31,78,9,27
TAAACACACACATAGGCATCATCAGGCG,AATGATACCATTTTT,-0.027718371888105445,0.0,73,25,85,15,22
TTCTCACGCCCATTCACAGTGGCACCAA,CTTGATCAATCAAAA,-0.013498617782818821,3.7946149190453298,62,26,87,11,33
TCAACACTCACATCCTCAGGGGCAAGAG,ACAAGTTTTACAGTT,-0.0709821253657025,8.867739804829057,129,33,50,4,1
TGATCATGGACAACGCAATGTCAAGGG,GTTGAACTGGTTGTT,-0.03770434227094262,0.0,94,36,57,10,19
ATTACATGCTCAGCGTCACTCACAACCA,CAAGGATCCCCGTAG,-0.03635543197576678,8.106192311114341,75,30,84,10,16
AGGTCACCGACAGTGACAGGCTCAAGCG,CGAATGCCATACAAA,0.008973652471513426,0.0,39,15,91,17,51
AATACAATTCCAATGCCAAATCCAGTCT,TCAAATGATGAGGAT,-0.08567831203446535,11.864962094257976,135,25,39,6,5
CATTCACCCTCAGTGCCATCATCAGACT,TTAGTCTTTCCATCA,-0.027940727341466888,6.931817003066726,77,26,66,17,23
AGTCCAGCGACAACATCACAATCAGAGT,TTTATAAATCAATAG,-0.0030469832429453475,0.0,47,25,71,26,38
GCATCAACGACAAATACATAGCCAGCAG,GAGTGCTTCAAAGTT,-0.007844047323110474,0.0,58,23,80,6,39
CCGGCAGGGTCAAGCACAATCACACTCT,TCAAATGATGAGGAT,-0.04272680627157227,0.8192590736866805,99,20,59,8,19
GGTGCAACCCCAACTACAAAATCAGAAA,CTTGATCAATCAAAA,-0.02903461541916356,0.0,75,30,77,3,19
GCTACATAAGCAGCTGCACGGACAGAGA,TCATAGGTATCTCGC,-0.0101159831241042,0.0,64,24,64,12,39
GATCCAATGACAGAGGCAGAACCATGCT,CCAACACAGGCTTCG,-0.05678649533201785,0.0,101,34,52,8,7
CTAACAATGGCACCGACACCTCCACCCG,GTTCAGCTTTGATCG,-0.03434822439987353,0.0,93,24,75,1,8
GAGTCATGGCCAATTGCAGACACATCCA,CTTGATCAATCAAAA,-0.028327332983906443,0.0,68,22,71,12,20
TTGCCAGCAGCATCGGCACTCACACGCC,TCAAATGATGAGGAT,-0.04812316589769863,0.0,83,37,57,5,10
CAGGCATTGCCAAATGCAAAATCAATCA,TTTTGCATTTAGGCG,-0.007064110153825562,0.0,55,18,60,9,49
GTCCCAACTGCATGCTCAACTACACATC,ATCGTTGGCATTTGG,-0.12464728931635961,0.0,157,23,9,1,0
GACGCACTGTCAAATCCAAGCCCAGCTT,AGAAGACGACGATGA,-0.034157490975283145,0.0,77,26,63,4,18
GACGCACGATCAGTGCCAGTTGCACTGC,CTTGATCAATCAAAA,-0.025198254410056298,0.0,51,23,80,17,17
CAGCCACACCCATTTACACCTGCATACC,AAAACATTATCAAAG,-0.010337104505167819,0.0,48,29,80,7,23
TGCACAAACACATTTGCACTCCCAACGC,CTTGATCAATCAAAA,-0.041249750563239505,2.660613907475181,71,34,63,8,10
AGGTCAAAAACATACGCACACGCAAACG,AAAAGCGACATTTCT,-0.016172920771623023,0.0,46,21,82,14,22
GCATCACCAGCAACTACATGATCAATGG,CTTGATCAATCAAAA,-0.020640215490207448,0.0,55,14,81,13,22
ACAACAGGCGCACTCCCATAATCAACGA,CAATCTTGAATTGAT,-0.10964975051973132,6.467978398610626,123,36,22,0,0
ATTACACCTTCACCGACAAAACCACATG,TTTTGCATTTAGGCG,-0.011965375789995243,4.191453142798991,54,24,66,5,32
TTGGCATAAACAAATGCACACACAATGA,CCAACACAGGCTTCG,-0.007869574896057663,29.464643277038817,54,17,62,12,36
AATGCACAGGCATGAACAACTTCAGCGA,TCAAATGATGAGGAT,-0.05864851240268657,0.0,100,18,44,6,10
TGCCCAAAAGCAGGCTCACCGCCAAGTC,TTTTGCATTTAGGCG,0.012164444233946801,1.1675400746598825,35,28,47,15,52
AGGCCATCGGCAAGCGCACTAGCAATAT,CAATCTTGAATTGAT,-0.07380278562887793,0.0,101,27,37,5,4
GCGTCAGGGGCAAGCACATTGGCATTTA,CTTGATCAATCAAAA,-0.047731922159427086,6.587458932781487,85,19,51,5,12
TACCCAAGACCACCGCCAGCCGCAACCG,CTATGCATTTACTCA,-0.006389853111299405,0.0,41,13,70,19,29
CCGTCAAGCTCAATCACACCTACAGACT,ACAAGTTTTACAGTT,-0.057817992304930795,0.0,93,22,40,5,10
CGTGCACATGCACGATCAGCCCCATAAG,CAATCTTGAATTGAT,-0.07263411806961248,0.0,104,22,39,3,1
CATACAAGCCCAGCAACACCGGCACAAA,CTTGATCAATCAAAA,0.007212696389894458,19.675829836495154,32,18,65,15,39
GTCGCAGAGGCAATCACATACCCACTCT,GTTAAATCAACAGTT,-0.18777672563700668,27.941341268419393,154,12,2,0,0
AAAGCAATCCCAGGGACACTTGCAGTTG,TCAAAGCATGAAAAA,-0.05400644349156961,0.0,87,21,40,7,11
TGAGCAAACACACGCGCAACTACATCGA,CTTGATCAATCAAAA,-0.017294653504977744,0.9901832579369056,54,21,59,5,26
GGAACAGCCCCACGGCCACATTCACCGG,AGATTCATCCCATGG,-0.058814992209720134,0.0,89,28,44,0,2
ATGTCAGCCGCAGCAACAATACCATCGA,GCCCTCGAAACCTAT,-0.0739046038458809,0.009287178070280788,93,22,34,8,5
TGGTCAAGGACAAGACCAATTGCAACTG,CCAACACAGGCTTCG,-0.08696431333118429,5.0499910631860985,103,20,29,1,6
TTGTCAATGTCAGGGGCATTAGCATGTG,TCAAAGCATGAAAAA,-0.08175019590931024,3.3946200136437596,96,21,30,7,4
TCGCCATCACCAGATCCATATTCATCGG,CAATTTCAACGTTGT,-0.04681783157334977,0.0,74,16,49,5,10
CGAGCACAAGCAATCGCATCGACATAAC,GTTGGGCGCTTAAAG,0.010790217480911314,0.0,32,12,48,16,45
GGGACAATTCCACTAACACGAGCAGTAG,CGTCAAGACCTTCTA,-0.010252329391165781,0.0,33,15,69,13,20
GCAGCAGGCACATTTCCACGTCCAGTTA,ACCACCGGTCCTGCC,-0.004884712911148686,0.0,41,16,49,6,38
GAAGCAACGTCACGTGCACGCGCAGTAA,CTTGATCAATCAAAA,-0.035355347129656156,0.0,53,31,50,5,10
CCATCACCATCACGGACAAGAGCATGAG,CTTGCAAGTGTAATT,0.01308865486405342,2.586067929697151,24,23,54,11,37
CCAGCATCGGCAGGGTCAAAATCATGGA,GCCCTCGAAACCTAT,-0.05763650981743273,0.0,81,19,41,5,1
ACGTCAGGAGCAACCTCATTTCCAAGCT,TCTTGGAGGTGAATG,0.009459104617940995,0.0,27,16,53,12,36
GTTTCATTGACAATAGCAACGCCATTCG,AGTGTTAATCAGACC,-0.06413916622984263,1.5761794833293266,81,19,36,4,3
TCTCCACCCCCAACCTCACACACAAACA,TCAAAACGGAGTGTT,-0.005139592596932863,0.0,39,18,45,12,29
CCAACATCGGCAAGGCCATCGGCAGTAC,CTTGATCAATCAAAA,-0.02542657454514353,0.0,51,16,56,5,15
GCAGCAACCCCATTAACACCAACATTCT,GCCCTCGAAACCTAT,-0.06076430014847836,0.0,85,13,28,3,10
GAAACATGGTCATGACCATGGCCAACCT,GTACAAGAAATTTTG,-0.020818710574452805,17.602136948609314,46,17,53,5,17
GTACCAGGGTCAAGTTCAGCAGCAACTG,TCGATAGAATTTACT,0.007987882272937844,0.0,28,16,47,7,40
AGAACACTGTCAGTTCCAAGAACAACCG,CTTGATCAATCAAAA,-0.02631228659538719,0.0,46,20,54,5,12
CTTGCAGTGTCATTTACAGTGCCAAATC,ATCGTTGGCATTTGG,-0.13798450374399832,1.0941700992264032,117,15,4,0,0
GGTTCAAACACAAACCCAATATCAGTAC,CTTGATCAATCAAAA,0.002920857605379546,8.099919025575105,29,14,62,7,24
GCACCACCTGCAACAGCAGTACCAAAAA,CGTCAAGACCTTCTA,-0.015061626707352189,0.0,44,20,31,18,22
TCCACACGCACATAACCACAAGCAGACC,CCAACACAGGCTTCG,-0.08491493842792594,2.539290709195825,75,30,22,4,3
GGAACAAAGACAATATCACCATCAAAAG,TCAAAGCATGAAAAA,-0.045294579446637236,0.6259769359337497,71,11,46,2,2
CTGACATCATCACCGACATCGGCAAACT,CTTGATCAATCAAAA,-0.04149971812764059,3.4125593631331412,57,21,40,2,10
AACTCAGGCCCATAAACAGCCCCACCAC,TTTATAAATCAATAG,0.009536055165645775,0.4429341208436881,23,15,58,9,24
GACCCAATAGCAGTACCATCCACACCTC,TATGCCCTTCTTCTG,0.0031762439109183326,0.0,27,19,40,15,28
GATTCATCCCCAATAGCATGTGCAAGAT,AGTGTATGATAATAT,-0.0326062898133511,7.5066480232729305,51,14,39,9,14
GGCACATCGTCATGAACACTGCCACCAC,AGAAGACGACGATGA,-0.036903630062232205,0.0,54,17,43,0,11
GGCGCAATCCCAGCAGCAAGTACAGTTG,CTTGATCAATCAAAA,-0.019201685328973195,0.0,49,8,55,8,5
GTGTCATAGCCAGCATCAACAGCATTTT,ATTATCAAGTGCCAG,-0.02249291479405047,2.8652744290037617,35,24,37,15,13
AGCTCATGGGCATCATCATAAACAGGCC,CTTGATCAATCAAAA,-0.03276421941938667,0.0,46,15,44,8,10
ACTCCACGAACACACGCACCGCCACTCG,GTTAAATCAACAGTT,-0.060611562996959606,0.0,75,13,22,3,10
GGCACAGGAACAAGACCAATCTCAAAGC,AGAACATCATCTACA,-0.06137603229609016,3.0653963463701643,66,15,31,4,7
TTGACATAAGCAGCAGCAGTCACAGTTA,ACAGGGCAGCTCCCG,-0.07711472600409683,5.371551902248143,70,19,24,4,3
CGCCAAAAGCACGGGCAACCTCAAAGA,ATCGTTGGCATTTGG,-0.15817863811035895,1.897703142015871,105,11,3,0,0
AAGACACAGTCAATTACACGACCATGT,CGAACAGAAACACAA,-0.004618174333780981,0.019730808178394454,39,13,57,6,4
GAGGCATATCCAACGACATGCTCAAGTT,TCAAAGCATGAAAAA,-0.04395181077031061,0.49495020780307186,57,9,39,6,7
GTGTCAGAGGCAGATCCAGCTTCAGGAA,CTTGATGGCTGAAAG,-0.06652573637090216,0.0,59,19,25,8,7
TTGCCAAAGGCAAGAGCAAACACAGCG,TGGAGTCTTTGTTGA,-0.034740238020390425,0.0,45,26,34,2,11
CCAACACTCACACGCCCATCACCAAGCT,GGTTGCCCAGAAGTA,0.009793981877231305,3.764383778298111,22,7,49,9,31
GCGTCAACCTCATGGTCAACCTCAATCG,TCAAAGCATGAAAAA,-0.07239315374781503,1.903794842509683,69,14,26,3,4
GTGACATGTGCACACTCAACTGCAAGGG,AGAAGACGACGATGA,-0.018610402878862665,5.625485168655473,42,5,42,6,19
ACATCACATGCAGGATCAGCTCAAGGT,AGTGTTAATCAGACC,-0.09290737347502072,10.081327601901592,80,12,20,2,0
GAAGCAATTTCAGACTCACGGGCATATC,TGATCATCACGGGAC,-0.02246807734465843,0.0,37,13,44,7,12
TCCACACGGGCATTGACAAGTCCAAGGT,TCAAAGCATGAAAAA,-0.07017056561927335,2.336202114451339,66,15,26,2,3
CCGCCAAAAGCAGCCTCATGGTCACCTG,CAATCTTGAATTGAT,-0.06411529664754707,0.0,70,7,32,0,1
CCTGCACCGGCACAGTCAAGCCCAGTCC,TCAAATGATGAGGAT,-0.07206268327843138,0.7347575317378414,58,16,22,3,7
ACTGCAGTTCCAGTTCCAAACACAGCTA,GTTTAGCTTCCGTTG,-0.07426816941120369,0.0,67,6,25,2,3
GGCCCAAACTCAGCTACATGAACACTCC,ACAAGTTTTACAGTT,-0.05910473611498847,0.0,59,12,29,1,2
CTTTCATTAACAGACACAAAGTCACGAA,TATATTGAACTTTAC,0.0021934480336551765,0.0,23,11,32,9,28
TCGGCACGAACAGCATCAACTCCAACGC,CTTTCTTGTGTATTT,,2.761986856644171,88,8,4,2,0
ATCACAGGTACACATACACCTACACGAT,GGTTGCCCAGAAGTA,-0.016120717267073204,1.2321038848339185,32,14,34,4,17
ACAGCACATACAGCTTCAGTACCATTGC,AGAAGACGACGATGA,-0.04913393660732578,0.2501602453511964,45,11,27,8,9
GTAACAGCTACAAGAGCAGCGACAAGTA,TCAAAGCATGAAAAA,-0.06808552915932621,0.8299930550059003,56,13,23,3,4
AGGTCACAGGCAAGCACAGCAGCAGTTA,ATCGTTGGCATTTGG,-0.11796125540794992,0.0,83,13,3,0,0
CTTACATCAGCAGGTGCAGTAGCAGGTG,CTCGCTAATACTCCT,0.03121735123208262,5.922002208429603,5,6,38,9,41
GTAACACCGCCACTTTCAGTATCAAAGG,ATCGTTGGCATTTGG,-0.11552211009553401,0.0,81,13,4,0,0
CGTGCATATCCATGTCCAGGGGCACTGG,ATCGTTGGCATTTGG,,6.649981523388902,93,4,1,0,0
GAAACAGCATCACTCGCAATAACAGTTG,TCAAAGCATGAAAAA,-0.10482792464727061,10.63916994842441,66,18,13,1,0
GTACCACCGTCATCGGCAATCACATAAG,TTTATAAATCAATAG,-0.02168690519779337,2.1940261823897345,35,8,34,7,14
GGCACAAAGACAGCTACACTTACACATG,TCAAAGCATGAAAAA,-0.0963570170493683,5.206298869882119,60,16,14,2,2
CTACCATGTGCATAGTCAAATCCAAACA,ATCGTTGGCATTTGG,,0.3683392169794786,81,8,5,0,0
GACCCACAACCAGGATCAAACACACGAC,GTGTGATTACTAAAT,-0.0827274257129588,0.0,62,10,19,1,1
GCGGCACTGCCAGGAGCACCTTCAGCTC,GAGTGCTTCAAAGTT,-0.004808688321361675,0.0,28,6,28,9,22
GCATCAGTTGCAAGTTCAAGGACAGGGG,TATGCCCTTCTTCTG,-0.015403153806099766,0.011795913261437363,28,14,22,8,21
AGGTCACGTGCACAGGCAACCACAGCAC,CTACTTACAACGGAA,0.021506602934232313,0.0,13,11,38,7,24
ATGGCAAAAGCAACTGCAGCGACAATAC,TAGACGGACATCTTC,-0.05424787906334663,0.0,48,15,26,3,0
GTGTCATGATCAACGACAAACGCACCCG,ATCGTTGGCATTTGG,,4.020056253888271,84,4,2,0,0
GCCCCATTCACACGTCCAGTGGCAGTGT,GAGTGCTTCAAAGTT,-0.01244322956014121,0.0,19,9,42,8,11
GGGGCATCTACAATTTCAGCTACACCAC,TTAATTAGAGGTATG,-0.02508530357651022,0.0,34,14,33,2,6
CTTGCATGTACAGCATCACAGTCACACC,ACAGGGCAGCTCCCG,-0.06835235807030156,0.8776453418011556,50,9,21,3,6
AGAGCAAGTACAGTGACAACGCCATCCG,TCAAAGCATGAAAAA,-0.058582018253171025,0.0,47,9,24,2,6
GTATCAGTGCCAATCTCATGAGCACACC,ATCGTTGGCATTTGG,-0.11718276426410572,0.0,65,11,10,0,0
CGCGCACCCTCAGCGACATAGGCACATA,TCAAAGCATGAAAAA,-0.05370142553673718,0.0,42,17,23,3,1
GCAGCACCCGCACTCACAGCATCACTCT,AGAAGACGACGATGA,-0.018973989412475408,0.00466117014042311,31,17,34,3,1
CGAGCAACCCCAATATCATTGTCAAACG,AGAAGACGACGATGA,-0.05568534972764594,0.3513069064530896,38,20,20,3,5
AATGCACATTCACCGGCAAGTGCAAGAG,TCAAAGCATGAAAAA,-0.0736650824297493,0.731587181498071,49,12,18,0,6
ATACCATGCTCAAATGCACGAGCACCGC,ACAAGTTTTACAGTT,-0.04256713650427138,0.45149721754330585,38,18,26,0,1
TAGTCAGAGTCAGGAACAGCTCCACATG,GTGTGATTACTAAAT,-0.10979979415625195,0.04109349752042135,60,7,11,0,4
TGTTCAGGTTCATTGGCAGCTGCAGTGG,CAATCTTGAATTGAT,-0.08069752544941862,0.0,47,14,15,2,4
ACAACAGTTGCAAGGCCAAATGCATGAC,TTTATAAATCAATAG,-0.09620527186461061,28.48580805368772,47,17,11,5,2
GCGTCAAGAACAGTCTCAACAGCATCTC,TAATATTGTTTTGCG,-0.0576736530553986,0.0,50,3,26,0,2
GGGACAGATTCAACCTCACAGGCATCGC,TCAAAGCATGAAAAA,-0.10406455104073126,7.9384427651149,55,13,11,2,0
GCAACACATTCATCAGCAACTGCACTAC,TAATATTGTTTTGCG,-0.08175019590931028,0.0,48,16,15,1,1
CCGCCAGCAGCATGCCCACTTTCACCAA,TCTTGGAGGTGAATG,-0.048955983698159726,25.750767568591755,42,7,26,5,1
TAGACAGATACAGAGACAGATTCAAGGA,GTTGGGCGCTTAAAG,-0.06808850521525947,21.620008991731822,45,4,19,5,4
AGCTCAGCCACAGCGTCACAAACAGCTA,AGTGTTAATCAGACC,-0.10453176837336065,7.260379033242316,54,8,11,1,1
TGGCCAAACGCAGGAACAAAAGCAACCA,CCAACACAGGCTTCG,-0.05191242916506625,0.0,37,16,21,1,0
GATACACGGACATTCACATGTCCATACA,TTTTGCATTTAGGCG,0.001220363099060531,0.0,13,2,39,7,13
TTGCCACTACCAGGTGCACAAACATGGA,CTATGCATTTACTCA,-0.003866682162296532,0.0,6,10,35,9,14
ACGTCAGCATCACCTGCATTATCAAATG,ATCGTTGGCATTTGG,,5.6820501513917065,69,4,0,0,0
CCATCACATGCAGCAGCATTGCCACTCT,AGAACATCATCTACA,-0.008916264603643562,5.833214694062207,18,3,34,6,12
ATGACATGGGCACATTCACAAGCAGGCG,GCCCTCGAAACCTAT,-0.07746843590999934,0.8488563067690222,40,8,14,5,6
ATGGCAGTGGCAGCGTCAAATGCAATCG,TCAAAGCATGAAAAA,-0.04239266439847618,0.05314703679349009,34,8,24,4,2
GGTCCAGAGCCATATACACGGACAGCAA,GTTTAGCTTCCGTTG,,2.8374050754971734,57,8,2,1,3
GTTGCAGAAACATAACCACGTCCACCAC,CTCTTGAGAATACTT,,36.04600031869417,69,1,1,0,0
TGAGCACCAACAAATGCAAGATCAAAGA,GTTAAATCAACAGTT,-0.10661874785849425,11.10362680782275,57,10,1,0,0
CCATCACGTACACACACAGAAACATTCC,CTTGATCAATCAAAA,-0.07589108317816057,7.345641966249957,37,12,13,4,2
AATTCAGTATCAGAGCCATGGTCATGGT,TCAAATGATGAGGAT,-0.0826113051819847,0.010712305290212498,38,6,12,5,7
TGCACATGCTCACCAACAAAAGCATGCT,CCAACACAGGCTTCG,-0.037976759041615175,0.16399697411327452,28,13,21,2,2
CTGGCAGGTGCATTGACAGCTTCATCAA,CGAACAGAAACACAA,-0.06370997904527301,0.26913534080392765,29,13,13,1,9
GTGTCAATCGCATGCGCACGTCCAACAA,CTTTCTTGTGTATTT,-0.08297987005207128,0.0,45,10,9,1,0
GCAACAAATGCAGGAGCAATGACAGTAA,TCATAGGTATCTCGC,-0.015017492379784825,0.0,26,12,9,5,12
AACACACCGTCAACATCATGCACATGTT,ATAGTCGATTAAGAT,,0.0,56,4,3,0,0
AGATCACGGCCAAAACCATTGGCAATGA,GGTGGAAGTAGCAGT,,0.0,49,5,7,2,0
ATAACAGTTACAGAAACATGCCCACAGG,CATTGTCGGACGCTT,-0.03443942966699179,0.0,29,7,24,0,3
TCAACAAGAACACTGACATGTACAAAAC,CTATCAAGGCTTAAT,,0.0,50,7,5,0,0
TTACCAATAGCAGGTACACGGACATTAC,TAGACGGACATCTTC,-0.05119608453402824,0.0,33,10,19,0,0
ATAACAAGTTCAATCGCAACACCATCGT,GTAATCTGACTCTAG,,0.0,41,9,7,2,2
AGGACATGTGCAGTCTCAGCTGCAGGTA,GTGTGATTACTAAAT,-0.07120156648643272,1.2727306879503573,44,11,6,0,0
GCCGCACTAGCACGTACAGGAACAAATT,CTCTTGAGAATACTT,,25.73578295994679,55,2,3,0,0
AAGTCAGCGTCACTTCCACGTCCAGTCG,ATCGTTGGCATTTGG,,0.06268770267618606,51,5,4,0,0
GCTGCAACCACAGCTACACCTCCAAACT,CATTTATGGCTATCT,0.0018221062374801783,0.0,8,6,22,11,13
TGAACAACTACAAGAGCAATGGCACCAA,ATCGTTGGCATTTGG,,1.7050571572199829,52,7,0,0,0
CCTCCATGCCCACGAGCAGTTTCACCGA,TCAAAGCATGAAAAA,-0.07220041012710801,1.0921879523647533,36,6,14,0,3
TCGGCACCGCCAATACCACAATCACTGG,CATCAATGAGGCAGT,,0.0,55,1,1,0,0
CCAGCAGGGACAAGGACATTCGCAGTTG,GAGTGCTTCAAAGTT,-0.04281107688200208,0.1405072763914177,20,7,14,6,9
CGGGCATTGCCACAGTCATCGACAGTTG,AGAAGACGACGATGA,-0.0011623913960475693,8.812886808703809,11,7,20,6,10
TTTACAGCCACAGACGCACCAACAAAAA,TCAAAGCATGAAAAA,-0.034093407524763156,0.015360159688526664,24,8,20,0,2
ACCCCAATTACACGAACAAGCACATTCG,CTTGATGGCTGAAAG,0.009680029342931863,6.7735809203965545,12,6,24,4,7
GATTCAGTGCCACACCCATGCACACTTG,ATGGCGATGGTCTTG,-0.009972100062548561,0.0,20,5,27,0,1
CTTCCATTCGCATGTGCATGCTCAACGT,TATATTGAACTTTAC,0.0343849181800194,5.994241421095126,5,4,15,12,17
CGCGCACCCTCATCTCCATTTCCAGGGT,CTAGTTGTATAGCCA,,0.0,46,4,2,0,0
CTCGCATACTCACTAACACGCCCATGAC,GTTGAACTGGTTGTT,-0.032902341260822164,0.0,30,11,7,0,3
GAAACATGGACATCCGCACAGACATAGT,ATTATCATCGCCATC,-0.06066551492065022,0.0,36,10,4,0,0
CGGGCAACCACATTTCCATGCACAGGGC,CTCTTGAGAATACTT,-0.027298054026712214,0.0,14,10,13,6,7
GCATCATATACAGAGACAGAAACACGGG,CTAGTTGTATAGCCA,,0.0,41,1,6,1,0
GGCTCAGTTGCAAGAGCACAGCCACACT,CTCTTGAGAATACTT,,19.095174608094865,42,3,4,0,0
ACTGCATTATCAACACCAGTGCCAGGGC,CATATGCATTCCTTG,,0.0,46,2,0,0,0
ATGGCAACAGCAGACTCAAAGACAGGGG,CTTGATGGCTGAAAG,-0.059634688713062683,0.0,24,8,12,0,4
GTAGCACCGACATGGTCAAGTTCAAAGT,CTATCAAGGCTTAAT,,0.0,33,5,9,0,0
GGTTCAAGCTCAAAGACAACAACACCTC,CATTGTCGGACGCTT,-0.039356193374579275,0.0,32,11,1,3,0
CTCACAGACTCAAAGTCATGGTCATAAC,CTAGTTGTATAGCCA,,0.0,40,5,2,0,0
AGGGCAAAGGCAGAAACAGTTGCATTTA,ATTATCATCGCCATC,,1.251893430235782,41,2,3,0,0
GGATCACCTGCAGAAACAGCCTCAATGC,AGTGTTAATCAGACC,,5.846809328149618,35,3,7,1,0
TGTCCAACAGCAAGGACACCTGCATGAG,CTAGTTGTATAGCCA,,0.0,34,4,8,0,0
TGCGCAAGACCATTGACAAAGTCACCGC,TCAAAGCATGAAAAA,,4.85129513055702,31,7,8,0,0
GTAACAAGCACAATTGCAGCTCCAGTTT,CCAAGACCGTGTAAA,0.03724283887201683,2.193613600072581,8,2,10,14,12
TTCTCAATAGCACACTCACGTCCAATGA,GTAATCTGACTCTAG,,0.0,30,9,6,0,0
GTGTCAGCAGCACGGGCATAGACAACGG,CCAACACAGGCTTCG,-0.06798739294622105,1.6276793238796472,26,7,11,0,0
CGTCCAGATTCAGAGTCACTTACACCAC,CCAACACAGGCTTCG,,5.444667263150308,35,0,8,1,0
GTGTCACTGTCAATAGCAAGCGCAAAGT,CTAGTTGTATAGCCA,,0.0,39,2,2,0,0
TTCCCAAGATCAGTAGCAATCGCAAGTA,GTTTAGCTTCCGTTG,,3.703898239900667,33,6,3,0,0
ATCTCAAGTGCATGTCCAGATGCATGCC,GTTTAGCTTCCGTTG,,2.4248518497066414,32,6,3,1,0
ATGGCATTTGCAGACACAGGTTCACTGG,TCAAAGCATGAAAAA,-0.04651647548968812,0.0,20,3,13,6,0
TATGCAAATTCACCGGCATTGGCAAATG,ATAGTCGATTAAGAT,,0.0,36,1,4,0,0
GCTTCACGTCCATCGCCAACGTCACGGT,ACAAGTTTTACAGTT,-0.06440019770327887,0.0,22,4,10,1,4
GTGCCAGGGTCACATGCAACGTCAGCGA,TAACCTCGCGCTGAG,-0.04386591082443437,0.0,18,10,12,0,1
TTAGCACGGTCAAGTTCAGGGACACACC,CTTGCAAGTGTAATT,-0.04395181077031061,8.08184601642489,19,7,13,0,2
ATGTCAGTCTCATCAGCAGGGCCAAAGC,CTAAGCAGTCTTCTC,,0.0,33,7,0,0,0
AGTTCACAGGCAGAACCAGGGTCAAGTC,GTTTAGCTTCCGTTG,-0.061675788439075376,0.0,25,1,12,0,1
TTTTCATGATCACCGCCATTCCCAGAGC,CTATCAAGGCTTAAT,-0.014670185581426676,0.0,25,11,2,1,0
AGGTCAATAGCACAAGCAGGTACAATCC,TCTTGGAGGTGAATG,-0.004704074279657222,0.0,12,8,18,1,0
CGGACAGCGCCACTCTCACATACAGAAT,CATATGCATTCCTTG,,0.0,37,1,0,0,0
GACTCAAAGTCAAAAACAAAGGCAGCAT,CTTTCTTGTGTATTT,,0.0,20,7,9,0,2
CTTGCATGTACATTCCCAACCGCAAAAC,AGAAGACGACGATGA,,0.0,24,8,1,1,2
TTGCACGCACACCGCCATATTCACTAG,ATCGTTGGCATTTGG,,0.0,23,4,8,0,0
CGCGCACTGACAGTCACAAGGACACAGT,ATTAATACTTTGCAG,,0.0,22,5,8,0,0
TACTCATGGTCATCGACATAGACAAGGG,CTCTTGAGAATACTT,,0.0,30,4,1,0,0
TCATCACTACCAAGAACAATATCAAACA,ATCGTTGGCATTTGG,,0.0,28,6,1,0,0
CTGTCAACGTCAGTTCCAACAGCAAAGT,GCAAGAAAGAAACCC,,0.0,28,3,3,1,0
AGTTCACGTCCAGGCGCATGGTCATAGG,CTATCAAGGCTTAAT,,0.0,30,4,0,0,0
CCGACAGGATCAATGACAGAGGCATCAT,GTTTAGCTTCCGTTG,,0.0,28,3,3,0,0
CAGGCAGTCCCAGCAGCAATATCAGCCG,CGATGATGATGATGA,0.02265254689297027,0.0,6,5,11,2,10
AAACCAAAAGCAGTAACACCGTCATATC,GTTTAGCTTCCGTTG,,0.0,24,6,3,0,1
TATACATAGTCATTGTCAAGCCCAGCAA,CATATGCATTCCTTG,,0.0,26,5,2,0,0
GCAACAAGCTCACTTTCATGTGCATTCG,CCAACACAGGCTTCG,,0.0,24,3,6,0,0
AGTACAAGCCCAGTTACAAATACAAAGC,AGTGTTAATCAGACC,,0.0,22,5,6,0,0
GGGCCACTCACAACTACAAAGGCATAGG,CAATCTTGAATTGAT,,0.0,22,3,6,0,0
ATGGCACACGCATTAACAACATCAGCGT,AGAAGACGACGATGA,-0.03809554290843997,0.0,13,4,10,2,2
AGGACATATGCATCTACAGCTCCACCCA,TCAAAGCATGAAAAA,,0.0,15,6,7,0,2
AAACCACAGGCAAACCCATGGTCACATC,CTATCAAGGCTTAAT,,0.0,18,2,9,1,0
GACGCAACACCAATCTCATGACCAAGTA,CTAGTTGTATAGCCA,,0.0,27,3,0,0,0
ACAACACTTTCAAGGCCAAGACCAGACG,TCAAAGCATGAAAAA,-0.013820152119354966,0.0,12,1,15,2,0
AGATCAGCAGCAATTGCAAACACAAAGG,GTTAAATCAACAGTT,,0.0,27,2,0,0,0
CAAGCAGGTACAACAGCATCAGCACGCA,CTATCAAGGCTTAAT,,0.0,24,1,3,0,0
AGACCAGGGTCAAACTCAAACGCATCAC,ATAGTCGATTAAGAT,,0.0,22,3,2,0,0
AGGACACAGTCATGTTCAGGGGCAAGAT,ACAGGGCAGCTCCCG,,0.0,11,7,4,1,4
AGAGCAGCGGCACGGACATAGGCAACAA,GTTTAGCTTCCGTTG,,0.0,23,2,1,0,0
TAAACAAAGGCAAGTGCAAGGTCAACCG,GTTAAATCAACAGTT,,0.0,22,4,0,0,0
GGGGCACACACAACTGCATCGGCAACTA,CTAGTTGTATAGCCA,,0.0,23,2,1,0,0
TAAGCAGAAACAAATGCACCTGCAGTTA,GAGAATGAAGGACAG,,0.0,17,6,2,0,0
GGTCCAATGTCATTCTCATGCCCACTCG,CTATCAAGGCTTAAT,,0.0,24,1,0,0,0
GAAACAGTTTCACCAGCAGATGCACGGT,CTCTTGAGAATACTT,,0.0,24,1,0,0,0
GTCTCAGTTTCAGCATCACTTCCACGCG,CTAGTTGTATAGCCA,,0.0,22,1,1,0,0
CGGACAAAGGCAGGAACAGTACCACGGC,CTATCAAGGCTTAAT,,0.0,20,4,0,0,0
TGCGCATGTCCAGATTCAAGCCCAGGGA,ATGAAGTTCATAATG,,0.0,5,5,13,1,0
GTCTCATCCGCATTGTCAAGCGCAACGG,TCAAAGCATGAAAAA,,0.0,11,4,3,0,6
CTAGCAAGACCAATGTCAGCACCAACCC,CTATCAAGGCTTAAT,,0.0,22,0,1,0,0
TCCTCATCTCCATGTCCAGAGTCAGCGA,CTAGTTGTATAGCCA,,0.0,18,5,0,0,0
GGGCCATCGTCAAAATCATCGACACGTA,CTAAGCAGTCTTCTC,,0.0,22,1,0,0,0
CCGGCAGATGCACAGGCATTCACAAGAC,TCTTGGAGGTGAATG,,0.0,7,3,5,3,5
GAGTCAACAGCACGGACAGGCGCAACAA,CTAAGCAGTCTTCTC,,0.0,22,0,0,0,0
AACCCAACTTCATGATCATCGGCAACGA,CTCTTGAGAATACTT,,0.0,19,3,0,0,0
AGAACATCCGCAACTTCAACGTCAACAG,AGAAGACGACGATGA,,0.0,11,1,4,3,3
GCTGCAGGCACAGCCACACCACCATTTG,CTCTTGAGAATACTT,,0.0,19,1,1,0,0
TTAGCATCAGCACAGCCACTATCACGTG,GAGAATGAAGGACAG,,0.0,20,1,0,0,0
AACCCAGTGGCATAGGCAAAGTCAATAAG,CTAGTTGTATAGCCA,,0.0,19,1,1,0,0
TTACCAAGTACACTCTCAAGACCAGCTG,AGTGTTAATCAGACC,,0.0,18,2,1,0,0
TATGCAGACTCAGGCGCAATGCCAAGAC,GTAATCTGACTCTAG,,0.0,15,3,3,0,0
AATTCAAGGGCAGTCACAGCGCCATGAT,GTTTAGCTTCCGTTG,,0.0,18,1,2,0,0
GTACCAGAAACAGGCACAAACACAGATC,TCTTGGAGGTGAATG,,0.0,8,1,7,2,3
CCTTCACGATCACCGTCACAGTCAGGTA,ACAAGTTTTACAGTT,,0.0,6,2,12,1,0
CCTGCATGAACAAAGCCACACACAGTAA,ATAGTCGATTAAGAT,,0.0,15,3,2,0,0
GGGCCACATTCACGGACACGACCAGATC,ATAGTCGATTAAGAT,,0.0,16,4,0,0,0
CGAGCACCATCAGACACAATCTCAGTGA,GTAATCTGACTCTAG,,0.0,19,1,0,0,0
AACCCAAGAGCAAAGCCAACGCCATTGA,AGTTTATAAAAAATT,,0.0,8,2,9,1,0
TATACAATCGCAGCCCCAATCACAGAAG,AGTGTTAATCAGACC,,0.0,17,3,0,0,0
TAGGCAACTTCACAGTCAAATGCATAGA,GTTTAGCTTCCGTTG,,0.0,12,6,0,1,0
GGCCCAACCTCAGAGGCATCTACAATGA,CTAAGCAGTCTTCTC,,0.0,12,6,1,0,0
AAAGCAGCATCAAACTCAGGCTCAACTC,CTATCAAGGCTTAAT,,0.0,11,2,5,1,0
GAAGCAGCTACAAAGTCACGCGCAGGAA,GTTAAATCAACAGTT,,0.0,17,1,1,0,0
GATACAGGATCAAGGGCAGATCCAGCTA,GTAATCTGACTCTAG,,0.0,14,1,4,0,0
GGTCCAAACGCACCGTCATCGACATTGG,GTTTGTTTTGGGAAA,,0.0,15,2,2,0,0
ACCCAACTCCAAGGTCATGCACACAGC,CCAGGATGTACCGCC,,0.0,2,1,6,4,6
TTTGCAACTACAGGCTCAGTAACACTTC,GTGTGATTACTAAAT,,0.0,12,2,4,0,0
CAGTCATTAACAGGCCCAGTATCACACA,GTTTAGCTTCCGTTG,,0.0,10,1,7,0,0
CATTCACGATCATTAACACTAGCACAGC,ACAAGTTTTACAGTT,,0.0,5,2,8,2,1
CTTACAAGCGCAATGACAACCGCAAATA,GAGTGCTTCAAAGTT,,0.0,12,2,2,1,0
CAGCCAATCACAAGTGCACGCACACCCC,ACAGGGCAGCTCCCG,,0.0,11,3,3,0,0
CAATCACCTACACTAGCAGCATCAGGTG,CTAAGCAGTCTTCTC,,0.0,16,1,0,0,0
CGGGCAGTCGCACATACAGGACCAAGGT,CTCTTGAGAATACTT,,0.0,15,1,0,0,0
GGCGCAAATGCAACGCCATAAACAACTA,CATATGCATTCCTTG,,0.0,16,0,0,0,0
ACAGCATAGACAAGACCATGTACATCAC,CATATGCATTCCTTG,,0.0,15,1,0,0,0
GATACACGAGCAACATCAATTGCAAGCC,AGAAGACGACGATGA,,0.0,13,1,2,0,0
GAGGCAGATCCAAAAGCATCATCAGGGC,CTATCAAGGCTTAAT,,0.0,9,2,4,0,0
GCCGCAATAGCACGCGCAATTGCATGAA,GTTAAATCAACAGTT,,0.0,15,0,0,0,0
GATCCATGTCCATGGACATCCCCACGGA,CATATGCATTCCTTG,,0.0,15,0,0,0,0
GATGCAGCATCATGGGCACCTACAGAAG,TTTAACTCACCGTAA,,0.0,3,1,6,0,4
GTTCCAGAGCCATTGACACACCCATTTC,CATCACCGTGCTCAT,,0.0,12,2,0,0,0
AGGCCATGCACATCTACACGAACATAAT,CTATCAAGGCTTAAT,,0.0,12,2,0,0,0
CTGACAGCCACAAAAACAAGTTCAGCAA,GTTTAGCTTCCGTTG,,0.0,12,1,1,0,0
GCCTCATGTACACGATCATCGGCACTAA,TGATCATCACGGGAC,,0.0,4,3,7,0,0
ACGACACCCACAAGGTCACGGGCATAGA,CATTGTCGGACGCTT,,0.0,9,2,3,0,0
ACAACACAGCCAGGTTCAAGAACAAGGG,GTTTAGCTTCCGTTG,,0.0,12,1,0,0,0
TAGGCATTGCCAGCCTCATCCACACTAT,ATAGTCGATTAAGAT,,0.0,10,2,1,0,0
TGCGCAAGGCCACAGGCAGATCCACACG,TCAAAGCATGAAAAA,,0.0,8,3,2,0,0
ACCTCAGTCGCACTAACAACAACATTAA,CATCAATGAGGCAGT,,0.0,11,0,2,0,0
GGGTCAGTGGCATGGGCATAATCAGCAA,CTAGTTGTATAGCCA,,0.0,11,1,0,0,0
GTTGCACAATCAAAGCCAATATCAACGC,ATAGTCGATTAAGAT,,0.0,9,1,1,1,0
GGAACAAAGGCAAGCCCATCACCAGCCG,AGTGTATGATAATAT,,0.0,5,1,6,0,0
GATTCATGTACAGTTCCACCAACAGCAG,TCAAAACGGAGTGTT,,0.0,5,5,2,0,0
AGTGCAGGTGCAAGTTCAAACGCAAATA,GTTTAGCTTCCGTTG,,0.0,10,1,0,0,0
GGTTCAAGTGCACGCTCAGAATCAATAA,CATCAATGAGGCAGT,,0.0,10,1,0,0,0
GGACCAGCAACAGCTTCAGCAGCACGAG,GTTAAATCAACAGTT,,0.0,11,0,0,0,0
AAGACAGGGTCATTGGCACGTACATAAA,CATATGCATTCCTTG,,0.0,11,0,0,0,0
TCGGCATCGGCAGCCGCAAAGACATCAA,CTAGTTGTATAGCCA,,0.0,9,1,1,0,0
GGACCACAGGCAGCGGCAGTTTCATCCA,CAATCTTGAATTGAT,,0.0,1,4,5,0,1
ACCTCAAAATCAAAGACAACGTCAATAT,TCTTGGAGGTGAATG,,0.0,3,3,4,1,0
CGAGCACGCGCATTATCAGTATCAGAAC,GTTTAGCTTCCGTTG,,0.0,8,2,1,0,0
CAGACAAACCCACCAACAAAAACAACCA,CGAACAGAAACACAA,,0.0,7,0,1,0,3
AGGACAATTGCATGTGCATGTGCACATG,CTTGATCAATCAAAA,,0.0,1,2,5,0,3
TTAACAGTACCAGGGTCAGTAACATCTG,CTAGTTGTATAGCCA,,0.0,9,1,0,0,0
TCCTCAGCCACATTTCCATCCTCAAGGC,ACAGGGCAGCTCCCG,,0.0,8,2,0,0,0
ATCTCAAAACCATGCGCAAAGCCAGCAT,CTCTTGAGAATACTT,,0.0,10,0,0,0,0
CTGGCACTACCATCGACAAGCGCATTCG,AGTGTTAATCAGACC,,0.0,10,0,0,0,0
TCCACAAGGACAAGAACATGCACATTCG,ATAATTTTCATCCAC,,0.0,7,2,0,0,0
GGTACAGACACACTGACACCATCACGAT,CATCAATGAGGCAGT,,0.0,8,0,1,0,0
GTATCAATTTCAAGAGCAAAGACAATG,CTAAGCAGTCTTCTC,,0.0,9,0,0,0,0
GCTACATGTGCACCCACAAAAACAGTGG,GAGTGCTTCAAAGTT,,0.0,7,2,0,0,0
CGTTCAGAGGCATAAGCACTACCAGCCA,ATAGTCGATTAAGAT,,0.0,7,1,1,0,0
ATTGCATGCACATAATCACCTACATGAT,CATTTATGGCTATCT,,0.0,6,1,2,0,0
TTTGCAAGCCCACCGCCAAGATCAAAGG,CCGTTAGTATCGCTA,,0.0,9,0,0,0,0
TGGGCATAGTCAGGATGCAACTACAGCAG,AGTGTTAATCAGACC,,0.0,7,1,1,0,0
CGGACAGTGTCACGGCCAAATTCATAGA,ACAGTTGACGGACAG,,0.0,3,1,2,3,0
TGAACAACAGCAGACACAATAACAGGCC,GTTTGTTTTGGGAAA,,0.0,6,1,2,0,0
CGGGCAGGTGCATTCACAGGTCCAAAAG,CTAAGCAGTCTTCTC,,0.0,1,0,2,3,2
GTGACACAATCAGAAGCAAGTCCACGAC,CTATCAAGGCTTAAT,,0.0,7,0,0,0,1
GACCCAATAACATACTCAGGTGCACAGA,GTAATCTGACTCTAG,,0.0,6,0,1,0,1
GCATCATGGTCAGCTACATTGACAAACA,GTAATCTGACTCTAG,,0.0,5,3,0,0,0
AAACCACAGCCACAAGCAGTTTCATCAC,TTAGTCTTTCCATCA,,0.0,2,0,1,0,5
GCCACAGGAACAGGATCAACGTCAACAC,TTTATAAATCAATAG,,0.0,0,1,0,6,1
TCCGCACACTCAGAATCAGGCGCAAAAA,TCGATAGAATTTACT,,0.0,3,0,1,2,1
AAGCCATGGGCAGTAGCACTTCCAACCT,GAGAATGAAGGACAG,,0.0,6,0,1,0,0
GGGACAGTACCACTCCCAGTAACAGGGC,CTATCAAGGCTTAAT,,0.0,6,1,0,0,0
GGGTCAGAAACATAGTCACCCCCAACCG,CGCGATCAATCCTCT,,0.0,7,0,0,0,0
GCGACACACGCACCTGCAGGGACAAACA,GGTGGAAGTAGCAGT,,0.0,5,2,0,0,0
TTTCCATGGCCACGGACACTGACAGGAA,GTTGGGCGCTTAAAG,,0.0,1,0,0,6,0
CTCACACCTTCAGTCTCAGCTCCAAGGA,GAGAATGAAGGACAG,,0.0,7,0,0,0,0
CTTACACAGTCATGTACAGCTCCACAGC,ACAGTTGACGGACAG,,0.0,0,0,3,2,2
AATGCAGGCCCAGAAGCAGTGGCATCTC,CTAAGCAGTCTTCTC,,0.0,6,0,0,0,0
CCAGCAAATGCATAGGCACTTACAGAGG,CTTTCTTGTGTATTT,,0.0,6,0,0,0,0
GAAGCAGCAACAGGTTCACAGACAGGAG,GTTTGTTTTGGGAAA,,0.0,6,0,0,0,0
GCCCCAGAGGCAACATCATCGACAGCTT,GTTTGTTTTGGGAAA,,0.0,5,0,0,0,0
GCGACATGTACATCAGCAGTTGCAGCGA,TTTATAAATCAATAG,,0.0,2,0,2,1,0
CAGGCAAATGCAGTAGCAGTCGCAATTA,AGTGTTAATCAGACC,,0.0,5,0,0,0,0
CCATCAGGAACAGGGCCACTCGCATAGG,GCTAATTTCAAGAAT,,0.0,3,1,1,0,0
GTTGCACCAGCAAAAGCATGTTCATCCT,CTCTTGAGAATACTT,,0.0,5,0,0,0,0
AAGCCAGATGCAAACTCAGATCCACAAC,CTCTTGAGAATACTT,,0.0,5,0,0,0,0
CAGTCACGCCCATATCCAGGTTCAGCCT,GTGTGATTACTAAAT,,0.0,4,1,0,0,0
GACGCATCTTCAGCCACAACAACAAAAG,GTTTGTTTTGGGAAA,,0.0,5,0,0,0,0
AATGCAGTATCAGTGACAGCGTCATCAA,GTTTGTTTTGGGAAA,,0.0,5,0,0,0,0
AAGACACTCGCAGACGCACATCCAGATC,TACACCAATTACACT,,0.0,5,0,0,0,0
GGAACAACTACACCCCCATAAGCACAAA,GTTTAGCTTCCGTTG,,0.0,2,1,1,0,0
TGTACAATACCAATGGCACGGACAGCAC,CGCGATCAATCCTCT,,0.0,4,0,0,0,0
TTTACATGCGCAACAGCACCGGCAACAG,GCTGCTTATGAGGAT,,0.0,4,0,0,0,0
AGGGCAATCTCACAAGCATGCACAGGCA,GGTTGCCCAGAAGTA,,0.0,4,0,0,0,0
GTGACATGGTCATGCCCATACTCAGGCA,CCAACACAGGCTTCG,,0.0,3,1,0,0,0
CCTTCACGGACAACATCATTCTCACCCT,TCAAAGCATGAAAAA,,0.0,2,2,0,0,0
CATGCAGTTTCATCAACAGGTGCAGAAG,AGTGTTAATCAGACC,,0.0,4,0,0,0,0
GTATCAAGAGCAGCGTCAATCACATCGG,TTATATTTATTTGCT,,0.0,2,0,1,1,0
GGACCATCCGCATTGGCACGGACAACTA,TGATCATCACGGGAC,,0.0,2,0,2,0,0
AGTACACCTCCACCTGCACATGCACATG,CTCTTGAGAATACTT,,0.0,4,0,0,0,0
GAGGCAGTGCCAATGACATATGCAAAGA,TTTATAAATCAATAG,,0.0,1,0,1,1,1
AGACCAAATACCTACAGTTGCATGGA,CATATGCATTCCTTG,,0.0,3,1,0,0,0
GCATCAAGAGCAGTGCCATATGCAGAAA,TACACCAATTACACT,,0.0,1,3,0,0,0
CGAGCACGGACAATCCCATTAGCACTAG,GTAATCTGACTCTAG,,0.0,2,1,0,1,0
CTCGCATATACACACACAACGCCATAGC,CAATCTTGAATTGAT,,0.0,3,0,0,0,1
CGTCCATAGGCAAGTACATAATCAATC,GTTGGGCGCTTAAAG,,0.0,0,0,1,0,3
ACTACATCTACAGGGGCACCTTCATCAA,AGTGTTAATCAGACC,,0.0,3,0,0,0,0
TCGGCAGCAGCAAAATCAATGCCAGGAT,GTTTAGCTTCCGTTG,,0.0,3,0,0,0,0
ACAGCAATTGCAAGTGCATGGCCAGCAT,CTAAGTGTGAAGGAG,,0.0,3,0,0,0,0
GAAACATGACCATCCACAAACCCATGAT,ATCGTTGGCATTTGG,,0.0,3,0,0,0,0
TTTCCAACTGCAGAGCCATGCACACCGT,CCGTTAGTATCGCTA,,0.0,3,0,0,0,0
CACGCAAGTACATGTCCAGGCACATAGG,GTTAAATCAACAGTT,,0.0,3,0,0,0,0
ACATCACCCACAATATCAGCCTCAACAC,CCAACACAGGCTTCG,,0.0,3,0,0,0,0
GGCGCAGGGGCACAGCCAATAGCACACC,CCGTTAGTATCGCTA,,0.0,3,0,0,0,0
ATGACACGGGCAGAATCATCTGCAATTC,ACAAGTTTTACAGTT,,0.0,3,0,0,0,0
CTGGCAGAGCCACTAACACTTGCACATC,ACAGGGCAGCTCCCG,,0.0,3,0,0,0,0
GGAGCAAGGTCATGCTCAACCGCAAGAC,GTAATCTGACTCTAG,,0.0,3,0,0,0,0
CATTCACATGCACCAGCACTATCAGGAG,AGAAGACGACGATGA,,0.0,3,0,0,0,0
CCCACACATACAACGCCATGGGCAATGC,CTAAGCAGTCTTCTC,,0.0,3,0,0,0,0
ATAGCAATGGCAACTCCAGGGGCAAAAC,ACAAGTTTTACAGTT,,0.0,1,0,0,2,0
GGCCCAGCAACAAATACACATCCAATCT,GTAATCTGACTCTAG,,0.0,2,1,0,0,0
AACGCATACGCAATACCAGTCTCAGAGA,TGATCATCACGGGAC,,0.0,3,0,0,0,0
GGGCCATGAACATCGGCATGACCATTAG,TAACCTCGCGCTGAG,,0.0,3,0,0,0,0
TTCGCAGTCGCACAATCAACTCCACACG,CTATGCATTTACTCA,,0.0,2,0,0,1,0
AACCCATCGTCAAGCACACCATCAATGA,ACAACCTACCTGCTA,,0.0,2,0,1,0,0
GTGACAGACGCAATGACATATGCAAGGA,GGTTGCCCAGAAGTA,,0.0,1,0,1,1,0
TCAGCAGGGTCACAGACATTCACATTGG,ACAGTTGACGGACAG,,0.0,1,0,0,1,1
AATTCAGGGACAGTAGCAGAGGCACAAG,GTTTAGCTTCCGTTG,,0.0,1,2,0,0,0
CATCCAGCCCCAGCCCCACTGACATTCC,TCAGAGCATTGGCCT,,0.0,0,3,0,0,0
CATCCACAGGCAGTATCATACGCATCGC,GGTTGCCCAGAAGTA,,0.0,0,0,2,0,1
AGCCCACTAACAATGCCAAATGCATAGT,TCAAAACGGAGTGTT,,0.0,0,0,0,1,2
GTGACACGACCAAGCACAGAAACAATTG,GAACTCAGGTTCCAT,,0.0,2,0,0,0,0
AATGCAGATACACCACCACGTACAGGGA,CTATCAAGGCTTAAT,,0.0,2,0,0,0,0
CTCGCATTGGCAGCAACAGGCGCAGCCC,ATAGAGCGGCGTTGA,,0.0,2,0,0,0,0
CAAACAAATTCAGTTGCAGGAGCACGTA,TCAAAGCATGAAAAA,,0.0,2,0,0,0,0
ACTCCAAAGCCATCCCCATTCGCATCGA,CTAAGCAGTCTTCTC,,0.0,2,0,0,0,0
ACGGCAGCCTCAGACTCACCTCCACCCA,TCAAATGATGAGGAT,,0.0,2,0,0,0,0
CAATCAGCCACAGATCCAGTCGCATAAC,ATTATCATCGCCATC,,0.0,2,0,0,0,0
GTGGCAACCTCAAACTCACTAACATACC,CTCGCTAATACTCCT,,0.0,2,0,0,0,0
GCCTCACTCACACCGGCAGTTACATTAA,CATCACCGTGCTCAT,,0.0,2,0,0,0,0
GTTGCACGGCCATCACCACCGACAGGGT,CTCGCTAATACTCCT,,0.0,2,0,0,0,0
GTACCATAGCCACGGTCATTCACAGTAA,CTCTTGAGAATACTT,,0.0,2,0,0,0,0
CTCTCAAGATCAACCCCAATCTCACAGG,CTCTTGAGAATACTT,,0.0,2,0,0,0,0
TTTACATGGGCATGCTCATCACCACTGG,AATGATACCATTTTT,,0.0,2,0,0,0,0
GTTGCAGTAGCATCACCACAAACACACG,TCAAAACGGAGTGTT,,0.0,2,0,0,0,0
AGCTCAGAGTCAGAAACACCCGCAGCCA,ACAGTTGACGGACAG,,0.0,2,0,0,0,0
GAGACACCTACACGCGCAGCAACACGAG,AAAACATTATCAAAG,,0.0,1,0,1,0,0
AGCCCATAACCACTGGCAATTCCAGTAG,CATCAATGAGGCAGT,,0.0,2,0,0,0,0
CGATCACAGTCATTGGCAGGGCCAAAGA,GTTTAGCTTCCGTTG,,0.0,2,0,0,0,0
GTCACAGCCACAACTTCAACCACACACC,ACCACCGGTCCTGCC,,0.0,2,0,0,0,0
GCTGCATTAGCAATTTCAGTAGCAGCGT,CGTCAAGACCTTCTA,,0.0,1,1,0,0,0
TGGTCAGCTCCACTGTCAAAACCAGTCA,ACAACCTACCTGCTA,,0.0,2,0,0,0,0
CGTCCACGAACAATGTCACGACCAAATC,CTCGCTAATACTCCT,,0.0,2,0,0,0,0
TTTGCATGCGCACACCCAAAGCCACATA,GCTGCTTATGAGGAT,,0.0,2,0,0,0,0
CTGTCAACGGCACTGGCAGGGCCAAAAT,CTAAGTGTGAAGGAG,,0.0,2,0,0,0,0
GCCTCACAGTCAAAAACACCCCCAGTCT,TGGAGTCTTTGTTGA,,0.0,2,0,0,0,0
TTAACAAATTCACAGACATGGGCAAGCG,GAGAATGAAGGACAG,,0.0,2,0,0,0,0
ATCCCATCCGCACAGGCATCAACATGCG,GCTGCTTATGAGGAT,,0.0,2,0,0,0,0
GCTTCATCCACAAAACCACCACCAGCGC,AGAAGACGACGATGA,,0.0,2,0,0,0,0
GAGACATGGGCAGTGCCAATGGCAGATG,ATAATTTTCATCCAC,,0.0,2,0,0,0,0
TCGTCAAGCTCAGGGTCATATCCAACGC,CTTGATCAATCAAAA,,0.0,2,0,0,0,0
CTATCAGGGGCACGGACATAATCAACCG,ATATTGAGTAAGTAC,,0.0,2,0,0,0,0
CAATCATCATCACCCTCATAGGCATGCT,ATAATTTTCATCCAC,,0.0,2,0,0,0,0
GGGTCAACGCCAGGATCAGCATCAATTG,AGTGTATGATAATAT,,0.0,2,0,0,0,0
TATGCAAAGACAAAGGCATGAGCAGTCA,ATGGCGATGGTCTTG,,0.0,2,0,0,0,0
AGGCCAAAGTCAGCAACATCCACAGGGA,TCAAAACGGAGTGTT,,0.0,2,0,0,0,0
GAGACAGATCCAAAAGCAAACACAATTC,GCTGCGGAGCCTCAG,,0.0,2,0,0,0,0
CGTCCCAAGGTCAGATGCAGAATCAATA,ATTATCATCGCCATC,,0.0,2,0,0,0,0
CTTTCACGCACATATTCACTCGCACCGG,CCAGGATGTACCGCC,,0.0,2,0,0,0,0
AGGGCATATACAGATCCATCTTCAGTCA,TATATTGAACTTTAC,,0.0,2,0,0,0,0
AATCCAGTGCCAACATCACATACAGATA,TGATCATCACGGGAC,,0.0,2,0,0,0,0
AAATCAGAGACAAGCGCATCAGCATCAG,TCAACAACCTATGCA,,0.0,2,0,0,0,0
GTTTCAGTCACAAAAGCAAGCCCATTTA,AAAACATTATCAAAG,,0.0,1,0,0,1,0
TGGCCAGGTCATGGACACCAGCAGAGA,ATGAAGTTCATAATG,,0.0,2,0,0,0,0
TCATCACCGCCAGGGCCAAAGGCACGAG,GCCCTCGAAACCTAT,,0.0,2,0,0,0,0
ATAGCAGTACCATAGACAGTGTCAGCCT,CTTGCAAGTGTAATT,,0.0,1,1,0,0,0
GGGGCAAAGCCACGTACAAACGCAACGT,ATAGAGCGGCGTTGA,,0.0,2,0,0,0,0
CACGCAATGCCACGAGCATCCACAGACA,CTTTCTTGTGTATTT,,0.0,2,0,0,0,0
ATAGCACTCGCAGCCTCACGACCATCTA,ACAGTTGACGGACAG,,0.0,2,0,0,0,0
AGTACATGGTCAATAGCAACAACAGGCA,GCAAGAAAGAAACCC,,0.0,2,0,0,0,0
TATCCAGCCACAGGCCCATCACCAGGTT,CTTGCAAGTGTAATT,,0.0,2,0,0,0,0
AGTTCATGCCCAGCGTCATGGACAATAC,GCTGCTTATGAGGAT,,0.0,2,0,0,0,0
ATACCAGGTCCAAGAACAACAGCAGGTG,AGTTTATAAAAAATT,,0.0,2,0,0,0,0
GTCACAGTCTCACGCACAACGACAAATG,GCTAATTTCAAGAAT,,0.0,2,0,0,0,0
GCTGCAGTCTCAGATGCATGGCCAAGGA,TCAAATGATGAGGAT,,0.0,2,0,0,0,0
CCTACATTGGCAAAAGCAACGGCATGAA,TATATTGAACTTTAC,,0.0,2,0,0,0,0
CCACCAACACCAGTCACATGCTCACGGT,AGAAGACGACGATGA,,0.0,2,0,0,0,0
GGAACAAGGACAAGTTCAATAGCACTTC,CTCGCTAATACTCCT,,0.0,2,0,0,0,0
GTGTCAGTTGCATATACATTTGCAATGG,CTACTTACAACGGAA,,0.0,2,0,0,0,0
CAAACAAAAGCATTGGCAGGCTCAAAGA,CATATGCATTCCTTG,,0.0,2,0,0,0,0
GTGTCATAAGCATCGGCACTACCACATT,CTTGATCAATCAAAA,,0.0,2,0,0,0,0
GTGCCATCGACACATACACTGCCACAAC,AAAAGCGACATTTCT,,0.0,1,0,1,0,0
CTTCCCAATAGCAATTCCAGGCACAA,TCAAAACGGAGTGTT,,0.0,2,0,0,0,0
TCTCCAGATGCATTGCCACCGCCAGTCT,GTAATCTGACTCTAG,,0.0,2,0,0,0,0
CGGTCAGCAGCACAATCATAGGCACAGA,CATCACCGTGCTCAT,,0.0,2,0,0,0,0
TCGGCAAATGCAACGGCAGTCACAGAAT,TCGATAGAATTTACT,,0.0,1,0,0,1,0
TAGACAGCCGCAAAGACATAAGCACTCT,ATATTGAGTAAGTAC,,0.0,2,0,0,0,0
TGAGCAACCGCATACGCAGTAACAGCCG,CTAAGCAGTCTTCTC,,0.0,1,1,0,0,0
GACACAGTCTCAACTGCAAGGCCATAAG,ACAACCTACCTGCTA,,0.0,0,0,1,1,0
GGCCCAAGGACATGGCCATTTTCAAGCG,TTATATTTATTTGCT,,0.0,0,0,1,1,0
TTGACAGGAACATCGTCAATAGCAATTA,TAGACGGACATCTTC,,0.0,0,0,0,0,2
CTAACAATGACACTTTCAAGTGCACCTC,AAAAGCGACATTTCT,,0.0,0,0,0,0,2
CTCTACATAAACAAGCCCAGCAACCA,CTAAGCAGTCTTCTC,,0.0,0,0,0,0,2
TGGTACAGGGACACAGAATAAACATAGA,CAAGTTCGGCGAAAT,,0.0,1,0,0,0,0
CGAACATGATCAGCCACAAGGTCATTCG,GCTGCTTATGAGGAT,,0.0,1,0,0,0,0
TTGGCAACCCCAAAGGCAAACCCATAGG,CTTGATCAATCAAAA,,0.0,1,0,0,0,0
AGCGCAGTTACATCAACAACTCCAACAG,GCTGCTTATGAGGAT,,0.0,1,0,0,0,0
GTTCCAATGACACCTCCAGGAACAGCAC,TCAGAGCATTGGCCT,,0.0,1,0,0,0,0
GATGCAAGGCCAAGGACAGTCTCAAAAG,CGAATGCCATACAAA,,0.0,1,0,0,0,0
GGGCCACACGCATCTTCACTTCCACACT,GGTTGCCCAGAAGTA,,0.0,1,0,0,0,0
ACGACAACCGCATCGTCAACCCATTAC,GCTGCTTATGAGGAT,,0.0,1,0,0,0,0
GTAACAGTTGCAGGCGCATACGCATACC,CTATCAAGGCTTAAT,,0.0,1,0,0,0,0
CCTGCAGCGACATGAACAGTTTCAAAAC,TGATCATCACGGGAC,,0.0,1,0,0,0,0
GGAACAAAATCAGTCTCACCCGCACACC,ATGGCGATGGTCTTG,,0.0,1,0,0,0,0
GGCTCAAAGACAAGACCAAATTCACGCT,GAGAATGAAGGACAG,,0.0,1,0,0,0,0
GGATCACGCGCATTATCAGACGCAAGGG,CCAGGATGTACCGCC,,0.0,1,0,0,0,0
TGGGCACGAACACACCCACTCTCAAAGT,TCATAGGTATCTCGC,,0.0,1,0,0,0,0
AGCACATAACCAACTACACCGGCACGGA,AAAAGCGACATTTCT,,0.0,1,0,0,0,0
TTCTCAGACTCACAGTCATACGCAACAG,AAAACATTATCAAAG,,0.0,1,0,0,0,0
TGTACATGGACAAAAACAATATCACGTC,GCTGCTTATGAGGAT,,0.0,1,0,0,0,0
GTTCCATAGGCACACACAACAACATGCC,ATAATTTTCATCCAC,,0.0,1,0,0,0,0
GGTCCATCGGCAAAGTCAGAATCATGGA,GCTAATTTCAAGAAT,,0.0,1,0,0,0,0
GAGACACATTCAAAAACATCCCCACCGC,CTAAGCAGTCTTCTC,,0.0,1,0,0,0,0
GGACCAAGGACATTGACAGTTCCATAAG,GCTAATTTCAAGAAT,,0.0,1,0,0,0,0
GCTACACGCACATGATCACCTTCAGAAA,GTCACCGGCACTAAC,,0.0,1,0,0,0,0
GTATCACGACCATGGACAATACCACCGC,CATCAATGAGGCAGT,,0.0,1,0,0,0,0
TTCCCACATCCATTCCCAGGGACAAGAT,TATATTGAACTTTAC,,0.0,1,0,0,0,0
CAAACAGAGTCAGGCGCAACAACAGTGA,CGATGATGATGATGA,,0.0,1,0,0,0,0
AGAGCATAAGCACATTCAGTCCCAGAGC,AAAACATTATCAAAG,,0.0,1,0,0,0,0
GGCCCAGCTTCACTCGCACGGCCACAGA,TCGATAGAATTTACT,,0.0,1,0,0,0,0
GTGTCATTAACATAAGCAAACACAAAGG,GCTGCTTATGAGGAT,,0.0,1,0,0,0,0
GGTTCATAGACAGTCGCAGGGACAGCCT,CGATGATGATGATGA,,0.0,1,0,0,0,0
CAGCCAACATCATGCGCACCTCCAGCCA,CGATGATGATGATGA,,0.0,1,0,0,0,0
ATTCCACCATCAAACGCACGCGCATGGA,GCTGCTTATGAGGAT,,0.0,1,0,0,0,0
GTCGCAAGGCCAGGATCATGATCAATAA,GTTGGGCGCTTAAAG,,0.0,1,0,0,0,0
CTTGCAACAGCAAGGACAGTAACAATAG,GGTTGCCCAGAAGTA,,0.0,1,0,0,0,0
ACGTCAAACGCATGTACAGAGTCAAACA,GAGTGCTTCAAAGTT,,0.0,1,0,0,0,0
AGTGCACTTACATGGTCAACGACAGGCT,GCTGCTTATGAGGAT,,0.0,1,0,0,0,0
GCCACACAGTCATTATCAGCAGCAAGCA,TTATATTTATTTGCT,,0.0,1,0,0,0,0
GCGCCATGGGCACTACCAGGAACACTTC,TTTAACTCACCGTAA,,0.0,1,0,0,0,0
GTTTCAAGAACAAGCTCATAATCAAACC,TCGAAAGCACAGTAG,,0.0,1,0,0,0,0
GTAACAACTGCACAGGCAGGGTCACGGG,CCAGGATGTACCGCC,,0.0,1,0,0,0,0
TAGTCACTAGCAGAACCACCGGCAATCA,ATAGTCGATTAAGAT,,0.0,1,0,0,0,0
TACTCAAGTGCACTGACATAATCAAAAA,CTTGATCAATCAAAA,,0.0,1,0,0,0,0
AAACCAAGGTCAGGGTCATCCTCAATTGT,TATATTGAACTTTAC,,0.0,1,0,0,0,0
GAAGCAGCTACATCGACAGGCTCAATC,GTTTGTTTTGGGAAA,,0.0,1,0,0,0,0
CACTCATTCCCAAGACCAAAGCCATTCT,CCAGGATGTACCGCC,,0.0,1,0,0,0,0
CCCTCATCATCAATGCCAATGTCAAAGG,GCTGCTTATGAGGAT,,0.0,1,0,0,0,0
CGGGGCAGAGACATGTACACTATCAGTTT,CATTTATGGCTATCT,,0.0,1,0,0,0,0
AGACCATTTCCACCGTCACTTGCAGAAG,CGTCAAGACCTTCTA,,0.0,1,0,0,0,0
ATCTCATTAACACTGTCAAAACCAAGGC,TACACCAATTACACT,,0.0,1,0,0,0,0
GGATCAGGGACAGGAGCACTCTCACAAT,AGTGTTAATCAGACC,,0.0,1,0,0,0,0
TCGGCAATCCCAGTAGCATCATCAATCG,TCAAAGCATGAAAAA,,0.0,1,0,0,0,0
CAGCCAACCCCAGGTACATCGCCACAAG,CGAATGCCATACAAA,,0.0,1,0,0,0,0
CATACAACTCCAAACCCACCGGCACCGA,GTCACCGGCACTAAC,,0.0,1,0,0,0,0
GCAGCAGCTCCACCTTCAGAGCCAGAAT,TTTAACTCACCGTAA,,0.0,1,0,0,0,0
GTTTCACGGGCAACGGCAAATTCACGCT,ATTATCATCGCCATC,,0.0,1,0,0,0,0
ATACCAGCACCAACCCCAAGTTCAGGAT,TAGACGGACATCTTC,,0.0,1,0,0,0,0
CGACCAGGGTCAAGAGCAGCCCCACTAT,GTTTAGCTTCCGTTG,,0.0,1,0,0,0,0
AGCTCACAATCAGCTCCAGTTGCACGAG,AGTGTATGATAATAT,,0.0,1,0,0,0,0
TCTCCAAACTCAGGGGCATGACCAGCTT,GCTGCTTATGAGGAT,,0.0,1,0,0,0,0
AATCCACGCCCATCGTCATGCACATATC,ACAGTTGACGGACAG,,0.0,1,0,0,0,0
TCTCCACGCCCAACCCCACGTCCATAGT,ATAGTCGATTAAGAT,,0.0,1,0,0,0,0
CCTGCAGAATCAGTGGCAATGTCAAACT,TGGAGTCTTTGTTGA,,0.0,1,0,0,0,0
TGTCCACTAGCACTATCAGGTACAAGGA,CTAAGCAGTCTTCTC,,0.0,1,0,0,0,0
TATTCAAGACCAAAGACAGGGGCACCAA,CGTCAAGACCTTCTA,,0.0,1,0,0,0,0
CGGCCACGTTCAGGAACAGCTTCAACGT,TTTATAAATCAATAG,,0.0,1,0,0,0,0
AGCGCAGGCACAACTGCACTACCAAGGA,CAAGGATCCCCGTAG,,0.0,1,0,0,0,0
CTTGCAGTTACAGGGGCAGGCGCAAGGC,AGAAGACGACGATGA,,0.0,1,0,0,0,0
ATGGCAATCGCAGGATCAGTGTCATAAA,GTTTAGCTTCCGTTG,,0.0,1,0,0,0,0
CGTCCACGGACAAAACCACTAACAGATC,TACACCAATTACACT,,0.0,1,0,0,0,0
TAACCATGGCCACGCACAGTGCCACTAA,TTTAACTCACCGTAA,,0.0,1,0,0,0,0
TCCACAATATCACACGCACACGCACAAC,GCTGCTTATGAGGAT,,0.0,1,0,0,0,0
GGGGCATGGGCAATCACAAGCCCAGAGA,CATCAATGAGGCAGT,,0.0,1,0,0,0,0
TGGGCAATTTCAATTGCAAAGCCACAAG,TCAAAACGGAGTGTT,,0.0,1,0,0,0,0
GGAACAACTTCAATACCATAGGCACTAT,GTTTAGCTTCCGTTG,,0.0,1,0,0,0,0
GGTCCACAGACAGTAACAATCCCAGAAG,TTTATAAATCAATAG,,0.0,1,0,0,0,0
CTCACACACACAGAATCAACATCAGCAC,TCATAGGTATCTCGC,,0.0,1,0,0,0,0
GCGCCATAGGCAATAACAAAAACAATTC,CTATCAAGGCTTAAT,,0.0,1,0,0,0,0
TAATCAGGTCCACGGACAGGTCCACCCC,TGATCATCACGGGAC,,0.0,1,0,0,0,0
GAGGCACGTGCATATACACCCTCAAGGC,ACAGTTGACGGACAG,,0.0,1,0,0,0,0
GCGGCACAAGGCAATTGCAAAGGCATTCT,ATAGAGCGGCGTTGA,,0.0,1,0,0,0,0
GCTACACGAACATGTCCAACCCCAGCTG,GTTGGGCGCTTAAAG,,0.0,1,0,0,0,0
GTTACAAAGGCAGTGTCAGTGGCACGTT,TCAAAGCATGAAAAA,,0.0,1,0,0,0,0
TGGGCAGGCACAACCCCACACGCACAGG,TACACCAATTACACT,,0.0,1,0,0,0,0
ATCACAATCGCACGAACACGCTCATAAG,CGAATGCCATACAAA,,0.0,1,0,0,0,0
GAAGCACCCCCATATCCATATTCACTGA,CTCTTGAGAATACTT,,0.0,1,0,0,0,0
TGAACAGCGCCATTCGCACGTACACCCT,CTATGCATTTACTCA,,0.0,1,0,0,0,0
AATTCAATGACACGCCCATATACAGGCG,TCAAAACGGAGTGTT,,0.0,1,0,0,0,0
GCCCCAGGCCCACAGACACGAACAACGG,CTATGCATTTACTCA,,0.0,1,0,0,0,0
GAAGCATTGTCATGCTCAGTAGCAGGAT,GCTGCTTATGAGGAT,,0.0,1,0,0,0,0
GGGACACGGGCATAGACACGGACAGAAG,GCTAATTTCAAGAAT,,0.0,1,0,0,0,0
TACACACTGCCATGCCCAACCGCACTGA,TCAAATGATGAGGAT,,0.0,1,0,0,0,0
TTAGCAGGGTCAAACTCAAGAACATATC,CTAAGTGTGAAGGAG,,0.0,1,0,0,0,0
CATACCAAAAACATCACGGCCAAGGT,ACAAGTTTTACAGTT,,0.0,1,0,0,0,0
GCCCCATTCGCATCTACAACAACACATG,CTCTTGAGAATACTT,,0.0,1,0,0,0,0
CTCTCAGACACACGAACACGTACAACTG,GTTTAGCTTCCGTTG,,0.0,1,0,0,0,0
GTGACAGGCACAACTGCAGCATCACCGT,GCTGCTTATGAGGAT,,0.0,1,0,0,0,0
GAACCAGTTTCAAGGACAGGGTCAGGTG,CTAAGCAGTCTTCTC,,0.0,1,0,0,0,0
TGTCCAACTACAGGACCATACCCATTAC,CTCGCTAATACTCCT,,0.0,1,0,0,0,0
ACTACAGTAGCATTGGCAAGTGCAGCGT,GTTTGTTTTGGGAAA,,0.0,1,0,0,0,0
GCGGCATAACCACGTGCAAGAGCCACACT,TTAATTAGAGGTATG,,0.0,1,0,0,0,0
TGAACATTCACAAAGGCAATTGCAGCTG,CTTGCAAGTGTAATT,,0.0,1,0,0,0,0
ACAACAAGGACAAATCCAGTAACACTAC,TTTTGCATTTAGGCG,,0.0,1,0,0,0,0
TGTACACGTCCATCAACAACACCATCGC,AGTGTATGATAATAT,,0.0,1,0,0,0,0
AACTCAGGAGCAATACCAAACCCACGTA,CTGATTTGTGCTGTC,,0.0,1,0,0,0,0
CAGTCAGTCACAGCACATGATCAAGTA,TTAATTAGAGGTATG,,0.0,1,0,0,0,0
TTAGCACTCTCACCAGCAATCCCACGAG,TCAGAGCATTGGCCT,,0.0,1,0,0,0,0
AGTACAGCGGCAAGCACAAGTGCAAGAC,GTTTGTTTTGGGAAA,,0.0,1,0,0,0,0
CGGCCATAGCCATTTCCACGACCATGGC,CTATCAAGGCTTAAT,,0.0,1,0,0,0,0
ACTACAAAATCAAGAGCATCATCATCAC,GTTTAGCTTCCGTTG,,0.0,1,0,0,0,0
AGTTCAGACGCAGACACAGGTGCATTCG,CAAGGATCCCCGTAG,,0.0,1,0,0,0,0
AAGGCACGGACATGCGCAACGCCAATCT,AAAACATTATCAAAG,,0.0,1,0,0,0,0
CCGCCACCGACAGGTTCATGGCCAAGGG,AGTGTTAATCAGACC,,0.0,1,0,0,0,0
TCCCCAGCCACAGGCACAACCACATATA,CTGATTTGTGCTGTC,,0.0,1,0,0,0,0
GAATCATATGCACGCCCATACGCATGGG,CATTTATGGCTATCT,,0.0,1,0,0,0,0
TCAACACGTTCAATAGCATCAACAAAGG,TCAACAACCTATGCA,,0.0,1,0,0,0,0
TGTACAAGGACAGGCTCAAAAGCAGCCT,TCTTGGAGGTGAATG,,0.0,1,0,0,0,0
TAACCAGCCGCAGCTACACAACCAGTTC,GTTCAGCTTTGATCG,,0.0,1,0,0,0,0
TGGCCAACATCACGACCAGTAACAGTTC,GCTGCTTATGAGGAT,,0.0,1,0,0,0,0
AGGACATCACCAGGGCCAGGCTCAATCT,CATATGCATTCCTTG,,0.0,1,0,0,0,0
CCTCCAGCGGCAAAGTCAAGTTCAGCTG,CTCTTGAGAATACTT,,0.0,1,0,0,0,0
GAAGCATGGTCATGCTCAGTAACAGAAC,CCAACACAGGCTTCG,,0.0,1,0,0,0,0
TTATCAGTATCATGGTCAATCACAGTGG,GGTGGAAGTAGCAGT,,0.0,1,0,0,0,0
GAGACAACTTCATGGCCAGTCGCAGATA,CCAACACAGGCTTCG,,0.0,1,0,0,0,0
AGCACAGGGTCAGCCACACAGACATACT,CTTGATGGCTGAAAG,,0.0,1,0,0,0,0
ACCTCACGTCCAGGGACAGCACCAGATC,CTAAGCAGTCTTCTC,,0.0,1,0,0,0,0
GTCACAGGTTCATGTGCAAATACATACA,GTTTGTTTTGGGAAA,,0.0,1,0,0,0,0
GAAGCACCACCACTCACAGTGACAGGCA,CTGATTTGTGCTGTC,,0.0,1,0,0,0,0
ACCGCAGGGCCATCGGCAAACCCAAGTG,TGATCATCACGGGAC,,0.0,1,0,0,0,0
CAGGCACGCTCAGGTTCAGGAACATTTC,CGAACAGAAACACAA,,0.0,1,0,0,0,0
TGTCCATGGACACTGCCAAGCACAAAGA,CCAACACAGGCTTCG,,0.0,1,0,0,0,0
GAGACACAAGCATATGCAACTTCAACAC,CTTGATCAATCAAAA,,0.0,1,0,0,0,0
AATCCACGTACAAACCCAGTGTCAACCA,TCATAGGTATCTCGC,,0.0,1,0,0,0,0
TAACCAGGAGCACTGTCAAGGGCACATT,TTAGTCTTTCCATCA,,0.0,1,0,0,0,0
AACGCACTCTCATAATCAGCCACATTGG,CTATCAAGGCTTAAT,,0.0,1,0,0,0,0
CTTTCAATTGCATCCACACTACCAGCCG,AGATTCATCCCATGG,,0.0,1,0,0,0,0
AGAGCACACTCAGCGGCACACTCACTTG,GTTTAGCTTCCGTTG,,0.0,1,0,0,0,0
GGTGCATTCACAAACGCAGAAGCACGAA,GCTGCTTATGAGGAT,,0.0,1,0,0,0,0
TCACCAGGTACAGCATCAACTGCACCAG,GCTGCGGAGCCTCAG,,0.0,1,0,0,0,0
ACAGCATTCACAAAGTCATTGTCACAAG,CATTTATGGCTATCT,,0.0,1,0,0,0,0
TGTGCAGAGTCAATCGCAACAACAAAAC,CTTGCAAGTGTAATT,,0.0,1,0,0,0,0
TGTTCACGCACAACCACATCTGCAGAAC,TGATCATCACGGGAC,,0.0,1,0,0,0,0
CCGCCACATACAATCTCACCGGCAGAGG,ATAATTTTCATCCAC,,0.0,1,0,0,0,0
CATCCAAGATCAGTTACATCTACAGTTA,TAATATTGTTTTGCG,,0.0,1,0,0,0,0
CGTACACGACCACGCCCAGATACAAGGT,CTTGATGGCTGAAAG,,0.0,1,0,0,0,0
AAGGCATAACCAGCGGCATCCTCAGCCA,CTTGCAAGTGTAATT,,0.0,1,0,0,0,0
GGGACACACGCAGATACATATACAAACC,GTTGGGCGCTTAAAG,,0.0,1,0,0,0,0
AGGTCATACACACTGGCACGACCAGCAA,TCAAAGCATGAAAAA,,0.0,1,0,0,0,0
AGACCACAACCATGATCAGCTGCAATGA,TTATATTTATTTGCT,,0.0,1,0,0,0,0
AGTGCACCCACAAAACCACGGTCACTGC,CGTCAAGACCTTCTA,,0.0,1,0,0,0,0
TAGGCAGAATCAATCGCATTCTCAACAA,TATATTGAACTTTAC,,0.0,1,0,0,0,0
AGCGCAGGATCAATGTCAGAACCATCCT,ATGAAGTTCATAATG,,0.0,1,0,0,0,0
TTCCCACTGGACAAACGCACTCGCAAAGA,AGAACATCATCTACA,,0.0,1,0,0,0,0
AGTCCAAGGCCACGTGCAGCACCATCAT,CATCACCGTGCTCAT,,0.0,1,0,0,0,0
TAGTCAATGGCATCACCAGCAACACACA,CATTTATGGCTATCT,,0.0,1,0,0,0,0
GGGCCAATGGCAGTCACAACTGCATAGT,GCTGCTTATGAGGAT,,0.0,1,0,0,0,0
ACACCAATAGCATGGTCAGGTCCAAGAC,CGAATGCCATACAAA,,0.0,1,0,0,0,0
ACCGCAACGACAGTACCAAATCCAAAGG,TCAAATGATGAGGAT,,0.0,1,0,0,0,0
TGGACATCCGCACTGGCATGGACATGGC,AATGATACCATTTTT,,0.0,1,0,0,0,0
GATACAAACGCACGGGCACGACCAAGGC,TACACCAATTACACT,,0.0,1,0,0,0,0
TTAACAGCACCACCGGCAAGGTCAGTCG,GTTGGGCGCTTAAAG,,0.0,1,0,0,0,0
TAGGCACTTGCAGGTACAGCTCCATAGA,GTACAAGAAATTTTG,,0.0,1,0,0,0,0
CCCACAACTGCAGGCGCACTTACAACAC,CTAAGCAGTCTTCTC,,0.0,1,0,0,0,0
ATGTCAGCCGCAAGCACAGCACCACCTT,CTGATTTGTGCTGTC,,0.0,1,0,0,0,0
GATCCACGTGCATAATCAGGCGCACGGT,ACAGTTGACGGACAG,,0.0,1,0,0,0,0
TCAGCACTGCCAAAGGCAAGAGCAGTTA,CAATCTTGAATTGAT,,0.0,1,0,0,0,0
AGAGCAAATGCAAAAGCAACTACAGTTC,AGATTCATCCCATGG,,0.0,1,0,0,0,0
GTTTCAGGCCCACTTACACATTCACCAG,CTAAGCAGTCTTCTC,,0.0,1,0,0,0,0
ACCGCAAATGCATCATCACATCCACCCG,GCTGCGGAGCCTCAG,,0.0,1,0,0,0,0
AGGACACCGACATTAACAGTGGCATGAG,CTCGCTAATACTCCT,,0.0,1,0,0,0,0
GCTGCAATGACATAAGCACTTTCATACC,ATATTGAGTAAGTAC,,0.0,1,0,0,0,0
GAATCAAGAACAAACTCATTGGCACCGC,AGATTCATCCCATGG,,0.0,1,0,0,0,0
AATTCACCCACAGAGACACAAACAAGTA,ACAGGGCAGCTCCCG,,0.0,1,0,0,0,0
ACAACACGGCCAAGTGCATCCTCACAGC,ATTATCAAGTGCCAG,,0.0,1,0,0,0,0
GACGCAGAGCCAATTTCATAAACAAGGC,GTTGAACTGGTTGTT,,0.0,1,0,0,0,0
GTGTCATACACACTGCCATGCCCAGGCA,CGAATGCCATACAAA,,0.0,1,0,0,0,0
TGTGCAGAAACAATGCCATTAACATGCG,CTAGTTGTATAGCCA,,0.0,1,0,0,0,0
TTCTCAGAAGCACAGACAATTCCAGAGC,TAGACGGACATCTTC,,0.0,1,0,0,0,0
GAGGCAACGCCACTTTCATGGTCAAGAC,GCAAGAAAGAAACCC,,0.0,1,0,0,0,0
GCAGCAACACCATCTACATTCCCAGGTT,ACAGTTGACGGACAG,,0.0,1,0,0,0,0
AATCCAATGTCAACTACAGTTTCACCGC,ATAGAGCGGCGTTGA,,0.0,1,0,0,0,0
GTGGCAAAGCCAGACGCAATCACATTCT,GTAATCTGACTCTAG,,0.0,1,0,0,0,0
GCAACACGCGCACTAACACAACCATATA,TCAGAGCATTGGCCT,,0.0,1,0,0,0,0
TGCACAAGTGCAATCCCATTAGCAATGC,TCAAATGATGAGGAT,,0.0,1,0,0,0,0
TGAACAAAATCAATTCCAGTTGCACGCT,TCAAAGCATGAAAAA,,0.0,1,0,0,0,0
ACCCCAACACCATGTACAGTTCCAGGAA,CTAAGTGTGAAGGAG,,0.0,1,0,0,0,0
ATTACAAGTTCAGGGTCACACGCACGAG,GCTGCTTATGAGGAT,,0.0,1,0,0,0,0
TCAGCAGAAGCACAGACAAAAACAGTTC,AAAACATTATCAAAG,,0.0,1,0,0,0,0
GCTACAATCTCATTACCAACTTCATGTA,GTTTGTTTTGGGAAA,,0.0,1,0,0,0,0
TCAACACACGCAAGCCCAGATCCAATGA,TGATCATCACGGGAC,,0.0,1,0,0,0,0
GCGGCAGCGCCATGGCCACTGCCAGTGT,CTACTTACAACGGAA,,0.0,1,0,0,0,0
AGAGCAAGATCACGGCCATTACCAGCAC,CATTTATGGCTATCT,,0.0,1,0,0,0,0
CCTGCACTTACAACTTCACGATCAAACG,CTATGCATTTACTCA,,0.0,1,0,0,0,0
CACGCAAATACACGGCCATGGCCATCTG,GTCACCGGCACTAAC,,0.0,1,0,0,0,0
TAGACACCAGCAACTGCAATGGCACTTC,TCAAAGCATGAAAAA,,0.0,1,0,0,0,0
AGCTCACGTGCATCCTCAAGACCAGTCC,CTTTCTTGTGTATTT,,0.0,1,0,0,0,0
AAAGCAAGAGCACCTACACGGTCAGATA,ATTATCATCGCCATC,,0.0,1,0,0,0,0
ATTACAACGACACGTACAACGCCATTGG,AGTGTATGATAATAT,,0.0,1,0,0,0,0
TCGTCACCTGCACACCCAGTTTCAGGGT,ACAGTTGACGGACAG,,0.0,1,0,0,0,0
TCGGCAAGCCCATTGGCACGGACAAAAG,AGTGTTAATCAGACC,,0.0,1,0,0,0,0
GAATCAAGTCCAGTAACAGAGTCAACCT,CTATCAAGGCTTAAT,,0.0,1,0,0,0,0
ACTTCAGGTGCACGCACAGGTACATGGA,GGTTGCCCAGAAGTA,,0.0,1,0,0,0,0
CAGACAAGCCCATCGACATCGGCATGTA,ACAAGTTTTACAGTT,,0.0,1,0,0,0,0
CATCCAAAGCCAGTAGCAGTATCAACCT,AGAAGACGACGATGA,,0.0,1,0,0,0,0
GCCTCATCAGCACTGTCAACACCACACA,GAGAATGAAGGACAG,,0.0,1,0,0,0,0
CAGGCAGCACCAGCAACACACTCACCAC,CATCAATGAGGCAGT,,0.0,1,0,0,0,0
AGATCACACGCAGAACAGCAGCATTAC,GTACAAGAAATTTTG,,0.0,1,0,0,0,0
TAGGCACCCCCAAGACCATGGGCATATG,ATAGAGCGGCGTTGA,,0.0,1,0,0,0,0
GCGACATATTCACGCACAACGCCAGCTG,GCTGCTTATGAGGAT,,0.0,1,0,0,0,0
CATCCATCGGCACGTGCAGGCACAAGCT,CTAGTTGTATAGCCA,,0.0,1,0,0,0,0
CTGACATCTCCAAACCCATCCCCACAAG,TATATTGAACTTTAC,,0.0,1,0,0,0,0
TAACCACGTCCATCATCAATTCCACTCA,CTAAGCAGTCTTCTC,,0.0,1,0,0,0,0
AGACCAAACCCACCTACATCAACAGGTG,CTAAGCAGTCTTCTC,,0.0,1,0,0,0,0
CGTGCAAAATCAGATACACTACCAATCT,ACAGGGCAGCTCCCG,,0.0,1,0,0,0,0
TTAACAGTATCAGTGTCATGATCACAAA,TTTATAAATCAATAG,,0.0,1,0,0,0,0
GACGCATGTCCATCGGCACAGGCACTTC,CAAGTTCGGCGAAAT,,0.0,1,0,0,0,0
AACGCAACCCCACTGTCAAGAGCAAGCT,CAAGGATCCCCGTAG,,0.0,1,0,0,0,0
TCGTCAACCGCACATGCAGAGGCAAGCT,GCCCTCGAAACCTAT,,0.0,1,0,0,0,0
TCAGCATAAGCAGTAACAATGACAAACG,CGAATGCCATACAAA,,0.0,1,0,0,0,0
TTCACATGATCAGCCACATCTCCAGGTA,CATCACCGTGCTCAT,,0.0,1,0,0,0,0
GATCCATTCGCATACACAAAAGCACTCC,TCAAAGCATGAAAAA,,0.0,1,0,0,0,0
TACCCAAGTTCATTTGCACAAACACCTG,TTAATTGCACTTATG,,0.0,1,0,0,0,0
ATGGCATTCACACAGACAATATCAGCCA,TAGACGGACATCTTC,,0.0,1,0,0,0,0
AACTCACCGGCACGTCCAACGCCAGGAA,GTTTAGCTTCCGTTG,,0.0,1,0,0,0,0
ATGTCAAAGCCACCCACACGGTCAAATT,TGGAGTCTTTGTTGA,,0.0,1,0,0,0,0
ATGTCACATTCAGCAGCAGGGGCACGTT,GCTGCGGAGCCTCAG,,0.0,1,0,0,0,0
GGTACAGTGCCACGTACAAGGGCATGAA,GCTGCTTATGAGGAT,,0.0,1,0,0,0,0
CCGCCAGATGCAACGGCAAAATCAGCAC,ACAAGTTTTACAGTT,,0.0,1,0,0,0,0
GAGCCAGGATCACGCACAGCAGCACATT,CTATCAAGGCTTAAT,,0.0,1,0,0,0,0
CTAGCAAGTGCACAGACAATCACAGATG,CTTGATCAATCAAAA,,0.0,1,0,0,0,0
CAGCCAGCTACATACTCAATACCATTCC,CTAAGCAGTCTTCTC,,0.0,1,0,0,0,0
TGACCAAGTGCAGGAGCATGGGCAGTGT,GCAAGAAAGAAACCC,,0.0,1,0,0,0,0
TAAGCACAGTCAATTCCAATGACACGAC,CTAAGCAGTCTTCTC,,0.0,1,0,0,0,0
CATTCACAGCCAAAGTCACTGTCATCTA,TAACCTCGCGCTGAG,,0.0,1,0,0,0,0
CAGCCAGGTCCAACGGCAGCGACATTTG,ATAATTTTCATCCAC,,0.0,1,0,0,0,0
ACCTCACGTACATTCGCAGCACCAATAG,GCTGCTTATGAGGAT,,0.0,1,0,0,0,0
CGACCATTCACAGATGCAGGAGCAAGTA,TCAAAACGGAGTGTT,,0.0,1,0,0,0,0
ATCACATCAGCATTTGCACACACACTGG,ATAGTCGATTAAGAT,,0.0,1,0,0,0,0
TTCCCACAAACAGTGACAGCTCCATGCT,ATATTGAGTAAGTAC,,0.0,1,0,0,0,0
ATTTCAGTAGCAGATGCAGAGGCACGAT,TCAAAGCATGAAAAA,,0.0,1,0,0,0,0
GAATCATTGCCACATACAATTACAAAGC,TTATATTTATTTGCT,,0.0,1,0,0,0,0
TAAACAAGGGCACCGGCACTCGCATCGC,ATTATCATCGCCATC,,0.0,1,0,0,0,0
CGAACAAGGACACAGCCATTGTCAGAAT,GAACTCAGGTTCCAT,,0.0,1,0,0,0,0
CACTCAAGATCAAGTCCAGCTACACGCG,CTAAGCAGTCTTCTC,,0.0,1,0,0,0,0
GTTACAGTTCCACCGTCAGCCTCAGTAC,CTTGATCAATCAAAA,,0.0,1,0,0,0,0
CTGCCATTTACATGAACAGGCACAATCA,CAAGTTCGGCGAAAT,,0.0,1,0,0,0,0
CGAACACCGTCAGCGCCAAAGACATCGG,CTCGCTAATACTCCT,,0.0,1,0,0,0,0
GGACCATCGACAACGCCACAATCACCGA,TCAAAACGGAGTGTT,,0.0,1,0,0,0,0
GCTTCATCCCCACTTCCAATAACAGGGG,TAACCTCGCGCTGAG,,0.0,1,0,0,0,0
TAACCACTCACAAAGACAATGTCAGAAC,CGAATGCCATACAAA,,0.0,1,0,0,0,0
CATGCAGCAACACGTACAGTTACACAAA,ATAATTTTCATCCAC,,0.0,1,0,0,0,0
AAGTCAACAACAACCCCATAGTCAAACG,ATGGCGATGGTCTTG,,0.0,1,0,0,0,0
AACGCAACAACATTGCCACCTCCAATCG,AGTGTTAATCAGACC,,0.0,1,0,0,0,0
TGATCAACGTCACTGACAAGAGCAAAAC,CTGATTTGTGCTGTC,,0.0,1,0,0,0,0
CTCTCAGCTTCAGCTCCATCCTCACCGA,TCAGAGCATTGGCCT,,0.0,1,0,0,0,0
GGCTCAATCGCAGCATCATACGCATGTA,GTCACCGGCACTAAC,,0.0,1,0,0,0,0
TGTTCATTTGCAATGCCACAGGCATTCG,AGTGTTAATCAGACC,,0.0,1,0,0,0,0
ACGCCAGTAACAGTACCAGCATCAAGAA,CCGTTAGTATCGCTA,,0.0,1,0,0,0,0
CCCCCAGTAGCAAGGGCATTCGCACCAT,ATAGAGCGGCGTTGA,,0.0,1,0,0,0,0
GCAACAGAGCCAAAATCATAACCAATAC,CCAAGACCGTGTAAA,,0.0,1,0,0,0,0
ATAACAGAAACAGGTTCAGTGCCACTGG,GTTAAATCAACAGTT,,0.0,1,0,0,0,0
AAATCAGCCGCACTTCCAGTGACATCGC,AGTGTATGATAATAT,,0.0,1,0,0,0,0
CAGACACAACCATTGACAACAGCATCTT,CGTCAAGACCTTCTA,,0.0,1,0,0,0,0
CAGACAGCCCATACGCAGGCCCACGGT,GTAATCTGACTCTAG,,0.0,1,0,0,0,0
TTAGCAGGACCAGACACATAAACAAGGG,TCAAAGCATGAAAAA,,0.0,1,0,0,0,0
CCTGCATTCTCAGGACCATGCGCAACGA,GTTTGTTTTGGGAAA,,0.0,1,0,0,0,0
AATCCAGGTACAGGGTCACGGGCAGGTG,TAGACGGACATCTTC,,0.0,1,0,0,0,0
AACCCAGTCGCATCGCCAGGGTCAATAG,TTAGTCTTTCCATCA,,0.0,1,0,0,0,0
ATTTCAGATACATCGCCAGTGTCAGAGC,CTTGATCAATCAAAA,,0.0,1,0,0,0,0
GAGACACGTACATTTCCAAGCACAAACT,CATATGCATTCCTTG,,0.0,1,0,0,0,0
TAAACACAAACAACAGCAAGGACAGTGT,CATCACCGTGCTCAT,,0.0,1,0,0,0,0
TCTACAACGCCAATGGCAGACTCAGCCT,GCTGCTTATGAGGAT,,0.0,1,0,0,0,0
TCGCCAGCGGCATAGGCAGGGACAGCCA,TCAAAGCATGAAAAA,,0.0,1,0,0,0,0
AAAGCACAGCCACGTACAACGCCAGTTG,CTGATTTGTGCTGTC,,0.0,1,0,0,0,0
GCGTCAACTTCAGGTCCAATCCCATCGA,ACAGTTGACGGACAG,,0.0,1,0,0,0,0
GCTACATTATCATAGACAACGACAACAC,ACCACCGGTCCTGCC,,0.0,1,0,0,0,0
CAAGCACCTTCAGAGACATATACAGTGC,TCAAAACGGAGTGTT,,0.0,1,0,0,0,0
CGGACACAGCCAGCCGCACTAGCACTTT,ATCGTTGGCATTTGG,,0.0,1,0,0,0,0
GCCACAAAGACATCCTCATTGTCAAAGA,TCAAATGATGAGGAT,,0.0,1,0,0,0,0
GATGCAATCGCACTTGCAGTGGCAACCA,GCTGCTTATGAGGAT,,0.0,1,0,0,0,0
CCGTCAATCCCACTGGCAAAGCCAAATA,GAGTGCTTCAAAGTT,,0.0,1,0,0,0,0
CTTCCATGGACAAGAACAGCGGCAGGGT,CTAGTTGTATAGCCA,,0.0,1,0,0,0,0
TGAGCACTACCAGGCGCAGATGCATGGT,GTTGGGCGCTTAAAG,,0.0,1,0,0,0,0
TGCTCATTGCCAGGCCCATCCGCACGCA,ATATTGAGTAAGTAC,,0.0,1,0,0,0,0
CGATCAAAACCAGTTACAACAGCATATG,CTAGTTGTATAGCCA,,0.0,1,0,0,0,0
GTATCACACACATCCGCAATAACACTCT,TGATCATCACGGGAC,,0.0,0,1,0,0,0
ATTACAATGGCATCCCCATCGTCAACGT,CTAAGCAGTCTTCTC,,0.0,0,1,0,0,0
GGGACATCGTCATACACACTAGCATTAC,AGTGTATGATAATAT,,0.0,0,1,0,0,0
AGTTCAGGACCACCTGCAATCACAGCGC,CTACTTACAACGGAA,,0.0,0,1,0,0,0
GGTACAGGGTCAACATCACGCTCAACGC,CTTGATGGCTGAAAG,,0.0,0,1,0,0,0
ACCCCATCGACAATAGCATGAGCATTGC,GAACTCAGGTTCCAT,,0.0,0,0,1,0,0
ACGACAGTAACATGCCCAGCCCCACTAC,CATTTATGGCTATCT,,0.0,0,0,1,0,0
TGGTCACAGGCACAACCAGTCACACCGA,AAAAGAAAAATGTAT,,0.0,0,0,1,0,0
CAAACATGGACAGCCACAGTAGCATGAG,GTTGGGCGCTTAAAG,,0.0,0,0,1,0,0
CTGACATCTGCAGGAGCAACATCAAAGG,TTATATTTATTTGCT,,0.0,0,0,0,1,0
GCATCAGAGCCACATACAGTATCATGCG,TTAGTCTTTCCATCA,,0.0,0,0,0,1,0
ATGACATTGGCAAACCCAATGGCATGTT,CTTGATCAATCAAAA,,0.0,0,0,0,1,0
AAATCACTGACATTCACAGCGGCAGTAA,CCAGGATGTACCGCC,,0.0,0,0,0,1,0
AAGACAAGGACAGGGTCACCGCCATGTT,TTATATTTATTTGCT,,0.0,0,0,0,1,0
TAAACAGGCACATTATCAAGACCAGACG,ATATTGAGTAAGTAC,,0.0,0,0,0,1,0
ACCTCAGTGGCAACTTCAGAAGCAGAGA,TTTATAAATCAATAG,,0.0,0,0,0,1,0
GGTACAGCTACAACTTCAGCCACACGGC,CAATTTCAACGTTGT,,0.0,0,0,0,1,0
CTAACAATCTCACGCACAGCTCCATCAT,TGATCATCACGGGAC,,0.0,0,0,0,1,0
GGCGCACCTTCAGCCGCAGGGCCACAAT,CTTGATGGCTGAAAG,,0.0,0,0,0,0,1
CTCTCAACCCAGTACCAGGAGCATGGG,CCAACACAGGCTTCG,,0.0,0,0,0,0,1
GAATCAATCGCAGGTACAGTATCACCTC,CGATGATGATGATGA,,0.0,0,0,0,0,1
GGAGCACTGCCAAAGGCACAAGCAGAAT,AGTGTATGATAATAT,,0.0,0,0,0,0,1
TGTACACGACCAAAGTCATAAGCAGCTA,CAATCTTGAATTGAT,,0.0,0,0,0,0,1
CAACCAGGCACAAGTACAGCCTCACAAT,AGTGTATGATAATAT,,0.0,0,0,0,0,1
CATTCAGAAACACAGACAAGACCACTCG,GTACAAGAAATTTTG,,0.0,0,0,0,0,1
TTTGCACCCCCAATGACATTCGCACAGG,ACCACCGGTCCTGCC,,0.0,0,0,0,0,1
