BC,Edge,s,LL.ratio,TP1-2-T1,TP1-2-T2,TP1-2-T3
GTCGCAGTCACAACTTCAGTCTCAACCG,TTATATTTATTTGCT,0.04009180194421731,0.6636132508983792,280,357,275
GAACCAAAAGCAGTGGCAGAATCAAAAT,TTATATTTATTTGCT,0.010512746704876072,3.2938291407056113,241,309,131
ACCCCAATGGCACACGCAACAACATATG,CTAAGTGTGAAGGAG,0.029959159110910183,0.0,202,253,162
CGGACATCCTCAGTATCAACCACAAGAG,AGTGTATGATAATAT,-0.0017630982058988824,0.5071029245264072,214,206,91
AGTTCAACGACACGTGCACAAGCAGCAA,TTATATTTATTTGCT,0.0477828042773043,1.8116056404172696,110,146,126
GTGGCATGTACAAAGTCATAAACAGCCT,TTATATTTATTTGCT,0.030646691428985084,0.0,107,167,87
GACACAACCGCAGGGTCATCGGCAACAA,GCTGCTTATGAGGAT,-0.0062303532226913655,0.0,162,141,63
ACCTCAATAGCAAAGTCAATTGCACCCA,ACCACCGGTCCTGCC,0.0959233416527567,25.230370169246896,44,135,132
AGTACAGTGGGAACTCCATACGCAACGA,TCGATAGAATTTACT,-0.006849114094074027,0.0,151,145,58
CTACCACGTTCATGTCCAGGGCCAATTC,TCTTGGAGGTGAATG,0.015451446031051707,0.0,120,147,72
AACTCACCTACATGTGCACAATCAGAAG,CTACTTACAACGGAA,0.0025741971294745984,0.0,138,114,64
TCGACATAGCCAGCGTCATTAACAAAGA,TTTATAAATCAATAG,-0.04327107222192898,5.008209280951974,178,119,33
ATGGCATGTGCATATACACGTACAAGCC,TATATTGAACTTTAC,-0.01690905823759428,3.6613441632561035,156,103,49
TACACACGATCACGGGCATCGCCACATG,TCTTGGAGGTGAATG,0.004722325080442901,0.0,126,103,61
CTTACACTTGCAAATGCACTATCATACT,AAAAGCGACATTTCT,0.008335634922038922,0.0,98,123,51
GGAACAGAGGCATCAACAATTACAAGGG,CCAGGATGTACCGCC,-0.00843784245333783,0.0,129,106,48
GATGCATCTACAGCAACATTGCCAGAGG,AAAAGAAAAATGTAT,0.02273703659012138,1.4740099834035618,85,112,59
GGACCAATCACATGAACACCGACAAGCA,TATATTGAACTTTAC,0.016834022597577204,0.0,107,81,66
GTCTCAAAAACAGAACCAATGTCACACC,TAATATTGTTTTGCG,0.03441390932991531,0.0,73,88,64
TGTACAGTCACAATGTCAGGTCCATACA,TCTTGGAGGTGAATG,0.010419269742067347,0.0,94,71,51
ATGGCATTCTCAACTGCACCTACAGTGG,TTTATAAATCAATAG,0.03855321901087962,12.325844909370858,63,102,60
AGAACAGTGCCAATGACAAGCACAGTAG,AGTGTATGATAATAT,0.014194647367474597,0.0,94,69,55
AGGACACTGGCACATGCAACTACACGTG,TTAGTCTTTCCATCA,0.02620045806480413,0.0,82,91,61
GAACCAAGCCCAATGACAAGAACAAAAG,TTTATAAATCAATAG,-0.03370352404626158,1.2345989432942588,98,79,22
GTAACAAGATCACAAACAAGTTCATAAC,TATATTGAACTTTAC,0.017777446812796336,0.8595291130265537,70,92,44
AGGTCACGCTCATGATCATAGGCAAGAA,TCGATAGAATTTACT,0.03553276262110163,6.3584298242749355,58,90,52
ATCACACACCCATCGTCATTGGCACTGA,CTACTTACAACGGAA,0.04174462108757822,6.274979079833486,66,62,67
ACCACAGTTGCAGCGTCACATGCATGCG,TTTATAAATCAATAG,-0.00843784245333783,0.0,86,64,32
GAGTCATCGCCACCACCAAGTCCAAATG,TTAGTCTTTCCATCA,0.02179478207499117,0.0,69,84,47
GTAGCAGCGTCACAGGCAAAACCAAGTT,CTCGCTAATACTCCT,-0.032749660703715565,8.000687493360658,118,65,27
ATCTCATAATCAACGGCACCCCCATGGC,CTCGCTAATACTCCT,0.007601258590568482,0.0,78,63,40
CAGCCATTGACATGAGCAGCAACAGTGA,ACAAGTTTTACAGTT,0.015219427053226608,0.0,72,63,43
CTGTCAACCACAGTCCCAGAAGCATAAA,GAGTGCTTCAAAGTT,-0.06240791507345942,0.0,87,79,11
TTCGCAGCCCCATCACCATCAGCATAAT,TATATTGAACTTTAC,0.005664217174746966,0.0,75,71,37
GTTGCATAGTCATTGGCAGAATCAAGTG,ACAGTTGACGGACAG,0.02284745253488278,0.0,69,70,48
CAATCAGGGGCAACACCAAGTACATCAA,ATTATCAAGTGCCAG,0.007098741797893381,0.0,65,71,33
ACAACAAGCACAAAAGCAAAACCACATG,AGTGTATGATAATAT,-0.01828845606353573,0.696453097873075,72,94,22
CGAACACTTGCATCGCCATGGTCAATGA,ACCACCGGTCCTGCC,0.018255919363603913,0.0,52,55,33
CGCGCAGTGCCAGACACAAGAGCACATT,CTACTTACAACGGAA,0.024386035468220518,2.393763693780727,46,74,33
TGGTCACATGCAGGTACAATCACAAAAG,TTTATAAATCAATAG,-0.006230353222691321,0.0,72,74,28
AGTTCACCAGCAAACCCATTCTCACAAC,CGATGATGATGATGA,0.02931198466027598,0.7621563537162217,48,65,38
ATGACATAAACAGCCCCATATCCAGGAG,CTCGCTAATACTCCT,0.010447273103202547,0.0,70,69,38
CACACAAGACCAGGACCAGATTCACGTT,GAGAATGAAGGACAG,0.016170882903656644,0.0,69,54,42
CTGCCAACGTCATCGCCATTGCCAGGCC,TTATATTTATTTGCT,-0.01687991221520093,6.720580558160009,70,80,22
GTTCCAGGTACATTCACAAGTGCAATCG,TTTATAAATCAATAG,-0.0031823182332069598,0.0,75,65,31
GGAGCATTGTCAATGACAATTGCAATGC,ACAAGTTTTACAGTT,-0.004150658357749525,1.03297253301389,74,55,30
GTGTCACACACAGAACCAATATCATCCA,GAGTGCTTCAAAGTT,-0.027775537310033814,0.0,91,41,23
TTGACAACCCCATAAGCAGCATCATGTA,TCTTGGAGGTGAATG,0.010685937040835423,0.0,55,66,30
GCACCACGGACACGGACAAACACAACTA,CTCGCTAATACTCCT,0.048533871706080416,5.183614567040536,43,48,50
AGAACAAACTCAGCAACAGCACCAAGGG,GCAAGAAAGAAACCC,0.009088357050505324,0.0,53,61,28
CCCCCACGAACAAGGACAAAAGCAAGAC,TTTTGCATTTAGGCG,-0.011784472487631257,0.0,82,61,5
GCGGCAGTATCAGAGACACCGCCAATAT,TCTTGGAGGTGAATG,0.010183420248160366,0.0,50,58,27
GTAACACGCGCACAGTCAAGTACAATGC,TCTTGGAGGTGAATG,-0.023971421987161803,4.277267749670614,77,51,21
TAGGCACCTACAGGGTCAGCGACAAGTC,TCAAAACGGAGTGTT,-0.02969193954604905,0.687994032164255,74,61,18
GGTACAGGTGCACCATCATTAGCAGTGC,CCAGGATGTACCGCC,0.044219653276229794,7.896052805588511,45,42,48
GTCACAGTGGCAGATGCAATAACAGTAA,AAAAGAAAAATGTAT,0.027978572306167935,1.5196054376864367,48,59,37
CCTTCAAAGACACATGCAGCAACACCCC,TTATATTTATTTGCT,0.028196058512491233,0.0,31,87,24
CCAGCACGGCCACGGTCATGATCACTCT,CTTGCAAGTGTAATT,-0.01119747538930449,0.0,71,48,25
CGTTCAAAGTCATAAACAGCCCCACTGT,TCTTGGAGGTGAATG,-0.04292881197670133,6.923747868401222,75,53,14
CTTGCAGAGTCAAGCGCAATTACAAGGT,ATTATCAAGTGCCAG,-0.05366527275662785,0.0,94,46,7
CCTTCACGAGCACAGCCATCGGCAGAAT,ACAGTTGACGGACAG,0.02732806046936718,0.0,46,61,35
CTCACAGCGGCAGCCGCATGGTCATATA,CTACTTACAACGGAA,-0.013937887214054225,0.2105940262213153,63,61,21
CAAGCACCTTCAGCGCCATGTGCATATT,AAAAGAAAAATGTAT,0.006335368191353961,0.0,60,61,30
TGGGCAGATCCACCTACAGAACCAAGAG,AAAAGAAAAATGTAT,-0.03791654122714858,2.3845750819534146,63,58,13
TCCACATGATCAAGGCCAAATCCAAGTC,TTATATTTATTTGCT,0.009562294248232565,1.012233143072649,45,73,24
CTAGCAAAAGCACAGCCATGGGCATAAT,TTTTGCATTTAGGCG,-0.02920696969161334,2.255014906487702,57,64,14
GAAACAAACTCACATTCAAACACAGGCA,TTTATAAATCAATAG,-0.049861136641266054,4.77668923264639,80,42,13
CCGGCACCGGCACTTTCAATAGCATCAC,TCAAATGATGAGGAT,-0.062955687352306,2.8808776401984346,74,33,8
GGGACAAGTCCATGCACATTTCCAAATC,TATATTGAACTTTAC,0.015451446031051664,0.0,50,49,30
GCACCAAATGCAATTCCAATGCCAAGCG,CTTGATGGCTGAAAG,-0.020196044361754553,0.002176254101513564,51,59,15
GGAGCAATACCATTTGCAAGCTCAATCC,TCAACAACCTATGCA,-0.006230353222691321,0.0,54,38,21
GGTCCAGTCACACTGTCAATGGCAGGTA,CTACTTACAACGGAA,0.02587868362570456,1.1445728904790542,46,27,34
CTGTCACGATCAGTAGCACATCCATTCG,ACAGTTGACGGACAG,0.008557956319895643,0.9140491676096758,44,57,23
GTCGCACGTACAGTGACAATCGCACAAT,GAGTGCTTCAAAGTT,-0.04499657126079706,0.0,67,47,12
AGTGCAGTCTCATATCCACTAGCACAGC,TTTATAAATCAATAG,0.023577392505940466,2.4483474097091857,34,33,24
GGGACACGATCAGCGACAGGACCAATGT,TATATTGAACTTTAC,-0.013003280563446662,0.8235874054319652,53,44,18
ACAGCAAGTGCAGCTCCACATACAGGTA,CTTGATCAATCAAAA,-0.026913446988308512,0.0,70,29,18
GCCCCAGCTACAATCGCAGAATCATATA,ACAGTTGACGGACAG,0.0004462164085348129,1.4010428722635027,36,45,16
GAGACAATAGCATGCGCACTATCACAGG,GAGTGCTTCAAAGTT,-0.00646130051550604,0.0,62,28,24
AGTGCAGGGACAGCAGCACATCCAGCAT,AAAAGAAAAATGTAT,0.001176156379592409,0.0,51,35,23
CTGTCAGCGCCAATCGCAGAGTCACTCT,ATGGCGATGGTCTTG,-0.000167288221055939,0.0,41,66,18
CAGCCAAAATCAAAACCAAGCACAACCT,ACAGTTGACGGACAG,-0.016438408242787347,2.9036913777171662,41,56,13
CGGTCAGGTCCACGTCCAAAAACACCAG,CTACTTACAACGGAA,-0.021166948654609597,0.7185838845542776,52,42,15
TTAGCAGTTACATTCTCAGGTGCAAAAT,TGATCATCACGGGAC,-0.015036832549992996,0.0,46,50,15
GGACCAAACTCATCAGCATGGACAAGGG,CTCGCTAATACTCCT,0.009707432231130575,0.0,43,40,23
CGATCAGCAGCAAGCTCATCAGCACGG,TGATCATCACGGGAC,-0.0033724325306939036,0.0,34,47,14
AAAACACCGCCAGTTTCAATGGCAAATC,CTCGCTAATACTCCT,0.07103142024079774,7.829265840316225,17,53,31
TTCCCACGCGCAACCGCAGGAGCATGAA,CTTGATGGCTGAAAG,0.013632796181406183,0.4005087922876669,49,47,9
GGTTCAGGGACAACCACAAAATCAGAAA,GTTGGGCGCTTAAAG,0.05666586480064124,0.0,40,59,5
GGTACAAGGTCATAGTCAATGTCAAACG,TTTATAAATCAATAG,0.015888130029489432,1.9025599516639318,38,44,23
CTAACAACTACAGCCTCAGGTGCAACAC,CTTGCAAGTGTAATT,-0.024616592228957176,0.1867336112269129,52,42,14
TTCCCAGGACCAGAAACAGTTCCATCAG,TATATTGAACTTTAC,-0.008933714286205107,0.0403322772407364,38,53,14
CGTGCAGGAGCACCAACAATGCCACAGT,TTTATAAATCAATAG,0.011603393974245306,1.7450518906062484,27,45,15
TAAACAAGTTCAGGTACACACGCACGGA,CGATGATGATGATGA,-0.013937887214054223,0.6050140640289072,48,35,16
AAAGCACGATCACTTGCATCAGCATAAG,TGATCATCACGGGAC,-0.0054840707118575215,0.0,38,45,15
GATACAATTCCAAGAACAACGGCAACAC,TTTATAAATCAATAG,-0.02061445684528036,0.0,48,37,14
ACGCCAGCAACAGATACACACACATGAT,TTTATAAATCAATAG,0.013811954889902143,0.981045932301015,31,28,18
TAGCCAGTTCCACTAACAGCCTCAAGTA,CTTGATCAATCAAAA,-0.03020900723578568,0.0,54,30,13
AGTGCACTACCAGAAGCAGGTGCAAGAT,GCTGCTTATGAGGAT,-0.02164542120541717,0.0,42,45,12
GAGCCAAAAACAACGCCAATGTCATACG,TTTATAAATCAATAG,-0.12623609241755362,19.126052430871482,76,18,4
GCCCCATGACCAAGTGCATACGCACAGT,GTCACCGGCACTAAC,0.028427005805305945,0.0,27,37,21
AACACATCGGCATAAACATAGCCATACT,ACAGTTGACGGACAG,-0.023267184993074876,6.161196122973507,47,34,13
GGAGCAAGAGCAAGGACAAGGTCAAGTT,TCAAAACGGAGTGTT,-0.0017743918911465421,1.1058474455686564,45,37,8
GGGTCAATGCCACATCCAGTTCCACTCT,TATATTGAACTTTAC,0.008491023514861773,0.0,45,41,8
GTATCACTCACACCGGCAGGCACACGAA,TCAAAACGGAGTGTT,0.0394052923036222,2.599688961104789,32,27,31
ACATCAGAAGCATGGCCAAAGGCAGACA,TTTATAAATCAATAG,-0.008527207982042652,0.0,35,31,13
GTCACATCTCCAAAGACAACACCATCAG,TCAAAACGGAGTGTT,0.037419779020244,2.6085720920384574,29,37,27
GGCACACAGTCACTCACAATGCCAGTAA,TCAAATGATGAGGAT,-0.008437842453337828,0.0,43,28,16
CACGCAACGACAAGTACATTAGCATAAC,TGATCATCACGGGAC,0.004446926559010756,0.0,48,42,4
GGGACACAACCAAATCCAAAGACAAACA,TCAAATGATGAGGAT,-0.015847157840658356,0.0,49,35,8
ATCACAATGCCAGCTCCACCATCATTGA,CTTGATGGCTGAAAG,-0.01920591299694556,0.04711586871263762,40,36,12
CGCACAATCGCATGTACATAAGCATGTG,TCTTGGAGGTGAATG,0.024169115388290585,0.3597436897519515,28,25,20
AGGGCAAACACAACAACATTGTCAGGCG,ACAAGTTTTACAGTT,0.029402646516485033,0.3650426292052771,29,29,23
TGCCCACTAGCATGCACACAATCACAAT,ACAACCTACCTGCTA,0.023750702904764776,0.0,24,35,17
GGTGCATGATCAGATCCACCTACAAATC,CGATGATGATGATGA,0.007922803107083,0.0,31,29,16
GCCCAGGGGCAGGTCCAAGATCAGAGG,TCGATAGAATTTACT,-0.020991817127049516,0.25805910637907914,38,34,11
TTCCCACTGTCACGTCCATCCCCATCTC,TCAAAACGGAGTGTT,-0.05543672354985967,2.6732956016038827,52,25,9
AGGCCAACCACAAGATCACATTCAAGGT,CTCGCTAATACTCCT,0.020466890529679115,2.3909675712100977,37,38,6
CTCACACGTGCAGACACATAGACAGAGT,CTTGCAAGTGTAATT,-0.004150658357749483,0.0,37,31,15
TAACCAAGGGCATACGCAAGGACAATAT,ACAACCTACCTGCTA,-0.0006527289274039505,1.6856222984275462,46,15,20
ACGTCATAGGCATAGCCATCACCAAATC,CTTGATGGCTGAAAG,-0.0823447881999832,3.0923634916660347,49,18,6
CGCGCACGTTCATGTCCACCCTCACCAA,TATATTGAACTTTAC,0.022606488213085328,0.6528866679237524,26,35,18
CCACCATTTGCAGCGTCACTGGCAACCC,GTTGGGCGCTTAAAG,-0.027056100437428787,0.0,39,26,10
AACCCAGTGGCATACGCAGTGGCAGAGG,CTCGCTAATACTCCT,-0.025099494730372915,5.953459611659213,43,28,5
CTCCCACGAGCACGTTCAATCACACCCA,TTTTGCATTTAGGCG,-0.021645421205417167,0.0,35,31,10
CGCACAACGTCAGGACATAGGCAATCT,TCTTGGAGGTGAATG,0.017800065821462943,0.0,26,26,7
CTCGCAGTATCAGCAACAGTTACACGGC,TATATTGAACTTTAC,0.02069881950878818,1.6914239995405183,34,35,6
CTTACACAGCCATCTGCACACCCAGGTC,CTAAGTGTGAAGGAG,0.02983554965364075,0.0,20,40,16
CATGCAGCAACAACGGCAAATTCATTGC,CATTTATGGCTATCT,-0.022821946075926868,0.0,43,34,12
GACTCAGGCGCAGATCCATAGTCAGCCA,TCAAAACGGAGTGTT,0.0033041371005322357,0.0,34,23,16
GCTTCAGAAGCAAGGTCAATTGCACGAG,CTTGATCAATCAAAA,-0.04921570041206174,0.09276085729931083,43,22,8
AGCTCACTGGCATGAACAAATGCATAAA,TATATTGAACTTTAC,-0.049316761562653966,7.156429825862062,45,23,5
TCTCCAGCAACATGTCCACGACCAGATC,AGAAGACGACGATGA,-0.019658404772941472,0.0,37,22,11
CGCTCAACTTCAAGCACACGTCCAACGA,CTCGCTAATACTCCT,-0.007477300640053919,0.32236957117214615,29,27,11
CATCCAAAAACATCTCCAATGTCAGTGC,TATGCCCTTCTTCTG,-0.03480924376821495,0.0,44,26,3
ATGGCAGCGTCATAGTCAATGCAACCTC,ACAAGTTTTACAGTT,-0.05639366865147482,9.093878327469127,42,20,3
GACTCACGGACAGCTACACCCACATGTC,CTTGATCAATCAAAA,-0.05664398167328662,1.326445856936914,40,19,3
GTGGCAAGAACATCATCAGCCACATGCA,TTAGTCTTTCCATCA,0.027874513995976666,0.0,26,17,20
CTATCAGCGGCAATGTCAGATACATCTG,CTTGATCAATCAAAA,0.005283751526062375,0.49537078798834955,34,30,9
CAGCCACAACCATATGCAACATCATCCG,CTACTTACAACGGAA,-0.010811869364987545,0.08144339582290172,31,29,11
CATGCATCGTCATAATCACAGACAACAA,TCAAATGATGAGGAT,0.039311203783157556,0.655072065842603,25,31,8
GAACCAGTCCCATCATCAACATCAGTCC,TTTATAAATCAATAG,-0.027056100437428787,0.993771480518177,39,20,10
TCTCCATGTTCAAATTCACATCCACGGC,TCAAAGCATGAAAAA,0.021574098619747593,0.0,26,27,8
GAAGCACGAGCATTATCAGTTTCAGGCA,AGTGTTAATCAGACC,0.02757952788961724,0.0,17,39,13
ATTACAAAAGCAACACCATAGCCACAAG,GGTTGCCCAGAAGTA,0.014521083539163903,0.0,31,30,6
TGGTCAACGGCAATGACACGGGCACCAT,TCAAAACGGAGTGTT,-0.029556621466161868,1.285306074480971,41,19,10
ACTACATCCGCAAGTTCAGCGGCAACTA,CTTGATCAATCAAAA,0.025210863036835104,1.3277882586204726,26,28,9
TGTTCACTGACACCGACAAAATCAAGCG,ACAGTTGACGGACAG,0.02983554965364075,0.0,15,42,12
CATCCATCTCCATGGGCATTATCAATGA,CGAATGCCATACAAA,0.01366554190094775,0.0,19,24,11
GAATCACAATGCAAAATCAGCGGCACAAG,TTAGTCTTTCCATCA,0.0562618096969103,1.4622329192017105,14,14,19
TGCTCAGACTCAGGCACAAAACCAATAG,TTAGTCTTTCCATCA,-0.02140414295613944,6.754290627274912,37,25,6
GCAGCACGTACAGCTGCAACGACAGAAT,TCAAATGATGAGGAT,0.051447289483584235,1.5116265224435779,20,28,9
CGGGCATTCCCAAGGGCATGGGCAATTC,TCAAAGCATGAAAAA,-0.012242809630270156,0.0,29,20,10
GGTACACGTCCACGCACACAAGCAGGGG,TCAAATGATGAGGAT,-0.015599969005124413,0.0,36,9,13
CTTACAGACTCACGACCATTCTCAGCAT,GGTTGCCCAGAAGTA,0.01749254575706445,0.0,16,38,10
GCTACACGGACACCCACACACACACATG,ACAGTTGACGGACAG,-0.00852720798204265,3.9061654198172846,35,15,13
ATCCCAGGCACACGCTCACTTGCACCTC,TCAAAACGGAGTGTT,0.02464980502970131,0.883568691432103,26,9,21
TTGGCAACTACAGAAACAGTACCATCTG,ACCACCGGTCCTGCC,0.014163301404375429,0.0,28,27,9
GATACAGAATCACCTTCATCTCCAGTAA,TGATCATCACGGGAC,-0.00646130051550604,0.0,31,15,12
AGTGCACCCACATCCCCATTTACAGGGC,CTCGCTAATACTCCT,-0.008933714286205104,1.4530447218336917,38,15,14
CCCACAAAATCAGTAACAGCCGCATCAC,TGATCATCACGGGAC,-0.012738099133655199,0.0,38,28,6
CCACCAGACTCACTAGCAAGCGCAGCCA,CTCGCTAATACTCCT,0.012465484295970563,0.0,23,27,13
AGAACATCGGCATGGCCACGGGCATAGC,TGATCATCACGGGAC,-0.0006527289274039566,0.0,23,21,10
GCAGCACCATCATATTCAGCCCCATACA,TATGCCCTTCTTCTG,-0.0846503658299758,0.0,39,14,3
TTAACAACGACATCGGCAGGCTCACTGA,AAAAGAAAAATGTAT,-0.05398391349356873,6.775992811175968,41,20,4
TACCCAACCCCATAAACATAGTCAAGCC,TCTTGGAGGTGAATG,-0.0024591651318292673,0.47473712400073964,31,20,13
GCTGCATGTACAGCTTCAATAACATCAA,AGAAGACGACGATGA,-0.014477273404842084,0.0,29,21,5
AACGCAGTGACAGACTCAGCAACAATCA,ACCACCGGTCCTGCC,-0.016641248277568,2.5212765276554308,38,12,12
AAGACAGAAACATATGCACTGTCATCTC,TTTATAAATCAATAG,-0.019929357292683837,0.0,35,24,5
GCGTCAACTTCAAGACCAACGGCAACGG,AAAAGAAAAATGTAT,0.013011937822580099,0.0,21,26,12
TGATCAAGTGCAGGGACATCCACAGAGA,ACAGTTGACGGACAG,0.06275863078224352,1.391510726812072,11,26,17
CCGACAGGTGCATAAACAGCACCAGGTG,CGATGATGATGATGA,-0.005722734649490446,0.25873347809805125,28,19,11
GGTCCAACGCCAGATGCAGCGGCAGGAT,CCAACACAGGCTTCG,-0.09206116304534796,0.0,45,15,4
GAACCACTTTCATGTGCATTGGCATACA,TCAAAACGGAGTGTT,0.07371640659767201,8.64539675039174,8,20,22
GTACCATAACCAGCTCCAGTCACAAAGA,TTTATAAATCAATAG,0.0353891324678294,0.0008678193347009255,26,31,7
GGTGCAGTACCATTAGCAAATACAACGA,TCTTGGAGGTGAATG,-0.02602542727165256,1.6648472634652762,31,20,9
CGGGCAGGAACACCGGCACTCCCAGGCA,TTATATTTATTTGCT,0.06497138123244556,1.8875003664131782,13,25,21
AAGACAACCTCACGTACAGCGGCATTGA,ACAAGTTTTACAGTT,-0.02920029710311063,2.800500977765097,32,20,7
CGCCCAACCTCATGCTCATATCCACGAA,AGTGTATGATAATAT,0.03523540453594069,1.2104350854162504,21,25,3
GTGCCAGAGGCATTCCCAGAATCATCGA,ACAAGTTTTACAGTT,0.03006029803069623,1.1389929220697468,23,26,5
TCATCAGTTCCACAATCAAGGACAAACA,TTTATAAATCAATAG,-0.048697564537861913,2.1547627282909048,35,18,6
TCTACATACCCATCGACAGAAGCAGATT,TTTTGCATTTAGGCG,0.051447289483584235,2.263078252239353,20,28,6
ACGCCACAGTCAGCACCAGGCTCAGCAT,TTTTGCATTTAGGCG,0.06480042874603652,4.674851277178362,20,32,9
GCACCAATAGCAGAAACAGTATCACTAG,TCAAAACGGAGTGTT,0.0374710952460684,0.043530460533219184,23,28,6
AAAACATGCTCAAAACCAAGACCATCCA,TCAACAACCTATGCA,0.0035718082602079967,0.0,9,22,12
AGATCACCCGCAAGAGCAGAGGCACTCG,CTTGATGGCTGAAAG,0.021882265273488508,0.2709805852118592,24,25,4
GAACCAAGACCACGTTCACCGTCAGTGT,TTAGTCTTTCCATCA,-0.051514652234531604,8.974749996221277,28,14,2
TGCTCAACGGCAAACGCAAAAACAAGCT,GAGTGCTTCAAAGTT,-0.006316139860225877,0.0,28,22,4
GGGTCATGGACACCGACACTAGCAAAGA,GCTAATTTCAAGAAT,,0.0,40,8,0
GGGCCACTGCCACGCTCACTTGCAAATA,GAGTGCTTCAAAGTT,-0.0013054578548079114,0.0,23,19,4
TCGTCAACAACAAGCACACAATCAGTAG,CTTGATGGCTGAAAG,-0.0067828450320206015,0.0,26,21,10
TTCGCAAGGCCAAAGTCACCAGCAGATA,CTACTTACAACGGAA,0.013544104379583467,0.0,24,23,8
TCTGCAACTACACCCTCATCCTCACAAA,TCTTGGAGGTGAATG,0.027808411677161263,0.18608378195420983,19,21,7
CACACACCACCAGCTGCAAAAACACGAT,TTTATAAATCAATAG,0.04656827306664102,0.9323206705719826,15,20,9
GATGCACAGTCATCTGCAGGTTCAACAC,CTCGCTAATACTCCT,-0.010968141423715048,1.3419894775188652,24,18,6
TGATCAATAACACTCTCACTGCCATGTG,ACAGTTGACGGACAG,0.04033268297245343,0.4458923778907433,19,9,21
GAATCATGCACAGGGGCAAAAACATTCG,CTTGATGGCTGAAAG,-0.03656147883743515,1.919349237233476,31,18,3
TCATCACCACCACATACAAGATCAGGCT,ATGGCGATGGTCTTG,0.04011442095288391,1.2618612511030136,20,25,3
ATCCCATACACAATATCATGACCAAGAG,TGATCATCACGGGAC,0.0017658008139450846,0.0,27,23,1
AAAACACTAGCAACCGCAACCCCAGCGA,TCAAATGATGAGGAT,,4.559785616898807,37,5,4
TAGACATAAGCAACCACATCCGCATACT,TCAAAACGGAGTGTT,0.03246041324065052,0.3114475762431397,19,22,3
AGCACACTGGCAGTGCCACGGACACAAC,CTATGCATTTACTCA,0.09664580185788996,0.0,15,33,5
GGACCAGCGCCACACCCATACTCATCCA,CTAAGTGTGAAGGAG,,16.901359143976293,35,8,3
AAGTCACCGACAATTGCACCTGCAGGCC,ATGGCGATGGTCTTG,-0.014045307290390508,1.2245376578877654,22,16,6
AAAACAACCCCAATTGCAGTTACAGGAG,TATATTGAACTTTAC,-0.07710798964825161,2.5185808643795156,31,12,8
GGTGCAACAACAACCACATGAGCACAGT,TATGCCCTTCTTCTG,-0.05639366865147482,0.0,21,10,5
GACGCAAGCACAGTATCACGTCCAAGCT,TTTATAAATCAATAG,-0.02920029710311054,1.7146017711441743,24,15,3
TTATCATTGGCAGCCACACTGACAAGCG,CTCGCTAATACTCCT,-0.07382900736595248,7.839493624579603,30,12,2
CTAACATCTCCAATCCCAATGACAAGGG,ACCACCGGTCCTGCC,0.024721607197619823,0.0,18,11,13
CCTACATATACAACAGCACGGACAGACT,ACAGTTGACGGACAG,0.023638877806423066,0.0,9,21,14
TACCCAGTCCCACTTACATGACCATGAC,CTTGATCAATCAAAA,,0.2550487563972439,30,7,7
TCCGCACTGGCAATTGCAAGTCCAGCTT,TTATATTTATTTGCT,0.06087835743070835,0.35128702201004103,13,20,7
AACGCACAATCAGACACAAATCCATAAC,AAAAGCGACATTTCT,0.012393343694435455,0.0,19,18,9
TTAACAGGCACACTTTCAAGGACACACC,CCAGGATGTACCGCC,-0.015847157840658356,0.0,21,15,6
AGCTCACCAACATCTACAAGAACAAAAA,TCAAAACGGAGTGTT,-0.051514652234531604,0.0,22,11,2
CGACCACGGACAGTTGCACAGTCACTCA,TCAAAGCATGAAAAA,0.011603393974245303,0.0,18,14,10
GGAACACTGGCATCCTCAACGACAGGTC,TTTATAAATCAATAG,,0.47644046536660767,25,9,8
TTACCAGGATCAGTGCCAAGTGCAACGG,TCAAAACGGAGTGTT,-0.020499159404147614,0.17040581206832428,22,15,7
CCTTCAAATCCACTGGCACCGCCAGGGA,TCAAAACGGAGTGTT,0.04011442095288391,0.0,12,15,8
AAACCAAGTTCAGAACCATGACCATCGA,GAGTGCTTCAAAGTT,-0.051514652234531604,0.0,26,13,7
CAGACAAACGCAGGTCCAGGGGCACAAG,CGAACAGAAACACAA,-0.09794521304764138,0.0,35,11,1
TCATCACCCACAAGCTCATGGGCAGTCT,GAGTGCTTCAAAGTT,0.023862528003106488,0.0,16,17,8
TTTCCACCAACACACGCATCGACAGATA,ACAAGTTTTACAGTT,0.014461314666242718,0.0,17,18,10
CCAGCACACACAGGTCCAGTACCACTAA,GGTTGCCCAGAAGTA,0.05034230586492576,0.0,13,18,0
ACCGCAGGTGCAGGCTCATGCCCAGGCA,GAGTGCTTCAAAGTT,,0.0,9,25,5
AAACCAAAGGCACACCCATATGCACTCA,TTTATAAATCAATAG,,0.0,8,23,6
CTGACACGAGCAACTCCAAATTCAGTGC,CCAACACAGGCTTCG,-0.051514652234531604,0.0,20,10,6
GCGACAGTTGCATTGGCATCATCAGAAA,AAAAGCGACATTTCT,-0.02920029710311063,0.0,16,10,9
GCACCAGATCCATCCACAATCGCAGTCG,TTTTGCATTTAGGCG,-0.017867428572410304,0.0,20,14,2
ACCCCACGGACACGCACAAAAACATTAG,ATGGCGATGGTCTTG,0.01446131466624272,0.0,17,15,10
TAAACAGAGGCAGGCTCAGGAACAGTGG,ACAAGTTTTACAGTT,0.03786713536767809,0.5300333922427853,18,22,5
GCGCCAACGACAGTAACAAAAACACCGC,AGTGTATGATAATAT,0.04833823077658117,0.0,14,19,2
ACTTCAAGTCCAGCGGCAATTCCAGTCC,ACAGTTGACGGACAG,0.004446926559010667,0.0,16,14,1
CCGACAGGGCCAGGGTCATCAACATACG,ATAATTTTCATCCAC,-0.03685430481534402,0.0,19,11,6
TAGCCACGTCCAATTCAGGAACAGGTC,TTTATAAATCAATAG,-0.06549084647204743,0.4177571024349618,23,10,7
TTGCCAAACACAGGACCACGCTCACTTC,ATAATTTTCATCCAC,-0.0033308435452577,0.0,21,17,1
GGGACAGCGTCAATACCAGAGCCATGCC,TTTATAAATCAATAG,-0.014742174221999792,0.0,18,13,9
TCCACAACTCCATCTGCATGCGCAACAC,TTAGTCTTTCCATCA,-0.010008345855698231,0.47280076592562637,9,21,10
GGTCCAGGCGCACTTACAAGCGCATTAG,TGATCATCACGGGAC,-0.02274644498935352,0.0,21,14,3
GGCTCAGGGCCAACAGCAATCACACGTT,CTTGATCAATCAAAA,-0.05639366865147482,0.0,21,10,5
CTGGCACCTGCACATGCAAGCTCACTTA,CTTGATCAATCAAAA,-0.035262759284754086,0.0,17,10,3
GCGGCACAGGCAAGTGCACCTGCACAAC,GCCCTCGAAACCTAT,,0.0,15,7,3
GAGACATGAGCACCCACAGAATCAAGTC,TCAAAGCATGAAAAA,-0.016683982807709885,0.0,24,17,0
CTACCAACTCCAGCAACACGGACATTAG,CCAACACAGGCTTCG,-0.04097860066874892,0.0,18,10,0
ACCGCACGGTCATTGGCACCCACAGATA,TCAAATGATGAGGAT,-0.06549084647204743,0.0,23,10,2
ACCCCAACAGCACTAACATAGGCAGG,CTTGATCAATCAAAA,,0.0,25,9,5
ATGTCATCCACAGTGGCAAAAGCATGTA,TCAAAACGGAGTGTT,0.017800065821462943,0.0,10,10,8
ATACCAAAGACACTCTCAAGGACAAATCA,TTTATAAATCAATAG,,0.0,7,18,7
GGTACAATCGCAGTGCAGGGGCATCGA,ACAACCTACCTGCTA,,0.0,6,13,8
GAATCACGGGCAGTCCCACTGGCATGCG,CGATGATGATGATGA,0.041871033485818554,0.0,1,15,12
GGATCACATCCAACGGCAGCGTCATCGG,GGTTGCCCAGAAGTA,0.011346213707705832,0.0,16,15,3
ACAGCATTCTCAGGGCCACAGGCATCTT,TTTTGCATTTAGGCG,,0.0,19,5,2
AGGGCAAAGACATCCGCAGGTACAATAA,ACAGTTGACGGACAG,0.051447289483584235,0.0,10,14,8
ACATCAGTACCACTGTCATTACCAGGGC,CTTGATGGCTGAAAG,,0.0,19,8,7
AGGACAAACCCATTGCCATAAACACTCG,AGTGTATGATAATAT,,0.0,9,8,1
TGCTCACCTTCACGCTCAATAACATTCA,GTACAAGAAATTTTG,,0.0,7,17,9
CGACCAAGTACAGCTGCAGAAACAGAAC,CTTGATGGCTGAAAG,0.04011442095288391,0.0,12,15,4
GAAGCACGTTCAGTAACATGGACACCCC,TGATCATCACGGGAC,,0.0,4,12,3
GGCGCACAATCACAACCAAGTACACTAG,CTTGATGGCTGAAAG,0.03450547428777959,0.0,11,13,4
ATCCCAGAGGCAGGGACACGCCCAAGTG,TCAAAACGGAGTGTT,,0.0,21,7,7
AGTTCATAACCATACCCATCGCCACAAC,TCAAATGATGAGGAT,,0.0,17,8,3
GTTGCAACCGCACTTGCACATACAGGGT,CTTGATCAATCAAAA,,0.0,14,5,5
ACATCAAGAACATGCGCAAGATCAAGAA,TTATATTTATTTGCT,,0.0,5,14,0
AGTCCAACATCAAGCGCAATTACAATGC,CTTGCAAGTGTAATT,,0.0,5,4,4
GACCCAATCGCATATGCAAGCACAAACC,CTATGCATTTACTCA,,0.0,6,15,6
ATAGCATTTCCACCCTCAAATTCATCAA,CTCGCTAATACTCCT,0.041916271503151754,0.0,11,14,1
CTGACAGAATTACATTCATCAGCAGTTA,TCAGAGCATTGGCCT,,0.0,10,9,4
TTAGCAACTACATAGCCACCCTCAGGCT,AGTGTATGATAATAT,,0.0,16,9,1
AAGGCAGTGACATCCTCACCAGCAATTG,CAATCTTGAATTGAT,,0.0,16,7,5
GTAACAGCTGCACAATCATCAGCACCGA,ACAACCTACCTGCTA,0.022210296821229703,0.0,13,3,10
CTTCCAGGTCCATGGACAGTGTCAAAGA,TTATATTTATTTGCT,-0.04198363425409912,0.0,20,11,1
GTGGCAATACCACGCGCATAGGCACACA,GCTAATTTCAAGAAT,,0.0,13,3,1
GTTGCAAAGCCACCGGCAGGAACAATAG,GTTGAACTGGTTGTT,,0.0,9,9,5
AACGCAGATCCAGGAACAAGATCATAAC,ACCACCGGTCCTGCC,,0.0,8,12,9
GTCACATAACCAACAACAAAGGCAAGAG,TCAAATGATGAGGAT,,0.0,8,11,0
TTGCCACTGGCACCATCAGGTGCACGAG,AAAAGCGACATTTCT,,0.0,6,11,0
ATTACATGCCCAAAGTCAACTGCAATCC,TTTATAAATCAATAG,,0.0,14,3,0
GTACCAGTGTCACACCCAACCCCAACTA,GCTAATTTCAAGAAT,,0.0,20,3,0
GGCACACAGCCAAGGTCATGCTCATAAT,GAGTGCTTCAAAGTT,,0.0,4,18,4
CAGCCAGTACCAACACCACTGGCAGGGA,CTTGATCAATCAAAA,,0.0,17,0,0
TCAGCAGTTTCAGCTGCACAGGCAAAAT,CTACTTACAACGGAA,,0.0,6,9,2
AGACCAAGAACATTAACAAAAACACCAG,CTCGCTAATACTCCT,0.04403649226821207,0.0,10,13,1
CACGCATTACCAACATCAAAGTCAACGA,GTACAAGAAATTTTG,0.010389268606090775,0.0,14,13,0
TCGCCAGTCCCAGAAACAGCCACAGTAC,CTTGATGGCTGAAAG,,0.0,17,6,0
GGGACACGGGCAGCAGCACTCTCAGGTC,ACAGTTGACGGACAG,,0.0,11,5,6
TTGGCATCAACACTATCACTCACAGGGA,TATATTGAACTTTAC,,0.0,6,5,10
TCCCCAGAGGCAGTTCCATCGCCAACAT,TTATATTTATTTGCT,,0.0,2,6,3
CATGCAGCCACATCACCAGCCGCACCTA,TCAACAACCTATGCA,,0.0,8,7,2
GCATCATGTTCACACTCACGAACAGAGT,TTTATAAATCAATAG,,0.0,8,3,8
TGATCAGGGGCACAATCATGTCCATGGT,ACAGTTGACGGACAG,,0.0,6,10,3
GCGACAAGCTCAGGGGCAGACACACACT,TCAAATGATGAGGAT,,0.0,11,6,5
TGACCATTCGCAATACCACTGACAAACA,GCAAGAAAGAAACCC,,0.0,13,5,1
GATACAACAGCAGGCGCATGTTCAGCAA,GAGTGCTTCAAAGTT,,0.0,16,5,1
ACACCAAACTCAAATACATTGGCACAAG,ATCGTTGGCATTTGG,,0.0,19,6,0
CATGCATCGTCATCCACAGTTGCAACAC,TCAAAACGGAGTGTT,0.0010946573551462897,0.0,13,11,0
GAGACAAAATCAAAGCACGGCCAGTTT,CGAACAGAAACACAA,,0.0,14,9,0
GAGTCACGAACAACGCCAACGCCACTGC,CTTGATCAATCAAAA,,0.0,6,5,1
ATTACAACAGCACTATCAGAAACAAGAG,TTTATAAATCAATAG,,0.0,9,7,0
GCTTCACTCCCAAGACCATGCCCAAGGG,CTAAGCAGTCTTCTC,,0.0,6,5,0
TGGCCAGTGTCACACACAAATTCAGCAA,TATATTGAACTTTAC,,0.0,6,6,1
GGCTCAGGGTCAAAGGCAAGGACATAGC,GCAAGAAAGAAACCC,,0.0,16,6,0
AGGGCAGCCTCATCACCAAGTGCAATTA,TCAACAACCTATGCA,,0.0,6,8,6
GATCCAGTGACAGTGACAGTAGCATTCC,GGTTGCCCAGAAGTA,,0.0,14,4,1
TATCCAAAGTCATAATCAGTCTCATAAA,ATGAAGTTCATAATG,,0.0,24,1,0
TCGTCAGCCACAAGCCCATGCTCAATGT,CTTGATCAATCAAAA,,0.0,9,11,2
TGTCCAGGCACAACTACAGACACACCGC,CGATGATGATGATGA,,0.0,8,10,0
TGTCCAGCACCAAGTCCAAGACCACCTG,CTTGATCAATCAAAA,,0.0,16,5,1
AGGGCATTGCCATGGTCAACTACAGGCC,CTTGATCAATCAAAA,,0.0,6,10,7
AGAGCACGTCCAGAAGCAGAGCCACCCC,TTTATAAATCAATAG,,0.0,2,5,6
GGTCCAAGGACATGTACACATGCACCCG,CTCTTGAGAATACTT,,0.0,18,0,0
AATTCAACCGCAGAGGCATACCCATGTG,CATTTATGGCTATCT,,0.0,9,6,5
GAGACAAGCACATTTTCACCATCACGGC,CCAGGATGTACCGCC,,0.0,13,3,0
GGGCCATATGCATCGGCATAGTCAGCGC,TTTATAAATCAATAG,,0.0,15,5,1
AACACATTTACAGGGACAACCACAAAGG,CAAGTTCGGCGAAAT,,0.0,6,6,1
GAAGCATTTGCAGAGTCACCGACATAAG,GCTGCTTATGAGGAT,,0.0,2,2,2
GGGGCATTATCATAAGCACGGGCAGGAG,TCAAATGATGAGGAT,,0.0,10,9,0
TGAACACAATCAGCAACAGCCCCACCCT,ACAGTTGACGGACAG,,0.0,9,6,0
CAACCAAAATCAATCTCACCGTCAACTG,GGTTGCCCAGAAGTA,,0.0,12,6,2
TCGGCAGTCACATCTGCAAAGCCAGAAC,TCTTGGAGGTGAATG,,0.0,4,4,2
GAGACAAGTGCAATCCCAGGCGCAATAA,ATGAAGTTCATAATG,0.008269047841030464,0.0,11,10,0
GGCGCACTATCAAGTACATCGTCACTAG,AGTGTATGATAATAT,,0.0,8,6,1
ATAACAGGACCAAGTGCACTGCCAACTG,TTATATTTATTTGCT,,0.0,13,0,0
ACAACAACCGCATAACCAGGTCCATGTG,CTAAGCAGTCTTCTC,,0.0,10,3,0
GATTCAAGGTCAACAGCATAGTCAGTCC,GTTAAATCAACAGTT,,0.0,19,1,0
AGTGCAAAACCAAGGACAAAGGCAAGTC,ATATTGAGTAAGTAC,,0.0,13,3,0
ACAACAGTGACACGCCCACTTACAGCCA,GAGTGCTTCAAAGTT,,0.0,4,8,1
TAGCCAGGGGCAATAACACGTTCAGATA,TATGCCCTTCTTCTG,,0.0,11,1,5
GGATCACGACCACCAACAAAGTCAGTCG,ACCACCGGTCCTGCC,,0.0,5,4,6
CGGTCAGAAGCAGCCCCAGTCGCAAAAC,ATGAAGTTCATAATG,,0.0,5,11,2
TTGGCATCAGCAGGCACAGGTGCAAGTG,TCAAAACGGAGTGTT,,0.0,3,9,0
ATAACAGTGTCATGATCATGTTCACTCC,TCGATAGAATTTACT,,0.0,8,7,3
CCTTCAGTAGCAAGCCCAATTACAACGT,TCAAAACGGAGTGTT,,0.0,12,7,1
CTAGCAGAATCAACTTCAAGCACACTTA,TTATATTTATTTGCT,,0.0,10,7,3
CGCCCATCATCAAGGCCAGCGACATATG,ATAGAGCGGCGTTGA,,0.0,2,4,3
GTCCCAGGCTCAGGCCCACTATCACCTG,CCAGGATGTACCGCC,,0.0,4,1,0
CCTCCAATATCAAATGCAAGAACACACA,CTAGTTGTATAGCCA,,0.0,12,2,0
GGACCAAACACATATCCAAACCCAACGC,GCTGCTTATGAGGAT,,0.0,14,2,0
CTCACAAGTACAAATCCATTGCCACATA,TCAAATGATGAGGAT,,0.0,5,6,1
GCCGCAAGCACAGTGTCATAAGCACTCC,CTTGATCAATCAAAA,,0.0,8,1,3
TTCACAGATTCACGGTCAGTTACAGAGA,GTAATCTGACTCTAG,,0.0,10,4,0
GCGGCACTGCCAAATCCAAACTCAAATC,CAAGTTCGGCGAAAT,,0.0,4,8,2
GGTACATTCGCACCCCCACAGGCACAAG,AGAAGACGACGATGA,,0.0,9,5,4
GCCACAAGCGCAGGACCACAGGCACTAC,TTAATTGCACTTATG,,0.0,13,5,0
ACAACAAAGGCACCTACACTAGCAGGCG,AGTGTTAATCAGACC,,0.0,14,3,2
GGGGCACAATCAACTTCAACAGCACCAT,GTTTAGCTTCCGTTG,,0.0,11,5,0
GACGCATCTGCAACGTCACAAACACGAG,CAATCTTGAATTGAT,,0.0,5,4,1
TGGGCATCGACATGGACAAGCCCAAAGC,GGTTGCCCAGAAGTA,,0.0,6,3,0
GATTCAGCGTCAAGAGCACTGACACGTC,TTTATAAATCAATAG,,0.0,7,4,6
CTCACATAGACACACTCAGTCCCAGCCT,GAGTGCTTCAAAGTT,,0.0,9,6,4
GACTCAATGTCACGTCCAGCGCCAGTCA,CTAAGCAGTCTTCTC,,0.0,8,5,2
ACAACAAGGACAAGGACATGTGCAGGTA,TATATTGAACTTTAC,,0.0,2,5,0
GGAACATGTGCAAGGCCATAGCCAAGAA,CATCACCGTGCTCAT,,0.0,1,5,4
TAGACAGGGCCATTGCCAAGGTCATCGC,TCAACAACCTATGCA,,0.0,7,4,4
CAGGCACAAGCAAACCCATGTTCATACA,GTTGAACTGGTTGTT,,0.0,12,3,0
TTAGCAACGCCAACAACAGGTTCACACG,AAAAGAAAAATGTAT,,0.0,11,6,0
CACACAGGGACACTAACAATACCATATA,CTATCAAGGCTTAAT,,0.0,11,0,0
TTGTCAAGGGCATAAGCACGATCATTTC,TCTTGGAGGTGAATG,,0.0,4,7,0
TGAGCAAAGTCAGATACACCCGCACGGT,CTAAGCAGTCTTCTC,,0.0,9,2,0
CGCACAGGTGCAAACCCATTGCCAGATC,CTCGCTAATACTCCT,,0.0,5,2,2
CGCGCATATACAAATACAGAAACAATAA,ACAGTTGACGGACAG,,0.0,8,0,0
GGAACAGGTTCAGTAGCATGATCAGTGC,ATGAAGTTCATAATG,,0.0,1,1,4
ACAACATTAACACGGCCATGCGCAGCGC,TTTATAAATCAATAG,,0.0,7,5,1
ACAGCAATGCCATGCGCAGACTCACAAT,ACAACCTACCTGCTA,,0.0,4,5,4
AACGCAAGGGCAGTCCCACACGCAGAGT,CTTGATCAATCAAAA,,0.0,6,3,4
GTGTCAAAGACAATCCCATAAGCAGCTG,GCTAATTTCAAGAAT,,0.0,5,0,0
GCTGCAAAAACAACCACATCAACATCCC,GAGTGCTTCAAAGTT,,0.0,6,7,2
GCGGCAATAGCAATAACACCTACAGCAA,TTTTGCATTTAGGCG,,0.0,6,7,2
CCAGCAAGTACATCAGCATAACCAGAAG,GAGTGCTTCAAAGTT,,0.0,1,5,3
CGCGCAAAGGCAAGGTCACCGTCATTAT,TCAAATGATGAGGAT,,0.0,6,2,1
GTTTCAGGGTCATAGTCACGCCCACGTC,GTTAAATCAACAGTT,,0.0,9,2,0
GTTTCAATTACAGGGTCACTGCCAGGTG,GCAAGAAAGAAACCC,,0.0,12,1,0
TATGCAGGCCCAAACACAGCGACATGCC,GTAATCTGACTCTAG,,0.0,6,4,0
GGACCATAATCAGGCGCACGGCCATAAC,CTTGATGGCTGAAAG,,0.0,6,2,2
AAGGCATTCTCAGTTGCATGTGCATGGT,AGTGTATGATAATAT,,0.0,10,1,0
ATTGCATCACCAACGTCATAACCACCCA,CTCGCTAATACTCCT,,0.0,4,5,0
AATCCATTACCAAGAGCACAAGCATGCG,ACAGTTGACGGACAG,,0.0,2,2,0
GTATCAAGAACAAGATCACGAACATTCA,TTTATAAATCAATAG,,0.0,6,2,0
CCCTCAAAAGCACGGGCACTGACATATG,TGATCATCACGGGAC,,0.0,6,4,0
GTACCATACGCAGTGACAATAACATCC,TCAAATGATGAGGAT,,0.0,8,1,0
GGGCCATGTGCACAACCATAAGCATTAA,CTTGATCAATCAAAA,,0.0,6,4,3
TTCTCACGTGCAGGTGCAAACTCAAAGG,GTTGGCAACTAATCT,,0.0,3,7,1
GGCGCACCTGCAAGGCCAGAATCAGCTG,CTTGCAAGTGTAATT,,0.0,2,4,1
AGCCCAAAGTCACCCACATTTGCAGGGT,TTATATTTATTTGCT,,0.0,4,0,0
GTTTCAATTACAGGAGCACCAACACATG,GGTGGAAGTAGCAGT,,0.0,4,1,0
CTATCAGCGGCATGCACAGGACCAATTT,CCAAGACCGTGTAAA,,0.0,2,4,4
GAATCAAAGCCACTTACAACCACAAGAA,TATGCCCTTCTTCTG,,0.0,6,0,0
CACAACTACTCAGGTGCAGCGCCAGATA,TTTATAAATCAATAG,,0.0,2,2,0
AACCCACTCGCAGCAGCATTCACACGAG,AGAAGACGACGATGA,,0.0,4,6,0
TAGTCAAAAGCACCAGCATCAACAGATA,TTTTGCATTTAGGCG,,0.0,6,4,0
TATTCAGTGACATGAGCATCGACAAGAG,TATGCCCTTCTTCTG,,0.0,5,4,4
TAATCACGATCAGTAGCAAGCCCAACGC,GTTTAGCTTCCGTTG,,0.0,2,0,0
GGCTCACTGACATAGCCACCAACAACAA,CTTGATCAATCAAAA,,0.0,4,4,2
GTTCCAGCCACAACAGCATTCCCACAAT,TTTAACTCACCGTAA,,0.0,7,0,0
GATGCATAAGCATGGGCACGTTCAACTA,CTAAGCAGTCTTCTC,,0.0,6,0,0
GGGTCACATTCAGCTACACTAGCAGTCA,CTTGATCAATCAAAA,,0.0,7,3,0
GCACCACGTACACTAGCACGTGCAATGT,GTAATCTGACTCTAG,,0.0,8,0,3
CATTCAGCAACAGGTGCAGCTCCACGGT,CATTTATGGCTATCT,,0.0,10,1,0
GAGCCAGCCGCACTAGCATAATCAGAAC,TCAAATGATGAGGAT,,0.0,9,2,0
TCGGCACGGGCAACCTCATCTACATCGC,CTTGATGGCTGAAAG,,0.0,4,6,0
AGCACATACGCAGTGGCACTAACACCTA,ACAAGTTTTACAGTT,,0.0,5,2,1
CAGTCAACCGCAGGGTCACCCTCAAGCC,CTATCAAGGCTTAAT,,0.0,9,2,0
TAATCATGATCACTGACAACATCAACGC,CTAAGCAGTCTTCTC,,0.0,10,2,0
TTCGCATGCTCATAAGCAACACCAAGCC,CGAACAGAAACACAA,,0.0,10,2,0
CGCATTCTCAACGACAGTTGCAAAAG,CGTCAAGACCTTCTA,,0.0,10,2,0
GACACAACAGCAAAGACACTGCCACGAA,GTTGAACTGGTTGTT,,0.0,8,3,1
GGCTCAAAACCAGCACCACTAGCAGTGG,GGTTGCCCAGAAGTA,,0.0,1,7,3
ATGACACCGACACGGGCATCATCAAATG,CGTCAAGACCTTCTA,,0.0,3,2,3
TAGGCAGCGGCAGAGACACACGCAATTC,GAGTGCTTCAAAGTT,,0.0,7,0,0
GTAACAACAACAAGGGCAGATGCAGCAT,TTAATTAGAGGTATG,,0.0,3,0,0
CCGGCAATGGCACGCCCACTGTCAAACC,TTATATTTATTTGCT,,0.0,2,1,0
GGACCACGGTCATTTTCAACCCCAAAGT,TATGCCCTTCTTCTG,,0.0,8,0,0
AGGACAATAGCATTGCCATCGGCACAGG,CTTGATCAATCAAAA,,0.0,2,0,0
CACCCACCCGCAGTGACATATGCACTTC,GCTAATTTCAAGAAT,,0.0,5,3,0
AAGCCACTACCACGGCCATCATCAAGGA,TCAAAGCATGAAAAA,,0.0,3,4,1
GCTACAAGATCATAGACACAAACATCCA,TTTTGCATTTAGGCG,,0.0,7,1,0
CAATCATTGCCAGTATCAAGTGCAAGCT,TCAAATGATGAGGAT,,0.0,1,10,0
TCCTCACGACCAGGTTCAATGTCACGCT,ATTATCATCGCCATC,,0.0,2,3,0
GTAACAATGGCAGCTACAACATCAATAG,ACAGTTGACGGACAG,,0.0,2,0,0
GGTGCATTAGCAAACTCAGAGTCAAGGG,GCTGCTTATGAGGAT,,0.0,2,1,1
GGAACATATCCAGCGCCAGTAGCAAGAG,TCAAAGCATGAAAAA,,0.0,3,3,0
CTGTCACCTACACATCCATGTGCAAATG,CCAACACAGGCTTCG,,0.0,2,2,0
AAACCAGAAACAACAACAAAATCAGGCA,CATCACCGTGCTCAT,,0.0,3,1,0
ATGCCATACTCATGGCCAGAAGCAGCTA,CTAAGCAGTCTTCTC,,0.0,5,4,0
GATGCAGTCGCACAAGCAAAAGCACCGA,TCAAATGATGAGGAT,,0.0,5,4,0
GGAACACTATCATGAGCAGTCCCAATCG,CATTTATGGCTATCT,,0.0,5,1,0
AAACCAATAGCACATTCATATACACATC,CAAGGATCCCCGTAG,,0.0,4,1,0
CAATCATCTCCACAGGCAACCACACGAC,CTTGATCAATCAAAA,,0.0,4,1,0
CCACCAACAGCAACCCCAAGATCACTAC,ACAAGTTTTACAGTT,,0.0,3,3,1
AAGGCAAAGCCAGTGGCAGATGCATAAA,CTATCAAGGCTTAAT,,0.0,1,5,0
GCTACAACTTCACGATCAACGGCAGGCA,CGAACAGAAACACAA,,0.0,0,2,2
CAGGCAATACCAGGAGCACCCTCAATAA,CTACTTACAACGGAA,,0.0,6,0,0
GTGTCATGTGCAGCCGCAGCCGCAAATC,GCTGCTTATGAGGAT,,0.0,1,0,0
CCTACACAGACAGGTACAGTTACAGCTT,GCTAATTTCAAGAAT,,0.0,3,1,0
AGGACAAACACAAGTTCACGTCCAATGA,ACAAGTTTTACAGTT,,0.0,3,1,2
TAAGCAATTGCACGATCACGACCAGGTT,CAAGGATCCCCGTAG,,0.0,2,0,0
GGACCAAAGCCATATCCAAGATCAAGCG,CTTTCTTGTGTATTT,,0.0,2,0,0
AGAACAACTCCAGCACCAGTTACATAGC,CTCTTGAGAATACTT,,0.0,3,1,0
TGGACAAAAGCATCCTCATACACAAGGT,CTATCAAGGCTTAAT,,0.0,5,1,1
GTGTCAACTGCATATGCAACTCCAAAGG,TCAAAACGGAGTGTT,,0.0,1,5,0
AAATCAGATACACTGCCAATCCCACGGC,CCAACACAGGCTTCG,,0.0,5,3,0
AACGCATGCACACATCCAGTGGCAAAAT,TTAGTCTTTCCATCA,,0.0,3,5,0
TGCACAGTCGCACGATCAAACACAAAGT,TGATCATCACGGGAC,,0.0,2,1,0
GGTCCAGCGGCATAAACATGTTCAGGAG,AGAACATCATCTACA,,0.0,3,1,0
GTTCCAACCGCAGGTCCATCTTCAAGGA,TCAAAGCATGAAAAA,,0.0,0,1,1
TACACAGTGTCACAGGCAACCGCAAACA,GTTAAATCAACAGTT,,0.0,4,0,0
GGCGCAAACGCAGAAGCACCAACACATA,CTAAGCAGTCTTCTC,,0.0,4,0,0
AGGACAACAGCAGGCGCATTAGCAATAA,GTTGAACTGGTTGTT,,0.0,3,0,0
GAGGCACCAACACGGTCATCAACACCTC,CTATGCATTTACTCA,,0.0,2,0,0
TGAGCATGGTCAACAACATGTCCAAGGT,ACAAGTTTTACAGTT,,0.0,6,0,0
AGCGCAGCGGCATCTGCACCAACAACGG,ACAACCTACCTGCTA,,0.0,5,0,0
GTCACAGACGCACCGCCACTGCCAATTC,CCAACACAGGCTTCG,,0.0,2,1,1
ACCTCATACACATCGTCACTTTCAATCG,GCTAATTTCAAGAAT,,0.0,4,2,0
TTCACAAGGACAATCGCAGCAGCAACTA,ACCACCGGTCCTGCC,,0.0,1,1,1
GAATCATATCCAGTGCCATCCTCAGTCA,AGTGTTAATCAGACC,,0.0,4,1,1
ATCACACTTCCAAGGACATCCCCATTAC,CTATCAAGGCTTAAT,,0.0,3,4,0
CATACATTAGCAGTTACAAATGCAGCCC,ATGGCGATGGTCTTG,,0.0,7,0,0
TCCACATGACCAGCCTCACAACCATGGA,TTAGTCTTTCCATCA,,0.0,6,1,0
CCAACATGGGCAATGTCATAAACAAGTC,CGTCAAGACCTTCTA,,0.0,0,5,2
GGAACATGAGCAAGATCATGTCCACATA,CTTGATCAATCAAAA,,0.0,4,0,0
TGTGCAGGCACATGAGCAGATGCAGGCC,AAAAGCGACATTTCT,,0.0,2,0,1
GAAACAGGTCCAGGCGCATGAGCAAGAT,GTTGAACTGGTTGTT,,0.0,3,0,0
TAAACAGTCTCAAATACACCAGCAATCA,CGAATGCCATACAAA,,0.0,3,0,1
GCAGCAAGTCCATAACCAATTACAGAGA,CTCTTGAGAATACTT,,0.0,3,0,0
AGCGCAACTTCATACTCAACAGCAATTG,GTTAAATCAACAGTT,,0.0,2,0,0
AAGACATCCTCATGAGCAAGAGCACGTC,TCAAATGATGAGGAT,,0.0,5,1,0
CTACCATCTCCATGGTCATCTGCACGAC,CTAGTTGTATAGCCA,,0.0,6,0,0
AAGACAAGATCACGTGCAAGGACATTGA,TTAATTAGAGGTATG,,0.0,3,0,0
GCTACATCAACAGCGGCACTAGCATGAT,TAGACGGACATCTTC,,0.0,3,0,0
GTGGCATCGCCAAACGCAGTCTCAGAAG,CTTGATCAATCAAAA,,0.0,2,1,0
ATGTCAAGATCAACGACAGCCACACCCT,CCAGGATGTACCGCC,,0.0,1,0,0
GTCACAGATCCATTGGCACTCGCACTGA,GTTGAACTGGTTGTT,,0.0,2,0,0
AGAACAAGTGCATATTCAGCTTCAGGGT,CTAGTTGTATAGCCA,,0.0,1,0,0
TATACAATCACATGATCAACACCAGCGG,AGAAGACGACGATGA,,0.0,0,2,1
GGCACAAAGACATTAGCATGTGCATGCT,GTGTGATTACTAAAT,,0.0,1,1,0
TCTGCAGCCTCAGCAACACGTCCACGAT,TGATCATCACGGGAC,,0.0,4,0,0
GTTGCAGCCGCAACAACATGTACACGGA,GCAAGAAAGAAACCC,,0.0,2,0,0
TGCTCAACACCAACGTCAAGGGCATATA,ATTATCATCGCCATC,,0.0,1,0,0
GCATCAGTATCATTGCCATATGCAGGCT,TATATTGAACTTTAC,,0.0,2,0,0
AACCCAGAGTCATTGCCATTCACACTGA,GTTGGGCGCTTAAAG,,0.0,1,1,0
CGAGCAGTCACAGAACCATTGGCACGGT,CATCAATGAGGCAGT,,0.0,1,1,0
GGCACACTGCCAGCCGCAAGTTCAAGTT,GTTAAATCAACAGTT,,0.0,1,0,0
GGTGCAGAGGCACGTCCATCCGCAAAAG,CTAAGCAGTCTTCTC,,0.0,1,0,0
CAGGCAGCTTCAGTGTCAGTACCATCGG,CTCTTGAGAATACTT,,0.0,2,0,0
AACACACAAACAATGACAATCCCACCGT,GCAAGAAAGAAACCC,,0.0,3,0,0
GTGCCATCTACATCGCCAAACCCATTTC,GTTAAATCAACAGTT,,0.0,1,1,0
GTGGCAGGTTCAGGGGCATTCACAATGC,TAATATTGTTTTGCG,,0.0,3,0,0
CAACCAGGCTCATTACCACACACAGTTA,CATCAATGAGGCAGT,,0.0,1,1,0
TATGCACCTGCACAATCAGGATCACCAC,TCATAGGTATCTCGC,,0.0,1,0,0
TATCCAGCCTCACCGCCAAAAGCAGCCG,GAGAATGAAGGACAG,,0.0,2,0,0
ACCACAAATCCAATCCCACAACCACATG,CTCGCTAATACTCCT,,0.0,1,0,0
TTACCAGCTACAGTCTCAGGAGCAATGA,CCAGGATGTACCGCC,,0.0,1,0,0
CAGACAAGGTCACTCCCAAGAACATGAA,AAAACATTATCAAAG,,0.0,1,0,0
GCATCATGGGCAGTCTCATTAACACCGC,GAGAATGAAGGACAG,,0.0,2,0,0
GGGCCAACCTCACTATCAGTAACAACGC,ATCGTTGGCATTTGG,,0.0,2,0,0
ACGTCATGCTCAAATACAGCATCATGGC,AAAACATTATCAAAG,,0.0,1,0,0
TATGCAGGGCCACACTCAGTAACAGAGA,TCATAGGTATCTCGC,,0.0,2,0,0
GACACAAACACAGAGGCATGCTCAATGA,TAGACGGACATCTTC,,0.0,3,0,0
AATCCAGGTACATGTTCAGGGTCATCAG,CTTGATCAATCAAAA,,0.0,3,0,0
AATACATTAGCATCCCCAGGAGCAACGG,GCCCTCGAAACCTAT,,0.0,2,0,1
ATGGCAGAGACACTCCCAGTCGCAAAAA,TCGATAGAATTTACT,,0.0,3,0,0
TAAGCAACTGCACAACCACGAACAAAGT,ATAGAGCGGCGTTGA,,0.0,1,0,0
TTAACTGTCCACTCCCAAAGACACGCT,TATATTGAACTTTAC,,0.0,0,1,0
CCATCAGTCCCAGGAGCAAATTCACCC,TCAAAACGGAGTGTT,,0.0,1,0,0
CAGCCACGGACACTGCCAGCGGCAGTTC,TACACCAATTACACT,,0.0,1,0,0
TCACCAGGCACATCTTCAGTCACAAACA,GAGAATGAAGGACAG,,0.0,1,0,0
GAGTCAGGCTCAAGCACAACGTCATCGC,TATATTGAACTTTAC,,0.0,2,0,0
TATCCAGTGGCAGCCTCAACCGCAGATA,GTTTAGCTTCCGTTG,,0.0,2,0,0
CTTACACACGCAATGACAAACCCAAGTT,ATTAATACTTTGCAG,,0.0,1,0,0
AACGCATCTGCAGACACACCATCATAGA,CATCAATGAGGCAGT,,0.0,1,0,0
AAGGCAGCGACATCCTCATTACCAATCC,ATCGTTGGCATTTGG,,0.0,1,0,0
AGGACACTGTCAGAGACAGAAGCAAGAG,AGATTCATCCCATGG,,0.0,1,0,0
TCCCAACATCACGCCCACTTTCACCAG,CGAACAGAAACACAA,,0.0,1,0,0
TTCCCAGGTCCATCCTCAAAGTCAACTC,TCTTGGAGGTGAATG,,0.0,1,0,0
