BC,Edge,s,LL.ratio,TP1-2-T1,TP1-2-T2,TP1-2-T3,TP1-2-T4
AGGCCAGGGGCATAACCAGTTTCATTGG,TTTATAAATCAATAG,-0.008576618778318723,0.0,3736,3633,1637,1324
TGTGCAATGTCACCCACACCAGCATTGA,TTTATAAATCAATAG,0.0044247190418753,0.0,3028,3175,2351,1585
GCATCATCTGCAGAACCATGGTCAACCA,CCAGGATGTACCGCC,0.0002592854840075985,0.0,3299,3468,2009,1524
ACTTCAATATCACGGCCACGAACAGGCC,CTACTTACAACGGAA,0.006317413286236857,65.16142659100115,2767,3110,1886,1533
GCCCCAGAAGCATCCGCAAGTGCATACA,ACAGTTGACGGACAG,0.000917457073353904,0.0,2931,3011,1652,1381
GGGCCAGTCGCACACCCAGCATCAAGAT,ACAGTTGACGGACAG,-0.000455499705765735,0.0,2665,2961,1535,1205
CGTGCACAAGCAACCACAACGCCATCAC,TTATATTTATTTGCT,-0.010917032651660377,0.0,2579,2647,1139,852
AGCGCATCGGCACACTCAGGCGCAAGCA,TATATTGAACTTTAC,-0.0010393390176866321,0.0,2424,2435,1331,1077
ACGGCAGTGACATCCCCAGCAGCAATGG,GTCACCGGCACTAAC,0.014264913958153805,0.0,1843,1925,1544,1296
TCCCAGTGCAGGGTCACTGGCACGTG,CTCGCTAATACTCCT,0.0018274668130257238,0.0,2185,2083,1234,1058
CCTCCAGCAGCATGTGCAACCCCAATAT,AGTGTATGATAATAT,-0.010997881658314399,0.0,2297,2298,984,757
AAATCACCGCCACTTGCAAGGTCATAAT,TCTTGGAGGTGAATG,-0.0133233015567708,0.0,1360,1318,570,418
AGGTCAGAGGCAACCCCATCAACAGTGA,CTACTTACAACGGAA,-0.0036583451707446514,0.0,1826,2067,885,750
GATGCAGTCGCAGATGCATAAACATAGG,ACAGTTGACGGACAG,-0.009430716317323165,0.0,1213,1281,585,419
TAGACAAATCCAAGGCCATTGCAATTC,ACAGTTGACGGACAG,-0.0022692781378236934,0.0,1588,1706,836,680
GGGGCATGTCCAAAACCACGTCCAAAAG,ACAGTTGACGGACAG,-0.005596250165787294,0.0,1396,1602,720,541
CGACCAGTGCCAATATCAGTTCCAAGTG,CCAGGATGTACCGCC,-0.016790340722133836,44.81860163517922,1130,1157,447,313
GAGCCACGATCAAGCACAGCGCCAGCTT,AGAAGACGACGATGA,-0.033764307539352244,23.567848894311282,1628,1262,415,271
GTCACATGCACAGGTACACTCTCACTAT,ACAACCTACCTGCTA,0.010754488415444732,0.0,869,896,668,550
AAACCAAGTCCAGGCACAGAAACACACT,CGAACAGAAACACAA,-0.026842003449433143,7.931080638100411,1147,982,372,235
AATCCATATCCAAAAACACGAGCAAGTA,TTTATAAATCAATAG,-0.01089995951064345,0.0,1189,1174,530,393
CTGGCATGAGCACTCTCATAAGCATATG,GTTGGGCGCTTAAAG,-0.008458742788333971,60.88288010167889,1240,1379,543,441
GGAACAAATACACACCCATGGCCAGAAG,TTTATAAATCAATAG,-0.003914731761718838,0.0,1239,1116,641,505
CACTCAGGCTCACGGACATCCACAAAGC,CTACTTACAACGGAA,-0.01132420728652835,0.0,1241,1422,430,405
GTAGCATGGGCATGCTCACGAGCAATGA,TTTATAAATCAATAG,0.005412836879180284,14.60887848848688,1046,1239,696,564
AGGCCAAGGCCAGGCTCAGGGTCACGTG,TGATCATCACGGGAC,-0.022098588017093676,0.0,1215,1242,465,287
GGTACAGGAACAAATGCACATACAACTG,GTTGGGCGCTTAAAG,0.011961534480863782,0.0,1024,1002,811,672
GAGACACGAGCACTACCATCCGCATGAT,AGTGTTAATCAGACC,0.000547846689427533,108.64099241423378,867,771,540,404
ACAACAAGATCACGAACAATTACATAGG,CGATGATGATGATGA,-0.007468247945961792,0.0,1130,1208,579,414
GTCCCAGGCACACCGACAGTATCACTCA,TTAGTCTTTCCATCA,0.005987801966416455,65.20136713112242,844,782,603,463
GGATCAGGTCCATTTACAGGCACAGAGG,TCTTGGAGGTGAATG,-0.01681507224359103,0.0,1232,1022,519,341
TCTACAGAATCACTGACATGGTCACAGA,TTAGTCTTTCCATCA,-0.012870364672572786,0.0,995,989,404,310
TCTACAAGGACAAACTCATTCCCAAACT,ACAGTTGACGGACAG,-0.009679397073306511,0.0,1085,1177,477,372
GAAACAAGGCCAGAGTCAGTGGCAGGAA,TTTATAAATCAATAG,-0.005291603055209038,0.0,1033,1060,559,404
CTAACAAGGACAGGCTCACAATCAAGTG,TTTATAAATCAATAG,-0.009434501236996075,0.0,1051,1056,503,363
GTGCCAGCAACAGATACATTTACAGTTG,TATGCCCTTCTTCTG,0.004978989129200636,0.0,962,865,657,512
GCGTCACAAACATGGTCACCTGCAGCGG,TTTATAAATCAATAG,0.0015723996764252558,0.0,924,874,610,444
CACCCAAAAACATGCCCACTCGCACCTA,TTTATAAATCAATAG,-0.010208920745710484,0.0,809,717,348,273
GTATCATCCACAATGGCAGGTGCACAGG,TTATATTTATTTGCT,-0.007412754694691514,0.0,951,766,526,349
GTCGCAAGGCCAGTGTCATCTCCAGTCA,AGAAGACGACGATGA,-0.016508545121854113,0.0,852,750,300,238
TCAACAGTCGCAGGTTCAACGTCAGTAA,TGATCATCACGGGAC,-0.012710616157189313,0.0,789,758,319,247
AGTTCATAGACACTGTCAGCATCAAGGC,TTTATAAATCAATAG,-0.005293850087666474,0.0,918,905,427,359
AACGCATCCTCAATGGCACATACACATG,ACAGTTGACGGACAG,0.022996946750264008,109.67333315587166,522,587,541,477
TCGCCAATAACAGGTCCATCAGCAATCC,TATATTGAACTTTAC,-0.006132962397572653,0.0,847,900,397,323
TGCTCAAGAACATAGGCACTTACAGCAG,AGTGTATGATAATAT,0.0006107449449050791,0.0,709,900,407,331
GGACCATCGACACCCACAATCCCAACTT,TTTAACTCACCGTAA,-0.037280364149384494,0.0,741,620,225,111
GGCTCATGAACAAGTCCAAATTCAGTGT,CGATGATGATGATGA,-0.000711219443047432,0.0,809,751,419,363
AGCACACCGACATAGGCACATTCAGGCT,ACAGTTGACGGACAG,0.007804751864165206,20.3527237394228,580,644,433,336
AACTCAGATGCAAGGGCACTAACATCAA,TATATTGAACTTTAC,0.010628413612860606,13.62271335940477,498,602,360,314
TATACACGTACAAGGGCAAAGGCAGTTG,TTTATAAATCAATAG,-0.0055993310228839325,0.0,400,383,207,155
CAAACAGCTACACTGACAACTACATCGC,TTTATAAATCAATAG,-0.004848667960318635,0.0,762,728,404,302
CGACCAGCCTCATCTGCACCACCATCGA,ACAGTTGACGGACAG,-0.0009417638057344158,0.0,763,698,401,340
ACTTCAGCCACAAATGCACGAACAGGGT,TTTATAAATCAATAG,0.002337694732675643,0.0,661,665,432,325
ACAGCAGCTGCAAGTGCAGAAACAACGT,ACAGTTGACGGACAG,-0.015559426286114097,0.0,842,824,236,242
AGGTCAACATCAAACTCACTTTCACCGC,ACAAGTTTTACAGTT,-0.03564136414688951,0.0,769,578,219,121
GCTGCAGGTGCAGCAACACCAGCAGACT,TCAAAACGGAGTGTT,-0.022364682703100144,0.0,798,649,218,187
ACCACATACTCAACTCCAGTCCCAAACG,TGATCATCACGGGAC,-0.011734290612076079,0.0,729,605,298,235
ATTGCATGAGCAGAAACATGAGCATAAT,TTTAACTCACCGTAA,-0.037472598438417604,0.0,752,661,256,112
GTACCATTGCCAGTATCATGCGCACTAG,CCAGGATGTACCGCC,0.0023834564529808876,0.0,654,569,421,322
ACACCAATGACAGTTCCAATCCCAGCGA,TTATATTTATTTGCT,-0.0017252725199028865,0.0,641,564,329,279
CGTGCATCTCCATGATCAGTACCAGGGC,TCGATAGAATTTACT,-0.011051332823090091,0.0,620,583,251,204
GTACCACACCCACCGTCAGTCGCAAATT,TCAGAGCATTGGCCT,-0.008943031812833447,0.0,582,647,293,204
GGTTCAGTGCCATGTTCATGTGAGCCA,CGAATGCCATACAAA,0.006979116260418266,0.0,545,466,396,308
TATGCAGGATCAAGGACATTTTCATACT,ACAGTTGACGGACAG,-0.01173335744111442,0.0,608,645,269,196
GTTGCAATAACACGTCCAATGGCAAGCG,TTTTGCATTTAGGCG,-0.007981784712140378,0.0,571,564,229,206
AGTACAAGGTCATGAACAACACCACCTC,CATTGTCGGACGCTT,0.0009055348628914514,0.0,569,488,337,268
AGACCAGCGACAGGAGCAACTACAGGAC,CGAACAGAAACACAA,-0.05225097695362526,1.6633084628165307,659,540,119,63
AGTGCAAAGCCAACAACAATTACACACA,AGTGTTAATCAGACC,-0.13128939095121375,7.956850465877096,490,92,20,3
ACCCCATACCCATGTTCAGATGCAGCCA,GAGTGCTTCAAAGTT,-0.008002705790813221,36.50025030341567,588,458,305,212
ACCTCAATATCAGCTGCATAGCACATAGC,ATTATCAAGTGCCAG,-0.019808622352365232,0.0,581,506,233,147
CATGCATCAGCAATATCACCGGCACGCC,TTAATTAGAGGTATG,-0.015006281554183864,0.0,527,504,233,154
TGTGCATAGTCACATCCAAGCCCAACGC,TTTATAAATCAATAG,-0.019212729948933065,28.51373148620314,660,630,206,170
GCATCAGGACCAAGGGCAAATTCAGGGA,TTAGTCTTTCCATCA,-0.023811583074745835,0.0,566,540,218,127
GGAGCACGGACACCAGCACGTCCAAAGT,TTTATAAATCAATAG,-0.01804256551143005,22.129617485204108,596,587,197,159
CACGCATCGTACAGCACCACAGTCACGAG,ATGAAGTTCATAATG,-0.020048211496195855,0.0,625,438,215,157
CTCGCAAAAACACCAGCAAAGACACTAC,ACAGTTGACGGACAG,-0.01632101254935782,18.160792434819996,566,622,178,159
AACACACCGACAAAGGCACCAACACCTC,AGTGTTAATCAGACC,-0.033082286926598314,43.09133107704508,618,458,189,105
AAAACACGAACAGCTTCAATGCCAACCC,AGTGTTAATCAGACC,-0.10675824512879016,0.18521779491101142,270,94,18,2
GAAGCACGGACAGTACCAATCGCACGTT,CTCTTGAGAATACTT,0.004543502475728308,63.01780223025844,474,551,277,249
TACTCAGGACCATCGACATGGACATCGA,GTTGAACTGGTTGTT,-0.01589654490843954,0.0,478,452,196,136
TGAGCAACGGCAATTCCAAGGGCAATCG,GAGTGCTTCAAAGTT,-0.03647063053804193,0.0,632,443,141,97
AGTTCAAGGACACATACAAGTACAAAGT,TCAAAACGGAGTGTT,-0.015658114245489123,0.0,506,522,223,145
AGGGCATCATCAATAGCAGCCTCAAAAG,TTATATTTATTTGCT,-0.017224323924988027,4.636951644200963,267,256,91,73
GCAGCATATGCAAGGTCAACCCCAATCA,AGAAGACGACGATGA,-0.029408063416298355,0.0,369,330,116,70
CAATCATGGGCATCACCACCTTCACAGG,ACAGTTGACGGACAG,-0.0068125320028745925,0.0,463,484,278,173
GCGTCACAATCAGTGTCAACGCCAAGTA,CTACTTACAACGGAA,-0.03523492632347658,33.763856849350304,609,502,183,97
CAGCCATAGCCAGACACACAATCATCCG,TATATTGAACTTTAC,-0.001803036284031705,0.0,403,331,215,175
CTATCAACCGCAGGTACATCGACATGTA,TTTATAAATCAATAG,-0.0410790443964886,69.73257462263973,606,510,170,81
TAAGCAGAGCCATTGGCACATACATAGT,TCAAAACGGAGTGTT,-0.009495095690668325,0.0,496,476,187,171
TTTGCAGGACCATCGTCAACGCCAACAG,GAGTGCTTCAAAGTT,-0.04232605241337758,1.7281792969156413,466,414,110,60
CTTTCACAGACACTCCCAAATCCATGGT,TTTATAAATCAATAG,-0.012217620701425541,0.0,491,530,152,156
AGAACACCGCCATAGCCACACACATGGT,TTTATAAATCAATAG,-0.0013066380273531132,0.0,422,427,229,186
TATGCAAGGGCAAGAGCAAGGACACTAA,GGTTGCCCAGAAGTA,-0.02156856187126426,0.0,400,389,132,96
GTAGCACATTCAGCTCCACGGGCAGTGG,ACAACCTACCTGCTA,0.005380984670991307,0.0,349,398,265,188
AGGACATGCACAAGCCCAAGAGCAGTAC,ATGGCGATGGTCTTG,0.010335195675216074,0.0,240,250,176,150
TGCTCACGCTCATCCCCACATGCAATAG,TGATCATCACGGGAC,-0.004463431420411545,0.0,429,406,238,172
AGTACAACTCCAAGTACAAGGGCATGGT,CAAGTTCGGCGAAAT,-0.16293955304311486,0.24637347310567748,267,54,3,1
AATACAGCGTCAAGTTCAAAAACACATG,CGAACAGAAACACAA,-0.039080747157211,0.0,458,372,94,65
CTGACAAGTACAAACCCATGACCACGGC,AGAAGACGACGATGA,-0.03270931243417084,7.971080351152068,518,427,141,89
GAACCAAACCCACCCACACACTCAGCAC,TATGCCCTTCTTCTG,0.01128394449734147,0.0,381,364,297,245
CCTTCAGATCCATATGCACCTGCACGCG,GAGTGCTTCAAAGTT,-0.019795452327170882,0.0,482,390,155,122
AACACATGTCCACAGTCACGCCCAGGTA,TTTAACTCACCGTAA,-0.004500612531557585,42.75718481897684,412,319,237,165
AAAACAGGGGCAAGAGCATCAACACAAT,CTTGATCAATCAAAA,-0.026170469140688515,0.0,464,387,129,97
CACTCAAATTCACTAACAACCCCAGCGC,AGTGTATGATAATAT,-0.02727761922484327,20.035968502550986,450,518,138,91
ACGCCATGCACAAGATCATTGACAAGAG,TGATCATCACGGGAC,0.002271668082891646,13.432061455949224,269,281,168,132
TAAACAGGCTCAAGATCACTGTCATCGT,TCTTGGAGGTGAATG,-0.0240215070931806,2.2435691264990965,444,431,171,99
AGATCAGGGACACCCTCACGCGCAGTTC,AGAAGACGACGATGA,-0.02169585474134313,0.0,481,384,168,115
GAAACAGACGCACACGCAAATTCACAAG,CTAGTTGTATAGCCA,0.020005799916871476,0.0,328,373,311,274
AACGCAGGATCATTGTCATGCCCAGCTC,AAAAGAAAAATGTAT,0.0036960503018422714,0.0,371,399,238,190
TGCACACGGACAGCGTCATAGGCAATCT,TATATTGAACTTTAC,-0.015205805568064674,10.5093073273365,210,268,53,61
ATCTCACGGACACGTGCAAAAGCATCTA,AGTGTATGATAATAT,-0.002883129139791023,0.0,402,418,202,169
GCCCCACTCCCAGAACCAACTACAGTTG,GAACTCAGGTTCCAT,-0.021051755653398747,0.0,160,146,45,39
CGACCAGCCCCACGTCCAGTAACAAATA,AGTGTATGATAATAT,-0.0008613387841798515,0.0,347,412,218,155
AATACAGTGGCAGTACCAATGTCACCGC,AAAAGCGACATTTCT,-0.008592263269892325,0.0,367,324,221,130
GTTCCAACTGCATCTGCACTTTCAGGAG,CAATCTTGAATTGAT,-0.06836470879099611,0.0,174,75,25,8
TACGCAGTGTCACAAACATGGGCAATGG,TTAGTCTTTCCATCA,-0.02147220279803609,0.0,403,364,161,97
TGCCCAGGGTCAGGGACACTGCCAAATA,TTTATAAATCAATAG,0.0023497196243314825,0.0,307,388,157,151
CTTGCACAGCCAGCCACACGGACACATG,TTATATTTATTTGCT,-0.0007100421899320237,0.0,312,306,211,140
AGCCCATTGACATTACCAGGACCACCCA,AGAAGACGACGATGA,-0.00970512716592591,4.114820143556699,324,332,153,111
AACTCAGCACCAAAGACAAAAGCATACT,GAGTGCTTCAAAGTT,-0.034058343519311286,0.0,400,277,86,66
GCATCACACCCAGCCCCATAGTCAACTA,TCTTGGAGGTGAATG,0.0026249669434370414,13.466123665925352,246,295,161,122
GCATCATGTGCACCGGCAGAGTCAAATG,CTCGCTAATACTCCT,0.0006779276106534242,0.0,295,277,170,138
GACGCACCTACAGATCCATTCCCATCTT,TTAATTAGAGGTATG,-0.01875622054573126,0.0,337,287,146,88
GTAACAAACGCAAAGACATGGCCAGTAT,TTAGTCTTTCCATCA,-0.01873545477681784,0.0,310,296,146,81
TACCCATGCGCAACGTCATGAACAGAAA,GAGAATGAAGGACAG,-0.06641764075791878,13.785493906833949,240,136,21,15
ATAGCACGCGCACACCCAACCGCATTAG,TTTAACTCACCGTAA,-0.012793110367809774,13.706346681975447,285,241,132,89
CCGACAGAGGCAAAAACACGTGCATGTT,CTTGATCAATCAAAA,-0.035427964373900854,0.0,341,237,66,54
TAGGCATGAGCACGATCAGTCTCACTCA,TATATTGAACTTTAC,0.00818195367475229,0.0,227,336,153,133
AGGTCAAGCCCATCAACACATCCATGCA,ATGAAGTTCATAATG,-0.02358624519593201,0.0,332,257,113,75
AAGGCAGTGTCAAAATCAAGAACATTTC,TCTTGGAGGTGAATG,-0.017477257971659523,0.0,328,258,96,89
TAACCAATTTCACTACCAGGCTCACGGT,ATGGCGATGGTCTTG,-0.01633250185006038,0.0,292,321,101,82
GAGGCATTTACAAGGCCAGCGTCAATCG,TGATCATCACGGGAC,-0.013369127095129852,0.0,303,247,151,93
GTGTCAGTCGCATCCCCACGAGCACATG,ACAAGTTTTACAGTT,-0.029107676515357728,0.0,303,191,68,58
TGCACAGGAGCATATTCAGTCACAAAAA,CGATGATGATGATGA,-0.0012750274670577724,0.0,238,305,113,105
GACTCAGCACCAGAGGCACGCCCAAAGA,TCAAAACGGAGTGTT,-0.01338134829905533,0.0,176,162,95,54
TACCCAGTGACACAGACATACTCAATCG,AGAACATCATCTACA,-0.013991264447107958,0.0,239,197,89,72
TCGCCAGAAACAGGACCAAGCACAACAG,TGATCATCACGGGAC,-0.030701520048590208,6.301717440499942,274,226,87,50
CATGCAAGTACAGTGTCACTCGCATCAG,CAATCTTGAATTGAT,-0.04723883592780007,11.450622658424209,225,174,74,25
ATGGCAGTCGCAGTCGCATATGCAAAAA,ACAAGTTTTACAGTT,-0.03836967446566584,0.0,269,147,43,39
GTCCCAGTATCATGTGCAAGTGCATGAG,CTCTTGAGAATACTT,-0.05285681650377866,0.0,245,107,46,23
TGTCCATCCTCACAAACACAAACAGTGG,ACCACCGGTCCTGCC,-0.00021738959012749157,0.0,213,210,137,97
GAAACAATGTCAGTGTCACGAGCATCAA,GTTGGGCGCTTAAAG,0.00929042065635904,0.0,175,205,143,106
CAACCAACGACATTTCCAATAACAACGT,TCTTGGAGGTGAATG,-0.010618426305529735,0.0,99,116,37,33
ACCCCATAGGCAACCACAGCCACACATG,AGAAGACGACGATGA,-0.015910039274726007,0.0,218,206,131,62
GGGGCAGGCGCACACGCATGATCAACGG,TCAAATGATGAGGAT,-0.04286328972801104,0.0,221,180,60,28
TCGGCACAACCAGCGGCAAGTTCAATCA,TGATCATCACGGGAC,-0.01190063566645628,0.0,212,210,80,68
CTTGCAGCGCCACCTCCAACAGCATGAA,CTTGCAAGTGTAATT,-0.03817437874501201,0.0,240,211,70,35
GTTCCACCTGCAGTAGCAGTCACATAAC,TCAAATGATGAGGAT,-0.03372333232419458,0.0,204,146,71,34
GGACCAGGGACACCGACACAACCAGCTT,TTTATAAATCAATAG,-0.019109690196610647,3.682844261657465,209,203,104,54
AACGCAGCCTCAACCCCATCGCCATAGC,TTTATAAATCAATAG,-0.002796847112339911,0.0,121,127,63,51
AGCTCATCACCAACGACACACTCACCTA,GAGAATGAAGGACAG,-0.04034341373746434,0.0,161,158,59,22
TCGTCAGGGCCAAAATCAAAACCAAGCT,AGTGTTAATCAGACC,-0.07242780991551187,0.0,222,111,8,1
GCATCAGAAACATGGGCACCGACAAGTT,ACAACCTACCTGCTA,-0.02244580548184336,21.65073343428594,154,176,55,36
CAGACAACCACACTGACAAGAGCATAAA,CGATGATGATGATGA,-0.023795517527001278,10.316204738158149,196,192,57,44
GCCCCACCGACAATAGCACTGGCAAGGG,AGAAGACGACGATGA,-0.01932827021481594,0.0,187,144,84,48
ACCACAGCCTCACCAACAGAAGCATTAA,CAAGTTCGGCGAAAT,-0.15250559439074288,0.0,98,22,3,0
TACACAGGTGCAAAAGCATATTCACTAC,TTTATAAATCAATAG,-0.003343307438195797,0.0,164,142,72,68
TCAACATCCACAAGAGCAGCGGCACGCT,TTATATTTATTTGCT,0.01453655303839492,9.938229972929548,134,180,87,95
CCTTCACTACCACTCCCAAGAACAGTAG,GAGTGCTTCAAAGTT,-0.03161101185977492,0.0,107,68,24,19
CGAACAATTACAAATACACGTACACTTG,GTGTGATTACTAAAT,-0.09184341135960752,0.0,136,56,9,2
ATCACAGTCGCAGGGACAATCCCATTCT,TCTTGGAGGTGAATG,-0.003608579344317716,0.0,141,152,62,58
ATGTCACGTACAAAGGCAAGGCCACAAT,TTTAACTCACCGTAA,-0.034410641897619096,0.0,147,129,32,24
TATGCATTTACATCTGCATTCACAGGAT,TTTATAAATCAATAG,0.0033632853639004117,0.0,71,102,60,36
CGATCAGCTTCAGCTACAGGTACAGCAA,GCTAATTTCAAGAAT,-0.03935920999232572,0.0,135,72,29,19
GTAGCAAAACCAAGTGCACAACCAGTTG,ACAAGTTTTACAGTT,-0.0008263890212576302,16.56015042049262,123,95,53,55
TTTCCAGGTCCATTGTCATGGTCAAGTG,CCAACACAGGCTTCG,-0.07262445109415774,0.0,144,67,19,4
AAGTCAAACACATGCGCATTAGCACACG,AGAACATCATCTACA,-0.02895330420283881,0.0,130,94,23,25
AGGGCAGGATCATCTTCACATCCAAAGA,CTTGATCAATCAAAA,-0.02363640823524603,0.0,133,121,41,30
TGGTCACGACCACAAACACGAGCATGAG,CTACTTACAACGGAA,-0.030605797057167133,8.765751535753225,153,113,42,28
CAGCCAGTCGCATCTACACTGACAACCT,CTCTTGAGAATACTT,-0.046559604912493405,0.0,63,43,14,4
GAATCAAAAGCACAGCCAACATCATTGG,GTTGGGCGCTTAAAG,0.001949146120724641,0.0,107,111,79,52
TTGTCAATAGCACGGGCAAATGCAGCCA,GAGAATGAAGGACAG,-0.03481632641829429,0.0,155,83,35,25
TATACAGAATCACGCCCACTAGCAATAG,TTTAACTCACCGTAA,-0.032593280601671874,0.0,145,99,60,25
TGTGCAGTCACAAGTTCAGGATCAACCG,GTTCAGCTTTGATCG,-0.05709565647827603,0.0,150,77,27,1
GATACAAGGCCAACCCCACTCTCAAAGT,CTTGATCAATCAAAA,-0.03306324474765526,0.0,100,118,46,17
GGCCCACGTTCAGAATCAAGAACAAGAC,CTCTTGAGAATACTT,-0.10223229586424454,11.605112907854334,97,36,2,0
ACATCACTCACAACCTCACGTGCAGTAC,TTAGTCTTTCCATCA,-0.009752576758754381,0.0,114,80,62,39
TGGTCACGTGCAAGGCCACCGTCAATCG,GAGTGCTTCAAAGTT,-0.02330055316895464,0.0,79,61,25,18
AGTTCAATTCCAATATCATTCACATACG,TCTTGGAGGTGAATG,0.0117991701397106,8.44873635632689,98,98,45,64
TGACCATTAGCACGATCATTCACACCAT,CATTTATGGCTATCT,-0.025528833573651905,0.0,122,74,35,26
CTGCCATGGGCAAATACACGAACATTCT,GTTAAATCAACAGTT,-0.030116212836186814,0.0,70,45,20,13
GCACCATACCCAAGTGCAATGACAGGAC,TCAAATGATGAGGAT,-0.038139638425730565,0.0,137,55,36,20
GCATCAGTAACAGTCTCAATTGCACCCG,TCGATAGAATTTACT,-0.014879538689192569,0.0,75,68,19,22
TCCGCATGGACAGCGGCATAGTCACTTG,CTTGATCAATCAAAA,-0.03332412595597068,0.0,83,71,24,14
ACGACATGGTCATACGCACGCACAAGTG,CTCTTGAGAATACTT,,0.0,21,2,6,2
CTCACACTACCAAGCTCAAGCGCACAGT,ATATTGAGTAAGTAC,-0.0884460253810461,0.0,104,67,10,2
GTTTCACACGCATCTCCACCAACAATGG,GAACTCAGGTTCCAT,-0.01622960346617024,0.0,71,67,23,20
GCTACAAAGGCATTGCCACTATCACTCG,TTAATTAGAGGTATG,-0.04261095443265953,1.7237291875185292,94,75,40,12
CAACCATTATCAAGAGCAGGGGCAGCAG,CTAAGCAGTCTTCTC,,0.0,16,2,1,0
GGGGCACGACATATTCATGGTCACAGC,GTGTGATTACTAAAT,-0.05056174029617022,2.661968879771507,78,39,16,2
GCAACAACAACATCGGCAGATTCAGTTG,CATATGCATTCCTTG,-0.14329294662510286,0.0,65,16,4,1
GGGACAGCGCCAGTGCCATTGGCACGTC,TTAGTCTTTCCATCA,-0.04365960267033371,2.60133310122211,45,30,9,7
CTCCCAGTATCACACGCATCGTCATCGA,TTAATTAGAGGTATG,-0.02898971057059896,0.0,57,66,18,7
TCCACAAGGTCATTGTCACCAACAGGCA,CAAGTTCGGCGAAAT,-0.10842808331865247,0.08713968757466262,43,15,0,0
ACCGCACCCTCACCTACATGTTCAGCAG,CGAACAGAAACACAA,-0.03822064292084028,0.0,103,55,24,15
CCTCCACCTGCAGGCGCAACGCCAAGGT,ACAAGTTTTACAGTT,-0.035684682324959,0.0,70,64,10,11
TAGACAACGCCACATGCACTTACACTGG,GTTGGGCGCTTAAAG,,0.0,28,1,0,0
CTAGCAAATACAAGTACACGGTCACACG,GAGTGCTTCAAAGTT,-0.020724634938454608,0.0,65,65,21,16
TCACCATAGGCAAGAACACCCACAAGTT,CTAAGCAGTCTTCTC,,0.0,3,0,0,0
GCGGCAACTGCAGATGCAAGGACAGCTG,TTTTGCATTTAGGCG,0.0002289870422912029,0.0,52,47,47,24
TTCGCATTCGCAACAGCAGGAGCAGGCA,CAATTTCAACGTTGT,-0.10393591457950135,0.0,74,27,7,2
CCCGCAGGCACATTCCCAAGTTCAAAGG,CTAAGTGTGAAGGAG,-0.015756782299771673,0.0,56,81,27,16
ATTGCAAGTCCAAAGGCATTGTCACTAG,CAATCTTGAATTGAT,-0.06220959893429696,0.0,80,31,13,4
CAAGCATGCACACCGTCAACTACATGAG,ACCACCGGTCCTGCC,0.0234032652677502,0.0,40,59,40,37
TAGCCAATCTCAGAACCATTCGCAAACA,CATTTATGGCTATCT,-0.06271143507014702,0.0,49,27,7,4
ATAGCACCATCAAACGCAAGGGCACAGT,CAATCTTGAATTGAT,-0.038780586253390495,0.15188127958415976,40,28,3,0
CATCCAACCCCAACAACAACATCACATC,TCAAAGCATGAAAAA,-0.10215296226230501,0.0,35,13,0,0
CTGACAACGTCAAGGGCATATACAGTGG,GAACTCAGGTTCCAT,-0.010618426305529739,0.0,54,44,15,18
TACGCATGCTCAACTGCACAATCAGTCC,TCAAAACGGAGTGTT,-0.009199772491569886,0.0,46,45,30,16
ATCCCACTAGCAAAGCCATTGACACGAC,GTAATCTGACTCTAG,-0.14833832475068612,0.0,47,11,1,3
CAGTCAGTACCAGGGGCAGCACCACTCC,ACAAGTTTTACAGTT,-0.031881299104695324,0.0,20,15,4,3
GGCACAACGACAGGGACAGTAACAGGGT,TCAAATGATGAGGAT,-0.020207828720589096,0.5205909626654375,60,26,18,15
GATTCAGTGCCAAATGCATGGACATAGA,ATTATCATCGCCATC,-0.1318985206901811,0.0,58,16,5,1
TAGCCAGCGCCAGGTTCAGCTTCAACAA,TGATCATCACGGGAC,-0.02038784460216305,0.0,63,61,9,11
TCAGCAAGCGCATACCCATGGACAACCC,GTGTGATTACTAAAT,-0.1512735459519387,3.163298665540111,44,10,0,0
CTAACACTGGCATCCGCAAGTGCAGCAG,CTAAGCAGTCTTCTC,,0.0,5,1,0,0
AGCGCACTTCCACGGCCAGGGGCAAAAT,CTAAGCAGTCTTCTC,,0.0,31,4,0,0
AAGGCATCGGCATTCACAGCGTCAACTT,ATAATTTTCATCCAC,-0.04889640122206522,0.0,49,31,2,0
ACGACATAAACAGTGGCAGGGACAGATT,CTAAGCAGTCTTCTC,,0.0,11,2,0,0
CGCCCATAGTCATATGCAAGGACACTAC,CCAGGATGTACCGCC,-0.030822953091206945,8.352136860599444,55,38,11,10
CGAGCATAGCCAGAGACAAGGTCAAGCA,CATATGCATTCCTTG,,3.4547696580506084,54,6,0,0
CGTGCAAACTCAACGCCAGCTCCAGTCC,GTTAAATCAACAGTT,,0.0,18,3,0,0
AAACCAATCCCACAGGCACCTGCAGTCG,CAATCTTGAATTGAT,-0.07874570007766497,0.2842510111111949,49,23,5,1
GCCTAGGGGCAAACCCACAAACAATAT,CTAAGCAGTCTTCTC,,0.0,35,3,2,0
AACACAATTACAAGTACACTACCAGGGG,CGCGATCAATCCTCT,,0.0,7,6,0,0
CGACCATCCTCACGTCCAAACACAACGC,CTATGCATTTACTCA,-0.038395229321791555,0.0,37,26,5,2
GATACACTCCCAAAATCACAAGCATAAC,ACAGGGCAGCTCCCG,-0.06944251360054361,0.0,33,17,8,1
TATACAGTCGCACGTACAAGCGCACAAA,ACAGGGCAGCTCCCG,-0.04058243680365843,0.0,32,22,0,0
TGGACAATTCCAGTGGCAAATCCAGGTC,GTTTAGCTTCCGTTG,-0.1162533030086272,0.0,31,10,1,1
TAGCCAGGCTCAACCTCATAAGCATGGG,CATATGCATTCCTTG,,0.24307185242020068,38,5,3,0
GAATCAAGGACAAGGTCATATTCAATAC,CTAAGCAGTCTTCTC,,0.0,2,0,0,0
CCCGCACATACAGTATCACAGTCAACGG,TATATTGAACTTTAC,0.004552360581683424,0.0,34,33,21,9
TCCGCACGGCCAGTAACAAAACCAATGT,CTCTTGAGAATACTT,,0.0,6,3,0,0
ATTACAGGGTCATAGCCATCCGCAAGCC,GTAATCTGACTCTAG,-0.12250533870676064,0.0,33,10,1,1
TATGCAATGCCACCAGCACTATCAAGAC,TGATCATCACGGGAC,0.010335195675216043,1.3085281555931942,16,43,11,10
ATAGCAACTCCAATGGCATGCCAGTAC,TCAAAGCATGAAAAA,,0.0,21,6,1,0
ATTGCAGGGTCAGCACCAAATCCATCGT,CGAACAGAAACACAA,-0.12549063502172872,0.9187317083701885,34,10,3,5
CCAACATGAGCACACACATATACATGTG,TCAAAGCATGAAAAA,,0.0,7,3,1,0
CAAGCAATGGCAAGGCCAACATCAACAG,AGTGTTAATCAGACC,,0.0,6,0,0,0
TAGGCACTTGCAGAATCAAGCCCAACAC,TCAAAGCATGAAAAA,,0.0,17,2,1,0
TAAACAGATACAACAGCATCTACAGACT,CGAACAGAAACACAA,-0.011902245884496176,0.5652262359917017,27,19,12,4
ACTGCAGAGACAAGGCCAGAGACAAGGT,TCAAAGCATGAAAAA,,0.0,19,5,0,0
GCCACACTTGCAGATCCAGATCCACAGC,TTAGTCTTTCCATCA,,2.9018547587248236,32,9,7,4
GGCTCAGGGACAAATACACATCCACCGA,TTTATAAATCAATAG,-0.0590746706530596,1.4440026164949131,28,16,6,8
CGCCCATGATCATTGTCAGTCGCACCCC,CTAAGCAGTCTTCTC,,0.0,19,5,0,0
CGACCAATTACAGTCGCAACCTCAACCT,TGATCATCACGGGAC,-0.012210269680090046,0.0,23,21,7,7
AGCCCAGAGTCAATATCAATCTCAAGAA,GTTTAGCTTCCGTTG,,0.0,15,7,1,0
GGTTCATCAACAAATACAGAGGCACCAC,GTTTAGCTTCCGTTG,,0.0,14,7,2,0
TGCACAGCGGCAAGTACAGCTACAATGA,CTAAGCAGTCTTCTC,,0.0,15,3,0,0
TCCGCACGACCACGGACACTTGCAGGCT,AGATTCATCCCATGG,,0.0,26,8,2,2
AGAGCATTAGCAGAGTCATGATCAGCAG,ATTATCATCGCCATC,,0.0,6,5,2,0
GATGCACTAACAATGGCAATACCATAAC,CTTGCAAGTGTAATT,0.039375227537009304,0.0,17,26,9,2
CTATCAAACGCACCCGCAGAAACAAGTA,GTGTGATTACTAAAT,,0.0,12,7,0,0
ATCGCAGGGGCAGTAGCAAAACCACGCT,TCAAAGCATGAAAAA,,0.0,8,2,3,0
TTATCAAAGACATGGGCAACTCCATGTA,TCAAAGCATGAAAAA,,0.0,23,0,1,0
GTCGCATGATCAGATTCACAGTCAACGG,CTAGTTGTATAGCCA,,0.0,6,1,2,0
CTAGCAGGTCCATGGTCACGATCAGAAA,GTTAAATCAACAGTT,,0.0,5,0,0,0
CATACAGTTCCAAACGCAAGACCAAATA,TCAAAGCATGAAAAA,,0.0,11,9,0,0
CCTGCACCTGCACCCTCAGGAACATGCT,CCGTTAGTATCGCTA,,0.0,3,0,0,0
CCAGCAGTAGCAAGCACAGTCACAATCT,TCAAAGCATGAAAAA,,0.0,13,6,0,0
ATTCCATTTGCAGCCGCACGTGCAACAA,CAAGGATCCCCGTAG,,0.0,7,4,4,1
GTACCAACGCCAGTCGCATGAACACGCT,AGATTCATCCCATGG,,0.0,9,18,2,0
TTAACATCGCCACCGTCATCCACACGAG,CTAAGCAGTCTTCTC,,0.0,7,2,1,0
AGGTCACGCGCAGGGGCAAGTTCAGAGG,TCAAAGCATGAAAAA,,0.0,15,0,0,0
TTCGCACACTCAGACACAGCGTCATG,GTTAAATCAACAGTT,,0.0,2,0,0,0
TGAACAGGAGCAGAGGCACTGGCAATAG,AGTGTTAATCAGACC,,0.0,9,0,0,0
ACATCAGGGCCAGGAACATTAACAACCC,CCAGGATGTACCGCC,0.08017782043399313,0.0,10,23,3,0
ATCGCAGGAGCATGATCATATGCAGCGC,ATAGTCGATTAAGAT,,0.0,2,4,0,0
CGAACAAGATCAACATCATGGACAACTC,GTTTAGCTTCCGTTG,,0.0,12,2,0,0
GGGTCATAGTCACAAACACGCGCAAGTA,AAAAGCGACATTTCT,,0.0,15,2,8,3
GTGCCACACACATATACATGCCCACAGC,CTAGTTGTATAGCCA,,0.0,6,1,0,0
TCCGCACGGTCAGGGTCAGGGACACTCG,CCAACACAGGCTTCG,,0.0,3,5,3,0
AGGGCAGGGACAGCTACACTTGCAACCT,AGTGTTAATCAGACC,,0.0,6,0,0,0
TGTGCACCCACATCATCAATTGCATACC,TCAAAGCATGAAAAA,,0.0,7,2,1,1
CAGTCAACGGCAGGAGCAAGTACATGGG,AGTGTTAATCAGACC,,0.0,10,1,0,0
TGACCATCACCAAAACCAGTGACAGTGG,GTTAAATCAACAGTT,,0.0,3,0,0,0
CATGCCAAACTCAGCCACACAGACAAGAT,ATAATTTTCATCCAC,,0.0,9,5,0,1
GTTTCATGAACAGAACCAAATCCACGCT,GAACTCAGGTTCCAT,-0.003113091859517336,0.0,11,11,1,1
GGGCCAAAACCAGCGACAACTGCATTGA,AGTTTATAAAAAATT,,0.0,9,2,6,0
CGGACATCCACAGAGCCAACCCCACAAC,TAATATTGTTTTGCG,,0.0,5,4,0,0
GTCCCATAAACAGGACCATAAGCATGCG,CTAAGCAGTCTTCTC,,0.0,10,0,0,0
TGGTCACCTCCAACACCAGGGTCAAAAC,TAATATTGTTTTGCG,,0.0,4,2,0,0
AGTCCAAAAACACGCGCACAATCAACCT,CTATGCATTTACTCA,,0.0,8,3,0,0
CGAACACAGTCAGCCGCATAGTCAAATG,ACAGGGCAGCTCCCG,,0.0,7,5,0,0
CTGTCACCAACATCGTCACGGGCATCCT,TCAAAGCATGAAAAA,,0.0,8,1,0,0
CCACCATGCACATTCGCAACGGCACTGC,TCTTGGAGGTGAATG,,0.0,8,4,0,0
ACTGCAGGCGCAATGGCAGTGTCAACCT,TCAAAGCATGAAAAA,,0.0,6,1,0,0
CGCTCAATTACATGTACAGTTGCACAGC,GTGTGATTACTAAAT,,0.0,14,1,0,0
GAAGCATAATCAGGACCATGTACAGTAC,ATAGTCGATTAAGAT,,0.0,4,4,0,0
AGGGCAATCACAGGGACAAATTCACCGC,CTAGTTGTATAGCCA,,0.0,6,3,0,0
AAAACAGGTGCATGGGCATGATCATGAG,ATCGTTGGCATTTGG,,0.0,2,0,0,0
CACGCAAACACAGAAACAAGAGCAATCG,CAAGTTCGGCGAAAT,,0.0,1,2,0,0
AGGTCATCATCACGGGCAAACACAGTAA,CTTGATGGCTGAAAG,,0.0,12,1,2,0
ACGGCAAACGCAGCTCCAAGGTCACAGA,TCAAAGCATGAAAAA,,0.0,4,2,1,0
GCGCCATGAACAGGAACATCCTCAACCA,CATATGCATTCCTTG,,0.0,2,3,0,0
ATTGCATGGGCAAACGCAGATCCAACAA,ATAATTTTCATCCAC,,0.0,10,3,1,0
ACAGCAGCGGCAGTCTCATGCCCACGAA,CTAGTTGTATAGCCA,,0.0,2,0,0,0
GACCCATGGACATCGCCAGTAACAGGAG,CTAAGCAGTCTTCTC,,0.0,7,0,0,0
CCTGCATGGCCAAACTCAGGCACATACA,ATCGTTGGCATTTGG,,0.0,1,0,0,0
CTGGCAAGTTCAACAACAGCAGCATGGC,TCAAAGCATGAAAAA,,0.0,2,1,0,0
GAAACAAGTGCAGACGCACGCACACGTA,TACACCAATTACACT,,0.0,1,0,0,0
CAATCAAATGCATAGGCAACTCCAAAGA,CTAAGCAGTCTTCTC,,0.0,3,0,0,0
AAAACATCTACAAGAACATGCCCACGTG,GTTCAGCTTTGATCG,,0.0,1,3,0,0
AAAGCAGCAGCATCGGCATTTACATTAG,CTAAGCAGTCTTCTC,,0.0,2,2,0,0
CCTCCATGCACATTGTCAGCTGCAGGCG,AGAAGACGACGATGA,,0.0,3,2,0,0
ATCGCAACTGCATGGACACAGGCAGCAT,CTTGATGGCTGAAAG,,0.0,7,0,1,0
GGTTCAAAGACACGACCAATTTCAGCGG,CATATGCATTCCTTG,,0.0,4,0,0,0
AGTGCAGTTGCACGAACAGAAACAGCAA,TCAAAGCATGAAAAA,,0.0,0,1,0,0
TACCCATAAGCATGGCCAATGACAGGAC,TCATAGGTATCTCGC,,0.0,1,0,0,0
TGGTCACGGTCAGGTTCAGGATCAATGT,ACAACCTACCTGCTA,,0.0,1,0,0,0
ATGACATATACAGTGGCAGTTTCAGATG,ACAGTTGACGGACAG,,0.0,0,1,0,0
ATATCATGGACAAAAACACGAACAAAGG,CATTTATGGCTATCT,,0.0,2,0,0,0
TGATCACCAACAAATGCATAGGCAGGCA,CGAATGCCATACAAA,,0.0,1,0,0,0
ATTACAGCATCAGGTACAGTGGCAAACC,CCAGGATGTACCGCC,,0.0,0,0,1,0
