BC,Edge,s,LL.ratio,TP1-2-T1,TP1-2-T2,TP1-2-T3,TP1-2-T4
AGGTCAAGACCATTTTCAGAAGCAGGAA,TTTTGCATTTAGGCG,-0.006008808606808503,0.0,5403,5451,1897,1411
ACAACACGGGCACTGACATAGACAATAC,TATATTGAACTTTAC,0.013496581942036559,108.44292868320917,4172,3982,2881,1956
CTCCCAAAATCACCCGCAGGCACATGGA,ACCACCGGTCCTGCC,-0.006112229454161298,0.0,4617,4703,1681,1202
GCGACACGTCCAATATCAGTGCCACTTC,CTACTTACAACGGAA,0.028019300521518856,0.0,3467,3806,2788,2513
GTATCATGGGCATGAACACGAACAGCGC,TATATTGAACTTTAC,-0.0008876660228658442,0.0,4315,4270,1950,1314
CAACCAGTGGCAACCTCAACAGCACCAA,TCTTGGAGGTGAATG,0.011202126312243885,0.0,3256,3708,1956,1425
GGAACACTACCAAAAACAGAGTCATAAG,AGTGTTAATCAGACC,-0.0063618361095564525,34.061750722787565,3750,3866,1484,969
GTCACATCCTCAGTCACACTCGCAAAGG,AAAACATTATCAAAG,0.004918132838503064,0.0,3548,3349,1770,1286
AGCTCAAGTACACGAGCAGATACATCAC,GTTGGGCGCTTAAAG,0.013754705207678741,36.67185406919816,3071,3064,1967,1451
CTAGCATTAGCATTCCCAGAGTCATATG,TTTATAAATCAATAG,-0.013221264642417269,0.0,3675,3500,1209,773
GTAGCACAGTCAGGATCACCTCCAGTCC,TCATAGGTATCTCGC,0.003006638825376603,0.0,3287,3222,1527,1125
GTGCCAGTGCCACTAACATTAACATCCA,AAAACATTATCAAAG,0.005674745083580523,0.0,2991,2797,1803,1109
CTGTCACACTCACACTCACTCGCAGGAG,ACAGTTGACGGACAG,0.0033575337544241943,49.743852357372816,3082,3002,1405,1066
ATCTCATACGCAGCCACAGCATCATTAA,GTCACCGGCACTAAC,0.012658348291472226,0.0,2640,2908,1491,1207
ATACCAGGATCATGGACAGTCACAACTG,ATTATCAAGTGCCAG,0.01338292327984266,0.0,2656,2644,1896,1241
AGCGCATGAGCACAATCAGAAGCACAAA,CATTTATGGCTATCT,-0.004830211100669754,0.0,3090,3027,1229,836
AATGCACGATCAAGTACATTCGCAAGAG,TCTTGGAGGTGAATG,0.01659181686362891,0.0,2455,2912,1695,1263
GGCGCATGCTCAAACACATATACAGCGT,TATATTGAACTTTAC,0.0013161138563670216,0.0,2708,2788,1394,881
TGATCAGGGGCAGACGCATCAACATAGA,ATTATCAAGTGCCAG,-0.007644361668744093,133.91247339118308,2771,2827,1003,689
TTGACAGCGGCATTTGCATTTCCAGCGT,TATATTGAACTTTAC,-0.021498966196117932,126.64793320659737,2907,2956,722,477
GACTCAAAGTACATGTGCAGTCGCAAGAG,TCTTGGAGGTGAATG,-0.007558147497861389,142.71235309550684,2467,2669,824,615
TGCACACGGTCACCTACAGTGTCAGCCA,ACAGTTGACGGACAG,0.016382246000392058,0.0,1958,2249,1383,1001
GGGACACACGCACAGCCAAAGTCACTAC,TTAGTCTTTCCATCA,0.012133311372954614,0.0,1922,1834,1135,865
CTTACAACGTCAATGTCACGGCCACTAT,TCGATAGAATTTACT,0.0031735316157457394,0.0,1942,2179,882,668
GGAGCACTCACACTAGCAAAGTCAGCAT,GTTGGGCGCTTAAAG,0.0035507578845484673,0.0,2038,1870,1115,709
GCCGCACCGACATTGACAGCAACAAAGG,AGTGTATGATAATAT,-0.005061019643058998,0.0,1686,1786,736,453
AAATCAGGACCAGTCGCATTGTCAACGC,AATGATACCATTTTT,-0.017474309461962403,0.0,1804,1706,536,334
CTCCCAATGACAATTGCAGGGACACGTA,TCAACAACCTATGCA,-0.006470909161472395,0.0,1522,1448,533,392
CGATCAAAAGCACAGGCACAGTCACCCT,TCAAATGATGAGGAT,-0.056033337506165855,0.0,1580,989,241,92
TGTACAAGGTCACACTCAAGGCCAGCTT,TCATAGGTATCTCGC,-0.015946231345835973,24.847759846064946,1264,1125,467,245
CCATCAAAGGCACACCCAACCCCAATCT,TCATAGGTATCTCGC,0.011164396853981939,9.678280332755094,915,1096,496,400
ACACCAGCGCCATAAGCAAAGTCATCCG,ATATTGAGTAAGTAC,-0.03797843265974185,0.0,1189,946,299,119
GTCTCAGGGTCAGCTCCAAAGGCAACAG,TCAAATGATGAGGAT,-0.05919755495801963,0.0,1303,774,131,69
AAGGCAAGAGCAACTCCAACTCCATTGG,ACAAGTTTTACAGTT,-0.0611113616588998,3.8118144810832746,1280,795,140,64
GGGTCAGAGACAGCATCAAATACATGTC,GAGTGCTTCAAAGTT,-0.005011808310336054,0.0,1022,966,355,275
GAAACACCTACAAGCACAGTATCAAGAT,TCAAAACGGAGTGTT,-0.009954216117627649,0.0,1000,1030,375,232
TAAGCACCGACAACCTCAAGGGCAGTGG,GTCACCGGCACTAAC,-0.0018175137645078572,0.0,959,917,432,284
CAGCCAAGGTCAATCGCAAGAACAAATA,TCAAATGATGAGGAT,-0.06306552310381724,0.0,1124,818,175,53
TGTGCACTATCACACGCATTAACAACCG,ATTATCAAGTGCCAG,0.011164953890325747,0.0,748,744,473,327
TTACCATTCTCACATGCATTGCCACGGC,GTTGGGCGCTTAAAG,-0.0039424667109064495,0.0,745,762,284,207
AGGACATAGACATTTCCAGCGACATGGG,GTTTAGCTTCCGTTG,-0.06252250711978517,0.0,772,376,114,37
ATAGCAATAACATTCCCAGACACAATAA,TCATAGGTATCTCGC,-0.002145380295691964,0.0,740,634,334,217
GGGGCACCAGCAAGTACATGATCATCAC,GAGTGCTTCAAAGTT,-0.0010263891039186425,0.0,676,634,382,205
TCCTCATGTGCAATTCCAGTTGCATAAG,CTTGCAAGTGTAATT,-0.013595958474095804,0.0,726,649,226,151
AGAACACTAGCAATATCAGCCTCAGCTA,ACAGTTGACGGACAG,0.016127313334333992,0.0,613,566,338,311
CACGCATATCCATAGTCAAACGCACAAC,GAGTGCTTCAAAGTT,-0.014622607965886228,0.0,714,535,206,144
AAGCCACGGGCACAGGCATGTCGCAAGGC,CTATGCATTTACTCA,-0.027186901327327238,0.0,665,471,168,92
TCTGCAATGCCACGAACATGTACAAGCC,TCATAGGTATCTCGC,-0.001588011200222524,0.0,607,583,229,181
GACACAGGGGCAGGTACACGAACACCCT,ATAGAGCGGCGTTGA,-0.012169646045781251,0.0,562,485,214,122
CTAACAGAACCACCCACAGTAACAGCGT,ACCACCGGTCCTGCC,-0.0025895461727018475,0.0,470,465,177,136
AGGGCACCGACACTTACAGATGCAACGG,CTTGCAAGTGTAATT,-0.006170563743257906,0.0,531,393,221,138
GCAGCATGAACAAACTCATATCCAAAAT,GAGTGCTTCAAAGTT,-0.028846375320630974,22.425378263194943,547,465,120,72
ACTGCAGCCGCATTACCAGTATCATAGC,TATGCCCTTCTTCTG,-0.0035599672950106243,0.0,491,466,202,138
AATGCAGACGCAAACGCATCGGCATCAC,CCAACACAGGCTTCG,-0.06874888242529172,4.424743894024232,503,269,64,20
GCCTCATTGACAGTCCCATCATCATAGG,CTTGATCAATCAAAA,-0.020378317997945983,0.0,495,397,155,84
TAGTCACGGGCATGGGCACTGCCATACA,CTTGCAAGTGTAATT,0.016397855147637395,32.14282354161378,305,311,210,156
GAACCATCTCCACAACCAGCGACAGTTC,GTTGGGCGCTTAAAG,0.006950599358793305,0.0,366,405,172,141
AATGCAATATCAAGGCCACGCCCAGACA,TTTTGCATTTAGGCG,0.003944603978977387,0.0,321,357,176,113
GCTGCAATTACATGAGCAAAGGCATTCA,ATAATTTTCATCCAC,-0.03167812819974342,0.0,397,275,111,48
GCCTCACAAGCAACATCATGAGCATACC,CCAACACAGGCTTCG,-0.041932556828781074,0.0,405,234,75,36
GGCCCACGGACAAAAACAACAGCAGTAA,CTTGATCAATCAAAA,-0.02851353182605443,0.0,346,293,88,46
GAGTCATGCCCAGCTACATCGCCAGCAA,GTGTGATTACTAAAT,-0.06352205037822067,0.0,344,138,38,16
ACATCAGTGACAAGCCCAAACCCATCGG,AGTGTTAATCAGACC,-0.0719852195407006,0.9277915927539198,388,192,59,14
GGGTCATCCTCATAAGCACTATCATAGT,CTTTCTTGTGTATTT,-0.11852998653005702,0.0,275,68,12,1
ATAGCACTTACAACGGCAAGCACACGGC,GTGTGATTACTAAAT,-0.07656350199315572,0.0,297,132,30,3
AAGGCAGTTCCATAAGCAGCAACATATG,TCAAAACGGAGTGTT,-0.0011688899839248368,0.0,255,235,115,77
GGTACAAAGACACTCTCAAGAACAAGTA,TTTATAAATCAATAG,-0.0007744080623580894,0.0,252,214,128,77
GTGCCAATATCACGGGCACACGCAGTGC,GAACTCAGGTTCCAT,0.013822841965887234,0.0,226,178,114,107
ACAACACGCCCAAATGCATTAACAGTAG,CTAAGCAGTCTTCTC,-0.09872344562865984,0.0,293,88,19,2
CGTGCACTCACAGGCTCACTGACACGGA,TATATTGAACTTTAC,-0.007463431244429807,0.0,228,211,96,57
CGCCACAATGTCAGCAACAGGTTCATTT,CCAACACAGGCTTCG,-0.049354210234811936,0.0,253,153,37,18
CCTGCAAATTCACCCGCACGGTCAAGCA,GTTGGGCGCTTAAAG,-0.0021029195253300906,0.0,235,200,109,69
ATGACAGGCGCAAGGCCATTACCAACAT,CTTGATCAATCAAAA,-0.03348206852243079,0.0,227,172,56,26
CGTGCAAGAGCAGGACCAGGTGCAATGT,AGTGTTAATCAGACC,-0.053949870042249326,0.0,242,134,41,15
TACTCAAGAACAACCGCACAGACAACCA,CTTTCTTGTGTATTT,-0.0845868751683915,0.0,166,68,4,0
CTTACATGAACAGTGGCATCCGCAACTA,CTTGATCAATCAAAA,-0.010409069592766136,1.3103204198216645,201,154,56,46
ATAACACGCGCATCGCCAGCACCAGGGA,TTTATAAATCAATAG,0.020928309113456358,23.339394561771087,128,145,82,75
AGCTCAATCGCGTCACAAGTGCAGTTG,GCAAGAAAGAAACCC,-0.05390392470991193,0.0,290,116,47,18
CCCCCAAGGGCACTTCCAGGTACAATGA,CATTTATGGCTATCT,-0.004951783336370245,0.0,115,113,31,31
CTCACAAGAGCAATGCCATTTGCAGAAT,GTTGGGCGCTTAAAG,-0.006903193967217061,4.774349305914939,177,127,49,45
GACTCAGGGACATCCACATTAACATGAC,GTAATCTGACTCTAG,-0.039948752577700815,0.0,159,130,45,15
ATCACAAGTTCAACATCAGTAGCATGAC,TTTATAAATCAATAG,-0.00999629481036052,0.0,82,95,34,19
CGGTCAATCCCAATATCAGCACCAATGC,AAAACATTATCAAAG,-0.0011286444815009399,0.0,86,78,37,26
ATGACACACACATGGGCATTACCATTCG,TCAAAGCATGAAAAA,-0.0424086597578335,0.0,135,72,27,8
GACACAAATCCATAGCCAAGGGCAGTGC,AGATTCATCCCATGG,-0.04619053046811453,1.3392463879148409,151,71,28,7
TGGGCAGAAACAACTCCACGACCATGGA,ACAGGGCAGCTCCCG,-0.058331974694264745,0.0,184,101,17,10
TGGGCAGTGTCACGCGCATGGTCACGGA,ATGGCGATGGTCTTG,-0.006741381351723818,0.0,137,116,49,35
TACGCACGCCCATATTCAGCTACAGAGG,AGATTCATCCCATGG,-0.07397224859992642,0.0,141,71,15,2
GTGCCATTGTCACTCACACAGGCAACTC,GTTGGGCGCTTAAAG,0.007719086378331068,0.0,104,88,70,41
CCTGCAATAACACCTACACAAGCAATCC,ACAAGTTTTACAGTT,-0.042267568023897806,0.0,125,95,25,11
GGGTCAAACGCAAGTTCATGCACAGTAG,TATATTGAACTTTAC,-0.0019944940282762944,0.0,129,105,53,38
GAGCCAGATGCAGTGGCATCGCCAGCTA,AATGATACCATTTTT,-0.0485664380076519,0.0,151,52,22,11
TGACCAGGGCCAGAGGCATCTCCAGTAA,CTATCAAGGCTTAAT,-0.12343225139655432,0.0,108,30,0,0
CAGTCAAAGTCAATTCCAAATGCATCGT,GTAATCTGACTCTAG,-0.08504480384497462,0.0,103,42,2,0
TGGGCACCAGCAGGTCCATGGGCATACC,GTTGAACTGGTTGTT,-0.03139142434944036,0.0,123,70,34,15
GCTGCAGCCCCATTAACACATGCAGAAT,TAATATTGTTTTGCG,-0.09342179215152045,0.0,88,33,3,3
GAGTCAGTTTCAGAAGCAGAGACAGCAT,GTTTAGCTTCCGTTG,-0.09209726947651845,0.0,100,38,6,1
CGGCCACTTTCATCTGCAGGTACAGCGG,CTAGTTGTATAGCCA,-0.11806183349936812,0.0,58,17,1,0
GGTACAAGGACAGTGACAAAGACATTAC,TTTATAAATCAATAG,-0.00386713251072363,0.0,79,54,45,22
CGGACAGGGTCACATACAATGCCAGCTC,ACAAGTTTTACAGTT,-0.007117170415986119,0.47312335944909023,27,24,9,3
AATTCAGTCGCATGGGCAGTCACAGACT,TCATAGGTATCTCGC,-0.02724934680844615,4.5656893989436185,48,50,13,4
CCCTCAGGGCCACGTGCAGGCGCAATAT,CTCTTGAGAATACTT,,0.0,49,6,0,0
TCTACAAGTGCATAGCCAACGCCAGATG,AGATTCATCCCATGG,-0.08696794003776342,0.1480019390011762,55,22,5,1
AGGTCATAAACATCTTCAGATACAGGGC,CATCAATGAGGCAGT,,0.0,27,2,0,0
GGTTCAAGCGCAGCATCACTTACAGGAG,CGTCAAGACCTTCTA,-0.03887067397613237,0.0,34,22,7,1
TGGACAGTAACAGCTGCACCTCCATAAC,CTCTTGAGAATACTT,,0.0,4,0,0,0
CCAGCAAGCACACCCGCAGACACACATA,AAAACATTATCAAAG,0.033976352671544106,2.2706044888131487,15,23,13,13
AAGGCATTGTCACTCACAACGACATGGG,CATCAATGAGGCAGT,,0.0,15,0,0,0
ACCGCAGGGGCACAAACACTGTCAACTC,GTTAAATCAACAGTT,,0.0,17,1,0,0
ATCCCAGCATCAACGGCACTGTCATTGG,CTAGTTGTATAGCCA,,0.0,14,4,0,0
CATCCACAGGCAGTGGCAGTAACAACCA,CTTGATGGCTGAAAG,,0.0,19,7,6,0
TGGCCAAACACAGCTGCACACACAGTGG,TTATATTTATTTGCT,,0.0,3,0,0,0
TGCCCAAGATCACGAGCATCAACATGAT,ATCGTTGGCATTTGG,,0.0,22,3,0,0
CGCTCAGCGGCATGGTCAGCCACATTAG,CTCTTGAGAATACTT,,0.0,12,0,0,0
ACAGCATGCACACAAACAGCTTCATCAC,GTTAAATCAACAGTT,,0.0,3,0,0,0
AGGGCATAAACACTTGCAGCTTCATGAG,GTTAAATCAACAGTT,,0.0,5,0,0,0
GGATCAGTGCCAGCTTCAAGAGCAACTG,TAATATTGTTTTGCG,,0.0,5,5,0,0
TGCGCAGGTTCAGGGGCATCCGCAGGCC,TCAAAGCATGAAAAA,,0.0,3,3,0,0
TAGTCACTAGCAGGTTCACTTGCACCAG,GTTTAGCTTCCGTTG,,0.0,6,0,0,0
CGCACAATCAGGCACATTGCCACACT,GTTGGGCGCTTAAAG,,0.0,4,0,0,0
ACGTCACTATCATGCACATCGTCATGAG,GCTGCGGAGCCTCAG,,0.0,1,0,0,0
ACGACAAAACCAGGATCATTCGCACCAA,CCAGGATGTACCGCC,,0.0,0,0,0,1
