BC,Edge,s,LL.ratio,TP1-2-T1,TP1-2-T2,TP1-2-T3,TP1-2-T4
GCCGCAGGAACATTGACAACATCACCAA,CGATGATGATGATGA,0.054409822149163796,0.0,95373,119964,82183,70865
TGGGCAGTGGCAACGGCAACGACAATTC,CTTGATGGCTGAAAG,-0.000309586611286064,6.465980785421834,29172,20629,8286,4198
CCAACACCATCAGTATCAAATCCACACT,TCTTGGAGGTGAATG,0.00621519630306942,0.0,11513,9379,3569,2015
AGCGCAAACGCAGCGTCATCACCAAAGG,TATATTGAACTTTAC,-0.049761243854073135,13.536126743352725,12346,11198,652,403
GTAGCATGCCCAGCACCACCATCAGTGT,TATATTGAACTTTAC,0.015729727341649635,35.67717303611744,7370,6321,3141,1716
TACACATAGACAAAGTCATGATCAATAT,ACAACCTACCTGCTA,0.003194014172873368,0.0,7682,6313,2279,1228
AACCCAATGCCAGTCCCAAGCACATCTG,TTTATAAATCAATAG,0.012568443779329433,0.0,5761,4747,2235,1220
AGTGCACGTCCATGCCCATGCTCAAACA,CCAAGACCGTGTAAA,0.003067292572818523,0.0,3190,2364,1101,508
GTTTCATGTGCAGGACCATCCCCATCAC,CTTGATGGCTGAAAG,-0.02735888578406792,0.009823160518408258,4349,2292,670,278
GGTCCAGTTACATGTCCATCGTCAACAG,TTTATAAATCAATAG,0.018523600802558538,0.0,2271,1783,1017,575
GTTGCAAAGCACGATCAGGGACAGCAA,TATGCCCTTCTTCTG,0.018400941140247956,0.0,884,750,365,223
GAGACATGGGCACAAACACCTACAGCTT,GGTTGCCCAGAAGTA,-0.0064284320320404514,0.0,1052,823,258,126
CCGCCACATTCAGATGCATTACCATGGG,CTTGATCAATCAAAA,0.0008336936409602952,0.0,2189,1593,592,326
CAAACACTCGCAAGCGCATTGACACCTT,AGTGTTAATCAGACC,-0.030069295911622277,0.0,1646,1123,294,97
TGACCATGCGCAGTGGCATAATCAACCC,TTTATAAATCAATAG,0.014646402594627394,0.0,1473,1207,525,332
CCCGCACTTACAGCTACAGGTCCAAGAT,TAGACGGACATCTTC,-0.11175918943854386,0.0,561,223,15,5
ATGACATACCCATGTTCATGAGCACGCT,TTTATAAATCAATAG,0.0016098231126149578,11.650096658975599,1417,1035,506,216
CCAACATTGTCAAATTCACCCTCAGTGC,AGTGTATGATAATAT,-0.0025914232484198795,0.0,1079,849,312,145
CTTCCACAGCCACCTACAGAACCAGACG,AGAACATCATCTACA,-0.06504856455130258,0.0,630,339,61,13
GACCCACTCGCTGGACATTGTCACGAG,CTAAGCAGTCTTCTC,-0.057384539157258635,0.0,416,175,33,6
GGTACAAGTTCAGCCTCACAACCAACGG,CTTGATCAATCAAAA,0.014870820551868169,9.91984716189927,379,339,154,86
ACATCATTGACAAGGACATCAACACCGA,GCTGCTTATGAGGAT,0.00982730110378417,0.0,687,572,290,134
TCTCCATTTGCAACCGCACTATCAACGG,TTAGTCTTTCCATCA,-0.016801393293075877,0.0,775,563,129,68
TTTGCACGCTCATGGTCACACACAAACT,ATGAAGTTCATAATG,-0.019571382737932092,0.0,644,459,116,52
TTTCCAATAACAAATCCGCGGCACAGA,TCAAAGCATGAAAAA,-0.10684640493683975,0.0,339,90,10,4
GCTACACTTGCAGCTCCACCGCCACGGT,ACAAGTTTTACAGTT,-0.1445636988917502,0.0,100,21,6,3
CCCGCACCGTCAATGGCAAGCCCATGTT,TATATTGAACTTTAC,-0.023230221915653815,0.0,387,339,67,28
GACACATGTTCAGTGACATATACATAGG,CTACTTACAACGGAA,-0.1533647866240214,0.0,156,30,6,0
AGTGCAGCCACAATAGCACGAGCATTCG,CGTCAAGACCTTCTA,-0.04009435345529678,0.0,298,181,45,13
TGACCACACACAACCGCAAAACCAGAAC,GCCCTCGAAACCTAT,-0.07536755251115208,0.0,289,140,16,6
GAGACAGAGCCATTTGCAGCGTCACACG,GTAATCTGACTCTAG,-0.1800362665848065,0.0,129,19,2,0
CGAGCAATGCCACCGACAGTTCCAAAAC,TCTTGGAGGTGAATG,-0.003685413869622708,0.0,223,131,31,29
GCTTCACCAGCATACGCACGACCAAAAC,TCAAAACGGAGTGTT,-0.0024676224252075224,0.0,215,202,44,29
AGGACAGAGGCAATGTCACTCGCAACGA,GAACTCAGGTTCCAT,-0.003863161488420972,0.0,201,141,50,26
GGAACAGCATCACCTCCATCAGCATCCT,GTTTAGCTTCCGTTG,-0.07114578898564439,0.0,166,40,10,0
GAGTCATCCACACGGTCATATCCAATGC,TCTTGGAGGTGAATG,-0.005827354296174782,0.0,164,111,42,20
AGGCACAGCCACATACAGTTTCAATCC,CTTGATGGCTGAAAG,-0.014623852971655096,0.0,134,75,25,6
TGACCAAAGTCAGTGACACTCGCAGTGC,CTTGATCAATCAAAA,-0.0054640446142402615,0.0,146,123,42,18
GCCTCAGCCTCAGTAACAGGGACAATTC,GAACTCAGGTTCCAT,-0.014593669624888431,0.0,128,84,11,12
AACGCAGACTCAAGTGCATCAGCACATT,GAGAATGAAGGACAG,0.0077171617178489055,0.0,72,41,21,7
ATTTCAAAACCAATGGCATTTCCATCAC,ACAGGGCAGCTCCCG,-0.05607446785009083,0.0,57,29,2,1
GCTCCACATTCAGGAACAACACCAGAAA,GTTTAGCTTCCGTTG,-0.17870967670497542,0.0,67,10,4,0
CCATCATAGGCAAACTCACCATCAGATA,AGTGTTAATCAGACC,,0.0,12,0,0,0
CCCTCATGCGCACTGTCACATCCAACCA,ATTATCATCGCCATC,-0.07059697927226638,0.0,25,11,1,1
GGTTCAACTCCACACGCATTTACAGTAA,TACACCAATTACACT,,0.0,1,0,0,0
TGAGCAATGTCAGGACCATGAGCACCGT,CATATGCATTCCTTG,,0.0,3,1,0,0
AGGTCAAGAACATAACCAAGGGCACTAT,GTTGGGCGCTTAAAG,,0.0,1,0,0,0
GGCTCATCACCAGAAACAGTAGCACTCA,CGAACAGAAACACAA,,0.0,1,0,0,0
AAGGCACAAGCAAGGTCACTATCAAACG,CATTTATGGCTATCT,,0.0,0,1,0,0
TATTCATTAACAGCAACACGTCCAAAAC,TCAAAACGGAGTGTT,,0.0,0,0,1,0
AATCCAGGGACAGGTACATGTACAGTAG,ATGAAGTTCATAATG,,0.0,0,0,1,0
