BC,Edge,s,LL.ratio,TP1-1-T1,TP1-1-T2,TP1-1-T3,TP1-1-T4
TGGGCAGGGGCATTGGCACATCCAGTCC,TAATATTGTTTTGCG,0.019628098262729918,0.0,1945,5306,5913,7375
ACAACATAGGCAAACCCATACCCAGGAC,CGAATGCCATACAAA,0.024008982689974534,0.0,1372,4293,4575,5933
GCACCAGCCACATGTGCACCAACAAGCT,TATATTGAACTTTAC,0.008370399931686779,0.0,1739,4554,4000,4704
GCATCAAACACATACTCAATGACAATAA,CGAATGCCATACAAA,0.022291912035943273,0.0,1259,3366,4198,5171
GGGTCATAGGCAAAGACAATTTCAAGAT,TTATATTTATTTGCT,0.023178336424361654,0.0,1161,3610,4131,4897
GGGACAATTACATAGTCAGGTCCAGGTA,TCTTGGAGGTGAATG,0.008879902599323143,0.0,1425,3968,3518,3914
CTGTCACGATCAGGTGCAGGAACAAACT,TTATATTTATTTGCT,0.02182819192078016,0.0,1030,2803,3330,4172
GTACCACTTCCACATACACAAGCACACC,TTATATTTATTTGCT,0.03130232353153878,0.0,589,2092,2300,3170
CTGTCAAACCCACTAACAGCTACAAGCC,GTCACCGGCACTAAC,0.017089762198834266,0.0,800,2164,2212,2811
GTTCCATCACCATAAACAAGACCAATCG,GTCACCGGCACTAAC,0.02662867415344918,0.0,593,1944,2209,2774
GTCTCAAAATCATGTACACTATCATGGC,TCTTGGAGGTGAATG,0.008233312165064769,0.0,869,2210,2022,2341
ACGGCAGAGACATGGACAGGAACAAATA,TCTTGGAGGTGAATG,0.003535012301979279,0.0,780,1694,1751,1825
GCCGCAGGAGCAGGGACAGGTTCAAGTA,TCTTGGAGGTGAATG,-0.0016515873417394765,0.0,771,1540,1548,1544
CAACCAAATGCATAGACAAAACCAAGTT,TCTTGGAGGTGAATG,0.005006959892879573,0.0,595,1453,1366,1455
CCTACACCCCCATCACCACCAACAATCT,TTATATTTATTTGCT,0.017441467461010874,0.0,441,1300,1402,1566
ACCTCAATTGCACGTTCATGGCCATGGC,GTCACCGGCACTAAC,0.018251933875231604,0.0,354,1086,1105,1288
CGCACATGTCCATTCTCACGTCCAGGAC,CTACTTACAACGGAA,0.00267618269652156,0.0,521,1264,1278,1188
GAATCACGGACAATTCCAGAGCCATCTT,CCAGGATGTACCGCC,-0.0010394250771491066,0.0,554,1413,1135,1130
GGTGCAAGTTCAGCTTCAATCCCATGGC,GTCACCGGCACTAAC,0.02322979311961605,0.0,352,1163,1212,1487
ACTCCACCGCCATTGGCAACACCACCAA,TCTTGGAGGTGAATG,0.05396335739838202,292.8098674111461,148,618,1020,1572
GCACCAGTGTCATTTGCATCGCCATAAG,TCTTGGAGGTGAATG,0.0160886178574463,0.0,327,934,835,1115
AAGCCAGTAACAAGCGCATTCTCACGTA,TCAACAACCTATGCA,0.0005229682977486051,0.0,407,908,921,870
GAGCCAGTGACACCAGCATGAGCACTTA,ACAGTTGACGGACAG,0.01188880710081109,0.0,326,856,902,980
GGGGCAAAATCAGCGGCAGGGGCATTAT,TCAAAACGGAGTGTT,0.008524218675278512,0.0,354,948,804,962
GAACCACGTTCATGCGCAGTCGCAGTGC,AGTGTTAATCAGACC,-0.005368231228241496,72.92203423039177,460,884,851,824
CTCCCATGAACAATAGCAACGGCATGGA,CGATGATGATGATGA,0.004505340255037431,0.0,384,899,713,925
CAAGCAGGTACACTCGCAACGGCAAAAG,TTAGTCTTTCCATCA,0.005764349016133014,0.0,317,827,811,793
GCGGCAGGGGCAAACACAGTAACAAGTG,AGTGTATGATAATAT,-0.0006579731048727671,0.0,364,786,780,751
CTCGCATGCCCATCTACAGGTTCAGTAT,CTCGCTAATACTCCT,0.012753172114564656,0.0,282,767,792,870
AACGCATGTTCAACAGCAAGTACACAGC,ACAGTTGACGGACAG,0.008678959104944777,0.0,315,692,840,860
GGAACAGTTTCACTGGCATAACCATGGC,TCTTGGAGGTGAATG,0.010951782820820544,0.0,285,778,767,833
ATAGCAAAAGCAGAACCACGGGCACCCG,CCAGGATGTACCGCC,-0.005967299671254267,0.0,399,812,706,702
GATCCAATCCCAAATGCATTAGCAAGTT,TTAGTCTTTCCATCA,0.011940399317508723,0.0,278,728,692,837
GCTCCATCACCAGCAACAGGTTCAAAAA,ACAGTTGACGGACAG,0.011494709411363145,0.0,274,712,577,814
AATGCATTCTCATCGCCACCACCACAAA,GAGTGCTTCAAAGTT,-0.012668987493802556,0.0,385,794,561,554
GACACAGATCCATACTCAGATGCAAGTA,TCAAAGCATGAAAAA,0.04289161415105299,617.7139113586331,142,475,711,1082
CAACCAGAAGCAAGACAGGATCACCTG,GTTCAGCTTTGATCG,-0.018640913894135674,0.0,409,753,581,492
ATGTCACTGACAATAGCAAAGGCATACA,TCTTGGAGGTGAATG,0.005226518935487097,0.0,273,705,639,672
AATCCACCGAAGGGTCATCCTCAGTAA,CTCGCTAATACTCCT,0.004439620816131799,0.0,292,632,595,702
GGCGCAGTTACATGAGCACGTTCAGTAA,CGATGATGATGATGA,-0.005528017970711059,0.0,336,737,532,599
GAGTCAATTTCAGGGCCAGGCTCAAATC,ATTATCAAGTGCCAG,0.005442653441373166,0.0,245,691,644,607
ACATCAGCGCCATCTACAGTCACACGCG,AGTGTATGATAATAT,0.003948746398941752,0.0,290,664,505,687
ATCGCAAAATCAAACCCAACTTCAATCC,TCAAAACGGAGTGTT,0.01406209563162498,29.19725626198033,254,508,569,815
GTTGCACGCACACTAACAGGGTCAAATG,ATTATCAAGTGCCAG,0.0001447539617886722,0.0,282,642,584,596
TCGGCAAGAACATCCACAGCGTCACCGG,GTTGGGCGCTTAAAG,0.003868442991823073,0.0,245,605,625,579
GCCGCAAACACAGTAACAGATTCACAAT,TATATTGAACTTTAC,-0.0018591320940496501,0.0,305,664,514,607
GTCACAGTAACAAGGCCAATCACACAGA,TCTTGGAGGTGAATG,0.0048959377135755775,0.0,247,622,604,602
GGTGCAAAAGCAGCACCATCGTCAAAAC,TCAAAACGGAGTGTT,-0.005040047188538507,0.0,288,621,510,521
ACGACAGGTGCAAATACAGGGCCACTAT,CCAAGACCGTGTAAA,-0.013447314696714082,0.0,313,671,520,440
GACCCACTAGCATACGCACTTACATAGT,CCAGGATGTACCGCC,-0.0013575222182682066,0.0,295,523,549,596
AGAGCATCCACATATGCATTGACACGGG,ACAGTTGACGGACAG,0.010395315068548398,0.0,215,577,536,618
GCATCAGGTGCATCTTCAGGCGCATGGA,TATATTGAACTTTAC,0.003239120163218464,0.0,257,573,496,596
GGCACATCGACATTTGCAGTTACATGAA,TATATTGAACTTTAC,-0.008246682310981926,0.0,283,627,497,465
GGAGCAAGGGCAAAGTCAGATTCAAAAA,AGTGTTAATCAGACC,0.008934292752618884,103.12040037021461,217,503,553,597
TAAGCAGAAGCAACGTCAACAGCAACGG,TATATTGAACTTTAC,-0.001134555946574996,0.0,236,643,513,480
CCGTCATATACACCATCATTGACAGCGA,ACAGTTGACGGACAG,0.006949313705936049,0.0,228,520,485,591
GTGGCATATGCACGGGCAAAAGCAAATG,GTCACCGGCACTAAC,0.007279695393361508,0.0,212,601,502,555
TTGACAGGAGCACGATCAGTGGCATCGG,ACAACCTACCTGCTA,-0.0015627798499178171,0.0,252,541,531,506
CGGCCAGGCACAGTAACATGAACAATTA,ACAGTTGACGGACAG,-0.005685808421813654,16.1382293454717,257,543,537,456
CGCACATCGGCATCAGCAAAATCAAGAG,CTCGCTAATACTCCT,0.00648962498313524,0.0,212,505,554,542
GGTTCAGGGACAACATCAGGCACAGGGT,ACAGTTGACGGACAG,0.025284008282331766,12.328866236087379,142,472,534,638
TCGGCAATTGCAATCACAGCGGCAGTTG,AGTGTATGATAATAT,-0.007348813277100716,0.0,266,528,429,449
TGTCCACAATCAACTCCAATGTCAGAGC,CTCGCTAATACTCCT,-0.010427250415173511,19.309762394032987,256,505,460,394
CCAGCATGGCCATATGCAGTGCCACGAA,AGTGTATGATAATAT,0.0011585856321244317,0.0,207,526,439,451
AGGCCAGAAACAGCACCAATTTCAGGAT,ATGGCGATGGTCTTG,0.006533876040596483,0.0,200,392,424,512
AGATCACTAACACAACCAGTTCCAAGCG,ATGGCGATGGTCTTG,0.004316388736956464,0.0,210,415,447,503
GGCGCATGTTCACGATCACGTGCAAATA,TATATTGAACTTTAC,0.012728678318557249,5.311772909764841,169,463,409,521
ACGGCAGCACCACGCGCATTGACACAAA,CTACTTACAACGGAA,-0.02130040712877269,51.57774273994846,262,581,327,291
AAGCCAACAACACCGGCATTACCAACTC,TATATTGAACTTTAC,0.001184101423645807,0.0,194,401,403,423
ATCTCACACTCAGGCCCAAGATCATCGT,TCAGAGCATTGGCCT,0.015688761215756426,0.0,149,371,395,502
CACTCATGATCAATGCCATGGTCAACTC,CTCGCTAATACTCCT,0.006836319247452317,0.0,168,393,412,434
GATCCATCTACATACCCAGCTCCACAAA,TTATATTTATTTGCT,0.014727750284889395,0.0,139,393,419,455
GATCCACGCCCAGTGTCATATTCAGGAC,ACAAGTTTTACAGTT,-0.03775180915263793,0.0,264,517,258,179
GGTGCAACCCCACGCTCACACACACTTG,TCTTGGAGGTGAATG,0.006566412239698345,0.0,176,400,338,451
ACAGCACACACAGGGGCATTCTCATAGG,AGTGTATGATAATAT,0.010123374032242559,3.7137928143874888,141,409,360,402
CCTGCATGGCCATGTTCATTGACAGACA,CTCGCTAATACTCCT,-0.0024932345912041264,0.0,169,371,412,330
GTCGCATAGACAACAACAGCTGCAGTCA,CCAAGACCGTGTAAA,-0.012589504675796092,0.0,217,378,341,313
CCTCCAGGTGCAGTTCCAATAACACACC,GTTGGGCGCTTAAAG,0.001221455246982828,0.0,175,351,315,382
GGTACAGACACACCCTCAGCCACAAATG,CTCGCTAATACTCCT,0.0020183146947993914,0.0,157,334,359,351
CCGCCACCGACACAGCCATATCCAAGTT,CTCGCTAATACTCCT,0.02452457968308037,12.300357098104541,97,318,387,426
TTCCCATCGACAATAGCACAATCATTGT,CGATGATGATGATGA,-0.0021716730788289653,0.0,176,394,295,347
TGGTCACGAACATGCGCACGGACAGCAT,ACAACCTACCTGCTA,0.006475955377311818,0.0,144,361,307,368
GGGCCAAGGGCAAACGCAAGGGACAATAT,TTAGTCTTTCCATCA,0.006040503941951029,0.0,134,363,319,338
CACGCAGGCGCACAAACAGGTTCAATAG,TCAAAGCATGAAAAA,-0.04848635359282492,0.0,289,387,220,142
TCTACACACACAGCGGCATAACCACCGC,GAACTCAGGTTCCAT,-0.03315692851639618,0.0,239,347,275,186
TCGACATAGCCAGCCTCAGCTACATCCC,TATATTGAACTTTAC,-0.012861066218744957,12.54860373700103,202,359,273,289
GACCCATGCGCACTTGCACAGGCAAAAG,TTAGTCTTTCCATCA,0.015165642840960501,0.0,120,315,304,398
GGGCCACCAACAGCTCCACAGACATCAA,ACCACCGGTCCTGCC,0.011149224843402195,0.0,117,348,311,344
GTCACACTGTCAATTCCAGGGACACGTG,GTCACCGGCACTAAC,0.010286835803594218,0.0,126,335,323,361
AGAGCAGACGCAGGACCAGATTCAACGG,TCAAAACGGAGTGTT,0.012894497712606276,6.0745081930040215,112,311,342,347
TTTGCACGAACACTAGCAACCCCAAGGC,TATATTGAACTTTAC,0.003802867245615153,0.0,145,306,291,342
AGATCACAAGCAGTAGCACCACCAGTTA,ACAGTTGACGGACAG,0.011402732071393284,0.0,107,360,283,317
AGAGCAAGGGCACGTACACGTGCATAGG,AGTGTATGATAATAT,-0.0008117393755551803,0.0,149,302,285,306
AGAGCAACTCCACTTCCAAAACCACGGC,TCTTGGAGGTGAATG,0.0067911092400697376,0.0,119,342,280,307
TACCCAAAAACAAGAACATGCACATCGG,ATGGCGATGGTCTTG,-0.005064663786166671,0.0,156,317,277,282
TCTTCAGACGCAGAGACATAACCACAAG,GTTGGGCGCTTAAAG,-0.01143071602128165,6.774336827043953,152,337,301,227
GGCGCAGAGACAACGTCATTGGCACGAC,AGTGTATGATAATAT,-0.009998080104208492,0.0,161,318,282,251
ACGTCACAGGCAATACCAGTTACAGGCA,CTCGCTAATACTCCT,0.0054107018183560856,0.0,141,251,288,349
ATAGCAGCCGCACGCACACCTCCACCGG,ATGGCGATGGTCTTG,-0.0019119492578274933,0.0,154,282,250,306
CCAACATGCACATCGCCATCGACAGAAT,CTACTTACAACGGAA,0.0062275951721162855,0.0,123,288,297,312
GCCTCAAGTGCACACCCATCCTCAGGTC,ACAACCTACCTGCTA,0.005796615865475848,0.0,125,292,271,313
GGGACACTTGCAGCTGCACACCCACACA,TATATTGAACTTTAC,0.012743491338098335,0.9483526537314901,95,320,278,293
GAACCACCAGCAACACCAGACGCAATAA,GTTGGGCGCTTAAAG,0.009971405302476822,1.4829570817742024,105,304,262,298
TTGCCATCCGCAGGCTCATATGCATCAT,ACCACCGGTCCTGCC,-0.004247343213689389,0.0,156,312,231,289
GGCCCAAAGTCAACCGCAGCTCCAATTC,AGTGTTAATCAGACC,-0.04467152972820706,3.560803179237382,216,369,156,119
CTGCCAGGTCCAGCGACATGCGCATCAT,TTTATAAATCAATAG,0.01335708061982667,0.0,106,263,281,333
CTGGCACGACCACCAACAATGCCAATGC,ATTATCAAGTGCCAG,0.008830200402416761,0.0,101,316,278,277
GCAACAAGGACACACGCAAATGCAAGAA,GTTCAGCTTTGATCG,-0.01376528213160603,0.0,158,352,212,220
TGTCCATATGCAACTTCATCGCCAGCAG,GTTCAGCTTTGATCG,-0.04133799622078781,19.682644529589652,248,328,206,151
GCAACACTCTCACAATCAACAGCAGTTT,ACAACCTACCTGCTA,0.00395975335176694,0.0,119,249,275,282
TATCCAGCGACAAGATCAGTACCACACC,GTTGGGCGCTTAAAG,-0.000815897362429633,0.0,131,276,244,269
AGGTCAGAAGCAGTTTCAGCAGCATATA,ATGAAGTTCATAATG,-0.030561126337099568,0.0,189,287,182,159
GATTCATATTCACAGCCAAACGCAGGGG,GGTTGCCCAGAAGTA,-0.00571572615007486,0.0,110,323,259,195
AAAACACCCTCATAACCATGACCAGAAA,GAGTGCTTCAAAGTT,-0.009293554482126343,0.0,130,274,252,207
GAGTCACAACCACTAACATGGACAAGTG,TAACCTCGCGCTGAG,0.0017270119115484195,0.0,111,288,225,246
GTGACACGGGCATGCGCATAACCTAGT,CTCGCTAATACTCCT,0.004116986347704898,0.0,105,247,232,250
AGTGCAAACCCAACAGCATTTACACAGG,TATATTGAACTTTAC,0.00630991103230499,0.0,105,254,210,267
TTGACATCATCACGGACAGCCGCACATT,CGATGATGATGATGA,0.010117655007894064,1.3706694909342332,87,281,220,248
GGATCAATGTCAGCCACATGCACATCCA,ATGGCGATGGTCTTG,0.01386634192569417,0.33278755271749105,79,276,204,252
TGCGCAATCCCAGTATCAGCTCCATAAA,TTTTGCATTTAGGCG,-0.01326327142217938,0.0,133,263,220,188
CCGCCATGCGCAACATCAGAAGCAGACT,ACAACCTACCTGCTA,-0.004122704022196573,0.0,121,247,195,225
ATCGCAACAACAACTGCATTGCACGGG,TTTATAAATCAATAG,0.006272436791895627,0.0,100,229,222,254
ACACCAGTGTCAAAGACATCGTCATTTC,TCAAAACGGAGTGTT,-0.00047141432877344523,0.0,107,267,220,222
GTAGCAAACCCAGCTGCATCGACAATCG,TCAAAACGGAGTGTT,0.01646705252128902,10.235740410523249,78,198,230,269
TTTACAGGAACAATAGCAGAAGCAAGAA,TATATTGAACTTTAC,-0.0026704726337914765,0.0,104,272,208,202
CCTGCAGGAGCACGTTCAGTGCCACATA,AAAAGAAAAATGTAT,-0.004681865180110614,0.0,105,240,215,192
AGAGCAATACCACCAACATCCCCACCAG,ACAGTTGACGGACAG,0.02742525088218244,13.171098964117846,67,188,201,321
GCGGCAAGGGCAGGATCAGAAGCAGATT,ATGAAGTTCATAATG,-0.025047531858703148,0.0,135,265,203,134
TACGCACAACCACAGCCAATCGCACCAA,GTTGGGCGCTTAAAG,0.001177796650914035,0.0,100,245,203,218
AGACCAGGAACAGCATCAGCAACAGCTA,TGATCATCACGGGAC,-0.011754349178231779,0.0,119,255,187,176
CCCACAATTTCACGAACAATGACACTAA,GTTGGGCGCTTAAAG,-0.0035424533884320635,0.0,102,257,174,193
GGCTCAGGGTCAATCGCAAGGTCAGGAG,ATGGCGATGGTCTTG,-0.00707039814365847,0.0,94,197,216,160
GCCGCAGGAGCACCGCCACAGCCATGGC,CATATGCATTCCTTG,-0.07246534672987094,0.0,234,206,109,56
TCCACACGAACAACAGCAGATACACGAT,AAAACATTATCAAAG,0.05053448337672244,94.61310470992277,36,121,217,345
AGTCCAAGTTCAAAGCCAGGAGCAATGT,TCTTGGAGGTGAATG,0.014707859474376821,0.0,70,199,204,229
AGATCATGTCCAGGTCCAAGGACAGTCG,AAAAGAAAAATGTAT,-0.0020475302014722804,0.0,95,199,191,188
CTCGCAAAGACAGGAACAGCATCAAACG,TAACCTCGCGCTGAG,0.003816006123725065,0.0,89,225,183,210
AGTACATCAGCAACTGCAGCGACAGTGA,TATATTGAACTTTAC,-0.010455995685962715,0.0,106,248,165,163
TCTGCATCGCCAAGGCCAGTCGCAATGT,GTTGGGCGCTTAAAG,0.006787407524320669,0.0,88,156,180,227
AGGCCACGACCATGAACAAGGCCATATG,ACAGTTGACGGACAG,0.027174239272716602,4.898170308166755,49,180,211,233
TTCGCAAGCGCAGATGCAAAGGCAGTGA,GTCACCGGCACTAAC,0.014110594756025593,0.0,75,154,222,241
TTAACAGAGGCAGTGGCACGACCAAAGC,TATATTGAACTTTAC,0.003904931150849963,0.0,82,221,172,194
TCCTCATAGTCAAACCCAGCGGCAACCA,ACAACCTACCTGCTA,0.004269788736536118,0.0,74,205,200,177
TGAGCAACGGCACGAGCATCACCACAGA,ACAGTTGACGGACAG,0.003968508002725545,0.0,81,167,181,192
CTGCCAGTCCCAGCGGCAAAACCATAAG,TCAAAGCATGAAAAA,-0.04635393807328764,0.0,168,239,96,88
TTACCAGCTCCAGGTGCAGCACCAATAC,GTTGGGCGCTTAAAG,-0.004332703909078479,0.0,92,238,140,170
TGAACAACAGCAAGTGCACAGTCACCAA,GAGTGCTTCAAAGTT,-0.004346547613852804,0.0,85,217,170,157
AATACAGATGCAGTACCATAGGCATGGG,CAAGTTCGGCGAAAT,-0.02341060936243361,0.0,141,180,129,147
CAAGCATGGCCAGGGACAGAAACATCAA,GAACTCAGGTTCCAT,-0.02298106643410473,2.0261338783552674,107,221,150,113
ACGTCAATAGCAATTACATTGACAGCCA,ACCACCGGTCCTGCC,0.009296982988627888,0.0,64,196,191,178
AAAGCACGAGCAGTGGCATAGTCAAACA,AGTGTTAATCAGACC,-0.08836870976708751,2.268152691950718,202,227,109,30
AGCTCAACGGCACGGGCAACTCCAGCTT,TCAAAACGGAGTGTT,0.005307589101107534,0.0,77,184,173,190
GGAGCAAGGACATCTGCACTAGCATTAG,CGATGATGATGATGA,-0.007570767968387433,0.0,99,173,170,166
AATTCACTGTCACAAACAAAACCATGGC,ATGAAGTTCATAATG,-0.02510136042644981,0.0,111,182,141,110
AAAACAAAACCAGAGGCACAATCACGAT,TCAAAACGGAGTGTT,-0.001896203705653103,0.0,83,194,163,165
GTGTCACTGTCAGTGCCACCTACAGCGC,TCAAAGCATGAAAAA,-0.05023359459313361,0.0,163,214,120,76
TAGGCATGCTCATAAGCACCCGCAGCTC,ACAGTTGACGGACAG,0.010881681147594574,0.0,60,221,144,175
TGTTCACCTACATGCACACGGCCAGATT,CCAGGATGTACCGCC,-0.05125597956851327,44.65478705102669,115,179,113,52
ACCGCAGTCTCAAGCCCAAGTGCACTAA,AAAAGCGACATTTCT,-0.014286876742415326,0.0,89,198,174,122
CTTGCAGCTGCATGCGCAATCGCAACGA,TATATTGAACTTTAC,-0.02167240740186405,15.14512603355979,122,172,127,134
ACACCAGGGTCAGTTACACCATCAAACC,TCAAAACGGAGTGTT,0.0011012562422356997,0.0,80,168,164,174
CTAACATTGCCATCGGCAGATACACCAG,ATGAAGTTCATAATG,-0.0303408798771969,0.0,111,233,122,94
AATACAGTAGCACCGCCAAGCGCATATT,GTTGGGCGCTTAAAG,0.005183087876139917,0.0,72,171,169,177
ACAGCATCGTCAAGGGCAACTGCAAGGG,GTTGGGCGCTTAAAG,-0.006256765981027624,0.0,86,179,148,150
CGGTCAAATTCATCCACACATGCAGGAG,ACAAGTTTTACAGTT,-0.017707007099830464,7.480958154841574,97,199,124,120
GGGGCAACCGCAAGTGCATTAGCACGCA,GCTGCTTATGAGGAT,0.016590738501173544,0.0,52,131,119,180
GTTTCAAAGGCAAAGCCAGGATCAGGTG,ACAACCTACCTGCTA,0.00158654253665403,0.0,58,160,196,128
CCCGCAGGTTCAAGGGCAGGGGCAGGTA,TATATTGAACTTTAC,0.0045584939060389,0.0,63,148,179,152
TCAGCAAGATCACTAGCAAACTCACCAA,TCTTGGAGGTGAATG,0.020021022914858213,7.922171038520901,49,118,169,188
CCACCAAGATCACTAGCATAACCAGGAG,AAAAGCGACATTTCT,-0.009626747793766051,0.0,85,143,146,134
TGGTCATAAGCAATGTCAGCGCCATTAA,TCAAATGATGAGGAT,-0.028684159784317608,0.0,100,184,129,89
GGGGCAGATTCAGAAGCAGAGTCAGGAG,ACAGTTGACGGACAG,0.017683732595273255,0.0,52,120,159,186
AAATCAACCTCAATCTCATAGGCAGCAC,TCAAAACGGAGTGTT,-0.004382451037124706,0.0,71,164,150,131
CGATCAAAACCATTTACACACACACGGT,AGTGTTAATCAGACC,-0.009991328137675176,32.54599007814761,59,198,150,92
TGATCAAACCCAAGTACACGGTCAACGT,TATATTGAACTTTAC,-0.009334322082793424,0.0,83,140,118,132
CTATCAATGTCACCAGCAGTGCCAGAGG,AGAAGACGACGATGA,-0.03326597346462948,1.1347792839869726,107,179,120,83
AGTTCAGTTACACGCCCACAAGCATACA,AGTGTTAATCAGACC,-0.06039438690916441,0.0,128,172,86,44
AACTCACAGACAGAAACACAGACACGAT,ACAACCTACCTGCTA,-0.009808434849580798,3.9361061502138455,81,152,109,127
GTGGCAAGCCCATACTCAACAGCACGTA,ATGAAGTTCATAATG,-0.019424094322581808,0.6197005923163488,80,171,103,94
AATACATCCGCACAAGCAGCCCCACAGC,ATCGTTGGCATTTGG,-0.009071693340684651,0.0,68,174,113,109
TTCACAAATACAGGCACAGCGCCACTCA,GTTGGGCGCTTAAAG,0.02642920807752297,20.148430724629407,40,95,142,186
AAACCAGCTTCATGACCATATGCAAACC,ATGAAGTTCATAATG,-0.03116820713454285,0.0,92,136,119,76
TGGTCAACGTCAAGGCCAGGAACAAGGC,AAAAGAAAAATGTAT,-0.006001850939787917,0.0,66,166,95,116
AAAGCAATGACACGTCCAAACGCAAACA,GTTGGGCGCTTAAAG,-0.012910534444494784,2.0218064967828013,77,126,131,110
GGAACATAGTCAAGAGCAAGTTCAACCA,TAGACGGACATCTTC,-0.048164009942519244,1.3428403100736546,129,127,74,64
TGCGCAAACTCAGCGTCATTGACAATTA,TCAAAGCATGAAAAA,-0.04643593893464972,0.0,111,173,66,58
GTCACAAGATCATTAACAATTTCATCGT,TCAAAGCATGAAAAA,-0.04885253643846849,0.0,107,129,82,52
CGGTCAGCCACAGATTCATTCTCAGTAA,ATTAATACTTTGCAG,-0.006290453031225062,0.0,66,126,112,115
GATACAATAGCATCGACAAAGGCATTGT,TCAAAACGGAGTGTT,-0.00036128206999770884,0.0,49,119,148,102
GCTTCACAGCCAACCGCAGTAGCATCAA,CCAGGATGTACCGCC,0.0023038506121782674,0.0,51,109,139,115
CTACCACACACATTGGCAGGAGCAGTAC,GTTGGGCGCTTAAAG,-0.003600073685119328,0.0,63,109,124,119
ATGCCATCCACAAGGACACCTGCAGGGC,TCAAAGCATGAAAAA,-0.03331719793636087,1.6030827789679734,102,139,53,79
GCTTCATACGCACTAACAAGGACACGGG,TGATCATCACGGGAC,-0.02943679265787648,4.6772631227274815,77,156,94,67
TCCTCACGCCCAGTTTCACCGACAGGCG,ATGGCGATGGTCTTG,0.016229642665742807,1.90275648781153,33,103,126,113
TTGCCACCGGCAGGCTCATTGCCAGAGT,TTTTGCATTTAGGCG,-0.021834783041902676,0.0,86,134,87,94
GATGCAAATTCACCTGCATGTACAGTAG,ACCACCGGTCCTGCC,-0.002864503884163365,0.0,58,118,109,112
AACTCAAGAACATGCGCAACGACAACCC,AGTGTATGATAATAT,0.00023252580583982505,0.0,42,99,99,89
ATAGCACAATCAATGTCAAGATCATTAG,TCGATAGAATTTACT,-0.006735825547918466,0.0,57,114,124,98
AGTACAGCGACAAGGTCATTAGCACAAA,TTTTGCATTTAGGCG,-0.019594341550609806,0.0,71,122,115,83
GCCCCAACGCCAAACACAGCATCATTTT,TCTTGGAGGTGAATG,0.0029639381887175916,0.0,50,108,130,115
TCTACAGGGACACAGTCACCGCCATCAC,AGAACATCATCTACA,-0.03154092812561577,0.0,71,153,71,58
GCAACACAGGCACTTTCAGACACATACA,AAAAGAAAAATGTAT,-0.036970159661939096,0.0,85,127,107,59
TGGGCAGATCCACGGTCATTGGCAAGTTC,TATATTGAACTTTAC,-0.009688994932925877,0.0,68,105,100,107
ACGGCAATCACAGGTTCATAAGCAACAA,AGTGTATGATAATAT,-0.01508233761715433,2.474581355802002,65,116,108,87
CGGCCAAGTGCAATGTCAGGGGCATGCT,ATGGCGATGGTCTTG,0.007118090437820909,0.0,38,128,81,99
GTTTCAACGGCAAACTCAATCCCACCGT,ACAAGTTTTACAGTT,-0.03396980891728327,0.0,79,140,72,60
AGTACACAGTCACGAGCATCTTCATCAA,TTTTGCATTTAGGCG,-0.019588163562762755,0.0,65,144,68,76
ACGACAAACACAGAATCACGATCAATTG,CTTGATCAATCAAAA,-0.015962774228677826,0.0,56,139,94,73
GCGTCAAGGTCAGCATCAGGAACATACA,CTAAGTGTGAAGGAG,-0.011096401714905203,0.0,59,126,89,89
GCTTCACAGACAGCCGCATAGGCACCTC,TTTTGCATTTAGGCG,-0.019580730552734536,0.0,59,118,105,69
GATCCATCCTCAGTGACAGGCACAGAAT,TCAAAGCATGAAAAA,-0.05304296125535932,0.0,84,113,74,36
TGTACAACTCCAGAGGCACTAGCAGTCA,TCAAAGCATGAAAAA,0.0006049691591106729,33.57494831416989,49,127,71,105
CAGGCACAGGCAGTAACAGCATCATGTC,TTTTGCATTTAGGCG,-0.013583958021745437,0.0,50,125,101,70
ATTGCACCCACAGCCCCATACACAGGAC,CAAGTTCGGCGAAAT,-0.01985236573851011,0.0,50,131,84,58
AAGGCATCGCCAACTCCATTTCCAAGCC,TCAAAGCATGAAAAA,-0.05304296125535932,0.0,91,116,66,39
TTTCCATTGGCAGCAACATTCCCACGAT,TCTTGGAGGTGAATG,0.008697860910573703,0.0,41,90,84,112
GCTGCATAGACAACGGCATAATCACCAA,ACAAGTTTTACAGTT,-0.02847796781474807,0.0,67,124,62,60
CAGACAAACACACGGGCACAAACATCTC,AGAAGACGACGATGA,0.0048993982205429555,7.102443461913026,32,100,100,78
CTCGCATTCACAGGACCATATGCAACGC,TCAAATGATGAGGAT,-0.02324903205462278,0.0,63,95,90,66
CTTCCAGGGGCACGATCAGCTACAGGTT,TCAAAACGGAGTGTT,0.019809805488665126,8.499243871477347,32,72,93,122
TACTCAAAGTCAGAAACAGTCACATAAA,GTTGAACTGGTTGTT,-0.018262536611576213,0.0,60,108,70,73
CACGCATGTCCAAAACCAAACCCACCAC,TAACCTCGCGCTGAG,0.026643571088532648,7.124229697932037,25,84,95,117
TATACACCGCCAGGGGCACTAGCAAATG,GAACTCAGGTTCCAT,-0.038119698864311415,0.0,85,95,63,57
CACCCACCTACAATCACAGTTACATCTT,CTAAGTGTGAAGGAG,0.014899821050851645,0.0,31,81,106,102
CCTTCACAATCAAGGGCACCCGCACGTT,GCTAATTTCAAGAAT,-0.05653332639166034,0.0,57,141,47,22
ACAACAAGTTCAAAGCCAAAATCAGCTT,GTTCAGCTTTGATCG,-0.050055889299036406,6.999367622350064,64,113,89,30
CCCACATGGGCACGTCCAGACGCAATTA,TCTTGGAGGTGAATG,0.009612397528444415,0.0,26,94,78,73
GATACAACAGCACCTGCAGCAACACGGA,TCAAAGCATGAAAAA,-0.07922285839573144,3.8771886875784958,87,109,60,17
ACATCAAGGGCAACAGCACTGCCAGCAA,GTTGGGCGCTTAAAG,-0.0003340600731125548,0.0,36,99,81,75
CATTCAGATCCACCAACAGCTGCAAGAC,AGAAGACGACGATGA,-6.845441813997423e-05,2.975136880887362,40,108,56,84
GTACCAGTCTCACAGACACTCGCAGTAT,CTCGCTAATACTCCT,1.4983255797317019e-05,0.0,38,79,88,80
AATACAATGCCAGCAGCATGTACAAAAC,ACAACCTACCTGCTA,0.015701055441298156,1.8833922864041597,27,78,89,91
CCTTCAGAAACATGCGCACCTGCAAAGC,ACAACCTACCTGCTA,0.008484595094585027,0.0,35,72,89,95
AAAACAAGTGCATACGCACTCTCATTCA,TCGATAGAATTTACT,0.014639289980753213,3.9277593552451435,34,59,86,111
CCATCAACGTCACACGCAGCCCCATAAC,AGAAGACGACGATGA,-0.015566806464618122,0.0,47,88,71,62
TATTCACGCCCAAGAGCAAATCCACTGG,TCAAATGATGAGGAT,-0.023438966091777372,0.0,48,104,70,50
ACCTCATTTCCACCCGCACGGTCACAGA,CCAACACAGGCTTCG,-0.026570026752917492,0.0,58,101,66,55
TCCTCATCGTCAAATCCAACGGCATGGT,TCAAATGATGAGGAT,-0.029167307989332664,0.0,57,108,49,50
CTTACAGTCGCACAGCCAGGTCCACCCA,TAACCTCGCGCTGAG,0.015789355713684058,2.248456357128248,29,79,66,98
ACAGCACGACCAGCAGCAAACTCATATA,TATGCCCTTCTTCTG,-0.0013181413819899253,0.0,44,85,49,89
GGAACATGGACATTACCATGCTCAGGGG,ATTATCAAGTGCCAG,0.017134968277421187,2.5833809387127076,27,76,77,95
AACACAGACGCAATCGCATAATCACACA,GTTGGGCGCTTAAAG,0.004994229958284002,0.0,36,82,72,88
GAGCCAACCGCATCTCCATTTGCAATTG,TTATATTTATTTGCT,0.012697953990396907,0.0,25,96,79,77
AGTGCACTAGCATAAACAGATGCAGCTA,AGTGTTAATCAGACC,-0.18105869623660276,39.04736404064596,102,38,7,1
CTACCAGGTGCAGGGACATACGCAAACT,TATATTGAACTTTAC,0.0025302636308504197,0.0,37,77,64,84
GCTGCATTGTCAAGACCAGTATCAGGAA,ATGGCGATGGTCTTG,0.002823389842753106,0.0,31,68,94,71
AGTACAACTGCAAGGCCACAGCCATTAG,CTCGCTAATACTCCT,0.016425721662511706,0.13160812670162159,27,90,63,93
TACTCATCCCCAGAAGCAAATGCAAAAC,TCAAATGATGAGGAT,-0.022020312277817488,0.0,46,103,62,50
ATAACAACGGCACGTGCAGCGTCACCTT,TCAGAGCATTGGCCT,0.005913828508911641,0.0,39,55,72,98
GGAGCAGTTGCATAGACAAAACCATCAT,TCGATAGAATTTACT,-0.017206901546762146,3.8081546003575113,43,88,72,54
CAATCAAACGCAGTCCCACCTTCACATG,CAATCTTGAATTGAT,-0.028725800430998687,0.0,45,87,51,40
CTCACAAGTGCAGCAACACCTACATCCA,GAGTGCTTCAAAGTT,0.021755539029395355,10.418300698816324,24,78,62,97
TACGCAAGGCCATCACCATCGCCACCGA,ACAGTTGACGGACAG,-0.0006996944521316569,1.91411301610583,33,85,78,68
CGCTCAATTTCAGATCCACCTGCACTGT,GAACTCAGGTTCCAT,-0.04149220883953554,0.0,66,73,53,40
GGGGCAAAAGCAATTGCAGTGTCAGCTA,ATTATCAAGTGCCAG,0.002640311051152219,0.0,36,60,77,82
GTCGCAGGAACAAATACAACACCAAGAA,ACAGTTGACGGACAG,-0.002824844946310426,1.2194287636616536,45,72,54,87
CCAGCAGAAGCACCAGCAGAATCAACGT,ATGAAGTTCATAATG,-0.04254025970069619,1.2644581832374797,63,75,61,37
TGTGCAGAAGCACCGTCATGATCAAAGG,TAGACGGACATCTTC,-0.03679979037683276,0.0,43,104,59,30
ATAGCAAAAACAGGACCATCGACACTTA,ACAGGGCAGCTCCCG,-0.04911686006681321,0.0,56,95,48,27
ATGACAAAGTCAATCCCATACACAGCTT,AGAAGACGACGATGA,-0.03127156639048447,0.33767641509427904,51,81,59,42
ATCCCAACTTCAACCTCACCTGCACTGA,AGAACATCATCTACA,-0.036015440463159666,0.0,56,90,49,40
TATGCAACAGCAAGAGCAGCAGCATATG,TCAAAACGGAGTGTT,-0.006625464226341765,0.0,40,51,72,69
GGGGCAGTGGCAGTACCATAATCACTTT,TCAAAGCATGAAAAA,-0.049265338411792564,0.0,50,90,56,24
GTTCCAAGAACAAGGACAGCCTCAATAG,ACAGGGCAGCTCCCG,-0.05509489102200712,0.0,67,79,47,27
ATTCCAGGTCCAAGAACAAGTACATGCC,TTATATTTATTTGCT,0.026131796696978012,0.0,23,50,60,106
GACGCACTACCAATTCCACAACCACGGC,TCAAAGCATGAAAAA,-0.04182722003465225,0.0,45,95,26,27
TGCGCAGCTTCAAAGTCAACCTCAACAA,CTAAGCAGTCTTCTC,-0.0621250574384479,0.0,60,107,34,9
TGGCCACTGGCATTTGCAGGGCCATCCT,TCAAATGATGAGGAT,-0.025643626175262186,0.0,40,78,63,39
GTACCATGTTCAACAACAGGACCACGTA,GAACTCAGGTTCCAT,-0.046444517839170994,1.6334672737086748,67,69,46,35
TTAGCACGCTCAAAGACAACTTCACCGC,ATAATTTTCATCCAC,-0.031019231095132938,0.0,47,55,74,39
ACATCAAATTCATGCACAAGTGCAGTGG,ACAGGGCAGCTCCCG,-0.06738838324635567,0.0565056455881745,61,78,60,17
CGGGCATATCCAGCGACAGGATCAGTCG,TCAACAACCTATGCA,0.0075956535251796645,0.0,28,63,64,74
GCTGCACAGTCAGCACCATAATCAAGAA,AGAAGACGACGATGA,-0.03668886404041031,1.0635511646780174,60,67,51,42
GTTGCACAGCCATGAGCATGCCCAGGAA,TCAAATGATGAGGAT,-0.034090145991419886,0.0,37,98,45,28
CGCTCAGGCCCATACTCATCTCCAAACA,ACAAGTTTTACAGTT,-0.06602512014741674,5.864156424052567,62,89,42,18
ACTGCAACACCAAAGTCAGCATCAGAAA,CGATGATGATGATGA,0.029725474782596583,2.7674027773764465,15,79,51,77
GCGCCAAATTCAGCTCCATCGACAACTC,TCAAATGATGAGGAT,-0.02034865282163514,0.0,35,80,55,40
GTCCCAACACCAACCCCAGGGGCATTCC,AGAAGACGACGATGA,-0.030368168731224776,0.0,39,77,55,33
TTAGCATTCTCAATCGCAGGTACAGTCA,CTATCAAGGCTTAAT,-0.08111571991270712,0.0,65,61,25,12
GTTGCAGCAGCAGGTCAAAACCACTAG,TATATTGAACTTTAC,-0.03289790519613222,9.520782675916962,51,59,60,40
GCGGCATATCCACTGCCAGAGGCAGAAT,GTACAAGAAATTTTG,0.038851717587028746,0.0,16,33,53,108
GACGCACTATCAAGAACATACTCAGGTC,CTCGCTAATACTCCT,0.009830069223097038,0.0,23,57,54,65
ACAGCAGAAGCAGCACCAAGGACAGATA,ACAAGTTTTACAGTT,-0.03438910165751192,0.0,36,81,42,27
GGCCCACTTACAACTCCAACATCACCTC,ACAAGTTTTACAGTT,-0.014762862816321812,1.8995343173846777,37,86,28,50
GACCCATGGACACAGCCAATATCATACA,CATATGCATTCCTTG,-0.08788517152078656,0.0,73,59,32,11
CAGTCACATTCACAGTCAGCCGCACTCC,TCGATAGAATTTACT,0.010402056565857918,0.0,24,49,48,69
GCTGCAAAGCCATGATCAACGTCAGTTT,TCTTGGAGGTGAATG,0.0018928955826244959,0.0,22,60,60,49
AGGACACAAACATAAACACTGCCACAAA,AGATTCATCCCATGG,-0.07518982330237715,0.0,55,71,24,7
TATACAACCACATGGCCAAGGCCACTCC,TCAAATGATGAGGAT,-0.05589370036996474,5.877919756020674,61,57,40,24
GGTCCACCAACAGCGTCATTGACATGCT,TCGATAGAATTTACT,-0.012250446867955457,1.5006518009478782,35,58,45,51
CTACCACAATCAAAGCCAAGATCAGCGT,ACAAGTTTTACAGTT,-0.050469973298988315,2.0654820846059465,54,63,31,25
GGCGCACGGCCACAACCATTCACATATG,CTTGATGGCTGAAAG,-0.012910534444494817,0.0,28,56,56,40
GGCACACCTTCAGTAACACCAACAGATC,TCAAATGATGAGGAT,-0.02993805523669447,0.0,35,60,50,30
GAGTCAGCTACACCTCCAGTAGCAAGGG,CATTTATGGCTATCT,-0.02049264152645236,0.0,29,62,47,33
GACCCATGCACACGATCATGGCCAATAG,CTGATTTGTGCTGTC,0.008484595094585027,0.0,21,56,39,57
TTGGCATAGACAGCGGCAAACACACACA,AAAAGAAAAATGTAT,-0.04046648688397706,0.0,48,51,46,30
TGAACATCAGCAAGGGCACCGGCAGTTC,TCAAATGATGAGGAT,-0.05306450431295154,15.850367120410283,53,58,36,5
GGAACACATGCAGGTTCAGTTCCAGGCA,CTAAGCAGTCTTCTC,-0.06054109101149971,0.0,53,69,31,6
TCGCCAAGTCCATAAGCATGTTCAACTC,CTTGATCAATCAAAA,0.0220974223683017,7.351821415697827,12,56,58,49
GGAACAGGTCCAAGAGCATTTTCATAGT,CGATGATGATGATGA,0.01095486083304239,0.9165220683511279,13,46,72,38
CCATCAAGAACACGCTCAATCACAGATG,TATGCCCTTCTTCTG,0.008308693191223576,0.6177439089941572,20,43,37,54
GGCTCAGTTCCACGCACATTAGCACACA,TATATTGAACTTTAC,0.022503106888976842,3.7196560568651194,15,40,47,62
TCCCCAAAGACAGAAGCACACTCACAGC,ACAGTTGACGGACAG,0.005743325153352609,0.0,24,50,29,60
ACTTCAACGACATAATCACCGTCACCGC,TATATTGAACTTTAC,0.011118930073223364,0.48042240412962656,16,43,46,47
CCCGCAGGCTCAGAGACAAGTTCAAGTC,AGTGTATGATAATAT,0.006252240891045586,0.0,26,39,27,66
GCAACATTGGCATGTCCATTTCCAGCAA,CTTGATCAATCAAAA,-0.002583734793193108,1.2620411845304034,19,57,50,37
GGTGCAATACCATTGCCAGTGCCATGCT,TATGCCCTTCTTCTG,-0.024799699242452566,4.956170227065627,26,67,30,26
CAGACAAGTGCATCAACACCAGCATCAC,ACCACCGGTCCTGCC,-0.0016947932237877383,0.0,13,43,74,26
GTCCCATCACCAAGAACAATACCAGAGT,CTAAGCAGTCTTCTC,-0.06841079323079186,0.0,37,62,27,10
CAGGCATGTTCACGAACAACACCACATT,GAGTGCTTCAAAGTT,-0.0002130678047598996,0.0,22,43,35,46
TAATCATAGTCAGTTACAAGCGCAGGAG,GCTAATTTCAAGAAT,-0.052744005589267305,0.0,37,47,42,16
GGTTCATACGCATCTTCAAGACCAAAGG,CCAACACAGGCTTCG,-0.024799699242452528,0.0,22,38,45,22
GGAGCATCCTCACCATCAAAGTCAGTAT,TATGCCCTTCTTCTG,-0.00881392990038969,0.0,26,29,43,42
GAGCCAGTCACACTCACATCAGCATCTC,ACAACCTACCTGCTA,0.006133193145458994,0.0,17,49,35,43
GAGGCAATTACAACCGCACGTTCATCAG,TCAAATGATGAGGAT,-0.03400814513005782,0.0,29,54,25,22
GAAACAAACTCAATTCCAATGTCAAACG,ACAGTTGACGGACAG,0.008920331146830128,0.0,20,34,31,55
GGTACAGGCGCACGGACAGCCTCATACA,TATATTGAACTTTAC,-0.00033406007311252706,0.0,24,30,32,50
TGGACATTTACAGACTCAAACTCACCTT,TGATCATCACGGGAC,-0.014344447280617846,0.0,19,36,34,26
CACTCAGCATCATAAACAATCACAGGCG,TCAAATGATGAGGAT,-0.01489131512685485,0.29956485309537584,26,55,21,35
GCCCCATCAGCAAACTCATATCCACGCG,TCGAAAGCACAGTAG,-0.11234568759583846,0.0,53,53,11,6
CCCACACCGGCATCTACAGGGCCACGGC,ATGGCGATGGTCTTG,-0.012910534444494812,1.892855062868989,28,43,26,40
TAGCCATGTACATCTTCAGCAACAGGGG,CGATGATGATGATGA,-0.046774553538594665,8.917447350329553,29,50,40,15
CGATCAGCGGCATCGGCACAAACATCGT,ACAAGTTTTACAGTT,-0.03438910165751192,0.0,28,49,31,21
TGATCACGTTCAGCTCCACAAACAGGGC,CTTGATCAATCAAAA,-0.027700078475440204,0.6615319325026121,24,50,31,22
CTAACAAAAGCAAAATCACCGCCACCGG,TAACCTCGCGCTGAG,-0.0281924557194506,6.269179260990256,31,45,24,28
TACTCAAAAGCCATCTACAGTTCCACACC,GAACTCAGGTTCCAT,-0.03896247237462805,0.0,26,44,28,17
TCTGCAAGAGCATAGGCAATTTCACAGA,ACAGTTGACGGACAG,-0.009733528451017291,2.7506686322955147,14,42,38,22
CTGACACACACAAGGGCATCCTCAGCGT,ATATTGAGTAAGTAC,-0.07141444567696986,0.0,34,51,16,2
GTCCCACACTCATCCCCAGGCCCACCAT,ACAGTTGACGGACAG,0.00010744748522147536,0.4517998918457806,18,36,30,38
CCGACATCGACAATTACACATCCAGCAA,GCTAATTTCAAGAAT,-0.07697572743248111,10.860331332887256,57,31,24,2
TAACCAGGAACACAAACAGCGACAATTG,ACCACCGGTCCTGCC,0.007295035301661999,0.0,9,29,55,31
GCATCACGACCAAGGACAAATACAAGCC,ACAGTTGACGGACAG,0.043539829245388226,6.707528073832577,9,29,23,64
TCAGCACCGTCAAGGGCACTGCCATGGG,TCAAATGATGAGGAT,-0.02190641665493938,0.0,30,39,38,5
GCAGCAAAAACATATCCACTTCCAGCAC,AAAACATTATCAAAG,-0.07650916106103695,0.0,40,35,17,4
TCGACACAGTCAACTGCAATGTCATCCT,AAAAGAAAAATGTAT,-0.0751741344825998,0.0,27,29,6,4
GACTCAAACTCAAACTCACTTCCAAGAG,GTAATCTGACTCTAG,-0.06841079323079186,0.0,37,42,10,10
TTTCCACGGGCACGCCCACGCACAATGA,TCAAAGCATGAAAAA,-0.07030773097318785,3.3714223603736855,47,38,18,12
ACAGCATGGTCAACACCAGATACAAGCC,TATATTGAACTTTAC,-0.021622693248975044,7.696097894051491,20,59,21,22
GTGCCAGTATCAAACACACCAACAGCGT,ACAAGTTTTACAGTT,-0.04046648688397708,0.0,16,57,30,10
CCCCCACGTGCAAAACCAGGCTCATGGT,ACAGTTGACGGACAG,0.013371377567647556,0.0,14,41,22,44
TACGCAAGTACAATGTCAGTTGCACTCG,TATATTGAACTTTAC,-0.005402314394128548,0.0,19,24,19,34
TGGTCATAGACAGTCACACGGACATCAC,CGATGATGATGATGA,-0.023275892195355263,0.03075876907780639,7,50,36,29
AGTACACGAGCATAGCCATGCACAGGAT,CATTTATGGCTATCT,-0.03036816873122475,0.0,26,39,21,22
GCAACACTAACAACATCAATACCAGGAC,AATGATACCATTTTT,-0.05183070644966351,0.0,36,36,25,16
AGCACACCACCAATGCCAGAGACACTCG,CCAAGACCGTGTAAA,0.022479155991573043,8.900145073743033,8,29,40,42
GTATCAAAGGCAAAGACACCAGCAACAG,CCAACACAGGCTTCG,-0.017878387083177745,0.0,13,53,28,16
CGCACACGCCCAATCCCAGCAGCATCAT,GTACAAGAAATTTTG,-0.00033406007311249697,0.0,12,37,40,25
CTGACAGTCACATAGCCAGATACACTAA,GAACTCAGGTTCCAT,-0.03601544046315966,0.0,14,25,23,10
TACACAGTTCCATTGGCATGCAATAG,GTTCAGCTTTGATCG,-0.019231229753680346,0.0,22,41,23,26
CAAGCAACGGCAATCCCAAAACCACCTA,TATATTGAACTTTAC,-0.0029070480294835234,0.0,14,45,25,27
ATCACAGTATCAGTATCAAGCCCAAAAC,CTTGATCAATCAAAA,0.02423372198213647,10.842612185313328,8,28,31,42
GGCTCATCCTCAAACTCAGTGCCATGAA,CGCGATCAATCCTCT,-0.0701839451803875,0.0,31,35,6,6
GCATCAGTACCACATGCACAGGCAGCGG,CTTGATCAATCAAAA,0.0214101127948771,9.277557958359978,10,25,31,40
CTCACAACTACAGCGTCAACTCCAAAGA,AGAAGACGACGATGA,-0.026601939951461723,0.0,19,49,17,18
GAGTCATCGTCAACAACATGCACAGGGT,TAACCTCGCGCTGAG,0.005226518935487097,0.0,13,28,35,32
TCTACGTACAAGTGCACGAACATAAA,CATCAATGAGGCAGT,-0.1516347489368088,0.0,34,17,5,0
TAGTCAGCGCCAGTAGCAACTACAGTTA,CAAGGATCCCCGTAG,-0.04648595144715756,0.0,23,36,33,12
TGAGCACCGCCAAGGTCACCTACAATCT,GAGAATGAAGGACAG,-0.08232003088081426,0.0,35,35,8,2
CTCACAATGCCAGATTCATAACCACCTG,GAACTCAGGTTCCAT,-0.024799699242452563,0.0,19,30,30,19
TCCTCAGAGCCAAATTCATCAACAGAGT,GAACTCAGGTTCCAT,-0.05868115307439119,1.6590024730293464,15,19,7,6
TCCTCATGCGCAACAGCAGGGGCAAGTG,AGTTTATAAAAAATT,-0.06403264573666673,0.0,33,28,18,1
GTTTCACGTGCACGGGCAACACCAAAGC,TATATTGAACTTTAC,0.016523330321814633,1.0450706454754481,11,28,24,38
TTCGCATGCGCATTCCCACGAACACAAA,CTTGATCAATCAAAA,-0.019071357344897243,0.0,16,33,29,19
AGACCAATAGCAAGCACAGTGCCAGAGG,ACAACCTACCTGCTA,-0.02479969924245254,6.006553996921355,11,49,25,11
TTGCCATCCCCAACTCCAAGTCCAATCT,CCAACACAGGCTTCG,-0.0614201088647229,5.178789110183573,30,29,17,10
AATACACCGTCATTGCCACCCACAAAGA,GCTAATTTCAAGAAT,-0.07427236636896732,3.746204086891595,27,42,12,3
GTGGCATTGACAGGTCCATACCCAACTG,CCAACACAGGCTTCG,-0.056857031655556556,9.094360307111145,27,39,17,4
TCATCAGGACCAGGGACATGAGCAAGTG,AGTGTTAATCAGACC,-0.10537239674199742,8.433139954596811,34,27,5,1
AGGGCAAGAGCACCACCACAGTCAGCTA,GCAAGAAAGAAACCC,-0.011025050095201739,0.0,25,51,2,2
ACATCAAAAACACTGTCATGGTCAGGAG,CATCAATGAGGCAGT,-0.15735059032080373,0.0,36,17,3,0
CCACCAGCTTCAGTAACACCATCACCTA,ACAACCTACCTGCTA,-0.019382401592526754,2.5194084022540437,17,33,24,20
GGGTCATTGGCATACACAATTGCACGAC,TATATTGAACTTTAC,-0.0067951024041189335,0.0,9,31,17,25
AACCCACGGGCATCGCCAAGCACAAGGG,TATGCCCTTCTTCTG,-0.024799699242452528,0.5620641820827927,18,22,34,18
ATGACACCAGCAGGAACACGTCCACCCA,TTTAACTCACCGTAA,-0.03223781761959286,0.0,20,32,20,16
TTCGCAGGGACACCAGCATGAGCAAGTT,TACACCAATTACACT,-0.11108823812599233,0.0,28,21,0,5
CGCGCACTGCCATTCGCACAGTCACGGA,TCATAGGTATCTCGC,-0.1119466124951316,0.0,39,29,6,1
GATCCATCACCAGCGGCAAACACAGCGC,AATGATACCATTTTT,-0.02831171643104673,0.0,20,28,24,18
TAAGCAGAACCAGATTCAATACCAGCGA,GAACTCAGGTTCCAT,-0.0293752867086694,0.0,22,34,24,3
AGATCAAAGGCACATACAGCGGCACTAA,GAACTCAGGTTCCAT,-0.009132911600928044,5.627470897759906,15,18,33,24
TCGGCAATACCACATCCACTAGCAGTGA,TCATAGGTATCTCGC,-0.19218125974762534,1.5494961480503378,45,15,7,0
ACGGCATGCGCAAACTCAGTGTCATCGT,CTTGATGGCTGAAAG,-0.01736158086531218,0.0,12,32,24,15
ACTACACGGGCACGGGCACGACCAGGAT,CCAACACAGGCTTCG,0.004382592002677416,1.0168332599400003,10,34,11,24
GAGCCATAGGCATTGACAACGACAGTCC,TCATAGGTATCTCGC,-0.11216932973641383,0.0,31,23,7,0
CGCCCACGGGCAAGTTCACATGCAAACA,CCAGGATGTACCGCC,-0.0054724160673544605,0.0,14,22,27,25
GTCACAGTCACAATAACATCGCCATAAC,GCAAGAAAGAAACCC,-0.03831520284605803,0.0,24,21,18,16
GGCTCACAACCAAGGCCAATTGCACCGG,CCAGGATGTACCGCC,-0.004165058962245105,0.0,14,25,17,26
CGCCCATTGGCAAGGGCATCATCAACTC,GCTAATTTCAAGAAT,-0.04143338954951381,0.0013563727279688464,28,17,24,9
CTTACAGCCCCAAATGCAACGCCAGCCA,AGTGTTAATCAGACC,-0.040785468584515434,1.4442698308073432,21,27,15,13
TGAACACAGTCAAAAGCACGGGCAGGTA,TCATAGGTATCTCGC,-0.06346121094548551,3.6350025379528574,29,28,16,2
AGGTCAGCCGCACATCCAGTTACAATAT,CTTGATCAATCAAAA,-0.022648415204533496,0.0,15,32,11,16
GGTACAATGACAGGCACACTTACACAGT,TACACCAATTACACT,,0.0,5,5,9,0
TAATCATAGGCATATCCACACACAAGGG,AGTGTTAATCAGACC,,0.0,27,9,1,0
TAAACAACACCAGCCGCACTGCCAGGGA,GAACTCAGGTTCCAT,-0.026509475722037573,0.0,20,19,19,19
ATCGCAACGCCAGAGTCAACATCAGAAG,ACAAGTTTTACAGTT,-0.05095427499531011,3.334842395908879,19,26,6,6
CCCCCATATCCAGGATCAGCCCCACTCA,CTAAGCAGTCTTCTC,-0.027467698410450627,2.9219787886545703,15,36,17,8
GACCCACGCACAAAAGCAGTTACAAAGT,GTTGGGCGCTTAAAG,0.04547788168039988,4.963721498583027,8,17,16,39
AGAACACAGACAGAACCAGGCTCATCGG,GAGAATGAAGGACAG,-0.08865646999155637,0.0,33,21,11,2
ATCTCATAAGCACAAACATCACCATGCA,CTTGATCAATCAAAA,-0.0356471125902735,0.454088960902709,18,24,23,13
CTTACAGTCCCAGGGTCAGCTACAGAGT,AGAAGACGACGATGA,-0.007446035366908622,0.15243608229445726,5,25,20,8
TACACATAACCAGGATCAGCTGCATTTC,CAATTTCAACGTTGT,-0.0691025730675348,0.0,26,21,3,10
TTAACAAGCTCACATCCAAGGTCAGGTC,GTTCAGCTTTGATCG,0.011381466832641962,4.905227244353455,6,25,15,29
CACTCAGTCACAACCGCATACTCAAAAG,TCATAGGTATCTCGC,-0.10976371545099024,0.0,25,19,6,0
ACTACAGACTCAGAGCCAGGCACAAACT,GCTAATTTCAAGAAT,-0.027976705235930058,0.9258508681718354,11,37,15,10
TGGTCAGTCCCAACAGCAGAGGCACGGG,CAAGGATCCCCGTAG,-0.024799699242452566,0.0,20,19,10,20
TTCCCAGAAACAGTTTCAGAGTCATCCT,AAAACATTATCAAAG,-0.07088649653708057,0.0,22,14,5,10
ATAACAGAAGCACAATCAGAGACAATTT,CTTGATCAATCAAAA,-0.01215004518562246,0.0,13,21,21,19
CTTGGCATAATCAGGTCCACCGGCACAG,CTTGATCAATCAAAA,-0.013189476100178628,0.0,12,23,17,17
ACAGCATGGCCAAGAACATTTGCAGTCC,AGAAGACGACGATGA,0.02182535660200191,5.5341315368518735,12,34,4,4
CCTGCAAAACCACTAACAGGGGCAAGGG,GAGAATGAAGGACAG,-0.07854599808252952,0.0,26,27,7,1
AAATCAACCTCAGTGACACGCGCACAGG,GAACTCAGGTTCCAT,-0.005155611262969463,2.8382910217152357,8,24,10,20
TAAGCAGTAATTAGCACCATCACACA,TCAAAACGGAGTGTT,-0.028725800430998663,3.498565831665587,18,22,13,16
AGTACACGGTCAGGTACACCACCAAAAG,CTTGATGGCTGAAAG,-0.015322657463870914,0.0,2,25,28,17
AATCCACGCGCAGGACCAACCTCAAGTT,TCAAATGATGAGGAT,-0.07042431431216092,9.238612570492762,25,27,12,3
CTGGCATCACCATAGTCAAAACCAAGCG,AGTGTTAATCAGACC,-0.058958545762663746,0.0,19,24,0,1
CTCGCAGCATCACGGTCAAACTCAACCC,TGGAGTCTTTGTTGA,-0.08321344549217674,0.0,29,5,11,0
TGTGCATAGCCACGTCCATGGACAGGGA,CTTGATCAATCAAAA,0.030910291613362607,7.290699843243061,5,14,22,24
GCCTCAGGACCACCGGCAAGCTCATATC,TAACCTCGCGCTGAG,-0.019539714885558453,0.14548456241476515,3,24,27,15
GCCTCAGGGACAACCGCATAAGCAAGCA,CTAAGCAGTCTTCTC,-0.0500120621371015,2.5339658781426238,21,21,9,14
GATTCATGTACAAGGACAATCACACCGC,TAGACGGACATCTTC,-0.021899320009464898,0.22214627379526064,11,24,11,12
CTGTCAGGTGCACGGGCAAAATCAAATC,TATATTGAACTTTAC,-0.040402425189377,7.380292934406327,16,23,14,8
ATATCAGAATCCTCACAGGAGCAACTT,CTTGATGGCTGAAAG,-0.016054223760202883,0.0,10,25,13,13
AGCTCAAAACCATTCCCAGCAGCAGAGG,TCAAATGATGAGGAT,-0.027467698410450624,0.0,15,21,17,7
GCGTCAACGGCATTGTCACCATCACTAA,CTTGATCAATCAAAA,-0.024799699242452594,0.0,13,25,13,13
TCGCCATCTTCAAGCACATGTTCACGTG,CATCAATGAGGCAGT,-0.08232003088081435,3.958781591767007,18,18,5,1
CATACAGGAACAGTCCCATCAGCAAAGG,GCAAGAAAGAAACCC,-0.07322285306024155,0.0,21,23,6,2
TGTGCAAGGACAGACACATTTGCATAAG,GTTAAATCAACAGTT,-0.056325111745303726,0.0,22,12,14,8
CGATCAGCACCAAGGACAGTGGCACGAA,CTTGATCAATCAAAA,-0.022131608986667984,0.0,12,15,18,13
TGCCCATTAGCACCCCCAAAGTCAATCA,ACAGTTGACGGACAG,0.0573524980767961,4.275668480059949,5,11,16,32
TTCGCAAGTCCACGGACATAATCATACT,GAGTGCTTCAAAGTT,-0.020900953349152252,0.0419791345771614,13,19,7,19
GTAGCAACGGCACAAACAACATCACTGT,TCATAGGTATCTCGC,-0.06339583091696151,0.03837081554443955,24,29,1,0
CACTCAGTGCCAAGTTCAGCACCATAAG,CATCAATGAGGCAGT,-0.15904554615218097,0.0,28,13,0,0
TTCACACTCGCAAAGTCAAGGGCAAAGG,CTTGATCAATCAAAA,-0.015857566355963235,0.0,13,10,18,17
TCACCATGATCATCGGCATGCTCACTAA,GTTCAGCTTTGATCG,-0.05114119027156172,3.7566017251050994,17,18,12,6
TCCACAGTCTCAAGTTCATCAGCATCCC,TTTAACTCACCGTAA,-0.03513819685258053,0.0,15,16,11,11
GAGGCAACATCACAGTCAGCGCCAACAA,GTAATCTGACTCTAG,-0.09773509886354015,0.41235555176146477,21,18,1,5
CTTACAGGTGCAACACCAAGCGCATAAC,GAGAATGAAGGACAG,-0.09950505657348013,2.930781509829714,19,16,4,9
ACTGCACCGCCAATGGCAAGGTCACATC,ACAAGTTTTACAGTT,-0.014751374472905757,0.2670155877510467,13,14,19,2
TATCCATCCACATGGGCATCAGCAAATG,AAAAGAAAAATGTAT,-0.03831520284605805,0.0,18,15,11,12
GTACCAATGGCAACAACATGCTCAGCCA,CTTGATCAATCAAAA,0.030265121371567276,3.1404069427867967,8,13,10,22
GTTCCAGCACCACGATCAGAGTCATTGC,AGAACATCATCTACA,-0.005594515609447548,2.697621949924496,13,28,9,2
GCACCAACCGCAGCGACAATAGCACGCC,CTTGATCAATCAAAA,-0.04136991592365946,0.460755145717485,11,9,25,11
AGGCCACGGACACTCCCAGGCGCAATCA,TTTTGCATTTAGGCG,-0.052700336643396115,9.487366413313964,19,20,13,1
GATGCAGGATCACCCACAATATCAGATC,CTTGATCAATCAAAA,-0.023697928316686136,0.0,8,25,17,6
CGACCAACTCCACGAGCATTCACAGTGC,CGATGATGATGATGA,-0.0583496798130406,12.635416952811227,18,22,11,3
TCGCCATGTACAGAATCAGTGCCATTTG,CATTTATGGCTATCT,-0.06896689161836199,16.260272228652127,21,24,2,0
TTTTCACGGTCAAAAGCAGCGACAACCC,ACAGGGCAGCTCCCG,-0.04207855979130923,0.20694744489020422,13,20,11,3
TGATCAGGTGCACCGACATTTCCAAAAG,AAAACATTATCAAAG,-0.1393745167275756,2.106279393599962,23,13,6,0
AACGCAGTATCATCCTCAATACCAGTAC,CTTGATCAATCAAAA,,0.7301941235693619,9,26,9,9
AATGCACCCTCACGATCATTACCATAGT,ACAAGTTTTACAGTT,,0.30355379223999535,3,31,8,8
TAAGCAGGACCATACGCAAGAGCACTCC,GAGTGCTTCAAAGTT,0.06719313414096718,0.004061280097914732,5,16,27,5
TTTGCACGTCCACGAACAGTGACACAAA,GCAAGAAAGAAACCC,-0.06707477587902418,0.0,21,8,11,3
GGTTCATGTACACAGTCACTCACAGGGC,AAAAGCGACATTTCT,0.025990883275534934,0.9674925202685642,9,17,19,5
TGTGCATTTTCAAACCCAGAAACAAGCT,TGGAGTCTTTGTTGA,-0.027665660244007205,0.0,11,19,2,3
CCGGCAGTCACACCCACATGCACACTTC,CATCAATGAGGCAGT,,0.0,26,5,1,0
CATTCACAACCAAGGGCACCCGCAGGTA,CTTGATCAATCAAAA,-0.021899320009464887,0.0,11,15,11,12
TACACATACGCAGATACATGCACACCGA,AGTGTTAATCAGACC,-0.08232003088081435,1.5434807763894582,17,17,3,3
AGTGCAAGACCACCGGCATACGCAAAAG,TACACCAATTACACT,,0.0,20,9,0,0
AGCACAGTCACAATTTCAGTAGCAAAGA,CTCGCTAATACTCCT,0.0025691620120194434,0.0,4,12,6,12
GACACAGTATCAATATCACTCTCACCAG,CTTTCTTGTGTATTT,-0.10855645732756347,0.0,13,10,2,0
TCAACACGCCCAAATGCAAAGACACCTA,TAACCTCGCGCTGAG,0.016691491195367104,1.3823237664156522,6,9,15,19
CCGGCAGTGACATGGGCATCTCCAAATA,TTTTGCATTTAGGCG,0.0025691620120194434,0.0,7,12,5,12
TGCGCAGTCACATACTCAATAACACAGG,GTTGGGCGCTTAAAG,-0.057226037020437694,12.783218457222176,16,18,10,2
CACGCAGAGACATAAACATGGTCATCGC,AAAACATTATCAAAG,-0.15963901970416244,0.0,26,12,1,0
TTGTCATATACACGATCAGCGCCAAAGT,GTTGGGCGCTTAAAG,-0.005747334145319539,0.0,6,17,12,14
CTTGCAAGACCACCAGCAGGACCATGAT,AGTGTTAATCAGACC,,0.0,18,3,0,0
ACATCAAGGCCATCAGCATCACCACTAC,TCGATAGAATTTACT,0.007665865184414411,0.0,2,13,11,14
AGAACACATACAACCGCAGCATCAATAG,TGGAGTCTTTGTTGA,-0.04867280721869296,0.0,10,14,8,3
TAGGCAGCGGCACAATCAGGTCCAAATG,TATATTGAACTTTAC,-0.024799699242452535,0.9114685031183853,12,10,13,12
CTAACAAGATCAATCGCAAGAACAAAAC,ACAAGTTTTACAGTT,,1.9465858322990073,7,29,6,1
GGCTCAAGGCCATTCACACACACAAGAT,GTTAAATCAACAGTT,-0.07542074373211918,0.0,14,15,1,0
TATACAAGACCACATCCACGTGCATAGA,AAAACATTATCAAAG,-0.04977779083735161,0.0,13,18,6,1
TATGCAGGCTCATTCTCAATGCCATACC,TCATAGGTATCTCGC,-0.03307238237103487,0.0,11,18,3,5
GTAACAATGACACACGCATCCGCACGAA,CTCTTGAGAATACTT,,0.0,22,2,1,4
TAACCAGAATCAGGGTCATGGACATCCG,CTTGATCAATCAAAA,-0.00781280622689282,0.0,8,16,6,13
AAAACAGAGTCATGCCCAGCAACATACA,AGTGTATGATAATAT,-0.042078559791309235,0.0,13,15,11,0
ATTGCACAAACACACGCATGGGCAACCA,CTTGATCAATCAAAA,-0.018778903897608765,0.0,2,21,15,3
GTATCACCACCATGATCAGGACCAGCGG,CGTCAAGACCTTCTA,0.00025506796904215326,0.0,3,14,15,13
CTTCCATTGGCAAAGCCAAGGACACGGT,GTAATCTGACTCTAG,-0.02253633080525219,0.0,11,20,4,1
CCGACATTACCAAATCCATTGGCATCGT,CTTGATCAATCAAAA,0.07548190012154404,2.1145178616012004,1,12,22,7
ATACCAATCTCAGGTCCAGGAGCAAACT,TCAAAGCATGAAAAA,,0.0,9,19,9,2
CAGACAGCTTCAACGTCAAAGCCATCGT,GAGAATGAAGGACAG,-0.044416731555196966,20.995929277044524,7,8,16,11
GGCTCACGGACACTTACAGGAACATATA,AAAACATTATCAAAG,-0.025627339793073876,0.0,10,7,12,1
CGCGCAGTCGCAACTGCAGGGCCAGCCA,GAACTCAGGTTCCAT,-0.1128581958359324,0.0,19,14,1,0
TGGGCATTGGCAAAGTCATGCGCACTTC,TCAAATGATGAGGAT,-0.008588015553690998,0.0,6,15,6,12
TTGGCATAGCCAATCCCACCGACAAAAA,AAAAGAAAAATGTAT,0.03563225624233697,0.0,4,13,16,7
TGGGCATAGACAGGTACACTTACAAGAG,GAGAATGAAGGACAG,-0.1030839673586387,0.0,16,13,6,0
TGATCAATAGCAGCGCCAGTCGCATATA,CTTGATCAATCAAAA,,0.0,6,14,7,6
ATACCAGTTGCAGTGCCAAACGCACAAT,CATCAATGAGGCAGT,-0.047861630856146184,0.0,13,3,10,1
TGCACAGGTACAGAAACAAGTGCATTCC,GTTTAGCTTCCGTTG,,0.0,7,12,5,6
TGCGCATGGCCAGCCGCACTTACAGCTA,ACAGTTGACGGACAG,0.036584420514728766,0.0,5,4,11,17
AAATCAGGCCCATACCCAACAACATGGG,CTTGATCAATCAAAA,0.013076544416426028,0.0,5,10,10,12
GGAGCAAGATCAGTGTCATAGACAAATT,TATATTGAACTTTAC,0.0039604665767282825,0.0,3,12,12,12
AAAGCATCGGCATTCCCACGAGCATGCC,GTTGGGCGCTTAAAG,-0.11333552371119815,0.0,15,11,4,4
AACACAAGGTCAATCGCAAAATCAAGCC,GAGAATGAAGGACAG,,0.0,8,17,5,3
CAGGCAAACTCACTAACAAGTCCACATC,ATGGCGATGGTCTTG,,0.0,6,8,8,11
TAGGCATGGTCAACCACAGAACACTCC,TACACCAATTACACT,,0.0,8,5,4,0
GCAGCATGTACAAATGCAGCGTCAACCT,CTTGATCAATCAAAA,,0.0,3,8,6,15
CTGTCAAATGCAGGGCCAGCGACATTTC,AGTGTTAATCAGACC,,0.0,14,2,0,0
CTCTCAAAGACATCTCCATTAACAACCC,TAATATTGTTTTGCG,,0.0,12,3,0,0
AATACAGCTGCATTTACATCGCCAACTT,ACAAGTTTTACAGTT,0.014868319764512437,0.0,1,13,13,5
CCGACACAAGCACTGCCACTGTCAAAAC,TTTTGCATTTAGGCG,,0.0,5,12,7,9
AGCTCATGAGCAAGCACAAGAACAATGA,TTTTGCATTTAGGCG,,0.0,4,8,17,3
CAGTCATGGGCAAAATCAGGGTCACAGG,ACAAGTTTTACAGTT,-0.044850685936673074,0.0,11,16,3,5
GTCACAGGCACAGAATCACCGCCATTCG,GTAATCTGACTCTAG,,0.0,7,12,8,4
GTCACAGTCTCAGTGTCATTCGCAACGA,ATGAAGTTCATAATG,,0.0,8,8,10,7
TCCACATGTACACGTCCACCCTCATCTC,TCAAAGCATGAAAAA,,0.0,9,10,7,7
GTGCCAGTAACAAGTGCATACCCAGACC,AGTGTTAATCAGACC,,0.0,7,17,7,0
GACGCAACGGCAATTACAACTGCACCAA,TTTATAAATCAATAG,,0.0,12,8,9,0
GACACAGTAGCACCACCAGCAACAATCA,CGTCAAGACCTTCTA,-0.08232003088081417,0.0,11,11,5,5
CACCCACTTGCAGACTCAATATCAAGCG,ATAGAGCGGCGTTGA,-0.11596725454293555,0.0,14,10,2,0
GATTCACCGGCATACCCACCCACAGCAA,CTTGATCAATCAAAA,,0.0,3,18,4,6
CGACCACGGCCACCATCATCGCCACACA,AGTGTTAATCAGACC,,0.0,12,6,1,5
AGCACAGTAGCAACACCAGATACACAGC,ACAGTTGACGGACAG,,0.0,6,7,9,9
AACCCACGAGCAATATCAGGCACAAATC,AAAAGCGACATTTCT,,0.0,6,9,8,9
GCCACATAAACAGGTACATCGACAGGTA,GAGAATGAAGGACAG,,0.0,12,8,7,1
CGGACAATGCCAACACCAATAGCATCAC,TACACCAATTACACT,,0.0,9,0,1,1
AGACCACTATCAGTGGCACAACCAGTAA,ACAGGGCAGCTCCCG,,0.0,5,9,8,6
CACACAGCCTCAGGGCCACCTACACTCG,ATGGCGATGGTCTTG,-0.002196346978196839,0.0,6,11,2,10
CAGACACTCGCAGGGCCAATCGCAGTCA,TCAAATGATGAGGAT,,0.0,2,9,9,11
AAGCCAAAGTCACCGTCACTGTCAACAA,CTAGTTGTATAGCCA,,0.0,10,7,2,0
GTCTCAGAAACAAACCCACGGACATGGA,CTAGTTGTATAGCCA,,0.0,8,5,1,0
CTCGCATTGTCAGGGTCACAAACAAAGA,CATCAATGAGGCAGT,,0.0,7,6,0,0
ACGTCATGAACATTTGCAGCGCCAAAGG,AAAACATTATCAAAG,,0.0,12,6,3,0
GGCGCAATATCACGTGCATGCCCACGGG,CATCACCGTGCTCAT,,0.0,16,3,1,1
CTTACAATACCACGACCAAAGTCACGTA,TCAAATGATGAGGAT,-0.10055218656020966,0.0,12,10,4,0
GTGCAGAAACAAGGTCAAAACCACACT,ACCACCGGTCCTGCC,,0.0,4,10,4,8
TCCGCAGGCTCATATTCAAGTGCAGCGG,TATATTGAACTTTAC,,0.0,7,12,7,1
TTCACAGAAGCACACACAGGCGCAAACT,TTAGTCTTTCCATCA,,0.0,9,15,3,0
CCATCATAATCACACTCAGTTGCACACA,CTAAGCAGTCTTCTC,,0.0,8,16,3,1
CCTACACGTACAGGCCAGGTTCACATC,GAGTGCTTCAAAGTT,,0.0,5,12,7,2
GGCCCACCTCCAGCGTCAACTACAGAGC,TATATTGAACTTTAC,-0.06408787520141886,0.0,10,12,1,0
GGGGCATTCGCAGTGCCATCAACAGGGT,GCTAATTTCAAGAAT,,0.0,14,6,3,0
TCGGCAATGACAGTCACAACCGCACAGA,ACAGGGCAGCTCCCG,,0.0,4,8,10,3
CCGGCATTATCAGGTGCATTGCCATCTC,GTTGGGCGCTTAAAG,,0.0,5,17,2,1
GACACAAGGGCAAGCCCAATACCACTGC,GTTTGTTTTGGGAAA,,0.0,13,6,0,0
GAAGCATATTCACCTTCAGTTCCAGGCA,CTAGTTGTATAGCCA,,0.0,10,4,1,0
GGCACAGCTTCAGAGGCAGGGCCACCAC,GAGAATGAAGGACAG,,0.0,7,11,2,0
ACGCCAGAGCCATTGCCAACATCAGGGG,AGAAGACGACGATGA,,0.0,1,4,6,13
GCACCATTAGCATGTTCATGAACATCCG,ATTATCATCGCCATC,,0.0,5,14,4,1
GAGGCAGTGACATCGCCACCGACACAGA,TTTTGCATTTAGGCG,,0.0,2,9,11,3
GCCTCACATGTTCAGGCACAGCATCACAGT,TAATATTGTTTTGCG,,0.0,7,4,0,0
ACGACAGTCGCACAAACAGTCCCAAAAT,ATTAATACTTTGCAG,,0.0,6,2,0,0
AAGCCAGTTACACATTCAACGTCATGCA,GAGAATGAAGGACAG,,0.0,12,5,4,0
AAACCATTTCCACGTGCAAAATCATCCC,TAATATTGTTTTGCG,,0.0,4,5,2,0
TAAACACTGACAAGCACAGGCACAACTA,GAGAATGAAGGACAG,,0.0,10,6,3,0
TGGACAACCTCACTCTCACACTCAATAG,GCAAGAAAGAAACCC,,0.0,8,5,0,2
ATCGCAGCGACACACCCACCTCCAACTC,AGATTCATCCCATGG,,0.0,2,4,11,2
AGCGCACATCCAGACTCACTCACACACG,TCAAATGATGAGGAT,,0.0,3,12,3,2
AATCCATCGTCAGCTACATGTACACACC,CATCAATGAGGCAGT,,0.0,6,1,3,0
GGAACATTAACATTAACAGATCCATGAG,GTTTGTTTTGGGAAA,,0.0,4,4,5,2
CTTCCATTAACAGCTGCATCGTCAAGTT,ATAGAGCGGCGTTGA,,0.0,6,3,0,0
CTGTCACCCTCATAAACAATTACAGCAG,TACACCAATTACACT,,0.0,4,6,0,0
GTGCCAGGGTCAGCGCCATTCGCAATTC,GTAATCTGACTCTAG,,0.0,4,7,4,4
TCTTCAGTGTCACGTACACAAGCACAAG,CCGTTAGTATCGCTA,,0.0,14,0,0,0
TCTTCAAGGCCAGTGCCAGCATCACGCG,TAATATTGTTTTGCG,,0.0,3,3,0,0
TCGCCAAGCCCAGAGCCATCCCCAATTC,CGATGATGATGATGA,,0.0,8,7,3,1
ATGGCATCCCCAATAACAGGCCCACTAT,AGTTTATAAAAAATT,,0.0,2,3,3,0
ATCGCATACTCAAATGCACATCCAATGA,TACACCAATTACACT,,0.0,5,0,0,0
AAGTCACGGGCAAGCACACAATCATGAC,CAAGGATCCCCGTAG,,0.0,7,3,2,6
GCCACAAAGACATGGGCAGGAACACTGG,ATGGCGATGGTCTTG,,0.0,2,11,3,1
CTCGCAGCTTCATGCCCAATTCCATGTC,GTTTGTTTTGGGAAA,,0.0,8,7,1,0
ACATCACTCACAGTGGCAGGGTCACGGG,ATAGAGCGGCGTTGA,,0.0,11,3,0,0
CAGACAGTATCAGCGACAAGGTCAATACG,AAAACATTATCAAAG,,0.0,6,7,1,0
TGTGCAACGGCAACCGCACACGCAAAAG,TCAAAGCATGAAAAA,,0.0,9,9,0,0
AGCCCAGTCCCATGTACAGTGACACTAG,AGAAGACGACGATGA,,0.0,1,8,2,3
CCAGCAAAGTCAGTTGCACGGCCAGCAT,ATTATCATCGCCATC,,0.0,8,2,0,0
GACTCAGGTGCACATCCAAAATCACAAA,CTTGCAAGTGTAATT,,0.0,7,0,0,0
TCAACACTTTCATGTCCATCTGCAACTA,GAACTCAGGTTCCAT,,0.0,6,10,0,0
ATGTCACCCTCAACGGCAAGTTCACCAA,CATATGCATTCCTTG,,0.0,9,6,1,0
TTTGCAACGGCAGCATCACGCTCAGGGA,CTACTTACAACGGAA,,0.0,7,9,0,0
GCTCCATCTACACCAACAGGTACAGGGG,TAATATTGTTTTGCG,,0.0,9,0,0,0
TCACCAGGGGCATTATCAGCAGCACTTG,GAGAATGAAGGACAG,,0.0,1,8,1,1
GGCGCAATCACAGGCACATACTCAACCT,AGTTTATAAAAAATT,,0.0,0,6,3,6
TTTTCATTGACATGTCCAAGCCCAAGTA,CTTGATCAATCAAAA,,0.0,9,2,4,0
CGTTCAGCAACATGAACACCACCACCAC,CTTGATCAATCAAAA,,0.0,1,0,5,9
ATCACAGGTTCAGGGGCAAGGGCATTTC,GTTTGTTTTGGGAAA,,0.0,0,7,0,0
CTGGCAGTGGCAGTCTCAGGTCCAGATC,AGAAGACGACGATGA,,0.0,4,4,3,0
CGCGCACCGACAGTCCCAACGTCATGCG,CTTGCAAGTGTAATT,,0.0,6,2,0,0
ATATCAAGGTCAGTGACAAGACCATGCC,GCAAGAAAGAAACCC,,0.0,0,7,5,1
TAATCATTGTCAGAAGCATGCTCAGAAA,CCAACACAGGCTTCG,,0.0,2,8,3,0
CCGGCAGTACCAGTGCCACACTCACGCA,ATAGAGCGGCGTTGA,,0.0,3,1,0,0
CTCACACGCTCATCTGCACGGTCAACGT,CTATGCATTTACTCA,,0.0,4,2,0,0
GGCACAATTTCATGGCCAAGAGCAGATT,TATATTGAACTTTAC,,0.0,4,7,2,0
GGACCACCTGCATTTCCATACACAAAGC,TCTTGGAGGTGAATG,,0.0,4,4,2,4
GTCTCAGTCACATATGCAATCTCAGTGT,CTAGTTGTATAGCCA,,0.0,2,0,0,0
TAGTCAAGACCAGTCTCATTTACAATCA,CATCAATGAGGCAGT,,0.0,1,0,0,0
AGATCACCGCCAAAGTCAATGCCAAGTC,AAAACATTATCAAAG,,0.0,9,0,0,0
TAGCCAGCGACATGGGCATCTACACGGA,TCATAGGTATCTCGC,,0.0,3,0,0,0
GGCACATGTTCAAAAACAAGCCCAGAAA,CCAACACAGGCTTCG,,0.0,5,2,1,2
GGTCCAATATCAAACGCATTCCCACGGA,CGTCAAGACCTTCTA,,0.0,0,1,7,3
CAGGCATGAGCATCCACAACAACAGGGA,GAACTCAGGTTCCAT,,0.0,3,2,5,1
AGCTCAAACACAAATACAGGACCAGCAG,CTAAGCAGTCTTCTC,,0.0,5,3,4,0
TGAGCACGAACATCAGCAGAACCACAAT,TCAAAGCATGAAAAA,,0.0,6,4,0,2
TGCTCAACACCATAACCAGGTTCATTAG,CTTGCAAGTGTAATT,,0.0,5,2,3,0
GACTCAAAGCCACTCACACACACAGTCA,GTGTGATTACTAAAT,,0.0,1,4,1,0
GCCACAGGTACAGGTACAGCGCCATTCC,TCGAAAGCACAGTAG,,0.0,2,5,0,0
TTCCCAGGGGCAAACACAGTACCAAACG,TACACCAATTACACT,,0.0,4,1,0,0
AAGGCATTCGCACAGTCATTGCCATATG,AGTGTTAATCAGACC,,0.0,6,1,0,0
TGTGCACTCACAGTGGCAACAACACTGG,GAGAATGAAGGACAG,,0.0,6,3,0,0
AATACACAAGCACCTGCACATTCAGCAC,CTATCAAGGCTTAAT,,0.0,3,5,2,0
TATTCACGCACACTAGCAGTATCAGTGA,GAGAATGAAGGACAG,,0.0,4,4,3,0
TTCGCATTGGCAAGTGCATCCGCACTAG,GCTAATTTCAAGAAT,,0.0,4,5,1,1
ATAACAATATCAGTTGCAAGACCAAGGC,AAAACATTATCAAAG,,0.0,6,1,4,0
GGACCAGTGCCAAACCCAGCGGCACTTT,CTATCAAGGCTTAAT,,0.0,5,3,0,0
TAGACATCCACACTTGCAGGCTCAAACG,AGTGTTAATCAGACC,,0.0,7,0,0,0
CCATCAGACACAGGACCATGGACACAAA,AGTGTTAATCAGACC,,0.0,4,0,0,2
TAGGCACAATCACGGACAGCAGCAGCAA,AAAACATTATCAAAG,,0.0,0,4,4,0
GTAACACGACCATTAGCAAAGTCAAGCC,TACACCAATTACACT,,0.0,0,2,0,0
GTCTCACGATCAGTCTCACCAGCAGGGA,ATAGTCGATTAAGAT,,0.0,2,2,0,0
TGGCCAACGTCACTCTCAAGCTCAAGTA,ACAACCTACCTGCTA,,0.0,3,5,0,0
GGGTCAGCCGCACTTCCAAGATCACATA,GAACTCAGGTTCCAT,,0.0,1,8,0,0
GGTACAGTTCCAAGTGCACCGGCAACAG,AAAAGAAAAATGTAT,,0.0,3,6,0,0
AACGCAGCGCCAAACCCAACTGCACGTC,CTATGCATTTACTCA,,0.0,4,2,0,0
ACGCCAGCATCAATAAATAGACAACAT,AGTGTTAATCAGACC,,0.0,1,1,0,0
TGAACATTAACATAAACAGGTGCACGCA,GTTTAGCTTCCGTTG,,0.0,2,4,0,0
TATGCAAGTCCAGTGACATCGACATAGC,GTAATCTGACTCTAG,,0.0,5,0,1,1
TGAGCAGAAACACGGCCATTTGCAGGGA,GTTTGTTTTGGGAAA,,0.0,4,1,0,0
AAGTCATAGCCATTGTCATCGACAACCG,GCAAGAAAGAAACCC,,0.0,4,1,0,0
TAGCCACGTACAAACACACCAGCAACAA,ATTATCATCGCCATC,,0.0,2,4,0,0
CGCTCATGGACAGGTCCAGTAACACATA,ATAGTCGATTAAGAT,,0.0,3,1,0,0
TCACCATAAGCATATGCAAGGTCAGTGT,TTAGTCTTTCCATCA,,0.0,1,2,1,2
AGACCAGATGCATCAGCAACGTCATTCA,CTTGCAAGTGTAATT,,0.0,3,1,0,0
GATCCACAATCAGAGGCAACGCCAGAGT,CATCAATGAGGCAGT,,0.0,2,0,0,0
ACCACATCATCAAACACAGAGCCATGGC,CATCAATGAGGCAGT,,0.0,1,2,0,0
GACGCACGTGCATCTCCACAGACACTTC,CTTGCAAGTGTAATT,,0.0,2,0,0,0
CGGGCATTGTCATGCTCACAAGCAGGGC,CTATCAAGGCTTAAT,,0.0,3,0,1,0
GATACATATGCAGGAACAGATACATCTG,ATGGCGATGGTCTTG,,0.0,2,2,0,0
ACGGCAAACTCAGCGTCACCGGCAAGAT,TTTAACTCACCGTAA,,0.0,4,1,0,0
CGGGCATCCACAGCAGCAATTCCAATTC,TCAACAACCTATGCA,,0.0,1,0,5,0
TAAACATGGTCAGTGGCACGCGCAAACT,ACAAGTTTTACAGTT,,0.0,0,6,0,0
TAAACACACCCAGAGACAATGACACAGA,TCGATAGAATTTACT,,0.0,0,2,1,3
CATCCACAAGCAAGTTCAGGTTCATCCC,CTTGCAAGTGTAATT,,0.0,0,5,1,0
CAATCCAATTCCATTGCCAAGGCAAGAT,TACACCAATTACACT,,0.0,1,1,0,0
TTAACAGTAACACTCGCAATAACACGCT,GTTTAGCTTCCGTTG,,0.0,1,0,0,0
CTGTCAGGGTCAATGTCAGCTGCACGTT,CTTTCTTGTGTATTT,,0.0,2,0,0,0
TACCCAAATACAAAGGCAAATTCAGGGA,CTATCAAGGCTTAAT,,0.0,2,1,0,0
GAGTCAAGAGCAGTGGCATACGCACGAC,TCATAGGTATCTCGC,,0.0,3,0,0,0
TCATCAGGGACACAGGCAGGGTCAAGGT,TAATATTGTTTTGCG,,0.0,2,1,0,0
AGCACAATTTCACAGCCACGGCCACACT,GCAAGAAAGAAACCC,,0.0,4,0,0,0
GGTGCACCTCCAGCAACAGGCTCAGGTC,GTTGGGCGCTTAAAG,,0.0,3,1,0,0
TTCCCAGGTGCAAATACACAATCATGTG,ACAGTTGACGGACAG,,0.0,5,0,0,0
CTACCATGGACACAGCCAGGAACACACA,CGTCAAGACCTTCTA,,0.0,0,0,5,0
GAGGCACGATCAAGTCCAGTTACAACTG,CTTGCAAGTGTAATT,,0.0,0,1,0,0
ATTTCAGGCCCAGTGGCAAGATCATCCT,AAAACATTATCAAAG,,0.0,1,0,0,0
TGTACACACGCAAACGCAAACTCAAACT,GCAAGAAAGAAACCC,,0.0,1,0,0,0
GGAGCATCAGCACGAACACGTGCATAGG,ATTATCATCGCCATC,,0.0,1,1,0,0
ATATCAGAGACAGGGTCAAGAACAGCTC,CGAACAGAAACACAA,,0.0,2,0,1,0
ATAGCAACCGCAAAGTCAGTTTCACACG,TCGAAAGCACAGTAG,,0.0,1,0,0,0
GAATCACCCTCACTCGCAAGGGCATCCC,AAAACATTATCAAAG,,0.0,2,0,0,0
AGGACATGGACAGGCGCATCCTCAGGAG,AGAACATCATCTACA,,0.0,2,1,0,0
GAAGCAGTACCATTACCAATGGCAATAG,GTTAAATCAACAGTT,,0.0,2,2,0,0
GAGTCAAGGACAAAAGCACTTTCAGGGA,ATCGTTGGCATTTGG,,0.0,3,1,0,0
GCCTCAAGCGCATTGACATAGCCAACAC,TCGATAGAATTTACT,,0.0,2,2,0,0
GTTACACCGACAATTGCAAGTACAGCAG,GTTAAATCAACAGTT,,0.0,0,4,0,0
TTAGCAGCGCCAGCTACATTATCAATGG,CGTCAAGACCTTCTA,,0.0,0,4,0,0
AGCGCATAATCAAAGTCAAGTGCACCGG,TTATATTTATTTGCT,,0.0,0,0,2,2
GGAACAATTACAAGGTCATCTCCACTGA,GTTGGGCGCTTAAAG,,0.0,0,0,4,0
ATGTCAGTAACATCGACATGAACATACA,AAAAGAAAAATGTAT,,0.0,1,0,0,0
CAGGCAAAGCCAGCCCCAATGACAAGGC,AGATTCATCCCATGG,,0.0,1,0,1,0
TAAACATCTCCACACGCATTTGCAGGAG,TAACCTCGCGCTGAG,,0.0,1,1,0,0
CAACCATAAGCAGGGACACCGTCAAGTG,TCGAAAGCACAGTAG,,0.0,1,0,0,0
CCTGCACGGCCAACCACAACACCAAGGC,TTATATTTATTTGCT,,0.0,0,1,0,0
TGGGCAGCGACACGCTCATAGCCATAAA,GTAATCTGACTCTAG,,0.0,3,0,0,0
TAGTCAGAGTCACGCACACACTCATATC,CTTGATCAATCAAAA,,0.0,2,1,0,0
CTCCCACGGTCACGTACAACTGCAAGTA,TCATAGGTATCTCGC,,0.0,3,0,0,0
TCGGCATGGACATTCCCAAGTGCACATA,CGCGATCAATCCTCT,,0.0,1,0,2,0
TTGACAAATACACGTCCATGTCCAGCGT,ATTATCATCGCCATC,,0.0,0,2,1,0
ACTGCAAGACCAGTCGCACACACAAGAA,ACAAGTTTTACAGTT,,0.0,0,2,1,0
CAGACAGGTACATAATCAGGTCCAATAA,ACAAGTTTTACAGTT,,0.0,1,0,0,0
CGATCATATGCAATGCCACGTACAGAGA,CTTGCAAGTGTAATT,,0.0,0,1,0,0
CGGGCAAAGACAGACACACAAACATCGT,ATAGTCGATTAAGAT,,0.0,1,0,0,0
GCGTCACATTCAGGGTCATTGACAGGAA,TATGCCCTTCTTCTG,,0.0,1,0,0,0
GGTCCAGTCGCAACCACAGTTGCACTTT,AGATTCATCCCATGG,,0.0,2,0,0,0
GGCTCATAATCAGTCTCAACGACATCAC,GAGAATGAAGGACAG,,0.0,1,0,1,0
CTGACAGTCGCAACCACACTCTCAGAAA,CATATGCATTCCTTG,,0.0,2,0,0,0
GGGACAATTGCAAGAACAGACTCACTGG,TTAATTAGAGGTATG,,0.0,2,0,0,0
GGCACAGATCCAACCTCAACGGCAAAAG,AGAAGACGACGATGA,,0.0,2,0,0,0
TGCCCACGCTCAGACACAACAGCACAAT,ACAAGTTTTACAGTT,,0.0,1,0,1,0
TTCTCAGCGGCAAGTTCAGATCCAACCG,TTAGTCTTTCCATCA,,0.0,0,0,2,0
GTTCCAATGCCAATGGCATTAGCACTAC,TCAAAACGGAGTGTT,,0.0,0,0,2,0
AGCGCATAACCACAGTCACCTGCACTGA,GTTAAATCAACAGTT,,0.0,0,0,2,0
GGGTCATCCACAGCGTCAATTACAAGCA,TCTTGGAGGTGAATG,,0.0,1,0,0,0
CTGTCAATCCCAGGTACAGACTCAATCA,ACAACCTACCTGCTA,,0.0,1,0,0,0
CAGGCAAGCGCACAAGCACAACCATCCC,TACACCAATTACACT,,0.0,1,0,0,0
GGAGCATAGCCAGGACCATCAGCACGCC,CTCGCTAATACTCCT,,0.0,1,0,0,0
GCACCAGCTCCAGGACCATCAGCAATCG,CATATGCATTCCTTG,,0.0,1,0,0,0
CCCACACTGACACTAGCAAATCCAATCC,GAGAATGAAGGACAG,,0.0,0,1,0,0
TGGGCACGACCACAGTCAGTGCCAGTAT,TTTATAAATCAATAG,,0.0,0,1,0,0
CGTCCAGGGACAATGACATCTACAGCCA,CGATGATGATGATGA,,0.0,0,1,0,0
GAGTCAGCACCATCTGCATTTGCACTAG,TGATCATCACGGGAC,,0.0,0,1,0,0
AGTACAAACGCACACCCATCGCCAACGG,TTTTGCATTTAGGCG,,0.0,0,1,0,0
GAGACATACGCAGTACCATCAACACATC,CCAAGACCGTGTAAA,,0.0,0,0,1,0
ACAACACAAACACAAACAACGGCAGGTA,AGTGTTAATCAGACC,,0.0,0,0,1,0
GATCCATGGACATATACAGGCTCACAGG,GTAATCTGACTCTAG,,0.0,0,0,1,0
CGATCACGTGCAGGCACACATCCAGGTG,TCAGAGCATTGGCCT,,0.0,0,0,0,1
GACTCAACGGCAGGTCCACTTACAAATC,ATGGCGATGGTCTTG,,0.0,0,0,0,1
GGTTCAAGAACATCCACACTGACATCCT,TATATTGAACTTTAC,,0.0,0,0,0,1
ACAGCAAGAGCAAACCCATCGCCAGCTC,TTTATAAATCAATAG,,0.0,0,0,0,1
