BC,Edge,s,LL.ratio,TP1-1-T1,TP1-1-T2,TP1-1-T3,TP1-1-T4
AACACAAGTACACCTTCAGGGGCATGAG,GTCACCGGCACTAAC,0.052966429859956254,0.0,8545,26809,32443,55389
ACCTCAAGCCCATTCACACGGACAGTCT,TTATATTTATTTGCT,0.05033066906002582,0.0,8816,26602,31892,52801
GTGTCATATTCAGGATCATGAGCATGCT,TTATATTTATTTGCT,0.050420303091410684,0.0,3177,9826,11456,19079
TATACAATGGCATCGTCAATCACATGGC,TTATATTTATTTGCT,0.05063934615713902,0.0,2848,8223,10197,17216
GAAACAGTAGCATTGACACAGACAAAGA,CGAATGCCATACAAA,0.052073754425423814,0.0,2642,8096,9696,16673
ACATCACTCACATTATCAGATGCAAAGC,TATATTGAACTTTAC,-0.0023444542399549567,0.0,4376,7221,5364,5397
GATTCAGTAGCAGTGCCATTTCCAGGCG,TCTTGGAGGTGAATG,0.00709086368059858,0.0,2861,5672,4210,4683
ATCACAGCGCCACCACCACTGTCAACCT,TATATTGAACTTTAC,0.0045409356857225676,0.0,1749,3371,2464,2652
ATGACAGTGCCAAACGCATTCTCAAGGA,TTAGTCTTTCCATCA,-0.006482832481227944,0.0,1892,3167,2069,2061
AGTACATGGTCAAGGTCAGCACCATAGC,TATATTGAACTTTAC,0.004528908718459119,0.0,1524,3002,2205,2310
CATCCACAAACAACCCCATAGGCAAGGT,CCAACACAGGCTTCG,0.010591813705807954,0.0,1226,2591,2015,2229
GAGCCAATTTCATAAACAATCGCAGAAT,TCAAAACGGAGTGTT,0.0013055705794523763,0.0,1444,2545,1881,1987
GACTCAGGGACAAACCCAGTTTCACAAT,ACAAGTTTTACAGTT,-0.048007801116046994,0.0,2160,2562,1196,677
CCACCAGGCACAAGGACAGGGTCAATCG,TCTTGGAGGTGAATG,0.00581739544192018,0.0,1338,2453,1835,2108
TTGTCAATTCCAAGGGCACAGACAGCAA,TAGACGGACATCTTC,0.02511086196217131,0.0,913,2172,1875,2566
CCTACATCCGCAGAACCATTCCCAATTG,TTTTGCATTTAGGCG,0.004852771211223704,0.0,1244,2290,1806,1904
AACACATACTCAAAGCCAAGGACATGGC,GTACAAGAAATTTTG,0.009932990624568622,0.0,1053,1858,1536,1877
CAAGCAGCGCCAGCTGCACCGGCAACTT,TTAGTCTTTCCATCA,-0.0058430057013410105,0.0,1150,1737,1153,1277
AGGGCATATACAACCCCATTCTCACAAG,ATTATCAAGTGCCAG,0.00591959826840505,0.0,803,1568,1221,1269
AACGCAATGACAACGGCATAATCAAACG,TCAAAGCATGAAAAA,-0.0023504066771306946,0.0,991,1660,1080,1222
AGAACATAAGCAGTGTCAGTAACAGATA,TCAAAGCATGAAAAA,-0.006426265836463771,0.0,1031,1593,1156,1125
TGTCCAAGCTCATAAGCACGCGCACCAC,TATATTGAACTTTAC,-0.00010413666169505643,0.0,934,1512,1214,1232
CTTACATTAGCAAACGCACTGGCACAGG,CTTGCAAGTGTAATT,-0.011293859366372562,0.0,911,1609,1007,859
AGGTCATACGCATAGACAGTACCAGGTA,GTTAAATCAACAGTT,-0.00900231413008455,0.0,898,1413,1046,907
AAGTCATGCGCAAGCGCATGAGCATATT,CTACTTACAACGGAA,-0.004156378856543723,0.0,833,1390,1025,973
TTTCCAAATCCAAAGTCATGCCCACTGA,CGATGATGATGATGA,0.00043767833197397646,0.0,772,1395,976,1035
TGGTCAAGCACAACATCAGGTCCACGTG,TATGCCCTTCTTCTG,0.004505119567842219,0.0,750,1305,950,1136
CTGTCAAGTCCACCTGCAAGAGCAGCTA,ATAATTTTCATCCAC,-0.00941692994035561,0.0,812,1366,898,810
ATCACAACACCAGGGCCAGCGCCATTAG,TATATTGAACTTTAC,0.009132200480855083,0.0,562,1345,978,978
ATAGCATCTGCATCCGCAGTTACATCGT,TTTTGCATTTAGGCG,0.0036491918391851597,0.0,611,1100,891,902
GGAGCACCTACAGTGGCAAGGACACATC,TAACCTCGCGCTGAG,-0.008958606270448219,0.0,705,1179,675,713
CTGTCACGAGCAAGGCCATCAGCATCTG,AGAACATCATCTACA,-0.01689999097017181,0.0,591,892,592,471
TTAGCAAGCACAGGCCCATAAGCATTTG,AAAAGAAAAATGTAT,0.01801995817392479,0.0,353,850,624,802
AGCGCAATCGCATCAGCATGGTCAAGTG,CCAACACAGGCTTCG,0.01390504111213383,0.0,370,736,572,743
CCTGCACCCTCATATGCATGTGCACATA,CAAGGATCCCCGTAG,-0.005289364957040196,0.0,434,696,526,490
AACTCAGAGTCAAGAACAATCGCACGTA,TCAAAACGGAGTGTT,-0.003832068511867523,0.0,468,693,509,552
GAACCAAGCACAGCTCCAATTCCACATG,AAAAGCGACATTTCT,-0.01534259520061359,0.0,479,716,439,400
AAGTCAGATGCAGGCGCAACCCCATTAG,TCATAGGTATCTCGC,-0.026082405299713507,0.0,514,710,449,311
AAACCAGCGTCAACATCAAAACCAATTC,TAACCTCGCGCTGAG,-0.0040891321645479956,0.0,399,689,411,467
GTCTCATGCACAATTCCACGGGCATTAA,ACAGTTGACGGACAG,0.006762500997781346,0.0,327,642,450,530
ACCTCAACGACACGGTCATGCCCATCAT,GTTGGGCGCTTAAAG,0.000612141003309398,0.0,371,589,430,500
TAAGCATTATCATATACAGAAGCAGCCA,CTTGCAAGTGTAATT,-0.01338656690977604,0.0,332,464,271,294
TTTTCACGGCCACCCGCAAAAGCAGAGT,TATGCCCTTCTTCTG,0.0019427999851687379,0.0,231,359,205,324
GGGGCATAAGCATTGTCAGATTCACTTC,GCTGCTTATGAGGAT,-0.007672332522510018,0.0,176,315,179,185
AACGCACAGCCAAACACAGCGACAAAAG,CCGTTAGTATCGCTA,-0.0445944033287776,0.0,288,360,183,100
ATGACAGTGGCAGGGACAGTTACATACT,TCGATAGAATTTACT,0.014364371959902393,0.0,139,271,220,283
TTGGCATAGACACGGCCACGGACAGCAA,CCAACACAGGCTTCG,0.031306615691374995,9.207794841001487,78,237,179,264
ACCACACGGCCACGTACACTTTCAAAGC,AAAAGAAAAATGTAT,0.006779494795413403,2.411401882998234,111,246,222,180
TCGTCAACAGCAATTGCAACAGCACCGT,TTTTGCATTTAGGCG,0.012363500678469834,0.0,121,200,209,232
GTGACACAAACAGTAGCAACAACACGGG,GAACTCAGGTTCCAT,-0.03243963287584733,0.0,182,248,123,91
GGCACACCTACATGTCCAGTTGCAGGCA,GCCCTCGAAACCTAT,-0.022215290628431462,0.0,156,257,140,106
TACCCATAGCCACGCGCACTAGCAATAC,TCATAGGTATCTCGC,-0.033557055943802094,0.0,182,229,151,88
ATGACAAAGTCAGCAACAATATCACTCG,TTTAACTCACCGTAA,-0.041185108358097015,0.0,208,241,116,80
CCCTCAAGTGCAGCGACATTATCATATA,GTTCAGCTTTGATCG,-0.052752209458996835,0.0,206,206,86,56
AGTACACCTGCAATTACATCACCAACAC,GTGTGATTACTAAAT,-0.009611353617672307,0.0,121,207,104,120
GGAACATAGACACCCACAGAGGCAACAG,GGTTGCCCAGAAGTA,0.015594342484457258,0.0,80,151,121,169
TGCACAAACCCAGTGGCATGTGCACCAA,CTTGATCAATCAAAA,-0.017929030500585814,0.0,132,167,110,102
AAGGCAAAAACAATATCATGAGCAGGTA,CTTTCTTGTGTATTT,-0.05480101364403559,0.0,133,150,66,34
GTACCAGGTGCATACCCAAGGACAGAAC,GTTTAGCTTCCGTTG,-0.03722985689805317,0.0,127,198,87,55
GTCGCACCATCATGAACATAACCAACTC,TTAGTCTTTCCATCA,0.007435392398553526,0.0,78,138,128,129
TCCGCATAGTCAGATTCAGCTTCAACGG,CTTGATGGCTGAAAG,-0.027075287315426105,0.0,126,163,69,74
GTGTCACAAGCATGCACAACATCAGGAA,GTTTAGCTTCCGTTG,-0.025137847340424454,0.0,98,156,61,61
CCCTCAGAACCATCCTCAGGGCCATATG,CCAAGACCGTGTAAA,-0.03126992221547162,0.0,112,127,77,58
CAGGCAAACACAATACCAAAGAGCAATCG,GAGAATGAAGGACAG,-0.07049087732201877,0.0,119,79,45,19
GCTACACTATCACACCCAATTTCAAGCG,TCAAAGCATGAAAAA,-0.010961065662830193,0.0,63,120,78,60
TCATCAGTAACACATCCAGTCGCACTAT,ATGAAGTTCATAATG,-0.016636512392605267,0.0,61,125,68,49
AATACATCGACAGATGCACGTCCATAAA,GAGAATGAAGGACAG,-0.05636762598085788,1.6977866578731664,82,96,46,20
GACCCACTATCAGAACCACAAGCATTCC,ACAGTTGACGGACAG,0.016069941544380753,0.0,35,55,51,75
GCTCCAACGGCATCTTCACATTCAAGAT,ATCGTTGGCATTTGG,-0.06298265727165246,0.0,90,80,21,18
AACACATAACCAGCGCCAAACACAACGG,GTAATCTGACTCTAG,-0.05512524615428352,0.0,79,78,22,20
TAAACAAAATCAGTACCATGCCCAAATC,CTATGCATTTACTCA,-0.021008141171619654,0.0,44,81,57,31
TGAACAACCACATACACACGAGCATGGA,TTAGTCTTTCCATCA,0.010377422684484328,0.0,31,82,33,56
CAAACATTGGCAAACACAACATCAGCCA,GTTTAGCTTCCGTTG,-0.033156506383212776,0.0,47,54,19,23
CGGCCCAGGCTCTACACTACCACGTC,AAAAGAAAAATGTAT,0.016802571768339904,0.0,21,48,41,46
CCGGCATTGACAGCCCCAACGCCAGCTC,CTTGCAAGTGTAATT,-0.01557511159345403,0.0,41,54,21,34
TTCCCATGGTCAACGACACACTCATAGA,CTAAGCAGTCTTCTC,-0.06160120659398366,0.0,52,48,19,7
GAAGCACGCTAGGGTCACTATCATACG,GTTCAGCTTTGATCG,-0.02996936713738994,0.0,39,41,12,21
GGCGCAAGTCCAGTATCACAGGCAATGG,TCAAAACGGAGTGTT,-0.05866835006004302,5.0401347743589895,10,6,87,11
TGGTCAAAGCCAAGTTCAGCCACACGTC,GTAATCTGACTCTAG,-0.017121888563232653,0.0,24,32,17,19
TATGCACTAACAAAGTCACCCCCAAATG,CGTCAAGACCTTCTA,-0.02840820717957588,0.0,31,37,22,5
AATACATTGCCAGGCCCACCCACAGTAT,TCAAAACGGAGTGTT,0.003520689169883677,0.0,17,14,23,25
CAGCCATGCCCAAGCGCAGAGTCATGGC,TCAAATGATGAGGAT,-0.0075555710155483305,0.0,13,36,14,8
CCAGCAGAAGCATTACCACAGGCAACAG,TTTTGCATTTAGGCG,-0.04404848940627719,2.6781389878294135,6,9,25,17
TGGTCACCATCAAGCACAGTTCCACCCG,TGGAGTCTTTGTTGA,,0.0,30,9,3,1
CCATCAACAGCACTTACAGTGTCATATA,GAGAATGAAGGACAG,-0.08904609398793403,0.0,20,14,2,2
TCGCCAGTTGCAAAGCCACGCTCATCAG,TGGAGTCTTTGTTGA,-0.10934017838760315,0.0,21,12,3,2
TAAGCACCAACACTGACACCTGCACAAC,CTCTTGAGAATACTT,,0.0,4,3,0,0
TGTGCAGTACCAGAAACAATCACAGCTA,CTTGATCAATCAAAA,,0.0,8,20,4,5
TTGACACACTCAGGCACACACGCAGAGT,GAGAATGAAGGACAG,,0.0,15,7,7,3
GGGACAAATGCAAGCTCATACGCATAAA,TCGAAAGCACAGTAG,,0.0,10,7,1,2
GAGCACTGGCAGTACCAAAGGCAAAGA,ATTAATACTTTGCAG,,0.0,7,5,3,0
ACCCCACCTACAGTTGCAGCGACACGCG,CATTTATGGCTATCT,,0.0,3,5,7,5
TCGACACTGACAGATGCACACCCATTGG,GTGTGATTACTAAAT,,0.0,5,1,9,5
GTGACACGGGCACCCGCAAACACAGGTA,CGCGATCAATCCTCT,,0.0,3,1,1,3
CTAGCATATGCAAGAGCAAAGCCAGTGT,ATAGAGCGGCGTTGA,,0.0,1,4,0,0
TATACAAGATCAGAAACAGCATCAAATA,AGAACATCATCTACA,,0.0,0,0,1,2
AAAGCACCTCCAGGCGCACGGACATTAC,TCGAAAGCACAGTAG,,0.0,0,2,0,0
AGGTCAACGTCAGCGGCATCTTCAATAG,TTTTGCATTTAGGCG,,0.0,0,0,2,0
AGGACATAGTCAGGGACACGTGCACTAC,TTTTGCATTTAGGCG,,0.0,1,0,0,0
GGACCAACACCAAATGCACTCACAGTAC,CTCGCTAATACTCCT,,0.0,1,0,0,0
AACTCAAATCCAGGGCCACAGGCAACCT,TCAAAGCATGAAAAA,,0.0,1,0,0,0
TTCTCAGTCCCAGACACAGCAGCACCTT,CATCACCGTGCTCAT,,0.0,1,0,0,0
GTTCCACGCACACAGACAGGCGCACCAT,AGAAGACGACGATGA,,0.0,1,0,0,0
CCCACAAGCGCACATTCAAAAGCACAAA,TCTTGGAGGTGAATG,,0.0,0,1,0,0
GGCACATGGACAATGCCAAAGTCACAAC,AGTGTTAATCAGACC,,0.0,0,0,1,0
GTTCCAGTCTCATTCACAAGAGCATACA,TATATTGAACTTTAC,,0.0,0,0,1,0
GGTACATGCGCAAAATCATCACCAAGC,ACCACCGGTCCTGCC,,0.0,0,0,1,0
GGGGCATCTGCAAGCGCATTTCCATTCG,GAACTCAGGTTCCAT,,0.0,0,0,1,0
AGTGCACGGTCAGGTTCATGGACAAAAT,TATATTGAACTTTAC,,0.0,0,0,1,0
GACGCACCGACAAATTCAGTATCACCTT,TCAAATGATGAGGAT,,0.0,0,0,1,0
