BC,Edge,s,LL.ratio,TP1-1-T1,TP1-1-T2,TP1-1-T3,TP1-1-T4
CATCCACTATCAGCGGCAGCAACAACCA,CTAAGTGTGAAGGAG,0.010410813067599322,0.0,2529,6420,6826,4380
GGCCCACTTTCAAGCCCAGATTCAAAGG,CCAGGATGTACCGCC,0.008954422857589147,0.0,2046,5746,5528,3392
CATTCACGATCAGGTACAGTGACAGAAG,TCTTGGAGGTGAATG,0.0027948570496183042,0.0,1941,5214,4719,2675
CCTTCAGCACCAGTTGCATATCCAGAAA,TCTTGGAGGTGAATG,0.004683719194820283,0.0,1699,4674,4053,2478
AAGGCAAGGCCAACTTCAGTATCGGGA,CTTTCTTGTGTATTT,-0.004838446097902768,0.0,1738,4034,3488,1905
GCAACAGAAGCATTCGCAGCATCACAGC,ATAGAGCGGCGTTGA,-0.000369109238316116,0.0,1563,4062,3448,1959
GTTGCATCCGCAATCCCAGTGGCAAGAT,TTATATTTATTTGCT,0.030247415786524384,0.0,955,2963,3958,2999
AATTCACGGGCATGTTCACATGCAGTGC,ACAGTTGACGGACAG,0.0036986352311622873,0.0,1447,3708,3352,2049
ACGCCATATACACGGTCATTGCCAACTC,ACAGTTGACGGACAG,0.004138656921775322,0.0,1297,3442,3121,1861
CAGTCAAGCACAGGATCAGCGTCACAGA,GCTAATTTCAAGAAT,-0.02645666808694426,0.0,1773,3391,2333,1016
GCGACAGAATCAGTTCCACAGGCAAGTG,TATGCCCTTCTTCTG,-0.0069944395068044654,0.0,1385,3218,2793,1423
AAAGCAGGAACAATGACACAAGCAGGAT,CCAGGATGTACCGCC,0.008824033952024808,0.0,895,2366,2523,1478
TCAGCAGCGACATTTCCAGTGCCAATCG,CTAAGTGTGAAGGAG,0.009859702733900183,0.0,769,2261,2359,1310
CCAGCACATGCAAATACATGGGCATTCC,CGATGATGATGATGA,0.0032285236373296097,0.0,790,1994,1787,1103
TGTACAGGTCCAGGTTCAGAGCCAGACT,TATATTGAACTTTAC,-0.002250973715112551,0.0,829,1924,1811,982
GAGCCAGTCCCATGCTCATTGGCATCTT,ACAGTTGACGGACAG,0.008508324988838986,0.0,681,1884,1751,1114
ATGCCAGGTGCAATTACAACCTCAGTTA,TCTTGGAGGTGAATG,-0.0017987744612125935,0.0,812,1848,1783,975
CTGACAGTATCACCGGCACTCGCATTTG,ATGGCGATGGTCTTG,-0.008668600378259244,0.0,830,1958,1677,811
AGGACACCTGCAGACACAATTCCAGCCA,ACAGTTGACGGACAG,0.004278792809665921,0.0,626,1592,1576,902
ATGACAAGCACAAGTTCACAGACAATGT,CTAAGCAGTCTTCTC,-0.08353429152852992,0.0,1499,1503,573,155
GCCTCAAACGCAGTGCCATGTGCAGCGC,TTTTGCATTTAGGCG,-0.01828933295677963,0.0,840,1635,1310,615
AAACAAGAACAAGCTCAAGTCCAGCTA,GTTGGGCGCTTAAAG,0.006234700653439681,0.0,572,1533,1384,874
CATACATAAGCATCTACAGGCCCATCCA,ACCACCGGTCCTGCC,0.005558052962470065,0.0,549,1544,1376,822
TCAACAGCACCACCCGCAAGAACAGAGT,CTTGATCAATCAAAA,-0.009637069110981987,0.0,688,1634,1290,653
CACCCAAACCCAGGCTCATAGACAGATG,ATGAAGTTCATAATG,-0.010655515026024192,0.0,705,1564,1281,649
GTCGCACTTGCAACTCCAGCGACAGAAA,ACAACCTACCTGCTA,0.001045454064071061,0.0,572,1401,1347,748
CAAACAAAGACAACCTCATTCCCATTGT,CTTGATCAATCAAAA,-0.012757963015371236,0.0,619,1492,1132,535
GGATCATCGTCACTTGCAGAAGCATGAA,GTTGGGCGCTTAAAG,0.008440748315728318,0.0,449,1336,1208,733
CTTCCAGACTCACTGTCATTGGCAGGAC,AGTGTATGATAATAT,-0.011601121980537138,0.0,637,1344,1070,570
GTCACAACAGCAGAGACAATTGCATTCG,TCTTGGAGGTGAATG,-0.0010818693275585376,0.0,529,1289,1163,649
GACCCAAAAGCATGGACATTCGCAGTTA,AAAAGAAAAATGTAT,-0.004633817447714236,0.0,564,1273,1168,622
TTGTCAGTGACACCCGCATCGCCATATC,ACAACCTACCTGCTA,-0.0016967444383094502,0.0,543,1309,1126,654
TCAACACGTTCAATTGCAGATACAGGAG,AGTGTATGATAATAT,-0.01362502071997356,0.0,570,1435,1082,480
GGAGCAGTAACATACACAGAATCAATGG,TCTTGGAGGTGAATG,0.007010291488095725,0.0,477,1191,1124,746
GGCTCAGAACCACGGACAAAGGCAACAT,AATGATACCATTTTT,-0.00831076282237014,0.0,567,1238,1024,560
CACCACATAAACATCGGCAAGGGCAA,TATATTGAACTTTAC,-0.00013706153330515723,0.0,454,1227,1115,573
CATACAACGGCACTCCCAATGCCACAGG,AAAAGCGACATTTCT,-0.012186391236435635,0.0,530,1278,918,466
AGTCCATGCACATAATCAACGCCAGATA,TCAAAACGGAGTGTT,-0.004528119176697946,0.0,489,1117,1075,541
ACGCCAAAAACATCGTCATTCTCAACGA,TCAACAACCTATGCA,-0.005172783566663049,0.0,505,1179,961,548
TCATCACAGTCAATGGCAAGTCCACCAC,CTACTTACAACGGAA,0.0035160256003013307,0.0,458,997,907,645
ATGACAATCTCAAGTCCATGTGCAGGAT,CGAATGCCATACAAA,0.020095009669309105,0.0,285,898,1022,660
GTAACAACTTCAGCCACATCTGCAGTAG,TCTTGGAGGTGAATG,0.004857890362647218,0.0,384,958,919,563
GGCCCAGCACCAGGAACAAGATCAGGAG,GTTGGGCGCTTAAAG,0.004485657939431067,0.0,369,987,916,535
TAAGCAACTGCAATCCCACATACAGGCG,TCTTGGAGGTGAATG,-0.00040921427293008107,0.0,405,936,929,507
AGCGCAGTCTCACTGACAGAGGCAGCAA,GTCACCGGCACTAAC,0.02770617777788025,0.0,255,853,950,742
AAAACATAGTCAGCGGCATTCCCACAGC,TCAAATGATGAGGAT,-0.017443208777119468,0.0,518,1033,732,389
TATCCAGGTTCAGAAGCACCGCCACCGA,AAAAGAAAAATGTAT,-0.001763922597617211,0.0,401,940,807,482
TCCCCATGACCATCTTCAGGGTCACGCT,AGTGTTAATCAGACC,-0.0014711616239169911,14.676420671303731,381,890,880,462
GGGGCACTCCCATTGGCATCTCCATAAG,TTTATAAATCAATAG,-0.0025174739961415656,0.0,394,907,795,463
CGCCCATGTGCAAGGTCAAGTCCACTTA,ATGGCGATGGTCTTG,-0.009811080458614082,0.0,430,895,787,406
TACCCAGGTCCATCGCCAAGAGCATGTG,TATATTGAACTTTAC,-0.002210923345589189,0.0,371,859,850,440
TATACAGTGCCATCGCCAGTGACATCAT,TCAAAACGGAGTGTT,0.00042514373966648193,0.0,335,863,833,430
CTGACAACGGCAAATGCAGGTGCACTAA,TATATTGAACTTTAC,-0.012324948793197921,11.794855229165478,418,900,781,366
CGTACATTGGCAGTCACACATTCAATGA,TCGATAGAATTTACT,-0.008342914848500227,0.0,376,862,785,371
CTGACACTCTCACCTGCATATCCATCAC,TTTATAAATCAATAG,-0.0031144093005086733,0.0,363,874,726,419
GCGTCAAGATCAGTCCCATGCACATGAA,CCAGGATGTACCGCC,0.015550110535152895,0.0,291,741,803,588
GACACATGTGCATTAGCAGCTGCAGGCG,CAATCTTGAATTGAT,-0.014103765898648967,16.861434907904254,412,848,677,342
TCTACACCCACACGTACAAATGCACGGA,CATTTATGGCTATCT,-0.03338097302077811,0.0,479,903,582,223
AATCCAGCCACAATCCCAGACGCAGGCT,GTACAAGAAATTTTG,0.01106127017529593,0.0,265,755,776,468
CCGACAAAATCATCGTCATCAACAGATG,AGAAGACGACGATGA,-0.03468631398774389,0.0,516,810,547,231
CCGGCAGCATCAAGCGCATATTCACTAC,GTTGGGCGCTTAAAG,0.0011729483228979526,0.0,307,781,652,403
ACTACAATAACAAGGCCAACACCAGATA,TATATTGAACTTTAC,0.0016653000342589912,0.0,304,729,646,405
GAGGCAGGGTCATAACCACCTGCAGGAC,ACAACCTACCTGCTA,0.000996045196722213,0.0,278,674,668,363
CTGTCATCTCCACTTTCAACGACAAAAC,GGTTGCCCAGAAGTA,-0.01162727602921773,0.0,340,664,639,304
GGGTCAATGGCATTCGCAGCTGCAGAGT,GTCACCGGCACTAAC,0.028849044230648945,0.0,177,625,694,533
GCCGCAGGACCAGCAGCAACAGCAACTT,CTTGATCAATCAAAA,-0.019749327275661418,0.0,391,695,593,274
AGGGCATTTTCACCCGCAGTAGCAACAC,TCAAAACGGAGTGTT,0.007251291601069233,0.0,259,666,633,408
CTTGCAGACTCACGGCCATTGCCACAAA,TATATTGAACTTTAC,-0.003831819943751732,0.0,293,697,579,331
AGGGCAAGTTCAGGAGCAGCAACACTCA,AAAACATTATCAAAG,-0.03045190611110257,0.0,421,682,500,214
CGACCATTCACAGCTTCAATCGCATCGG,ACAGTTGACGGACAG,0.0010684240890985592,0.0,256,663,649,335
CGGACAGGAGCACACGCACCATCAAGAG,ATTATCAAGTGCCAG,0.010011707981291437,23.594861435339226,239,608,630,409
GTGTCATGCGCAACACCAAGCTCATGAT,CGATGATGATGATGA,-0.005628230047584386,0.0,284,677,568,304
TAATCAAGGACAGCTGCACTCGCAAAAC,TCAAAACGGAGTGTT,-0.005467348043462901,0.0,291,694,538,313
CCCTCAGCTTCAATATCACAGGCACGGT,ACCACCGGTCCTGCC,0.007367394786632782,0.0,229,616,625,362
TCTACAAGTGCAGGCACAGTAACAGCAT,ACCACCGGTCCTGCC,0.0017570116228546428,0.0,259,682,549,346
GTCGCAGTTCCACGAACAGGTCCAGTCT,TATATTGAACTTTAC,-0.0009402234513132315,0.0,237,612,614,292
GCCGCAATCACAAGGACAAAATCACTGT,CTTGCAAGTGTAATT,-0.04186533405462343,0.0,471,622,409,170
CGGGCAACTTCACTTGCATACCCACTAA,GTACAAGAAATTTTG,0.008765814263556389,0.0,202,592,620,333
TCATCAAGATCAAACTCAAAAGCAGATG,TCGATAGAATTTACT,-0.005637942085724288,0.0,271,649,496,290
GACCCATCCGCATGTACATTGTCAAAGT,AAAAGAAAAATGTAT,-0.002650273030703939,0.0,264,587,549,309
CAGACAATTGCAGAAACAGCAACACACT,AGTGTTAATCAGACC,-0.0029268151835637624,9.070944605467503,255,649,528,296
GGTCCAAACCCAGTGTCAGGGACACATT,ACAGTTGACGGACAG,0.008141460260712666,0.0,212,604,541,343
ATGACATAGGCAAAGGCATCAGCAAGGC,TGATCATCACGGGAC,-0.012823662305378585,0.0,262,636,490,226
TTCGCACATCCACAGACATCCCCACTGG,AAAAGAAAAATGTAT,-0.009412091291643495,0.0,270,595,491,258
CCCACATCCACACAGGCAACCACACCAA,TCAAAACGGAGTGTT,0.006564120266522873,0.0,197,634,483,304
GCGACAAGATCATCCCCACAACCAAAGC,GTTGGGCGCTTAAAG,-0.000672334273101708,0.0,219,577,549,272
GTTACACGTGCATACTCACAATCACCAG,TTTTGCATTTAGGCG,-0.01822520982062167,0.0,304,628,420,223
ACCCCAAGGACACCCGCACAAACATAGC,TCAAAACGGAGTGTT,0.007058611755896379,0.0,219,525,477,343
GGCTCATACCCACTTCCAACGCCAAAGG,TTTATAAATCAATAG,0.003383641042963084,0.0,221,550,444,310
AACACATCAGCACTGACAAGAGCATCAT,TTAGTCTTTCCATCA,0.0028571612429079776,2.408059776583741,218,567,418,301
TACGCACGTACAGTAGCATCCACACTCT,TATATTGAACTTTAC,-0.0010212866777528234,0.0,227,509,494,279
CGTCCACAAGCAGGGTCAAGTTCAAACT,CGATGATGATGATGA,-0.00708692240345011,0.0,244,520,462,250
ACGTCAAGCGCACGAACATCGTCAATGC,TCAAAACGGAGTGTT,0.003731528314536964,0.0,218,473,457,309
GCGTCACTCGCACATTCAATGGCAATGG,TTTTGCATTTAGGCG,-0.01665270449729704,0.0,316,494,381,243
GTGGCAGTAGCACTGACAGGTTCACAAT,TCAAATGATGAGGAT,-0.014917523254311787,0.0,258,534,458,209
CTATCAAATGCATTCCCATCGTCAAGCT,TATATTGAACTTTAC,0.0037729091322221023,0.0,198,501,483,281
CACACAACACCATAAACACAAGCAATCC,GTTAAATCAACAGTT,-0.060429104027070024,0.0,382,601,274,79
AAACCATGCGCATTAACAACTCCATCCC,TCAAATGATGAGGAT,-0.027627308895319228,0.0,291,524,407,161
TCAGCAAAATCACTTTCACGCACACTGA,TCAAAACGGAGTGTT,0.0009978282046570208,0.0,206,458,467,269
AGGACAACTCCATACTCAGGGTCATAAG,TTTTGCATTTAGGCG,-0.008984576466185645,0.0,218,512,451,211
CACGCAATAACAACGCCAGGCGCACGCA,ACAACCTACCTGCTA,-0.0047322490725659975,0.0,241,496,401,265
GTGGCATAAACATACACACGGTCATTGA,GTACAAGAAATTTTG,0.007136892129417794,0.0,186,487,444,292
ACGACACTCTCATGGCCACTCTCAGGGC,TAACCTCGCGCTGAG,-0.006852596451450178,0.0,220,490,414,227
GGGGCAGGGCCAGCCCCAAGCACACAGG,TCTTGGAGGTGAATG,0.004506634986393883,0.0,193,460,447,280
GGGCCATTAACAGCCACAGGACCATCGG,TCAAAGCATGAAAAA,-0.02141218242602373,0.0,222,543,340,148
CCGACAGCAACACCTGCAACAGCACGGG,ATTATCAAGTGCCAG,-0.010576693003686162,0.0,233,433,409,215
TTGGCATGCACATGCCCAGGAGCAATAC,CCAACACAGGCTTCG,-0.0763674699456031,0.0,429,463,185,55
ATAACAGATACAATGACAGAAGCAATCC,AGTGTATGATAATAT,-0.017767376859006447,0.0,238,475,378,177
GGTGCATCCGCAGTGCCATTGTCACACA,GCTGCTTATGAGGAT,-0.015214821065236988,0.0,208,506,362,167
ATCTCAACGTCAACAGCAAATTCACGGC,GAGTGCTTCAAAGTT,-0.007306692919104856,0.0,224,418,371,228
GGTTCACTAACAATTGCACTAACAGTAC,GTCACCGGCACTAAC,0.024260747643604207,0.0,133,393,422,349
CTTTCACCTACATAGACAGGAGCAGATC,TCAAAGCATGAAAAA,-0.022331293322827045,0.0,239,447,356,155
AGTCCAAGGCCACTTACATTCACACATG,TCAAATGATGAGGAT,-0.027922474170049245,0.0,248,479,329,136
AACCCAGCAACAAGTTCAGGGGCATGTT,AGTGTATGATAATAT,-0.01560040285453114,0.0,189,478,402,150
ATAGCAGATTCAGCATCAGAAGCATACA,TCTTGGAGGTGAATG,-0.0017031494598660493,0.0,191,410,400,230
CGGTCAAGCCCATTGACAATATCATCAG,TCTTGGAGGTGAATG,0.001792974294772979,0.0,166,410,408,222
CTTGCACCTCCAGAAGCAGGAACAGTCC,ATTATCAAGTGCCAG,0.002272448349703445,5.807260390785814,171,400,391,232
GAGTCACACTCAGTAACAGATCCATGGT,CGTCAAGACCTTCTA,-0.02292268896642515,0.0,237,409,351,151
GCCTCAAAGACATCCGCAAGGCCAGCGT,CTACTTACAACGGAA,0.0028962237473783236,0.0,170,414,375,235
AGAGCATTAGCAGGAGCACACGCAAACT,TTTATAAATCAATAG,0.008506937838016865,3.6841623006421287,151,406,356,247
CACACATGGACACGGCCACATTCATGAG,CGATGATGATGATGA,-0.005508145858870414,0.0,175,424,336,188
TAGTCACAAGCATTCACATTCGCAGCCC,GAGTGCTTCAAAGTT,-0.0031673259145701105,0.0,164,389,385,189
TATACACTCTCATGCACACGGTACGAT,AAAACATTATCAAAG,-0.03449884950306633,0.0,251,454,284,113
AGGACATACTCAAATACAGACACAAGGT,TTATATTTATTTGCT,0.01802680679718205,0.0,136,337,380,296
TGGTCATTGCCAGGGCCATACTCAGGAG,TCATAGGTATCTCGC,-0.0334050279711279,0.0,230,417,287,107
AAATCAGTCGCAGCTTCACTACCACCGT,TTAGTCTTTCCATCA,-0.012804353388507723,0.0,168,409,379,145
CGCTCATCGCCAGCTGCACCTGCATGGA,AGAAGACGACGATGA,-0.0342063801928465,0.0,240,432,282,109
CGGGCAAAGCCAGGAGCACGAACAGGCA,GCTGCTTATGAGGAT,0.014948822514844773,15.587508720260757,129,387,348,256
CTGGCATGATCACTGGCAGAGGCAGCGG,GTTAAATCAACAGTT,-0.0737584290114313,9.084567178656243,339,447,134,47
GTATCAGAGTCAGTATCATCTCCAGTTG,ACCACCGGTCCTGCC,0.006105451428559006,0.0,136,386,370,207
CCACCATAAGCAGAAACAGTTTCATGAG,ACCACCGGTCCTGCC,-0.008095684388635017,6.139775405378714,168,405,344,167
CAGGCACAAACAGGGGCAGTGACATCAC,TATATTGAACTTTAC,-0.0022947084933052126,0.0,153,399,350,181
CATACAATGGCACCAACAGTGACAAATG,GTACAAGAAATTTTG,0.018970043511421078,4.309789971366627,113,343,378,253
AGCCCATATCCAATACCATGAACACTAG,ATTATCAAGTGCCAG,-0.010608200137549996,0.0,192,370,314,177
TGAACAAGAGCAGGGGCAGCTGCATCGA,ATTATCAAGTGCCAG,0.0009758500852756752,0.0,141,372,369,184
TGGGCAGCTACAGCTACATAAGCACATA,TATATTGAACTTTAC,-0.0024888522148443244,0.0,176,341,317,207
GGATCAAGGGCAGTTACAAGAACATGCA,GGTTGCCCAGAAGTA,-0.0025756739693554597,0.0,156,381,326,183
CGCTCAGCAACAACGGCAAATACAGAAA,TATATTGAACTTTAC,0.00031904797108569925,0.0,161,335,354,206
TATTCAAGTCCAGGAACATTAGCAAGGG,TCTTGGAGGTGAATG,-0.0065198852843770215,0.0,166,356,317,173
ACCGCATGCCCAGAAGCAGAATCAAGAC,AAAACATTATCAAAG,-0.04054074861312338,0.0,221,407,261,83
GAGGCATTAGCATATCCAGGGGCATCCA,TCATAGGTATCTCGC,-0.015067058142983083,11.83611637166996,186,347,320,150
ATTACATAATCAGGCACATGTCCAGGTC,TCAAAACGGAGTGTT,0.008446787445754896,0.0,128,360,335,209
ATACCATTGCCAGTCACAACGACAAGTG,GTTAAATCAACAGTT,-0.03806305137642562,14.138598313286366,220,417,260,89
TGGGCAAGGACAAACGCATCCTCACTGT,CCAGGATGTACCGCC,0.009974768902591096,0.0,117,380,356,200
TAATCACCGTCACCTTCACCTACAGCAA,TAACCTCGCGCTGAG,-0.002438506448384266,0.0,163,380,299,192
GTCACAACCGCATATACACTATCACTTG,TCAAATGATGAGGAT,-0.021954199788416378,0.0,186,385,302,122
GTCCCAAAAGCAATACCAAACCCAAGTT,TCAAAACGGAGTGTT,0.008873440433317769,0.0,130,316,342,215
AGCTCACGCGCAATGTCAAGGACATCAA,GCTGCTTATGAGGAT,-0.0055288197185265,0.0,163,364,309,175
GGAACACGATCAAACGCAGAGACACTTA,CTCGCTAATACTCCT,0.00490578511514331,0.0,126,349,351,185
CTGACAGTCTCAGCACCACTACCACGAA,CCAAGACCGTGTAAA,-0.02498064896482902,0.0,197,370,278,118
TAAGCACTCGCAAGCCCATAGTCAGCGA,ATTATCAAGTGCCAG,-0.008137353754867786,0.0,139,376,318,138
GAGGCAGGCACACCGACAGAATCATCAT,CGATGATGATGATGA,-0.0018601683200612105,0.0,136,390,293,163
TGGACATAGGCATAGACAGCATCAGAGC,CTCGCTAATACTCCT,0.009028119751867835,0.0,130,306,343,216
CTAACACACTCAGCTGCATTTCCACCAT,ATGGCGATGGTCTTG,-0.009674878179261345,0.0,154,362,313,146
CGTTCAGCATCAATCGCAAGGTCACGTG,AGAACATCATCTACA,0.0008131650868679661,50.39476977213826,144,303,317,187
ACGTCAAACTCATGTGCAACCCCACACG,TCAAAGCATGAAAAA,-0.009628670120108618,0.0,158,382,262,150
TCACCATGTCCAGAAGCACGGACATGCT,GCTGCTTATGAGGAT,0.0008105044863690272,0.0,134,342,299,174
GTGACAGAGGCATTGCCAAACACAGTAT,TCTTGGAGGTGAATG,0.000708000955958636,0.0,146,308,315,189
AGGTCATCGTCACGCCCACAAGCACTCA,CCAACACAGGCTTCG,-0.06513496567031424,0.0,284,321,158,51
GTCGCAAGCTCAGTTACATTAGCACACA,TATGCCCTTCTTCTG,-0.005100629356394821,0.0,160,299,304,174
AGAACAGTCACACGGCCAACTACATTCG,CTAAGTGTGAAGGAG,0.022490945136526556,2.6313811215186433,86,318,337,214
GCGCCAAGTACATACGCAAGGCCAACCA,CAAGGATCCCCGTAG,-0.023247508332124633,0.0,168,344,288,106
AGTCCAGAGTCAGAATCAACGCCAGGTG,TCGATAGAATTTACT,-0.010797058055405909,0.0,180,350,244,165
CCTGCACATCCAAGAACAGACACAGCCT,ACAAGTTTTACAGTT,-0.015876814561951242,0.0,155,353,278,122
ATGCCAAACACACGTTCAAAGGCATAAA,GGTTGCCCAGAAGTA,-0.005991398361086628,0.0,153,313,296,162
CACTCATAACCAGGATCAATTCCAGAGG,CTTGCAAGTGTAATT,-0.04008516065550125,0.0,218,362,196,83
CCCGCAATTTCAGAAGCACTCGCAGAGA,TTATATTTATTTGCT,0.016183906606250367,0.0,101,276,360,208
AGTCCAGTAGCATCGCCAACGTCATCCC,GTACAAGAAATTTTG,0.0015652537113610247,0.0,131,289,327,174
GTCTCACGTCCATCAGCACTCTCAACAC,TCGATAGAATTTACT,-0.004303459807227972,0.0,123,361,268,137
ATTTCATCACCATCCACATATACATGCG,GAACTCAGGTTCCAT,-0.045538320760084905,12.899354262021916,232,374,194,75
GGGCCACGGTCAGGCGCAACTGCAGGTA,AGAAGACGACGATGA,-0.02574728670096366,0.0,164,371,201,96
AAGGCAGTTGCAACGCCAGGTTCATGCA,CGATGATGATGATGA,-0.009932935221746186,0.0,135,338,245,127
GGTCCAGGAACATTATCACGTACAGTAA,ATTATCAAGTGCCAG,-0.012347725243235663,0.0,144,327,241,126
AAAGCACAGTCACGCTCATGAGCAATAG,AAAACATTATCAAAG,-0.04174450489539162,0.0,196,309,194,71
ACCGCAGTGCCAAGCGCATAATCATCAT,GTCACCGGCACTAAC,0.017339851349589073,0.0,106,272,263,226
CCTCCAAAGTCAAACACAAGGGCACTTG,TTAGTCTTTCCATCA,-0.0027138487277384104,0.0,107,320,267,125
GCGTCAGTATCAGAGACAGAAACAGGAA,GTTGGGCGCTTAAAG,-0.007896678822418238,4.253239043131998,138,305,264,138
GCAACACTAGCAATGCCAACTACAGTCA,TATATTGAACTTTAC,0.005311602944356433,0.0,109,276,285,162
TCTGCAGGTCCACTTCCAACAACACAGA,TTATATTTATTTGCT,0.03996885354148604,0.006817890548063588,54,279,302,227
GGGACAGTTGCAACGCCAAAATCAAAGG,CCAGGATGTACCGCC,0.012273782213402517,0.0,89,290,291,163
AGCGCAGTTACAGACGCAAAGCCACATG,GCTGCTTATGAGGAT,-0.013786797638742613,0.0,142,290,279,119
AATTCAGCATCAGGCACAAATCCATTAA,TCGATAGAATTTACT,-0.005017191682457557,0.0,133,304,206,145
AGCGCATAACCAGGTCCACACTCAAAAG,TTAATTAGAGGTATG,-0.044517088444688574,0.0,216,276,188,72
AGTGCAACGACAAGAGCATGTGCAGGAA,AGTGTATGATAATAT,-0.0068125724322329285,0.0,121,328,207,125
TGCACACAAACAGGACCAAGAGCATTTA,TCTTGGAGGTGAATG,0.0014160968321512701,0.0,121,247,268,160
TCTACAAGCGCAACAGCACGGCCAGTAT,AGATTCATCCCATGG,-0.05156072490026212,0.0,189,308,134,51
TGCACACGGGCACAGTCAAGAGCAGTCT,TTTATAAATCAATAG,-0.006031390367483421,0.0,139,226,250,147
GGCGCAGCTCCAAGTGCAATAACAATTG,TCTTGGAGGTGAATG,0.00016240021583852475,0.0,117,239,244,149
GACGCATCTACAGGACCAGTGGCACAATG,TCTTGGAGGTGAATG,-0.00026862640812332154,0.0,105,285,228,132
AGTGCATACTCATTGCCACGAGCATATG,TCAAAACGGAGTGTT,-0.003756999481372115,0.0,121,294,205,137
CTGGCACGGTCAACTACAATGGCAATTA,CTAAGTGTGAAGGAG,0.0005913951233677666,0.0,100,291,232,129
GAGACAGTGGCAAAAGCAGGGGCAAGAC,TCATAGGTATCTCGC,-0.0326055597858897,0.0,149,282,207,71
CTTACAGTGACACGAGCAGCTCCAGACT,CTTGCAAGTGTAATT,-0.037370092733173405,0.0,184,267,177,76
TTACCAAGTGCAGGGACAGTCGCATGTG,GTCACCGGCACTAAC,0.02047679168939071,0.0,73,245,257,171
AGCCCAAGCTCAATTCCATAGACACGTT,CGATGATGATGATGA,-0.010624346097339303,0.0,140,240,233,129
TAGGCAGTCGCATCTGCACATCCATCCC,GTACAAGAAATTTTG,0.010246706276327754,0.0,94,245,241,162
TCTGCAATTGCACATACATCATCAACTT,AGTGTATGATAATAT,-0.018796461911307207,0.0,147,274,177,106
CCCTCACGTGCAACATCAGAGGCAAGTC,TATATTGAACTTTAC,0.012412177730223193,7.537827052252851,87,219,261,160
CTCACACTGACAAGCACATCATCAATGA,TATATTGAACTTTAC,0.003040509245257465,0.0,103,262,221,143
CTGACACTATCAGGACCAATAACAAGTC,GAACTCAGGTTCCAT,-0.0230972583981181,0.0,142,269,206,90
CTTACACAATCATTCGCACTGGCACGAA,AAAACATTATCAAAG,-0.043509962491471994,0.0,163,295,175,56
AAAACATCGCCACCTTCACTCCCAACAG,TTAGTCTTTCCATCA,-0.00789667882241824,0.0,130,241,210,130
ATACCATGGCCATTCACACGGCCAATTG,TTTTGCATTTAGGCG,-0.018915472153586466,0.0,135,263,195,97
CATGCAGTCACAGTTACAGTGACAGCGG,CTAAGCAGTCTTCTC,-0.09181989457611794,0.002118886281095911,248,215,113,20
AACGCAGTACCAGGAACAGGTCCAAGCA,CTTGATCAATCAAAA,-0.009509896851146568,0.0,127,267,180,121
CTTACAGGCGCAACACCACAATCAGATT,ATTATCAAGTGCCAG,-0.008192977069659794,0.0,113,229,210,112
ACCACAGAAACAATGGCAATATCACCCT,TCAACAACCTATGCA,-0.004083000449826769,0.0,99,237,252,111
CTTCCACATCCACACACAAAGACAAAGA,ACAGTTGACGGACAG,0.0016927235926411214,0.0,96,202,277,128
CTATCAAGGCCAATGACAAACCCAGCTG,TAACCTCGCGCTGAG,-0.01957944461211197,0.0,115,237,249,81
GGACCAGTACCAAGTCCAACCTCAGCTA,TCATAGGTATCTCGC,-0.029413983208107952,0.0,164,231,193,86
CATCCAGTCACATGTGCAGCGGCAACCA,TCTTGGAGGTGAATG,-0.010564769078202784,3.574121731973264,117,240,216,108
GAGACAACGGCAAGTTCAACTTCATCAC,AGTGTTAATCAGACC,-0.07411493864865623,20.984179333065185,226,244,136,31
TGGACATAAACACCCCCAACAACATACT,TCAAAACGGAGTGTT,-0.0027583228281762733,0.0,102,235,226,119
TGGACAAGCACAACGACATGGTCAAGCT,AGTTTATAAAAAATT,-0.022830836239983582,0.0,144,256,154,92
AGCCCAGAAGCATAGGCACCCTCATGTC,ATAGAGCGGCGTTGA,-0.0067471396200459235,0.0,114,251,189,118
TGTCCAGTAGCAGGACCATTTGCAGAGC,TCAAAACGGAGTGTT,0.005967868110097092,0.0,95,212,215,144
CCTTCAGCGGCACTACCAGTCTCATGTC,CAAGGATCCCCGTAG,-0.026156056498698888,0.0,147,254,161,85
AGATCATCTGCAGCAGCAACGTCAAGCC,AAAAGCGACATTTCT,-0.00980195928374988,0.0,108,202,229,102
TTTACAAGGTCAGGATCAGTTCCACGCA,ACAGTTGACGGACAG,-0.013919013114267626,14.259660903080203,121,262,165,101
CAAGCATGCACAATTTCACGGACAACGT,CGATGATGATGATGA,-0.0007262995018533971,0.0,100,229,195,124
GCCACAACCTCAAAAACACCCTCATCTC,GAACTCAGGTTCCAT,-0.02896705515487077,0.0,143,225,179,76
GATATCATAGGCAGATCCAACAACATCGG,TAACCTCGCGCTGAG,0.008605896737510147,4.4786235685719475,64,251,235,105
AGGCCATCAACACGATCAGGGCCACAGA,TTAGTCTTTCCATCA,0.006351455005146431,3.0350691433552583,90,230,174,138
GAACCACTTGCAAGGTCACGATCAAACG,TCGATAGAATTTACT,-0.006447175091093611,0.0,90,222,208,94
CGCTCACTAACAAGAGCAAGTGCAAATA,CTTGATCAATCAAAA,-0.005927048276751353,0.0,115,212,166,122
TTGGCAGCCTCAGTTCCAGGATCAGGAC,TCATAGGTATCTCGC,-0.03659039814088246,0.0,149,223,174,63
CTCGCACCGACAACTACAACCTCAAAAT,AGTGTTAATCAGACC,0.004869729586118613,13.680838810095565,90,197,197,132
CGGACAACTGCACGTTCACAGACAGGGG,CTTGATCAATCAAAA,-0.012555410234923549,0.0,115,230,177,100
GAGTCACTGCCACCCACATTTGCAGAAT,TCAGAGCATTGGCCT,0.03900044278833597,0.0,48,157,227,196
GTTCCAGGAACACCGCCATAGGCAAACG,CGATGATGATGATGA,0.009764058659469964,4.042304377108849,73,207,212,124
CGATCATCAACATTCACAAAGGCAACGT,ACAACCTACCTGCTA,0.005280412399053331,0.0,66,217,229,98
CCCCCAGAACCACTTACATCAGCAAAGC,TCGATAGAATTTACT,-0.006033996875936347,0.0,87,203,216,92
GTGCCATTCCCAAGTGCATGCTCATCGA,TCAAATGATGAGGAT,-0.025475176346324954,0.0,122,209,151,72
TGGGCAGGTGCATAATCAGGGCCATGGA,AAAACATTATCAAAG,-0.02082219652271034,1.6553237461123445,112,235,134,76
GGGTCATAAACATTGGCAATCGCACAGG,CTTGATCAATCAAAA,-0.01627382643178176,0.0,99,200,168,77
AGGGCATGTGCAAAGGCAAATACAACAT,TCAAAACGGAGTGTT,0.0015622602819365984,0.0,64,218,175,85
GTCGCAATTACAAGTCCAGCGTCACGAT,CGATGATGATGATGA,-0.005088000701826905,0.0,91,189,170,99
ATAGCAAGGACAGGTACACGCTCAATCA,TAACCTCGCGCTGAG,-0.016371150101892915,0.0,98,195,167,76
ATTTCAGGGGCACGACCAAAGGCACCTC,CTTGATCAATCAAAA,-0.003918453567999382,0.7582736270524038,71,219,166,80
AGCCCAGGGGCACAATCATCGTCAACGT,TTTTGCATTTAGGCG,0.0008105044863690277,2.6572502026028815,67,222,154,87
AGCTCATAAGCACGGGCACCTACACAGT,AGTGTATGATAATAT,-0.0030953664816536428,2.805989764784499,71,194,177,82
CAGCCAATCGCACCACCAATTGCACTGA,CTTGATCAATCAAAA,-0.0043846616338240425,3.5971373914949254,72,183,198,80
TTCGCACGCACAAGCTCATGGACATAAT,ATGGCGATGGTCTTG,-0.013574857680659566,0.0,83,193,174,70
GGGGCAAAGCCATACGCAACAACAGGTC,ATGGCGATGGTCTTG,-0.00022409289003193453,0.0,85,187,121,107
ACGCCATGCCCAGCCTCATTTCCAAGAC,AGAAGACGACGATGA,-0.03613994083532502,0.0,119,199,130,51
CAGACAATTGCACGTCCAGGAACAGTTC,TCAACAACCTATGCA,0.003377083880881657,0.0,82,159,177,115
CAAGCACCATCATCAGCATTGCCACGCG,ACAAGTTTTACAGTT,-0.03230894194619247,0.0,104,218,140,50
ACCGCAGCTACACCGTCAGTCTCAGTTC,TCTTGGAGGTGAATG,-0.00019982693409494927,0.0,77,190,166,97
TATCCAACAACACCATCAACATCAGCGA,AGTGTATGATAATAT,-0.008576974543458472,0.0,99,178,147,97
GTACCACTATCAAGTACACAGACAGGAG,TTTATAAATCAATAG,-0.002568388791021711,0.0,75,194,144,88
CTGGCACGCGCACGCCCAGGGACATACG,CGATGATGATGATGA,-0.004593648734277212,0.0,96,172,140,106
AAGTCAGGACCAGAAGCATGCCCAAGGT,GTACAAGAAATTTTG,0.004848967621365589,0.0,73,158,182,107
AGGACACCACCATGGTCAATAGCACACT,CTCGCTAATACTCCT,0.00979092954632077,0.0,60,178,171,102
TGCTCAGGGTCATGAACAGAGTCAGCAT,TTTATAAATCAATAG,-0.02125076161016411,5.021595431846208,103,182,162,69
TGGCCATGATCAAGAACATGGCCATTCT,TTTTGCATTTAGGCG,-0.018146168814016924,0.0,102,187,134,75
GGGCCACCACCAACCTCAAGCTCATGGG,GTTGGGCGCTTAAAG,0.0028624342530167986,0.0,63,189,168,87
TTGGCAACTGCAAGGACAGAGTCACATC,ACAAGTTTTACAGTT,-0.02291056202143259,0.0,91,213,140,58
AGAGCAGCCCCATTTTCAGAGGCAGTAC,GAACTCAGGTTCCAT,0.0003645266410678231,9.619064666543409,64,189,152,82
GCAGCACATACAGGCGCACGCACACTCC,TTAGTCTTTCCATCA,-0.011581407969079013,0.0,86,187,147,77
GGAACACGCCCACGGACAGCGTCAATCG,AGTGTTAATCAGACC,-0.005514713356346723,6.285318048665772,81,163,160,87
ATATCATCGACAGCAGCACTCTCACCGG,AAAACATTATCAAAG,-0.02984539957482008,0.0,85,201,145,44
AGGTCAAGGACATGAGCACTGTCAACGC,AAAACATTATCAAAG,-0.033623022418386855,0.0,119,180,116,55
ATATCAAGTTCAATAGCAAGCCCAAACT,GTTAAATCAACAGTT,-0.07466563091892697,0.2823185360957723,126,212,91,17
TACACACTAACAAGCTCAGGTTCACACT,ATTATCAAGTGCCAG,0.004123805909008841,2.8717011739352074,76,157,134,109
AGGTCAAGGACACGGCCAATGCCAGTCA,GAACTCAGGTTCCAT,-0.023680631200857578,0.0,114,149,128,71
GGCCCACCGGCAGCACCAGGTTCAATTT,CTCTTGAGAATACTT,-0.04113477310585992,0.0,103,217,99,38
GGGACAGGAGCACGTTCACCACCAAGTT,CCAACACAGGCTTCG,-0.07098215110075227,0.0,146,149,79,22
TAATCATCGCCACTGACAACCGCAAGGC,TCAAAGCATGAAAAA,-0.02504519188297055,0.0,92,178,123,55
TGGTCAGATACAGAAACAAAAGCAACTC,GAGTGCTTCAAAGTT,-0.010366944560875628,0.0,84,178,123,78
GGATCAATAGCATCCTCAATGACAGAGT,CCAAGACCGTGTAAA,0.0027184455481995776,7.783975278465391,64,174,139,88
ACCGCAGACACAGGGGCAGAATCAGGCA,TCAAAGCATGAAAAA,-0.00789667882241824,3.6388587694589205,64,168,152,64
TACCCATGTACATCGCCAAACACTAC,TATATTGAACTTTAC,-0.003510800229460924,0.0,64,155,174,73
AACCCAAGGACATAACCAAATACAAAAT,TAGACGGACATCTTC,-0.07042476503703811,0.0,124,183,82,19
CGGCCACAAACATGTCCAACACCAGGCC,AGAACATCATCTACA,-0.04298071820467967,0.0,106,173,106,37
AGAGCAGATCCACCAGCAAAATCATTCA,TCAAATGATGAGGAT,-0.02385458912956791,0.0,92,171,128,57
CATGCACGCCCAACGACAAACTCAGTGC,CAAGGATCCCCGTAG,-0.010295795476587892,3.132726007253723,72,158,138,67
GACCCAATAGCATGAGCAGGGGCACATT,ATGGCGATGGTCTTG,-0.016427791293658272,0.0,93,159,119,72
CCAGCAAAATCAAGCCCAGTGGCAGGTT,TTTTGCATTTAGGCG,-0.022830836239983582,0.0,72,165,133,46
GTCGCAATGTCAGATGCAACAGCATTAC,TCATAGGTATCTCGC,-0.029871533118560372,0.0,87,177,105,45
TTAAATATGCAAGCACATACTCAGCTA,CTCGCTAATACTCCT,0.03002091134150787,8.708716127751359,42,125,152,131
CTTACACCGACACAGTCAAGGTCATAAC,TATATTGAACTTTAC,0.0019521282740429559,0.0,64,154,131,86
GACTCACAACCAGAGGCAATAGCACCAG,TCTTGGAGGTGAATG,0.0063764331504391125,0.0,58,154,135,89
TAGACACTAACAATGGCAGTGTCACAAA,TCATAGGTATCTCGC,-0.024772339063422553,0.0,73,166,111,44
GGTACAGTGGCAGGGGCACGGTCATCAA,CGCGATCAATCCTCT,-0.07519057615119827,0.0,128,140,55,17
TTGACAAAGACATGAACACTTACAGGGA,TCAAATGATGAGGAT,-0.019785843620375956,0.0,80,172,104,56
TCTGCAAACGCATCTTCAGTGTCAGGGC,ACAGTTGACGGACAG,0.004318752854411582,0.0,61,147,129,88
CGACCATCGACAACCCCAGCGCCATGAT,AGTGTTAATCAGACC,-0.09235323928766596,27.654018058066413,126,121,51,10
AGACAACGGCAACTTCAGGACCAGTAA,GCTGCTTATGAGGAT,0.0012935172244172843,0.0,63,137,136,83
GGCTCAGGGACATGGACAGTAGCAAGTC,TTTTGCATTTAGGCG,-0.007896678822418238,0.0,61,155,120,61
CTCGCACGGACAACACCAGTTACAAAGG,CTATGCATTTACTCA,-0.03917233344218259,0.0,92,125,91,36
TCGACACTGCCACGAGCAATTGCATGGA,CCAGGATGTACCGCC,-0.02030466083841304,15.109129906281396,74,158,119,51
TGGGCATGAACATATTCAACCGCAGGGG,TCAACAACCTATGCA,0.002128459644886223,0.0,57,145,114,77
AGCGCATGCGCACTCACACCTCCAAAGG,ATTATCAAGTGCCAG,-0.003911840467425476,0.0,63,137,122,71
CGACCAGGGACAGAAGCACAAACAGAGT,CTTGCAAGTGTAATT,-0.04289074963904083,0.0,100,132,103,35
CTCTCAGACGCACATCCACTGGCATTGT,TATATTGAACTTTAC,0.002352811169180446,0.0,50,155,108,68
GCATCAAGGCCAGGGGCACAGTCACCCA,CGATGATGATGATGA,-0.0035290700755381105,0.0,50,138,147,57
CGAGCAGTAGCAGCTACAGCAACAAGAC,AGTGTTAATCAGACC,-0.017486081237477597,0.0,76,145,81,57
ATAACATAGAGCCTCAGGACCAAGCA,ACAACCTACCTGCTA,-0.006684424016722402,0.0,54,150,116,56
ACGTCATAAACAGTGTCAGCATCAAGGG,TCAAAACGGAGTGTT,0.007628565789724563,0.0,59,113,119,94
GCTACACCACCATTTGCAGTACCAATGG,TATGCCCTTCTTCTG,-0.002014797577699682,0.0,57,142,116,68
TGTGCACGCGCAACTGCATGGGCAACGA,TTAGTCTTTCCATCA,-0.01780506293801595,0.0,70,112,147,52
ACAACACAGACACTGTCACGACCAACTA,TCATAGGTATCTCGC,-0.02965912153648508,0.0,73,145,94,38
TGGTCAAAATCAACTGCATGCTCAATCC,ACAACCTACCTGCTA,-0.002836478393484767,0.0,61,144,95,71
TGTTCACAGGCATGCACACAAACACGCC,TAACCTCGCGCTGAG,0.012243310995696725,7.922102509989145,47,114,122,86
ATCACACAATCAGGAGCAACAGCAGGGT,ATGGCGATGGTCTTG,0.008286915036971794,3.6912061740436,48,127,110,78
GACCCAAGCTCACAGGCAAGAGCACTAA,ACAAGTTTTACAGTT,-0.028238662847557463,0.0,81,150,85,44
ATCACATTGGCACACGCATGATCAACCG,AGATTCATCCCATGG,-0.04572934325038441,0.0,84,149,81,27
GTCTCATATACATTTCCAAAATCAGGAA,AGTGTATGATAATAT,-0.006747139620045923,0.0,57,144,101,59
TGAGCAGGAGCACCCGCAACGACATGTA,ATGGCGATGGTCTTG,-0.00789667882241824,0.0,73,116,97,73
GTCCCAGAGACACGTGCAATGTCACTAA,AGAACATCATCTACA,-0.04187544272288387,0.0,97,134,86,35
GGACCAGGGACAAAGCCAGCCGCAGTAA,TCAAAGCATGAAAAA,-0.0037245740572846883,5.864600945840266,60,107,109,68
GGCTCACCAACACTCACACCTCCAATTC,TCAAAGCATGAAAAA,-0.02447676560354659,0.0,74,126,96,45
ATTGCAACAACAAGCACAGAATCAAAAA,TCAAAACGGAGTGTT,0.00331906239828886,0.0,40,128,123,56
ATCCCATAGCCAAAGACAATATCATCAG,TAGACGGACATCTTC,-0.044517088444688574,0.0,90,100,68,30
AGTCCAAGTCCAGGAGCACGGACAACCA,ATTATCAAGTGCCAG,-0.015104115771406112,0.0,72,122,88,58
ATCGCATCAGCAATCGCAATCGCATAGG,TCTTGGAGGTGAATG,0.0002740697786812671,0.0,54,108,105,69
ATAGCAAACGCACCCACACCGCCAGATT,CTACTTACAACGGAA,0.004869729586118614,0.0,45,107,131,66
CTGCCACTGTCAGCATCAGTGTCAGCAT,ACAACCTACCTGCTA,0.0033190623982888596,0.0,45,132,101,63
GTGCCATCCACATGGACACAAGCATCGG,ACAACCTACCTGCTA,-0.00789667882241824,0.0,53,117,104,53
GTTACAAGTACAAGGCCACTCACAGGGG,AAAACATTATCAAAG,-0.02997586288552463,0.0,64,121,100,33
GGAACAACTTCACGCTCATCCTCAATCC,CTCGCTAATACTCCT,0.01863003233158271,0.0,37,100,116,82
CGCACAGAGTCAGTTTCACGCTCAATCC,CTACTTACAACGGAA,0.0038440076305601566,0.0,45,116,118,64
TGTCCAATGACAGAGACAGCACCAGTTA,GTTGGGCGCTTAAAG,-0.005379760405480043,0.0,51,117,115,55
AATCCAGTTACAGGATCATCCCCACTGC,TCATAGGTATCTCGC,-0.034608704329090835,0.0,78,114,85,35
ATCGCAGGCCCAGGGGCACTCACATATC,GAACTCAGGTTCCAT,-0.0179001652374295,0.2516604529681672,54,134,84,40
TCTGCAGATACAACCTCACATCCAGCCA,CTTGATCAATCAAAA,-0.005745394784499203,0.0,45,116,119,48
GTCTCAATGCCAGCCCCAACATCACGTC,TTTTGCATTTAGGCG,0.0038165840721780565,4.1397697463469285,38,125,109,54
GTGGCAGTCGCAGTAACACGATCAGAGC,TATATTGAACTTTAC,-0.019785843620375984,1.6119316800509296,50,117,127,35
TACGCATCACCATTCGCATGGCCAGATA,TTAATTGCACTTATG,-0.0035426727418494063,0.0,43,97,130,49
CCGACACAGGCATCCGCAAAGGCAGGGA,CTTGCAAGTGTAATT,-0.06428587917812068,0.5348360704447259,76,117,84,14
AACACACACACATCGACATTACCAAAAC,CTAAGCAGTCTTCTC,-0.0749116344955144,0.0,112,122,41,15
TGCACACTGACAGACTCATGGGCACAGA,CTTGCAAGTGTAATT,-0.044517088444688574,0.0,87,109,83,29
CCAACATATACAACAACACCGTCAGATC,ATTATCAAGTGCCAG,-0.016125348086802438,0.0,64,100,98,50
TTAACAAGCACAAAGACATTGTCAGATA,GAACTCAGGTTCCAT,-0.04309843463072869,1.6352464246597265,69,127,85,24
GATCCAGGACCATTAACAAAGTCAAGAG,ACAAGTTTTACAGTT,-0.030088285701479284,0.0,72,113,85,37
TGACCAACCACACGATCAGCACCACAGC,TCAAAGCATGAAAAA,-0.03100158484108309,0.24226552425898262,78,94,99,39
AAAGCATTGCCAGAAACAGAGACATGAA,AGTGTTAATCAGACC,-0.06762199446335342,13.018728847668285,84,136,46,14
CAACCAAAAACAGTTCCATGTACAGGTT,AAAACATTATCAAAG,-0.0204731531938005,0.22485005785347312,70,130,58,48
AGTGCATCGACATCGTCATACGCAACCA,CTTGATCAATCAAAA,-0.014817990981693055,0.0,64,109,84,52
GTTTCATCCCCACAGACATTATCACAAG,TCAAAGCATGAAAAA,-0.011822780010964366,0.0,54,117,81,48
GACCCAACAGCATGTCCAAGCCCAGGCT,CAAGGATCCCCGTAG,-0.041050764660553664,2.2271918545116023,73,114,80,27
CAAGCATGTCCAGTGTCACGAACAAGTC,AATGATACCATTTTT,0.004488773058664509,0.224734822256778,40,133,81,58
CAGGCAGCAACAGATACAACTGCAAGAG,AGAACATCATCTACA,-0.05368719811951924,0.0,79,114,67,20
AACCCAATTGCATGGCCACGAACAGTGG,CCAACACAGGCTTCG,-0.08025132150145942,0.0,103,95,46,7
TACACATGGGCATGGACAACTGCATGTC,GAACTCAGGTTCCAT,-0.028531319102625668,0.0,65,106,80,35
TTGCCAATCTCAAAGTCAGGAACATGTG,TTTAACTCACCGTAA,-0.049464421948631036,8.787659900317067,87,121,49,25
CTGGCAGCGCCAAAAACACTGGCAAAAT,CTAAGCAGTCTTCTC,-0.07130640255283971,0.0,88,113,47,6
TGCACAGGGACATACTCATTCTCATAAC,AAAACATTATCAAAG,-0.04161670921170093,0.0,77,114,76,28
TAGTCATATCCAGCAACACGTACAGTAC,CTAAGCAGTCTTCTC,-0.06022019731984052,3.0316256830727752,72,124,48,9
CTGCCACAGCCATTCCCACTGCCAGGAT,CTTGATCAATCAAAA,-0.017105124710023494,0.0,58,105,79,44
CGGGCAAACTCAGTGACACAAGCAATCG,GTTGAACTGGTTGTT,-0.06064365349062428,0.0,73,115,60,15
GGGACACGGACACCTACAAGTCCATACC,ATTAATACTTTGCAG,-0.029871533118560376,0.0,58,110,80,30
GCGTCACAGACAGGACCAGCCGCATGGA,TTTAACTCACCGTAA,-0.037181692285461865,2.4802502422442103,65,122,55,27
GTAACACTGACAGATACAGCTTCAATGA,TAACCTCGCGCTGAG,-0.0165727820978738,0.0,48,108,79,37
CAATCACCAGCACTCACAACTGCATGCC,ACAGTTGACGGACAG,0.007481506727669142,0.0,29,116,92,46
GGCCCAGTTGCAAAGACAACGCCAATCG,TTTAACTCACCGTAA,-0.018351930784252953,0.0,52,109,62,38
CAGGCACGCTCACGCACAAGCACACGGA,CTTGATCAATCAAAA,-0.044008172706995634,16.01900750122809,65,115,41,22
CAGTCACATTCATGGTCACACACAAGAG,CTTGATCAATCAAAA,-0.026054251337140663,0.8462229929571095,50,106,87,29
GCCACAAGCTCAGCCCCACTCGCACATG,TCAAAACGGAGTGTT,0.0014983595822813712,0.0,43,87,92,57
GGAGCAATCCCACGACCAGCTACAATGA,TAACCTCGCGCTGAG,-0.01148436762883042,0.0,49,98,82,44
CAGGCATGGACATAATCACGTTCAAATT,CTTGATCAATCAAAA,-0.02189180700776035,0.0,70,85,70,46
CACTCATAGTCACCAACATGCGCACAAT,CTTGCAAGTGTAATT,-0.07029008471913793,1.856976464388822,65,118,62,10
GTTCCATTGGCAAGGACATACTCATAAG,CTTGATCAATCAAAA,-0.01664215430466792,0.0,52,102,79,40
TAGCCAGCCGCAACTACATTCTCAGGGT,ACAAGTTTTACAGTT,-0.047062854404174355,7.06269069014445,68,114,53,21
GCTACAAGCCCACGCCCAATTGCACCAT,AAAAGCGACATTTCT,-0.024080272681808273,0.06805133203124569,52,81,93,32
TAAACAACGTCATCTGCAGTAGCATTCG,AGTGTATGATAATAT,-0.024529717693051147,0.0,56,91,71,34
GTTACACAGCCATACGCAGCCCCAAAAA,GTAATCTGACTCTAG,-0.09646499126356683,0.1531003401200337,96,76,31,3
AACTCAGTCGCATAGACATTCTCAATCC,GAACTCAGGTTCCAT,-0.020242471765648046,0.0,42,108,77,29
CAGGCAATACCAAGGACAGTTGCAGACT,AGTGTATGATAATAT,-0.010307367541739082,0.0,43,78,90,40
GTCACAGCACCAAAAGCAAGTGCATATT,CTACTTACAACGGAA,-0.00028805708971888524,0.0,39,90,78,49
GCGACATCATCACGTGCATGTACAACCA,TAACCTCGCGCTGAG,-0.00789667882241824,0.0,45,76,82,45
TATACAATGACACTAACATGGACACACT,ATAGAGCGGCGTTGA,-0.029640851690407925,8.886235484287909,48,111,65,25
TCCACACGCGCAGGACCAAGAACACTTA,CGTCAAGACCTTCTA,-0.022542234148546437,0.0,45,88,76,29
AGTCCACGCTCAAGAACAAGTCCATCAC,TCAAAGCATGAAAAA,-0.006983379682814439,2.9811636963310093,36,84,85,37
GAATCAATAGCAAAATCAACATCAGCGC,TTTAACTCACCGTAA,-0.017187125571385617,0.0,37,106,53,28
CTCGCAACATCAGGCGCAGCTACAGTAC,TCAACAACCTATGCA,-0.004189157652077435,0.0,34,85,82,38
TGTTCAAAATCAGTCACAAGCACATGCT,TAATATTGTTTTGCG,-0.08143307769271713,0.0,94,55,41,2
CCAACATATGCAGTCACAATGTCACATA,AGTGTATGATAATAT,-0.05924484685398986,19.53649955858782,70,78,42,15
AAGGCAAGAACAAGCACAAGTACAACCT,TTTTGCATTTAGGCG,-0.011408696011012465,0.0,40,79,70,36
CACTCATTTTCACCGACACTGGCAACAG,ACAAGTTTTACAGTT,-0.023214423135032886,0.0,38,104,69,24
GAGACAAGAGCAAATACAACTCCAAGAG,CTTGCAAGTGTAATT,-0.0333835503071546,0.0,58,76,65,27
TTAGCAAGTACAGCGACAAAATCAGGTG,CATTGTCGGACGCTT,-0.0663146882002924,0.0,61,91,36,8
ACAACAGCTCCAGGTTCATGCCCACAAG,GCTGCTTATGAGGAT,-0.00707359173607253,0.0,40,67,71,41
AAGTCAGAAGCAAGATCATACTCATCAG,CATATGCATTCCTTG,-0.024924199614617948,0.0,50,66,61,30
ATGCCACTTACAGCACCAGGGTCAATGC,ACAAGTTTTACAGTT,-0.011408696011012465,2.381700068563532,30,78,75,27
AGCACAACTGCACCGCCACAAGCAATAA,TCAAAGCATGAAAAA,-0.0025945223347619765,2.350353785633274,29,78,64,34
CCACCAGCATCATGGGCAAGCGCAGAAT,TCAAATGATGAGGAT,-0.020964748414952394,0.0,37,71,67,25
ACTCACCCTCAGCACCATCATCACGGT,TTTTGCATTTAGGCG,-0.010119724639040657,0.0,31,73,64,29
GAGGCAAGATCATAAGCAGTGCCAGGCT,TTTAACTCACCGTAA,-0.020998098426071855,0.0,40,74,56,27
TTGGCACGCACATGGGCAAATGCAGAGC,TCTTGGAGGTGAATG,0.016074076743021932,1.3014705301425238,19,68,76,39
CAGCCATTAGCAAGTACATTCGCAACCG,AAAACATTATCAAAG,-0.01601741491100994,0.8010164037646064,37,92,44,29
CTGTCAAAGGCAACCCCACGCACAGCGA,TATGCCCTTCTTCTG,0.01691800367583161,3.2182930707483592,19,69,69,40
AGGCCAGGCACAGTATCATCGTCAACAG,CTAAGCAGTCTTCTC,-0.052602476350398934,1.3977652340349778,65,76,22,17
CATTCAACGGCAAACCCAGCCCCAGGGT,CTAAGCAGTCTTCTC,-0.048968134865506,7.442436125564313,48,76,37,14
TTGTCACTAACAACATCAACTCCACTCG,CTAGTTGTATAGCCA,-0.1046919590821472,0.0,67,57,3,3
ATGCCACCCCCAGGGCCATTCTCAGGGC,GTTGAACTGGTTGTT,-0.020242471765648046,5.440344125610068,42,75,50,29
TCTCCATAATCACAATCAGCAGCAGCCG,ATTATCAAGTGCCAG,-0.007896678822418242,0.0,35,84,40,35
GGTGCAAGAACACACCCACGTACAATGC,GAACTCAGGTTCCAT,-0.05716674250151867,5.629545355649952,57,55,41,13
GTATCAGCTGCACCTTCACGACCAGGTT,ATGGCGATGGTCTTG,-0.002758322828176334,0.0,24,88,51,28
CCCTCAAAAGCAAGACCAATTGCATACC,GTTAAATCAACAGTT,-0.06363615951871437,0.0,53,90,33,9
CCTGCAAACACACCTTCATGCACAAGAG,CTCGCTAATACTCCT,0.006403174694860379,0.0,28,67,52,43
CCGACAGGAGCAAGATCAGATTCAGCAG,CTAAGCAGTCTTCTC,-0.08923778164057061,3.220415737814619e-05,67,65,25,8
GCTACACTCGCATACCCAAGAACAACGG,ATATTGAGTAAGTAC,-0.046668372482607606,0.0,48,65,45,15
AACACAGGAGCAACACCAATTGCAACTG,CAATTTCAACGTTGT,-0.00980195928374985,0.0,36,56,47,34
TTACCACAATCAAGCCCAAAAGCAAATC,CTTGATCAATCAAAA,-0.02766546955585031,2.790526656940415,38,76,41,21
TTTACAAAGCCAGCATCAGTAACAACAG,AGAACATCATCTACA,-0.06018387608621307,1.9008721862134053,48,87,30,10
TTGACAAAGTCAAAAGCAGCTACATGCA,TATGCCCTTCTTCTG,-0.01932817052664594,0.2758025920726368,31,58,62,22
CAGGCAGGACCAGACACACGCACAAACC,CTAAGCAGTCTTCTC,-0.08353889037959845,0.0,55,57,23,5
AGAGCACTGCCATGCGCAGTCTCACCTC,GTTGGGCGCTTAAAG,0.015208227196246607,0.24363532226095685,12,64,70,24
AGTACACGAGCAGGGACAGTAGCAGATT,TATATTGAACTTTAC,0.006403174694860382,0.0,28,59,36,43
GACACACGGACATATGCACCTCCAGTAG,TTTATAAATCAATAG,-0.03588836731414558,5.382851280448108,44,48,49,19
GAGCCAAACACAAGGACACGTGCATGAT,GAGAATGAAGGACAG,-0.11029262433056364,0.28445158570681883,49,43,12,4
GAACCAAGAACAGTTACAGTCTCAAAGT,CTTGCAAGTGTAATT,-0.011408696011012463,3.581162188271719,30,57,35,27
ACGGCACCTACAGTATCACATCCAGCGG,AGTGTATGATAATAT,-0.017151070042360893,0.0,33,45,50,25
TGGCCATTCGCAAAACCAACCCCAAGGG,TCAAAGCATGAAAAA,-0.05573282966539564,6.063552087651374,42,56,34,10
GCGCCAGGTGCATGCACATATACAGAGA,TCAAATGATGAGGAT,-0.028333494585298536,0.0,24,54,59,13
GCTGCAAGTACACATCCAATGTCAACTG,GAACTCAGGTTCCAT,-0.024154294443508452,0.0,35,52,48,6
ATAGCAGAAGCACTTGCAGGTCCATAGG,CGAATGCCATACAAA,0.017507989579144997,0.0,14,45,70,30
GGTCCACAATCAACCTCAGCCTCATTCA,CATCAATGAGGCAGT,-0.1261755810499968,0.0,51,35,6,3
GGTACAATGGCAAGGGCACTTACACAGT,AGTGTTAATCAGACC,0.011500706025905775,5.833774662693145,19,56,43,34
GTACCACAGGCATAATCACGTGCACCAT,CCAAGACCGTGTAAA,-0.03517368960621664,0.2735878526132751,34,56,44,15
TCTGCAAGCCCATACCCATGGACATTCG,TCGATAGAATTTACT,0.011187294269959467,4.171608855921818,22,41,50,39
ACAGCACTAGCAGTTCCACGGCCACCAA,GAGTGCTTCAAAGTT,-0.016273826431781734,0.0,27,56,39,21
AAAACACTTCCACCTGCACAGCCAGTGT,AATGATACCATTTTT,-0.041616709211700874,2.514918296425776,33,51,51,12
GTACCAGGGTCAAACGCATGTTCAATGG,CTAAGCAGTCTTCTC,-0.10842130405460784,3.3308746238229787,59,37,15,2
GGGGCACGCACATTCACACACCCACCGA,CTAAGCAGTCTTCTC,-0.06857290155299889,0.0,39,73,22,4
TGGCCAGCATCATTGGCAGTAACACATT,AGTGTTAATCAGACC,-0.08305811744462627,10.936092857327708,45,42,19,5
GAGGCATCCGCAGGTGCAGACACATAGT,CTTGATGGCTGAAAG,-0.037309651495700674,0.0,29,64,30,12
TGCGCAGGACCACTATCAAGCCCACTAA,CTAGTTGTATAGCCA,-0.12512125086165854,0.0004931234645368932,62,43,9,1
TATTCAATCCCATTGGCAGCGCCATAGA,TAATATTGTTTTGCG,-0.01978584362037596,0.0,30,58,31,21
GCCGCACGACCACACTCAACGACAATAT,GAGAATGAAGGACAG,-0.1303613804733956,2.450978084515384,61,40,10,3
GATCCATAGACACACACAAAAACAAAGT,AGTGTATGATAATAT,-0.01960994171701448,0.0,27,62,26,19
CCGGCACCACCAACGACAGGTGCAACAC,GTTGAACTGGTTGTT,-0.0496554444389305,0.0,35,54,26,10
ATCTCACGCACAAAGACAATATCAAGAA,TAACCTCGCGCTGAG,-0.025338283614569825,1.8005291645790749,27,55,36,16
GACCCAGGCACACATGCAATCCCAACTC,CAATCTTGAATTGAT,-0.06548822310273186,0.11979361271212952,35,50,21,5
TTTCCACGAGCAATTGCATCCGCAAATT,TCAAAGCATGAAAAA,-0.031001584841083087,0.9397609799345901,28,45,27,14
CTTGCAGCTCCACACTCATCCGCACCAC,TATATTGAACTTTAC,-0.031001584841083087,1.4023445788153595,20,52,56,10
GAGCCATCGCCAGTTTCAGTGCCAACGA,CATTTATGGCTATCT,-0.041701507904995855,0.0,29,64,28,9
ATTACATCGACATGCACAAATTCAACCA,CTAAGCAGTCTTCTC,-0.0773076620059434,0.0,38,51,18,5
CGGACAGCACCACGCGCAAGATCATCCC,TCAAAGCATGAAAAA,-0.01910225171784299,0.0,29,44,44,7
ACGGCAACACCATAATCAAATACACAAG,CCAACACAGGCTTCG,-0.06022019731984052,0.5346394454368237,30,52,20,5
CCCACACTTACAGTCACATTGTCAGTTC,CATTTATGGCTATCT,-0.03959588848448642,0.0,44,41,16,17
CAATCAGGCACAAAGCCATAACCAAGTA,ATCGTTGGCATTTGG,-0.029789330035387248,0.0,27,53,29,14
GTTACATAGTCAACTACATGGCCAAGAC,CATTTATGGCTATCT,-0.020878837714475667,1.708270872313733e-06,31,51,17,21
GAGTCATTGTCAGGTGCATACACAAACA,AGTGTATGATAATAT,-0.01215779120608107,0.0,25,52,29,22
TGGTCACATGCAGTGGCAATCTCAAAAC,CATTGTCGGACGCTT,-0.045512187216344625,0.0,34,51,19,11
AGTTCATCCACAGGGACAGTACCAGTAG,CCAACACAGGCTTCG,-0.0562180619361637,2.2975613035214337e-05,36,26,26,1
GCCCCAAGAGCAAGGGCATGTACATGAG,AGTGTTAATCAGACC,-0.009606455302003243,0.7245355077683939,20,50,33,19
GCTGCACCTGCATACGCAAGACCACTTG,CCAACACAGGCTTCG,-0.07704380915090117,0.0,42,29,20,5
TGGCCAAACACAAGATCACGAACATTCG,CTAAGCAGTCTTCTC,-0.10820898951053522,0.2878576211002155,47,52,12,5
CCCCCACGTGCATTGCCAAACGCACCAG,ATTATCAAGTGCCAG,0.0068310795868830555,0.9386737053033585,18,41,33,28
GAGACAAATACAAGTGCAGATCCAAGAC,TATATTGAACTTTAC,-0.020282130703500982,1.3890406910280717,29,36,38,20
TGAACACGGGCACTCCCACAATCAGTAC,AGTGTATGATAATAT,-0.03492768602962915,1.7536454415877643,27,40,30,12
GGACCACAACCACAATCACTGGCAGAAG,ATTATCAAGTGCCAG,-0.010047962860337276,0.0,16,34,50,15
CATTCAGCCTCATCACCAATGGCAAGAA,CTAGTTGTATAGCCA,-0.08576147850814013,2.7493448422617064,35,26,14,3
GGTACAAGCACATGTTCAGAGGCAGAAT,AGAAGACGACGATGA,-0.03782806526261685,0.0,27,40,30,11
GCAACAGGCGCAAGAGCAGCCTCACATG,CTAAGCAGTCTTCTC,-0.033542926110407156,2.081661105756268,28,51,6,12
CGACCAACACCAGGCACATATGCAGGGG,GAGAATGAAGGACAG,-0.09201963565584037,0.0,34,47,12,1
TAGGCACCGGCATAATCACGCGCACGGG,CTTGATCAATCAAAA,0.011696210007652382,0.7534231587336535,15,47,19,27
TGCGCAAGCGCATAGCCATGTTCATTAG,CGCGATCAATCCTCT,-0.0869961091376587,0.36701293354329323,41,36,16,3
CCAGCACACACAAGTTCAGTTACAGGCA,CTTGATCAATCAAAA,-0.023563466463942733,0.0,16,41,40,10
AGTACAAGCCCACTAACAATTGCAACTA,AGAACATCATCTACA,-0.04451708844468854,0.0,30,36,27,10
ATCGCACGGTCAAAATCAACTTCAGTTT,GTAATCTGACTCTAG,-0.11084217905792673,0.0,40,32,8,2
TTTTCAAGAACATGGGCAATGTCAACCC,GTGTGATTACTAAAT,-0.0914279127734902,0.0,28,45,10,4
GTACCAACGTCAAAAGCAATTACAAGAG,CTTGATCAATCAAAA,0.003992485975539539,1.4151697270528985,14,37,36,20
GTGTCATCGCCAAAACCAACCACACACG,CTCTTGAGAATACTT,-0.2048429049070737,0.0,32,10,0,0
TTGTCATGTTCACATCCAATAGCAGTAG,GAGAATGAAGGACAG,-0.09142657761383091,0.0,35,34,8,2
CAGGCAGTCACAAGATCACACGCAGGTT,AGTGTTAATCAGACC,-0.04339658548877992,1.7309606105337139,30,38,28,7
CGGCCACACGCACGGTCATAATCATGTC,GTTGGGCGCTTAAAG,0.019134328384792735,2.469568093380417,16,27,25,36
ACAGCATAGCCACAGCCACATACAACGG,GAACTCAGGTTCCAT,-0.02569942835342683,0.0,29,41,17,17
GTAGCATCAGCATATTCACTGGCACCAA,CAATCTTGAATTGAT,-0.05923006595503153,0.0,25,52,17,4
GTACCAAGGGCAGGGACAGGGGCATCGT,AGTGTTAATCAGACC,-0.01870278221616901,0.0,17,51,26,8
AAGGCAGTTACAGATCCAAAGACAGTAG,CATTTATGGCTATCT,-0.014940315277991814,2.45399068252334,21,32,32,17
GGAACAGTCACACATCCAACAGCAACTA,GAACTCAGGTTCCAT,-0.03417859083456054,0.0,22,30,35,10
CCGACAACTTCATCCACAGCATCACGCA,TCAAATGATGAGGAT,-0.06022019731984052,5.516416966621023,30,40,20,7
GGTCCATAGACATGACCAATTCCACACT,CGCGATCAATCCTCT,-0.05709417947077389,0.23200232616906646,31,20,22,3
CTTTCACTATCACGCGCAACATCAAACC,CAATCTTGAATTGAT,-0.05433104553702142,0.0,24,47,18,4
TGGACACATACATCGCCAGTTACAACAG,CGTCAAGACCTTCTA,-0.029943294897263755,0.0,31,38,14,16
GTCACATTCGCATTGACACAAGCAAGCC,GTGTGATTACTAAAT,-0.09487755634783783,0.0,33,40,11,4
GAATCATGTCCAAACACAGTTCCAAGTC,AAAACATTATCAAAG,-0.041005071256094316,0.0,27,34,29,10
CCGACAGAATCATTCCCAACTCCACGCG,GTTAAATCAACAGTT,-0.04207492263537221,0.390228461138463,24,48,23,6
CGACCAGAAACATAAACATCGTCAAGGT,TCTTGGAGGTGAATG,-0.016273826431781793,1.24991791123648,18,38,32,14
ATAGCACCACCATTCGCAGAGACACATA,TCTTGGAGGTGAATG,-0.0021683369248628945,0.0,16,41,19,19
AGATCAAGAGCATAACCAGGCTCATGGA,CCAACACAGGCTTCG,-0.11287769304940815,2.2903401730819724,43,19,10,5
TCGCCAGGGGCAAGGGCATCTTCAGGCG,TTTAACTCACCGTAA,-0.03223940792306947,0.0,24,31,28,5
AACGCAAGAGCAAACGCATCTCCAAGGT,TCAAAGCATGAAAAA,-0.00789667882241824,1.049208184159454,11,31,32,11
AGCACAATTGCAAAAACATCTACATGTC,AGTGTATGATAATAT,-0.014817990981693022,0.0,16,41,25,13
ATAACAGCGCCAAGGGCAGATACAACGA,CAATCTTGAATTGAT,-0.03613994083532499,1.2883635745704112,28,20,20,12
GTCGCAAGTTCATTCGCACCCGCAGAAC,TATATTGAACTTTAC,-0.013035034816660143,1.0810726149529728,14,38,25,12
GACTCAGGGGCAACCCCCACGATCACTAT,TCAAAGCATGAAAAA,-0.04561337617978249,2.869777931820181,28,30,25,7
AGCTCAGGTTCAAGCTCAGATGCATCCC,TCAAAGCATGAAAAA,-0.001528170930327986,3.0999289965955654,19,24,31,23
ATACCACTGTCAGATCCACCCGCACAAA,GAACTCAGGTTCCAT,-0.0746043009424296,6.834781470601797,32,29,16,5
GTCACATGAGCATGTGCAGGGTCAGCAG,AGAAGACGACGATGA,-0.03707897006754825,0.0,24,29,20,10
AGAGCACTAGCAGCGCCAGGCGCAACCC,CAATTTCAACGTTGT,-0.037818961193492553,0.0,23,36,24,7
ATCCCATTGACATCGACATGTGCAGCAA,TGATCATCACGGGAC,0.0010454540640710598,0.0,13,40,17,17
GCGACACTCACAAATCCACGTCCAACAG,GTAATCTGACTCTAG,0.05736845203557483,35.30946312352839,9,17,38,28
CAGGCATATACAATTGCAGCAACATTGA,TAATATTGTTTTGCG,-0.06911222248240985,0.0,28,34,7,3
CCTGCAGGGACATCGCCACTTCCAGCCT,TTTAACTCACCGTAA,-0.01785530430048039,0.0,18,27,28,6
CGATCAAAAACAGGCACAAATGCATAGT,CATTTATGGCTATCT,-0.03381682580981574,0.0,23,24,26,6
TATGCAACGTCAAGAGCATCACCAGTAC,CTTTCTTGTGTATTT,-0.0920369559076327,0.0,29,28,6,0
TTGGCATACGCACTTACATGGCCAAAGC,AGAACATCATCTACA,-0.0299134071413248,0.11351080272152103,18,32,22,6
TGTACAGGAGCATGATCATGGGCACTAC,GAGTGCTTCAAAGTT,-0.019112420043125307,0.0,14,32,26,10
ATGCCACGTACAATAGCAGGCTCATCAC,CTTGCAAGTGTAATT,-0.08946687711582618,3.569851232056635,35,18,13,7
AGGCCATACACAGCAGCAAGGTCAGCGC,TCAAAACGGAGTGTT,-0.0018192935959530753,0.0,10,41,23,12
GCGGCAAACGCAAATACAAATGCACCGA,AGTGTTAATCAGACC,-0.0312292725571935,0.0,21,31,25,9
AGTACACAAGCATCCCCATCAGCATAGC,GAACTCAGGTTCCAT,-0.03368878476673201,0.0,15,44,17,7
CAAGCACATCCAGTGTCAGTTGCAAGAG,GAGAATGAAGGACAG,-0.11837712278210541,2.2212235480608626,31,23,2,2
TAGACATATGCAGGCGCACCCCCAAGGG,TCAACAACCTATGCA,-0.013784534726204955,0.0,16,32,27,8
GGTCCAGTTGCAGTTCCACGATCAAAGA,GAGAATGAAGGACAG,-0.06292355838335434,0.6083406589645932,19,17,12,2
AATTCAGCGGCAACTCCAGATGCAATG,CTATGCATTTACTCA,-0.068474184837813,0.0,23,21,13,7
GATACAGAGCCACGGTCAGCTCCAGTCC,CGTCAAGACCTTCTA,-0.0076155836681796475,0.02575636572868234,11,29,21,8
GCGACATCGACATTCACAAGGCCAGGCA,CATTTATGGCTATCT,-0.05809221659890082,0.9469215560067141,23,32,16,7
CAGCCAGTACCAATCACATTCGCAACGG,GAGAATGAAGGACAG,-0.043899113663663725,1.2291823461590923,16,25,0,0
AAAGCAAAGGCAAGGCCACGAGCAAACA,CTAAGCAGTCTTCTC,-0.08006426554067916,0.0,29,25,13,0
AAGACATGGACACGGTCAGAGTCACTGA,AGAAGACGACGATGA,-0.04280486260642975,0.3519341722744116,18,23,17,5
CTCTCACCAGCATGAGCAACCGCAGATG,GGTTGCCCAGAAGTA,-0.04394907729810915,3.3733093463022215,13,37,12,7
AGTTCAGCAGCAGAGGCATCAGCATTAC,AGAAGACGACGATGA,-0.026350256140250192,0.0,16,28,21,3
GGGTCAGTAGCAGAGCAATACCAATGT,TTTATAAATCAATAG,-0.029913407141324802,2.395030251177957,18,21,22,7
ATGCCAGCTGCAATGACAATATCAGGAC,AGAAGACGACGATGA,-0.006984660470219128,1.4513861253045661,15,17,29,8
CCGCCACGGTCAATATCATAGCCAACCC,CTTGATCAATCAAAA,-0.039946941914432335,6.193948424222867,18,32,18,1
GAACCATCCGCATCTGCAGCGACACTTA,TCTTGGAGGTGAATG,-0.04710198409646595,9.304500526795152,15,23,13,1
TACTCACGTACAGATACATGCGCAAGGT,AGAAGACGACGATGA,0.01873585629997927,0.9645391658044673,13,38,6,6
GAGACAAGGTCACAGACATCTCCACCTG,AGTGTTAATCAGACC,-0.09762500174707837,6.481021521261113,23,21,8,3
GATACATGACCATGAGCACGTCCAATGC,CGAACAGAAACACAA,0.008633940097641,0.0,9,20,20,8
AGGACACAGCCATTTCCATCGCCAAACA,ACAAGTTTTACAGTT,0.0017636700853050323,1.6338584255996693,7,24,12,13
GCTTCACAGGCAGCTCCATTGGCAGCCG,TTTAACTCACCGTAA,-0.026350256140250196,0.0,16,15,21,4
CTAGCAGATCCATACACAGTCACAACTA,CAAGTTCGGCGAAAT,-0.13160611553575108,0.0,20,13,6,0
CTTACACGTACAAGAACAGAAACATCGG,GAGAATGAAGGACAG,-0.0573622766278431,0.3733085440785544,17,23,12,0
GGGTCAAGTACAGGTCCACTCACAGCGT,CTAGTTGTATAGCCA,-0.07311275594377978,0.2938230264114594,18,21,3,0
GAAACAGTGCCACCCTCAACCTCACCCG,TCATAGGTATCTCGC,-0.11572119547486995,3.3128408350588074,21,16,8,5
TAAGCAGGGCCAGGCGCATCAACAAGTT,CATTTATGGCTATCT,-0.016838811708907536,0.35710788698571605,17,16,10,13
ACTACACACCCACCCTCACTCACAAG,GAGAATGAAGGACAG,-0.06739691455978494,0.08422940650605426,17,21,6,0
AAAGCATGGCCAACGCCATTGCCAGGTT,AGAACATCATCTACA,-0.06022019731984052,1.6050380607347279,18,18,12,1
CATGCAACCACAGGGACATAACCACCGC,CTAGTTGTATAGCCA,-0.1233584933533272,0.0,17,12,2,0
CCAGCATCTGCACGGCCAGCCACAGGCA,CATCACCGTGCTCAT,-0.1706258791334887,0.0,25,11,2,0
AGAACACTGCCAACTCCAGGGACACAAA,AGAAGACGACGATGA,-0.007854247605812568,0.3756758272539287,10,20,19,5
TTTACAACCACACGACCATTAACAGGAA,CATCACCGTGCTCAT,-0.04152746100193201,0.0,15,24,2,0
AGCCCAGTCGCACTGACATATACAAGTG,ACAAGTTTTACAGTT,-0.12217504758862704,11.864216881949233,21,15,5,1
CACTCAGCCGCATACTCAGCAACATAAA,GAGAATGAAGGACAG,-0.08852782392650567,0.0,11,11,9,2
GTAACAAACCCAGTCTCATAACCACGGG,CTAGTTGTATAGCCA,,0.0,18,9,8,1
GCCTCATTTCCAGCATCACGATCAATGT,AGTGTATGATAATAT,,0.0,19,1,0,0
AACACAACCACAGGTACAACCACAGTTC,AAAAGAAAAATGTAT,-0.0022384652983717945,0.0,4,20,14,10
GTACCATAATCGGCGCACTCTCAATAA,AGAAGACGACGATGA,-0.020134267147536987,0.6976448577986787,7,16,12,6
CGTCCAGAAACATTCTCAATCCCAGATC,TCAAATGATGAGGAT,,0.9651426257722733,9,22,3,6
TTACCAACGGCAGTAACATAGTCAGTCT,AAAACATTATCAAAG,-0.06344712337671907,0.8506999570544735,16,10,10,4
TCGTCAGCGACAAGGTCAAGGGCAAAGG,GTAATCTGACTCTAG,-0.12599716887064677,0.0,16,11,5,1
CCAGCAGGAGCAATTACACACGCACGAC,AGTGTTAATCAGACC,-0.059759616681327676,0.0,12,16,8,1
TCGTCAGCGCACCAGCAGGTCCAAGTC,CTAAGCAGTCTTCTC,-0.039946941914432335,2.529464657577279,10,17,10,3
GTGCCAGCCACACTGGCATACACAGTAG,CCAACACAGGCTTCG,-0.07311275594377994,0.0,12,14,1,2
CCGGCAGAGACACGTACATTCCCAGATT,CAATCTTGAATTGAT,,0.0,8,15,9,2
ATCACAAAAGCAGCCACAGGATCAATGG,CCAACACAGGCTTCG,-0.07029566824711017,0.0,10,12,2,3
AGTACACGAACAAACGCACCTTCAAGAA,GTGTGATTACTAAAT,,0.0,8,16,5,1
AAGTCAAAGCCATCGTCATACCCAAAGC,TAATATTGTTTTGCG,-0.03546499882028864,0.0,10,17,2,1
GCAGCATTAACATGGTCAAGCTCAGAGT,CATTTATGGCTATCT,,0.0,6,23,5,2
TTCCCATAAGCAATTTCAGAGTCAAAAA,GTTGAACTGGTTGTT,-0.10188096318895794,0.0,16,14,2,4
ATACCACATCCATCTCCACAAACAGCGC,GTAATCTGACTCTAG,-0.13552818685107915,0.0,16,10,0,2
ACAGCAGAGGCATGCACACGAGCACAGT,CTTTCTTGTGTATTT,,0.0,13,5,5,3
CGCGCATCCCCACGATCAAAGCCAAGCA,GTAATCTGACTCTAG,,0.0,13,9,2,0
TAAGCAGGATCAGCGACACGTGCAAACA,AGTGTTAATCAGACC,,0.0,4,18,2,6
GTATCATACGCAGAGTCAACACCATAAC,CGCGATCAATCCTCT,,0.0,5,0,0,0
GGCACAGTTACAACCGCACTAGCATAGT,CAAGGATCCCCGTAG,,0.0,7,11,5,4
AAATCAGGGGCAAGGACACCGACATGTT,CATATGCATTCCTTG,,0.0,14,6,0,0
AATCCAGGGCCAACATCAAAGTCAAGAA,GAGAATGAAGGACAG,,0.0,4,15,2,3
CTATCACTCCCATTACCATGAACAAAGT,AGTGTTAATCAGACC,,0.0,10,5,0,0
AGTACAAGCCCAGCGGCAGTAACAAACT,AGTGTTAATCAGACC,,0.0,13,8,1,0
CTCGCATTGGCACCCCCAGTGACACTGG,AGTGTTAATCAGACC,,0.0,7,5,5,0
TTGCCATCTTCATGGGCACAGCCAACTG,TCGAAAGCACAGTAG,,0.0,11,4,1,0
CAAGCATGACCATGGGCAGTTCCAAGGT,CCAACACAGGCTTCG,,0.0,11,6,4,0
GGGCCATGCCCACGCCCAAACACAGTAC,CTAAGCAGTCTTCTC,,0.0,14,3,5,1
CAGACAATGCCAAACTCACAGGCAGTAT,GTAATCTGACTCTAG,,0.0,6,10,0,0
GCTGCAACTTCATGCACAACGTCATGGT,CGAACAGAAACACAA,,0.0,5,7,5,4
GTTCCAACAGCACAGGCAGGATCACCAA,TTTAACTCACCGTAA,,0.0,1,8,10,1
ACAGCAGACCCATTGGCAACCCCAGTCT,CGTCAAGACCTTCTA,,0.0,7,10,6,0
GGTACACCACCAGGCGCAATGTCAGGTT,ACCACCGGTCCTGCC,,0.0,5,2,6,10
TGCCCACAGACAGCCCCAATACCAGATC,AGAAGACGACGATGA,,0.0,4,13,5,2
AGTCCAGTGACACTCACAAGGACATCTG,AGTGTTAATCAGACC,,0.0,10,1,0,0
TCGGCATATCCAGGTTCAACTCCAATCA,CTAGTTGTATAGCCA,,0.0,10,0,1,0
GGTTCAAAAGCACATGCAGAGGCAGCAT,AGTGTTAATCAGACC,,0.0,3,10,8,0
TTCTCATCAGCAGTACCAATATCACGTA,GTAATCTGACTCTAG,,0.0,8,7,1,0
GGTGCACATACAAAAACAGTTCCAATAA,CCAACACAGGCTTCG,,0.0,8,4,2,3
CTGACAGGTTCAGAAGCAACTACACTCC,CTATGCATTTACTCA,,0.0,7,2,4,2
AGCACACTTTCATAAACACGGGCACCCT,GTTTAGCTTCCGTTG,,0.0,10,3,6,0
TCGACAGCTGCATCGACAACCTCAGTTC,GTTTGTTTTGGGAAA,,0.0,6,5,0,0
GGACCACGACCAACATCATTGGCAGATT,GTTTAGCTTCCGTTG,,0.0,9,2,3,0
TCCTCAGGGTCAGTCGCATTCACATGCT,GAGAATGAAGGACAG,,0.0,6,9,3,0
CAGGCAGCCCCAGTCGCAGATACACTGC,TGGAGTCTTTGTTGA,,0.0,9,6,3,0
CTGGCATCGTCATCGACAAAAGCAGGGC,CGTCAAGACCTTCTA,,0.0,7,6,5,0
TGAGCACCTCCAAATGCATTTGCAATAA,AGTGTTAATCAGACC,,0.0,5,5,1,0
CTACCAACCACAGTTTCAAAAACAAAGA,TCTTGGAGGTGAATG,,0.0,4,5,0,0
CAAACAGGATCACAACCACGGCCAATGT,CATCAATGAGGCAGT,,0.0,5,4,0,0
ACGCCATGAACAATCGCAATCACATCAG,AGATTCATCCCATGG,,0.0,5,5,6,1
GGTTCATCGGCAGGTCCACGATCAAACG,AGAAGACGACGATGA,,0.0,6,7,3,2
TATTCAGTCGCATACGCATTCGCAAAGA,CTTGATCAATCAAAA,,0.0,3,4,1,10
GGAGCACCGTCACGATCACAGTCAGTCT,CCGTTAGTATCGCTA,,0.0,5,1,2,3
TGCCCAAATCCAAGGCCAGGAACACAAA,GTTTGTTTTGGGAAA,,0.0,6,1,0,0
AAAGCAGGCCCAAAAGCATATCCACAGA,GAGAATGAAGGACAG,,0.0,3,5,4,1
ACCGCATGGGCAGGGACAAATCCACACG,CATCAATGAGGCAGT,,0.0,4,2,0,0
ACAGCATGATCATCGTCAAGCTCATACG,CTAAGCAGTCTTCTC,,0.0,6,6,0,1
TAAACAACATCAAAGACAGTGACACATG,CTATCAAGGCTTAAT,,0.0,3,9,0,0
TTATCAGGCTCAGCTGCACCCACACAAG,TTAGTCTTTCCATCA,,0.0,1,5,0,0
GCGACACGAACAATGTCACGAACACAGA,GTAATCTGACTCTAG,,0.0,7,3,1,0
GGGCCACAAGCATTAACATGAACAAGTT,AGTGTATGATAATAT,,0.0,6,3,0,4
GCTGCACAGTCAACACCATAGGCACAAC,CGCGATCAATCCTCT,,0.0,1,8,0,0
TTTACAAGGTCACTACCACATTCAGGGA,TATGCCCTTCTTCTG,,0.0,0,0,12,1
TGCCCAATTGCAGAACCATGACCATAAA,GTAATCTGACTCTAG,,0.0,4,1,0,0
AGGAAACTCCAGACTCAGGGTCAGATA,GCTGCTTATGAGGAT,,0.0,2,5,3,0
GGAGCACTCTCAAATACAAATACACGCT,GTAATCTGACTCTAG,,0.0,5,5,1,0
TAAACAGCAACAATTCCAGGAGCAAGGA,AGATTCATCCCATGG,,0.0,4,3,4,1
GCTCCATGGGCACCGGCAGGCGCATACA,TTTATAAATCAATAG,,0.0,0,0,9,3
CGACCATTTACAGGGGCAAGCCCACTAC,CTAAGCAGTCTTCTC,,0.0,1,2,0,0
GACTCATGCTCACAGGCAAGTTCATGCG,CAATCTTGAATTGAT,,0.0,3,1,2,0
TACCCAGCAGCACAGGCATGGTCAACCC,AGTGTTAATCAGACC,,0.0,2,2,1,0
ACGACACCTACAAAGTCACTTACAGTGG,AGAAGACGACGATGA,,0.0,1,4,0,6
AGTACAGGATCATGCACAACCCCAATAA,GAGAATGAAGGACAG,,0.0,7,1,0,0
ATCTCAGTGGCAAAGACAAGATCACAAA,GCAAGAAAGAAACCC,,0.0,3,2,0,0
CCGTCACTAGCACAAACAGTTACATACC,CCGTTAGTATCGCTA,,0.0,5,0,1,0
GCAGCAGACACATAGACAAGACCATATA,TAATATTGTTTTGCG,,0.0,4,4,0,0
CTGCCAGCACCATCATCACGGCCACCGG,GTAATCTGACTCTAG,,0.0,4,1,0,0
ATGTCACGGACACTTTCACACGCAACAG,TTAGTCTTTCCATCA,,0.0,1,3,4,1
AGCTCATGCACATCCGCATACTCAAAGT,ACAGGGCAGCTCCCG,,0.0,2,0,0,0
GCACCACCTCCAGAGACAAGTGCAGGAT,AGTGTTAATCAGACC,,0.0,1,0,5,0
ATAGCAGGTGCACCCCCAATTCCAGCGG,TAATATTGTTTTGCG,,0.0,0,5,1,0
ACAACAATAGCATGCGCATCGGCAAATC,ACCACCGGTCCTGCC,,0.0,3,1,4,0
ACACCATGTGCATGAGCAGAATCATCAC,GTGTGATTACTAAAT,,0.0,1,1,6,0
AGGCCACTGTCAGAATCACACGCACATG,GTTAAATCAACAGTT,,0.0,0,0,8,0
GGTCCACACGCACAGGCAAAGTCAATGG,GTAATCTGACTCTAG,,0.0,2,0,0,0
ACATCAGATCCAATAGCAGAAGCAATCG,ATGGCGATGGTCTTG,,0.0,3,0,0,0
TGCTCAGCAGCAAAATCATACACATGCC,GCTGCTTATGAGGAT,,0.0,3,0,1,0
CAGACAAACACACGGCCAGGTCCACTGT,TTTTGCATTTAGGCG,,0.0,1,0,4,1
CGAGCCATAGGCAGAAGCATGCACAGGCT,CATCAATGAGGCAGT,,0.0,2,1,0,0
TGCCCAATACCAGAGGCAAGTGCAAGGA,TCAAAGCATGAAAAA,,0.0,1,2,4,0
GGATCAAAACCATGCGCACCTGCAAATA,TCAAATGATGAGGAT,,0.0,0,1,6,0
CTGCCATAGCCATCCCACTCGCAGTCA,CTAAGCAGTCTTCTC,,0.0,0,0,6,1
CCCTCAGGCCCATTACCAGAATCAGATC,TAATATTGTTTTGCG,,0.0,2,1,0,0
GAGACAGGATCATCGGCAGTCTCACTAC,GCTAATTTCAAGAAT,,0.0,1,2,1,0
CATTCAAGCTCAATATCACAGTCACTGG,TCATAGGTATCTCGC,,0.0,1,0,0,0
CACTCACCATCAGGGCCAAGAGCAGGCC,TAATATTGTTTTGCG,,0.0,0,3,1,1
ATGACACACGCAACTTCATTCGCAAGTA,CTTGATCAATCAAAA,,0.0,3,3,0,0
CAGCCATAGACATAGCCACTGGCATATT,ATTAATACTTTGCAG,,0.0,0,3,2,1
AGGACAATGGCACTTACATCGTCACGGG,AGTGTTAATCAGACC,,0.0,2,0,0,0
AAGACATCTTCAGGACCATGTGCAAGTC,TCAAAGCATGAAAAA,,0.0,3,0,0,0
TCCACATAAACACAAGCATCCTCAGGTC,TACACCAATTACACT,,0.0,4,1,0,0
GAAACATAGGCAGCAACATTGACACTAT,GTTTGTTTTGGGAAA,,0.0,1,0,0,0
GGCTCACACACAGACTCACGACCACGCA,TATATTGAACTTTAC,,0.0,2,0,0,0
CTCTCACACTCAGACGCAATTCCAGGGG,GCTGCGGAGCCTCAG,,0.0,3,0,0,0
TATACAATTGCAGGATCATTCTCAAAAG,CATCAATGAGGCAGT,,0.0,2,0,0,0
TTGGCAAAACCATGTACACCGCCAATCG,CATTTATGGCTATCT,,0.0,3,0,0,0
TATACACTTGCAGTGGCACACCCAGTTC,ACCACCGGTCCTGCC,,0.0,0,3,1,0
GTATCAGCTTCACGGTCACAACCAGAGC,GAGTGCTTCAAAGTT,,0.0,0,1,3,0
GAGACAAATACATCACCACACACACCCG,ATCGTTGGCATTTGG,,0.0,0,1,2,1
TGCTCAAAAGCAACGTCAACAACAAGCA,TTATATTTATTTGCT,,0.0,0,0,4,0
GTGCCACCCGCAGCCACATAGTCAGCGA,AGATTCATCCCATGG,,0.0,1,1,0,0
TGGCAGGCACAGCCACATTCAGGGACACTC,TTTTGCATTTAGGCG,,0.0,0,1,0,1
CCCTCATCGGCAATAACATTACCAGAAT,GCTGCGGAGCCTCAG,,0.0,1,0,0,0
GAGCCAGTGTCACTGCCACTATCAACGA,AGATTCATCCCATGG,,0.0,2,0,0,0
TCTCCAGTGCCAGCTCCAAGCCCAAGCA,AGATTCATCCCATGG,,0.0,3,0,0,0
CACGCATGAACAGCTTCACTTACACAGT,TTAGTCTTTCCATCA,,0.0,1,2,0,0
GCAACATCTACATTCTCAAGTGCAAAAT,GTTGAACTGGTTGTT,,0.0,0,1,2,0
GTGTCATGCACACAATCAACGGCAGGGC,GTAATCTGACTCTAG,,0.0,0,1,2,0
TCAACACTCTCACGGCCAGGTCCATAAG,ACAAGTTTTACAGTT,,0.0,0,0,3,0
TGAACAAGTTCAGTTACATGAGCACCAC,CCAAGACCGTGTAAA,,0.0,0,0,1,0
ATCACAGTGTCATCGACATCGTCACTAG,CTAGTTGTATAGCCA,,0.0,0,1,0,0
AGACCATCAGCATACCCAGATTCAGAAG,GCTGCGGAGCCTCAG,,0.0,1,0,0,0
TTTCCATCGACAGCGACACGTGCACATG,TGGAGTCTTTGTTGA,,0.0,2,0,0,0
GCGGCACACGCACCCACAAGGACAATTT,TTAATTAGAGGTATG,,0.0,0,1,0,1
GGATCAACGCCAGGAACAGCGACAAAAC,AGTGTTAATCAGACC,,0.0,0,2,0,0
AACTCAAGAGCACTAGCATACGCAGAGG,CTTGATGGCTGAAAG,,0.0,0,0,1,1
TCGTCAAATGCAGTCGCACGTTCAGAAA,TCAAAACGGAGTGTT,,0.0,0,0,1,1
TGACCAGGCCCACGTTCAAGAGCATCAC,TCATAGGTATCTCGC,,0.0,0,0,1,1
AATCCAGTCGCACGTTCAGGAGCAAACC,GTTGGGCGCTTAAAG,,0.0,1,0,0,0
ACAGCACCCCCAACAACATATTCAGGAA,CGCGATCAATCCTCT,,0.0,1,0,0,0
TATCCATAGTCAACCACACGCACAATAA,CATTTATGGCTATCT,,0.0,1,0,0,0
TCTACAGGAACAACAGCACTGTCATATC,GCTGCTTATGAGGAT,,0.0,1,0,0,0
AAAACATGTTCATGTACAAACACAAAAC,GCTGCGGAGCCTCAG,,0.0,1,0,0,0
GCGGCACGGGCACCTACAAATTCATGCA,CTTTCTTGTGTATTT,,0.0,1,0,0,0
ATGGCAAACGCACCAACACGAACAGTCA,AGTGTTAATCAGACC,,0.0,1,0,0,0
CGATCAGACTCAAGCACAGAACCATAAC,CAATCTTGAATTGAT,,0.0,0,1,0,0
TTGCCAAAGCCATTGTCACCGGCAACAT,AGAAGACGACGATGA,,0.0,0,1,0,0
TCCTCAAGAACATGCCCACATACAACTA,GTCACCGGCACTAAC,,0.0,0,1,0,0
ATCACAGAACCAAACCCAAGGACATCTA,CTAGTTGTATAGCCA,,0.0,0,0,1,0
ACGTCATAAGCAATGGCAGCAGCAATCT,ACAGTTGACGGACAG,,0.0,0,0,1,0
CAGGCAGCAACATTAGCAATCACAACTC,AGAAGACGACGATGA,,0.0,0,0,1,0
GGACCAAGAGCAAGGACAATTACAGTCC,AGTGTATGATAATAT,,0.0,0,0,1,0
GGGGCAGATGCAACTTCAGGGTCAGTGG,ATGGCGATGGTCTTG,,0.0,0,0,1,0
CACGCAAACGCACGTACAGATGCACTAG,CCAACACAGGCTTCG,,0.0,0,0,1,0
GATGCATCGTCACAACCAGATACAGTTA,GCTGCTTATGAGGAT,,0.0,0,0,1,0
GATCCAACTACAAGCTCACAGCCAAAGC,GCTGCTTATGAGGAT,,0.0,0,0,1,0
GCGTCAGTAGCAAGGTCAATCACAGAAC,CTTGCAAGTGTAATT,,0.0,0,0,1,0
CCTCCATGTACATCTGCATGTCCAATAG,CTATCAAGGCTTAAT,,0.0,0,0,1,0
GCAGCACGCTCAAATCCAGTAGCAAACT,CTAAGCAGTCTTCTC,,0.0,0,0,1,0
ACGACAGGAGCACAGACAAGGACAGTTT,CGAATGCCATACAAA,,0.0,0,0,0,1
