BC,Edge,s,LL.ratio,TP1-1-T1,TP1-1-T2,TP1-1-T3,TP1-1-T4
TATGCAAGCTCACATACAGGGCCAACTC,TCAGAGCATTGGCCT,0.05748183484573464,0.0,10009,38690,51776,69807
GCCGCATGGTCAATCCCACAAACAAAGT,TTTATAAATCAATAG,-0.006695333132988076,0.0,11769,20888,15868,11970
GAGCCAGCGCCAACAGCAGGTGCACATA,TCTTGGAGGTGAATG,0.0031038578792314795,0.0,5117,10922,8653,6983
TTATCACCATCATGGCCAGCACCATCGC,TATATTGAACTTTAC,0.001511355075179655,0.0,4588,10505,8015,5969
ATGACAGTCACAATGACATCCGCACCCA,TTTATAAATCAATAG,-0.0007014605902065114,0.0,4415,9645,7105,5375
GACACAGAGTCACGGACACCTGCACCAT,ACAGTTGACGGACAG,-0.006607666575524717,0.0,4201,7414,5757,4284
GATGCACCGCCACGCTCACACTCAGCGT,AAAACATTATCAAAG,-0.020386481157183816,0.0,3963,6764,4238,2673
AGGTCAATTGCACTGACAGGTTCAGTTA,GTGTGATTACTAAAT,0.03644100814476484,0.0,1524,4354,5029,5654
TACACAGCTACAACGACAGCATCACCTT,AGTGTTAATCAGACC,-0.03871601638762834,0.0,3682,4994,2572,1433
AAACCAAGGCCATTCGCAGGGCATCAC,TTTATAAATCAATAG,0.00114008144406285,0.0,1790,4058,3001,2303
TAGGCAAGATCAGTAACAACAACACACG,CTACTTACAACGGAA,0.007931796632518943,0.0,1519,3455,2814,2396
ATGACAGGGTCACTTACAGCGCCAAAAT,AGATTCATCCCATGG,-0.05484613913598868,0.0,2818,3361,1560,676
TTTCCAGGGGCAACCACAGTGACACTAT,AAAAGAAAAATGTAT,-0.0006170595825565044,0.0,1442,3125,2191,1760
CCGGCACTCTCAGAGTCATACTCACAGG,TTATATTTATTTGCT,0.0065520682476058875,0.0,1157,2728,2280,1751
TGAACAGACTCACCATCACGGGCATAGC,GTTGGGCGCTTAAAG,0.0048919008977346135,0.0,1214,2651,2089,1748
GGAACATAGCCAGCCCCAGCTCCAGAAT,TTTATAAATCAATAG,0.05297198244945792,737.4949805501783,381,1711,2060,2321
ATTCCATACACAGTCGCATCGTCAAACG,AGTGTTAATCAGACC,-0.051386166211470206,30.423931679582893,1845,2165,964,491
TAGGCAAACACAGGTGCAGGAACATGGC,CTTGCAAGTGTAATT,-0.005735743610863465,0.0,855,1752,1238,895
GCACCAGTACCAAAAGCACGTGCAAAAC,TCAAAACGGAGTGTT,-0.0015337288674107288,0.0,779,1711,1301,925
CTGGCAGAAACAACCACACACCCACTCA,GTTGGGCGCTTAAAG,-7.873418552279954e-05,0.0,703,1522,1103,872
ATGTCACCCACAACAGCAGTTGTGTG,ACAACCTACCTGCTA,-0.0028783858375582097,0.0,719,1365,1162,820
GGAACACGGGCAACTCCAAATTCACGGA,AAAAGAAAAATGTAT,-0.0047759112158843944,0.0,698,1339,1040,752
CGATCAAGGTCAGGTCCAAGGACAATAA,CCAAGACCGTGTAAA,-0.015385495266813024,0.0,698,1162,783,547
AGTCCAAATACAAGGGCACCGGCAGAAA,ATTATCAAGTGCCAG,-0.011276471151250333,0.0,599,1263,807,531
CCGACATCGACAACCGCATTTTCAGAAG,TCAAAACGGAGTGTT,0.0014622322028628638,0.0,438,925,791,569
AAGACACGTCCAGGGCCACGTTCAGTCA,AAAACATTATCAAAG,-0.014906120843864631,0.0,522,985,678,415
AACGCAGACGCATGCACAACGTCATTAG,TTTTGCATTTAGGCG,-0.00048796379890672187,0.0,475,910,732,582
GGGCCAGGTTCAGCCACAGTCGCAATCA,AGTGTTAATCAGACC,-0.022016868154057536,23.52788978711942,506,934,518,325
AACGCAATGACAACATCAAACCCATTTG,CCAACACAGGCTTCG,-0.05701193707926445,0.0,734,808,351,165
AGCCCAAGGCCAGCATCACCGACAGTAA,GTAATCTGACTCTAG,0.010407429400602982,0.0,289,790,655,491
GACACAGCTCCAGTGGCAAGCCCACAAA,AGTGTTAATCAGACC,-0.010503725424269694,64.98094629400748,399,808,514,362
TTAGCATTAACACAGTCAGCAGCATCGT,AATGATACCATTTTT,-0.021392960208028795,0.0,463,746,544,303
GACTCACACGCACAAACAGGTTCAGCTT,TTAATTAGAGGTATG,-0.011594922863739887,0.0,410,721,523,360
AACACAGGCACATGTACAGTCACAAGAG,CATTTATGGCTATCT,-0.025337294949645345,0.0,430,802,508,250
AACGCAAACGCAAGATCACCGGCATCCG,ACAAGTTTTACAGTT,-0.04989969277425072,0.0,575,728,287,160
GTAGCATTATCAGGGACAGGTACACGCC,ACAAGTTTTACAGTT,-0.05455842418675603,0.0,529,628,299,128
CTTTCACCACCAGCCACAAAATCAAGGG,CCAACACAGGCTTCG,-0.05598526499162856,0.0,509,621,241,118
CGCTCATAGTCACTAGCAAGAACAGCAG,TCAAAACGGAGTGTT,0.002651930660648831,0.0,283,574,474,381
CCGTCAACGACAGGAACATCCACACATG,ATTATCAAGTGCCAG,0.00028070642290602306,8.347387433492258,260,520,392,326
GGAACACCCACAGCCGCATGTCCACCAG,TTTATAAATCAATAG,0.011217205934724356,19.42413609175037,216,455,405,376
TAATCACGCACATGGCCAAGGTCACACA,GTTGGGCGCTTAAAG,0.002523721435792359,0.0,214,570,393,287
AGGCCAATTGCACACTCATTAGCAATGG,CTAAGCAGTCTTCTC,-0.06533870905208257,0.0,474,473,197,83
CAGTCAAGGTCAAATACAAATACATAGT,ACAAGTTTTACAGTT,-0.039983456838172164,0.0,379,464,262,142
AAAGCAGGTGCAACACCACTAACATGTG,TGATCATCACGGGAC,-0.009411102626719018,0.0,240,475,319,225
AGTTCACGTCCATTGCAGGAACATAAA,AGATTCATCCCATGG,-0.058743764133292777,0.0,328,357,177,70
GGCGCATCAACAACCCCAAGAACATTAC,CTAAGCAGTCTTCTC,-0.06911675838307756,0.0,339,325,141,53
AGTTCACATGCAGGAGCATCGCCACTCC,GTTGAACTGGTTGTT,-0.038565970313466896,0.0,243,350,202,95
TGGACAGGGCCATGGTCAGGGGCAAAAG,CCAACACAGGCTTCG,-0.05534806184450069,0.0,292,346,124,69
TGCGCACGTGCATAGTCACGAGCAACAT,CTTGATCAATCAAAA,-0.03216696531647399,0.0,152,249,96,72
CGAACAGTTCCATTATCACTCGCAACCC,ATTATCAAGTGCCAG,-0.028252404143045168,7.708670756117044,107,198,85,57
AGTTCAGCCCCACTTTCACTAGCAATAG,TCAAATGATGAGGAT,-0.04626219367714177,0.0,116,173,77,36
AACGCAGACACAGATACAGGAGCACAAC,CATATGCATTCCTTG,-0.03911020008971454,0.0,104,138,58,40
CACTCAGATCCATCCCCATCTCCAGCTG,TCAAAGCATGAAAAA,-0.12711720326826778,0.0,98,50,13,3
AGGACATCGGCAAACTCAATCACATTCG,CTAAGCAGTCTTCTC,-0.0657728794240393,0.0,81,104,35,14
GATGCATAATCAGATGCAGACGCAAGAT,ACAAGTTTTACAGTT,-0.042519495060395124,0.0,72,92,46,25
AGGACATATCCAGCTCCAGTCACAAGGG,AGTGTTAATCAGACC,-0.07164386564224044,6.577191675302174,69,77,28,10
TTAGCATCACCAGCAACATAACCATCAC,CTACTTACAACGGAA,-0.049692007782562865,0.0,50,55,29,14
AAGGCACAAACAATTGCAGGTACAGAGG,GAGAATGAAGGACAG,-0.09998634919544842,0.0,45,36,8,3
GTAGCATGGCCAAGACCATAAGCAAGAC,GTAATCTGACTCTAG,-0.09416512486459608,0.0,39,33,10,4
GGAACAAGTTCAGAGCCAAAAACAGCCT,ATAGTCGATTAAGAT,-0.07416286208290042,0.0,28,29,4,3
CCACCAGTACCACTCGCAGGGTCAGAAC,CTAGTTGTATAGCCA,,0.0,22,9,2,0
GAGACAGCCTCAGTGGCATACGCAATAT,CGCGATCAATCCTCT,-0.15076074491830657,0.0,27,13,2,0
GGCTCAAGTTCACCTCCAAACCCAGTCA,ACAGGGCAGCTCCCG,-0.013486605446788015,0.0,10,19,8,2
TCGACAAGTTCACGCCCAGGGCCAGAAC,CTAGTTGTATAGCCA,,0.0,23,2,2,0
GCGACACCCGCAATTCCAGAGACACTTA,CTTGATGGCTGAAAG,-0.0033288075967826455,0.0,9,16,12,4
AAAACAAGTACAGGGTCAATAGCATGTA,CGCGATCAATCCTCT,,0.0,10,9,1,0
GTATCAAGATCAAGTCCATCTCCACTGC,GTTTGTTTTGGGAAA,,0.0,5,10,2,3
GTGACAGAAACATTCAGGGCCAGTTA,CTCTTGAGAATACTT,,0.0,6,1,0,0
GGTGCACCAGCAAGCCCACATACACAAC,TCAAAGCATGAAAAA,,0.0,6,4,0,0
GGGTCAGATTCACGTACAGCGCCAAACG,CTTTCTTGTGTATTT,,0.0,3,2,0,0
GGAACACGGGCAATCGCATAGGCACGTG,ATATTGAGTAAGTAC,,0.0,1,0,0,0
TGTTCAGCGACACTTCCAATCCCAGCGG,TGATCATCACGGGAC,,0.0,1,0,0,0
TCAACACCCGCACACACACAGCCAGTGA,TTTAACTCACCGTAA,,0.0,1,0,0,0
AGTCCACGAGCAGTTACAAAATCACAAG,TATATTGAACTTTAC,,0.0,1,0,0,0
TCCCCAGAATCAGCCACACAAGCACCTA,AAAAGAAAAATGTAT,,0.0,1,0,0,0
GGGGCAATCACAATGGCATACTCAGCAG,AAAAGCGACATTTCT,,0.0,1,0,0,0
GGTTCAATGGCAAAGTCACAAGCATTGA,CTCGCTAATACTCCT,,0.0,0,1,0,0
GGGCCAATATCACCAACAAGTACAGTCC,CTACTTACAACGGAA,,0.0,0,1,0,0
TTCACAACCCCACAATCACAAACATACG,TTATATTTATTTGCT,,0.0,0,0,1,0
TTAGCAAATACATAGGCAACAGCATCAC,CTTTCTTGTGTATTT,,0.0,0,0,1,0
TGCGCAACAGCATTCTCAACGCCACTGG,AGTGTATGATAATAT,,0.0,0,0,1,0
AGATCAAAACCATGATCAGGAAACATCTT,ACAGTTGACGGACAG,,0.0,0,0,1,0
AAACCAACTACACCCTCAAAGTCAGGTC,ATGGCGATGGTCTTG,,0.0,0,0,1,0
CCCCACACGGACAGGGACAAGACCATTA,CTCTTGAGAATACTT,,0.0,0,0,1,0
TCGACAAGACCACTAACAAGCCCAGTCA,CTTGATCAATCAAAA,,0.0,0,0,1,0
ACTCCAGATCCAAATTCAAGCGCATGGA,GAGTGCTTCAAAGTT,,0.0,0,0,1,0
TGAACAGAAACAATTACAGCGCCAGTTT,GCTGCTTATGAGGAT,,0.0,0,0,0,1
