BC,Edge,s,LL.ratio,TP1-1-T1,TP1-1-T2,TP1-1-T3,TP1-1-T4
TGCGCATCACCAATATCATGGTCATCGC,TTATATTTATTTGCT,0.05177179041222524,0.0,659,1717,1784,2688
GGCACACCACCATCTGCAAGGTCAAATT,TTATATTTATTTGCT,0.05539431883882525,0.0,424,1400,1489,1928
CTGGCACAGACAGTCCCATAACCAGCTT,TTATATTTATTTGCT,0.05168681509039528,0.0,467,1338,1337,1900
CTGTCACATGCATAAACAGCCCCATAGC,CTCGCTAATACTCCT,0.00125473906907471,0.0,876,1393,885,785
AGTTCAGACACAAAAGCAGATCCAACCT,TTTATAAATCAATAG,0.015544758990898383,0.0,644,1289,916,886
TCATCATAGACAAGACCAGAGCCACAAT,TTTATAAATCAATAG,0.018902520352728835,0.0,556,1100,847,846
TGACCATAAACACTCACATTTGCACTGG,CGAATGCCATACAAA,0.04360116846708767,0.0,359,848,840,1146
GGGACACGTTCATCCTCCGCGCATCTG,TTATATTTATTTGCT,0.05515877632350676,0.0,264,835,845,1192
TCCTCAGGGGCATCAACAATCACAGAGG,TTATATTTATTTGCT,0.05687595174094442,0.0,260,721,871,1236
GTGGCATAGGCAAATCCACGTTCAGGCT,TTATATTTATTTGCT,0.04726736605316895,0.0,300,819,782,1069
TTTCCAAAACCAGATGCAGATGCACATT,TTTATAAATCAATAG,0.008866069634251324,0.0,508,974,570,572
GCGGCAGTCCCAAGGACATCCGCAAGCC,CCAGGATGTACCGCC,-0.0005099016135308755,0.0,573,922,566,487
GACACAGCATCATCTGCATTCGCAGGTG,TCTTGGAGGTGAATG,0.0118212210441251,0.0,382,692,509,470
AGTGCAACTGCAGTGCCAAGAACATAAA,TTATATTTATTTGCT,0.052219166467647016,0.0,194,474,586,802
AAAACAAAGGCACCAACAAATACACGCA,CGAATGCCATACAAA,0.056828800651089105,12.592808195982798,174,492,552,826
TTCGCAGGTTCAGAATCAAAGTCAACCA,CAATCTTGAATTGAT,0.0198929994198942,0.0,289,565,378,453
ATGACATCTGCAAAGCCACTTGCAAAGT,CCAACACAGGCTTCG,0.012743937881930985,0.0,302,591,372,382
TAAGCAATGACAAAGACATTTTCATCTT,TTTATAAATCAATAG,0.014002917230487114,0.0,287,603,363,377
CGCTCAGTAGCAGTCTCAGCCACATGTT,CTCTTGAGAATACTT,0.000312722520860639,0.0,357,570,358,311
ATAGCAGAGACATGCTCGTACCAAAAG,CTATCAAGGCTTAAT,0.019124427572654385,0.0,252,597,312,386
TAGTCAATGGCAGCGCCACTGACATATT,TTTATAAATCAATAG,0.024115654503761918,0.0,240,472,408,427
CATCCATGAGCACGTTCAACAACAAATT,CTCGCTAATACTCCT,0.012006551540620115,0.0,274,541,323,339
ATCACAGCCTCAACGACAGTGCCAAATC,CTCGCTAATACTCCT,0.008849471926763124,0.0,295,503,307,332
AGCGCAGGTACAACAACAGTAGCATTTT,CGAATGCCATACAAA,0.03878457673757558,0.0,177,374,402,489
CAGGCATCCACACGTTCAATTGCAGGGA,TTTATAAATCAATAG,0.02606585063681872,9.632877024670051,220,442,330,415
GAGTCATCACCAATCACATCCGCATAGG,ATTATCAAGTGCCAG,-0.005326515979415372,0.0,329,479,327,242
TGTACACGTGCATGAACAAGAACAACAG,TTTATAAATCAATAG,0.0027899616448670895,9.988130879618438,292,501,318,274
CGCGCATCTGCAGGCACAGTAACAATAC,TTTATAAATCAATAG,0.013656293656457173,0.0,240,456,350,312
GCATCAGGGACACACGCATCAACACTGA,GAGTGCTTCAAAGTT,0.024238101349305537,0.0,182,453,363,325
CTTCCAAAGCCACCGGCAGATGCACGGA,CAATCTTGAATTGAT,0.03066808004509194,0.0,163,362,356,353
CACACATGTTCATCCGCAAGCTCATCCC,TTTATAAATCAATAG,0.026723957982964546,7.79726723164822,171,381,296,329
ATGACATGCGCAGTTCCAGGAGCATCTA,CCAACACAGGCTTCG,0.017168310845051372,0.0,180,374,299,260
GTTGCAGGCTCAAAAGCATTCTCAAACG,ATTATCAAGTGCCAG,-0.0026630777158540265,0.0,246,408,240,196
TGGTCATCAGCACCGGCAGGGGCAATCA,TTTATAAATCAATAG,0.014500220589266824,0.0,201,342,280,268
CCGGCAGATTCATAGGCAGCGACAGTTG,CAATCTTGAATTGAT,0.018921993860461332,0.0,178,320,243,271
GCCACAAGAACATAACCACTCCCAGTTT,CCAACACAGGCTTCG,0.013204161004459937,0.0,177,367,234,227
CTAACACGAACACAATCAAGTGCAGAAG,TTTATAAATCAATAG,0.014353700206832251,0.0,171,329,259,227
TTCTCACGCACAGCGCCACTATCAGTAT,TTTATAAATCAATAG,0.018283566384746264,0.0,156,365,245,233
AAGGCAGAGACAGCACCAGACACAAGAC,TCTTGGAGGTGAATG,0.0037641039502964123,0.0,207,295,258,200
GATGCACATGCAGTCGCACCAGCATACA,CTTGCAAGTGTAATT,0.0020543274707113778,0.0,207,375,193,190
AATTCACCTGCACCCGCAGTTACACCAT,GAGTGCTTCAAAGTT,0.026370861722767147,0.0,135,313,228,257
AAGACACCTGCAAACGCAGGATCATTCG,ACCACCGGTCCTGCC,-0.01554528213264915,0.0,266,300,213,144
CTATCACTAGCAGTAACATTACCAATAC,CGATGATGATGATGA,-0.017439338619465384,12.731251509301956,262,330,185,134
ATGGCATCTGCAACGACAACATCAGAGG,CCAACACAGGCTTCG,0.005277122226727308,0.0,181,331,206,183
AAGGCAATCACAACGGCACAGGCAAAAC,TTTATAAATCAATAG,0.013126544967711403,0.0,161,295,233,206
ACTGCATACGCAGGTCCAGTGGCATAGA,GTTGGGCGCTTAAAG,0.00041350757756177084,0.33389604750072976,206,301,175,180
AAGACATAGGCAGCTACATGTACATCGA,ATTATCAAGTGCCAG,-0.0011037332290652901,0.0,212,315,149,177
ACGACAGTGCCACCTACATTCCACATG,TATATTGAACTTTAC,-0.010242441715319517,0.0,219,297,180,139
TTGGCAAATTCAAGGTCAGCAACAAAAG,CTTGCAAGTGTAATT,-0.0009925022528859777,0.0,191,272,207,160
AAGTCAGGGACACCGACAGAGTCACTTA,TCAAAACGGAGTGTT,-0.0008062031821171704,0.0,184,277,218,155
TAGGCATAGCCAAAATCAGTGCCAGGCG,CAATCTTGAATTGAT,0.02650717113993495,0.0,113,263,213,216
AATGCACAGACAGCCGCATTTCCAAAG,TTTATAAATCAATAG,0.010909864155840839,0.0,142,267,190,170
CTAACAACAGCAGACACAGAAGCAGTGT,TTATATTTATTTGCT,0.05582325015353403,0.0,66,200,192,304
TGTACAAGGGCAGGGCCATTGCCAAAGT,TCTTGGAGGTGAATG,0.009908823083904646,0.0,136,238,198,158
AGGACAGGATCAGGAACAACGCCACGCC,TAGACGGACATCTTC,0.027722036536800485,0.0,114,215,178,226
GGATCACATACAACAGCACTGGCACTCG,TAGACGGACATCTTC,0.038240066440288156,0.1912454647708728,78,263,173,212
ATAGCATAGCCATACGCACCGACAAGAG,CCAACACAGGCTTCG,0.005136807740386784,0.0,147,258,163,148
TATCCAAGCCCATAGGCACCAGCAACAG,ATTATCAAGTGCCAG,-0.002681979521482925,0.0,162,258,155,129
GTGGCACCAGCATTTCCAGGGCCATTGA,TTTATAAATCAATAG,0.02887266941654588,4.617272001673882,96,242,169,197
CAGGCAACATCAAGATCATCGACATTAA,CTTGCAAGTGTAATT,0.0013988009856132691,0.0,160,239,158,144
ATGGCAAGGACAAAAACAACTACAGTCC,TCAAAACGGAGTGTT,0.006514793119014077,0.0,142,235,159,149
ACCTCAGAGTCATGGTCAAACGCATCTC,TCAACAACCTATGCA,-0.01633140589797549,0.0,174,272,141,92
GCAGCACAGACAGATACACTAACAGCGA,TTTATAAATCAATAG,0.014986847236638583,0.0,119,222,167,161
AGTGCAGTGGCATACTCAGCCTCAGACA,TTTATAAATCAATAG,0.009202450932351065,0.0,131,223,167,149
CTCTCAGGGGCATGGTCAAATACACTAG,GAGTGCTTCAAAGTT,0.03315408018711424,0.0,81,217,178,189
GGTGCATAGGCAGATACAAGCCCAGAAA,AATGATACCATTTTT,-0.012673430938589947,0.0,161,246,131,95
GAGTCATAAGCAGATACACATCCACGTA,TCAAATGATGAGGAT,-0.024986727315538,0.0,179,257,119,73
AATCCATATGCAGGTTCCAACGTCATCAA,GTACAAGAAATTTTG,0.01745443563476443,0.0,116,204,148,169
GCTTCACGAACAGAGGCACGAGCAAGAA,CTATCAAGGCTTAAT,0.037455983928100976,13.002902632951646,84,193,130,223
GGGTCAATGACACAGGCAGTGACATTAA,GTTGGGCGCTTAAAG,-0.008710337921440664,2.365129976564731,158,222,125,105
GCACCAAGGCCAGTTTCAATGGCAAAGT,TATATTGAACTTTAC,0.010454858689124597,1.2966427047140314,105,269,113,124
CGTGCAAACGCACCGGCAACCCCACGAC,TCAAAACGGAGTGTT,-0.007215595549379073,0.0,141,222,141,98
TGCACAATCCCATGAACATGGGCAGTCG,CCAACACAGGCTTCG,0.009269825880313975,0.0,136,169,141,155
TACCCAAACGCACATGCAAGGGCAATAA,AATGATACCATTTTT,-0.009748843514100509,0.0,163,184,134,105
ATCTCAGCTTCAATACCAACCCCACTAC,CTCGCTAATACTCCT,0.012231771814432973,0.0,114,201,141,142
AAGGCATCGCCAATACCATGTCCAAAGA,TCTTGGAGGTGAATG,0.017677226582744347,4.000993649490738,105,173,159,154
CAAGCAAGCGCACGACCAAACTCAAATA,AAAAGAAAAATGTAT,0.01602173750559885,1.2782875067152872,91,219,135,127
GCCTCAACGGCAGCAACATAACCAAACA,AGTGTTAATCAGACC,0.0012503226406338868,7.920132488308127,125,166,153,112
AGATCACAAGCAATGGCAATGGCAATGT,TTATATTTATTTGCT,0.06435719215945877,2.4449955749955734,40,138,153,238
TGCACACAGTCAAGTGCATGCTCAGGAC,AAAAGAAAAATGTAT,0.01183213033348228,0.0,117,172,125,144
AACACAGATTCATCTGCAAGAGCAAGCT,ATGGCGATGGTCTTG,0.005858749351558604,0.0,104,220,103,107
GAGACAGCAGCACAAACAAAGTCACTCT,ATTATCAAGTGCCAG,0.001733812180729974,0.0,121,214,95,110
GTGCCACGTGCACCCGCATGTTCACTAA,TTTATAAATCAATAG,-0.006107975156960762,8.747121553862144,135,168,126,97
ATATCATTGTCATTCGCAGCTTCAAAAT,AGAAGACGACGATGA,-0.0006063297750449776,0.0,118,189,121,100
GGTACAAACGCAAGGGCAAAGCCAACTC,TATATTGAACTTTAC,0.002242727918422921,0.0,91,198,161,84
GGATCACTGCCAAGTGCAATTGCACGCA,TATATTGAACTTTAC,0.0019326481630124778,0.0,117,186,114,107
TGCGCACGAGCAACTCCACTGACACCAA,AGTGTATGATAATAT,-0.032638156598161716,0.0,182,199,73,59
AACGCACGCTCACTTACAACGGCATATC,CTATCAAGGCTTAAT,0.023626463393698987,0.0,77,162,147,135
ATTCCATGCCATTGACATGCACAAAGG,AAAAGAAAAATGTAT,0.022022620511519098,2.4326079122151896,79,203,102,132
AAGCCAGTAGCATGAACAAAGCCATAGT,ACAAGTTTTACAGTT,-0.02870455488158628,5.670893782634266,159,197,90,58
AGAGCATAGCCACCAACACGTACAGTCA,ACAACCTACCTGCTA,2.403570114493849e-05,0.0,110,187,117,95
CAATCAGCTCCAAGGCCATTGACACACC,ACAAGTTTTACAGTT,-0.0094277725157437,0.0,123,188,89,80
AGCCCAAGGGCAAAGCCAATCCCAAGTT,TTTTGCATTTAGGCG,-0.01601149019847381,0.0,133,175,91,71
AAACCAAAGGCATGGGCAAGGTCAACGT,CAATCTTGAATTGAT,0.027521888000034272,0.0,68,156,127,134
CGGGCATGCCCACTAGCAATAACAGTAC,TTTATAAATCAATAG,0.02420778453654419,4.059761755668205,88,133,97,157
CATCCATACGCATTGGCACACGCAAGAA,CGATGATGATGATGA,0.0024405524357500735,0.0,84,170,129,78
GCACCACCTCCAAACACAATACCATAAC,CGATGATGATGATGA,0.006838137203835008,0.0,84,170,112,89
TACTCAGTGACAGGTGCAAGCACAGCTT,CTTGCAAGTGTAATT,0.008922940915869981,0.0,86,176,91,97
CCTGCAGCTCCATTGCCATGTCCAGTTC,GGTTGCCCAGAAGTA,0.006732765258802939,0.0,89,142,123,94
GTTCCAAGACCAAAAGCACTGACATAAG,TTTATAAATCAATAG,0.01524931578433543,0.0,77,179,94,105
TCGACACCCTCAAAGGCATCCTCACGTC,CTATCAAGGCTTAAT,0.013162887462952666,0.0,89,156,85,114
GAGACAGTCTCAATATCAGCGCCACGAG,CTCGCTAATACTCCT,0.004506772823129301,0.0,83,168,98,82
ATCGCACCCGCATAGTCAAGCGCATGCG,TATATTGAACTTTAC,0.007490373628054803,2.768155636926849,87,149,102,94
AACGCACAACCATACGCAAAACCAAATA,TCAAAACGGAGTGTT,-0.0007941236989868218,0.0,89,158,101,75
GCTCCATAAACATGAGCAGCAACAGATA,ACAACCTACCTGCTA,0.0068606917302610855,0.0,83,144,100,88
CACCCAGATCCAATGCCATGGCCATTCA,TTATATTTATTTGCT,0.045457328985023936,0.0,40,108,133,135
CGCACAAGGCCACTATCAGGTTCACCGG,TATATTGAACTTTAC,-0.004564233070958931,0.0,97,157,71,73
GATGCAGGAGCACCGTCATCAGCACACG,CTCGCTAATACTCCT,0.00973851643682265,0.0,77,147,92,89
CTCTCACCGCCACAGACATTAGCACAAC,TCAAAACGGAGTGTT,0.010546695842338596,1.615176675845305,76,138,90,90
ACAGCATTGCCAGTATCAAGGACAATAT,GAACTCAGGTTCCAT,-0.015348759546085486,0.0,101,161,73,55
AAGGCATCCCCAGGGGCACAGGCATGCC,ACAACCTACCTGCTA,-0.018194087844457352,6.942705763157846,86,192,78,43
CGTCCAAGGCCAAGCGCAAAGCCAACCG,AGAAGACGACGATGA,-0.0033178510901767043,0.0,96,126,98,75
CTCTCAATGGCATGGCCAAATCCACTAC,TCAAAACGGAGTGTT,0.002813690660521824,0.0,82,134,102,77
GTCCCAGATCCATCTACAAGACCAAGTG,ATTATCAAGTGCCAG,-0.003999674146704116,0.0,81,148,95,62
CAGTCATGCCCATCTGCAACAGCATACT,AAAAGAAAAATGTAT,0.0029834991445799233,0.0,89,136,82,84
GAATCAAGAACAACAGCAGTGGCAGCAG,TCTTGGAGGTGAATG,0.0012032970038666606,0.0,76,156,74,68
GCAACAGTTCCAGACTCATGGGCACCCA,TATATTGAACTTTAC,-0.005462934154525025,0.0,86,138,87,63
GGTGCATAAGCAGGAACAATTACAGTAC,TTTATAAATCAATAG,0.008641415381006988,0.0,76,133,78,85
GTGCCAACTCCACAAACATAACCAACCA,TCAAAACGGAGTGTT,-0.001088227807425908,0.0,85,132,78,71
TTGACAGGGGCAATCCCAGCAGCAAGGA,CTTGCAAGTGTAATT,0.000252086761702186,0.0,92,130,64,80
CGGGCAATTTCACGTACAGGTGCAGTCC,ACAGTTGACGGACAG,-0.012706688521305574,5.262907807462852,95,159,52,56
ATTGCAAAGACACAAGCAGGCGCACGGC,TATATTGAACTTTAC,0.009303127428578256,3.1286767152155335,71,123,85,81
GCCACAGGAACATCAGCAACCCCAAACT,AGTGTTAATCAGACC,0.006123072979903276,5.340790716053448,81,124,69,84
CAGCCAAACTCAAGGGCATCTCCACGGT,AAAAGAAAAATGTAT,0.0044967341742555645,0.0,81,125,78,80
TACGCAAATGCAGATTCATAATCATTCG,CCAGGATGTACCGCC,-0.016088124457072986,5.0552409410997825,92,151,57,49
TGGGCAAAGACATGGGCATGATCAAAAT,CTCGCTAATACTCCT,0.008139145707204731,0.0,59,139,86,65
AGTGCACCGGCAACGGCAAACACAATCT,AAAAGAAAAATGTAT,-0.005016996622985811,0.0,66,147,84,49
CAAACAGTCGCAGGAACATTCACACCCT,TAGACGGACATCTTC,0.024435049238844413,0.0,54,115,87,97
GATCCAACGACAGAATCAACCACAACAA,TATATTGAACTTTAC,-0.0063883607204369,0.0,80,130,85,57
GCCGCAACTCCACCCGCAACCACAATCC,CAATCTTGAATTGAT,0.0421109525535401,5.565506332477298,38,98,100,116
ATTGCAGAAGCAAGCTCACATCCACAAC,ACAACCTACCTGCTA,0.00769020513884251,0.0,69,129,79,75
GCAACACGATCAGTTTCATGAGCAAAGG,TTAGTCTTTCCATCA,-0.006304923046499632,0.0,84,129,72,60
CGGTCAGTACCAACTGCAAGCACATCAA,GTACAAGAAATTTTG,-0.011272775685182567,0.0,78,139,82,48
GCATCAGAGTCAGTGCCAGTGACAGCGT,CTCGCTAATACTCCT,0.001112676195900208,0.0,65,135,81,58
CGCGCAAAATCACTCGCAAAACCAAAAG,ACAGTTGACGGACAG,-0.019263698329507393,3.594485554841981,95,125,79,46
AGGTCAAAACCAATCCCACATTCATTGA,AATGATACCATTTTT,-0.029067945726258166,2.4049205474381097,97,130,68,35
GTAGCACGCTCAATGTCATAACCATCAT,CTTGCAAGTGTAATT,-0.012506570610098572,1.6686036577657433,86,120,77,51
GAGACAGGTGCAAAGGCACTCTCACGCT,AATGATACCATTTTT,-0.016712362425429592,0.0,88,114,79,46
AGACCATCTGCAACAGCAGTGACAGAGT,CTCGCTAATACTCCT,-0.0014576897178828485,0.0,69,121,56,57
CTTCCAACAGCACGCACATCAACACCTG,CTTGCAAGTGTAATT,-0.002632952694975497,0.0,79,115,58,63
GCTCCACAATCAGATTCACCCGCAAAGC,AAAACATTATCAAAG,-0.02190160901479818,0.0,76,151,41,34
AGTCCAGGACCAATTTCACGTTCATAAA,ACAGTTGACGGACAG,-0.0019763234712258256,0.0,75,94,81,61
AGCTCACGGTCAACAACACAAGCAAGCC,AGAAGACGACGATGA,0.0044019024365145485,0.0,66,112,65,65
GTCCCATCCGCATGCTCAGCCGCAAGTT,AGTGTATGATAATAT,-0.019781689477432512,0.0,86,123,53,41
GGAGCATGGGCATTACCACCATCATCGA,ATGGCGATGGTCTTG,-0.006193996710077122,0.0,60,124,70,43
CTACCAGACGCACCCGCATTAGCAGGTG,TCTTGGAGGTGAATG,-0.008071340717849993,2.324738918285675,62,113,85,42
CGTTCAGCCACAAGCTCACAACCAGTAG,ATTATCAAGTGCCAG,0.008567448749421615,2.181516142592045,69,97,61,77
GTCTCAGTTCCATTCTCAAGGGCATGAA,CTATCAAGGCTTAAT,0.006003812268307175,2.47482323138388,60,120,59,62
GTGGCATATTCAGTCTCACAAGCAGACG,ACAACCTACCTGCTA,-0.0006155903205506663,0.0,72,112,54,61
ATCCCAATGTCACATCCAAGTTCAATGC,TTTATAAATCAATAG,0.006461485362037219,0.0,63,106,64,66
AACGCACCTACAAGCCCATTAACACATA,ACAGTTGACGGACAG,0.00614552723021912,0.0,53,106,83,55
ATCTCAGATCCACTTGCAGTCACATCCT,TCATAGGTATCTCGC,-0.03971891923330276,0.0,103,98,47,27
AGCGCATGTACAGGCACACTACCAGATT,TCTTGGAGGTGAATG,0.011788699274135098,0.0,48,119,65,59
GCGGCAGGACCAGCTTCAGTCTCAGTAT,ACAGTTGACGGACAG,-0.005038948110992421,0.0,62,105,68,46
TTACCATTACCATCAGCATCGACACCCA,TTTTGCATTTAGGCG,0.004910818174207466,4.370588728890198,56,94,77,56
CCGACACCTCCAGAATCAGTAACATACC,TTTTGCATTTAGGCG,0.003780766451684754,3.128498240972249,60,94,67,58
CTTACATGCTCAGTCCCATGGGCAATAC,GTGTGATTACTAAAT,0.0022950976594909773,0.0,53,98,68,49
TAAGCACTGACACTTCCAGTGCCAAACA,TCAAAGCATGAAAAA,-0.0005064794757183438,1.000103341538761,60,85,84,51
TTCGCAGCATCATTGTCATGGGCACAGA,CCAGGATGTACCGCC,0.014348360038071458,4.362703209288384,55,85,63,73
TTGGCAAAGGCATCACCATAGGCAGGGG,ATTATCAAGTGCCAG,0.010722597745700077,1.7551882772672798,42,106,68,50
GCGGCACCCCCATGACCAGTGGCATTAT,ACCACCGGTCCTGCC,-0.01211670261799222,0.0,55,97,73,33
CTAGCATGGTCAAGTTCATCTACAGCCG,CTATCAAGGCTTAAT,0.007097394257067895,0.0,59,68,79,63
AAGGCAAAAACACAAACACTTCCAGCGG,AGAAGACGACGATGA,-0.009557131177533212,0.0,71,102,45,46
CTTTCAGGCACAGGTTCAGACTCAGGTT,ATTATCAAGTGCCAG,-0.03049733664236703,8.490364415639533,81,106,48,28
TTCTCAAGAGCAACCACAGGGACAACCG,AGTGTTAATCAGACC,-0.03129550744811094,0.8434447008092434,80,95,52,27
CATTCAGACTCAGTAACAATCACATGCA,TCTTGGAGGTGAATG,0.004910818174207465,0.0,50,103,58,50
TAAACACAGGCAGACACACAGACATCCA,ACAAGTTTTACAGTT,-0.02483851793180709,3.1607258564703216,83,103,41,34
GTCGCACGAACAAACGCAGGAACATGAT,GTTGGGCGCTTAAAG,0.013812911015842312,0.0,49,100,47,64
TGGTCACTAACATCAGCATGATCATGCT,ACAGTTGACGGACAG,0.016484024840347115,1.9794503731502573,53,95,38,75
CGAACATGCGCAGCAACAACTGCATCCA,TATATTGAACTTTAC,-0.01107495116785541,0.0,63,107,47,39
GTTCCAGCAGCATAAACATTAACAGCAG,CTTGCAAGTGTAATT,-0.009216323385004577,0.0,55,97,63,36
TTGCCAAATACAAGGACACCCGCAAGGG,CTTGATCAATCAAAA,-0.005704306196410349,0.0,66,82,56,48
GGATCAGCCTCATTAGCATGCACAAAAC,ATGGCGATGGTCTTG,-0.0032290805095272677,0.0,60,84,57,47
TCCCCAAAAACAACGGCAACTACAATTC,AGTGTATGATAATAT,-0.026939563326707064,0.0,65,94,55,25
TGGCCAAAAGCAAGCACAGTCCCAAACT,CTATGCATTTACTCA,-0.01572382210599996,0.0,65,85,49,35
ACAACAGGCTCAGTAACATAGTCACGTC,TCAAAACGGAGTGTT,0.019073591306382982,0.5407134318859335,34,114,43,52
CTCTCAGGGACATGTGCATGCTCAAGTT,CATTTATGGCTATCT,-0.03538786002035835,0.0,67,104,43,20
GCATCAAAATCACTGACAACCGCATTAT,TATGCCCTTCTTCTG,-0.0003434799659119611,0.0,48,108,40,41
TCAACAAGGCCAAGATCAGGGCCAGATG,GAGTGCTTCAAAGTT,0.024606429222191722,0.0,36,70,72,65
ACAACATACGCAAGGGCATCGACAGCAT,ACAAGTTTTACAGTT,0.0013988009856132702,0.0,60,82,41,54
GGAACACCATCACTGGCAAAACCATTCC,CTACTTACAACGGAA,-0.04265972701379739,6.26630270988619,75,107,30,18
ACCGCACCCCCAAAAACACGATCACCAA,TATGCCCTTCTTCTG,0.008931751100494637,0.0,39,97,55,44
CACTCATACTCAGCACCAGGTCCACAAT,TTAATTGCACTTATG,-0.014058999555458055,0.0,53,94,54,30
TGAGCATATACAAATACAGGAACAAAGC,ATAATTTTCATCCAC,-0.0025273002029328577,0.0,55,74,57,44
GTTCCATACGCACCGACACGGACAATAT,ACCACCGGTCCTGCC,-0.024091778116426637,0.0,74,90,35,31
CCCACAGTCTCAGGTTCACGAGCACATG,AGAACATCATCTACA,0.009463336007732482,0.0,41,85,49,47
GTGCCATTGGCAGATTCAAATACACAAG,AGTGTTAATCAGACC,-0.013887030128457148,0.0,58,96,39,33
TTTCCAAGCACACTGTCACAATCAAGAA,TCATAGGTATCTCGC,-0.052909217005396074,0.05146958186196571,85,77,36,15
GCCTCAAAAGCATGACCAATAGCATGTG,TATATTGAACTTTAC,0.0029300374918474585,0.0,52,74,49,49
GAGCCAAAACCAATGCCAGAAGCATGCG,AGTGTTAATCAGACC,-0.003293617477089479,3.171724651043519,55,65,60,43
AGTACATCAACAGCTTCACCTTCAGGTC,ATGGCGATGGTCTTG,0.006329471988167321,0.0,46,73,56,48
CTACCACGTGCAGAGTCATCATCAGTGG,AAAAGCGACATTTCT,-0.03622096971038826,0.0,79,89,30,23
ACTCCACGCTCACTTTCAAGTCCAGGAG,TTTTGCATTTAGGCG,-0.0028432583347509865,0.0,53,74,45,42
CGCGCAAAAACACCGACATTCTCAGATC,CTACTTACAACGGAA,0.012081197494772307,5.007421841300186,50,76,36,62
CGAACAGCCACAGTCGCATTAGCATCTA,CTTGATCAATCAAAA,-0.006978346623750284,0.0,50,94,36,35
ATGTCACATTCACCCGCATGAACACGTG,CTTGATCAATCAAAA,-0.008939696624514729,0.0,50,74,58,33
AATGCAGGGTCACTCCCAGTCGCATGGA,CAAGTTCGGCGAAAT,0.0020722245628638897,1.2187291561437803,49,73,46,45
AGGGCAACGACACCAACACATTCAGCTG,ATTATCAAGTGCCAG,-0.01819408784445738,2.920759273918293,50,99,38,25
CTGGCAGCTGCACTGTCAGCAGCAATAT,AATGATACCATTTTT,0.006498419807182627,3.029133467024394,41,76,46,43
CACCCATCCGCACTTACAACATCAAGGA,AAAAGAAAAATGTAT,-0.013906841917054222,2.918094482201809,51,85,49,29
GATCCATGGGCAATTGCAGAAGCAATCC,GTAATCTGACTCTAG,-0.014682070655863154,0.0,45,88,45,25
ACCACAGCCACAGAGGCATACACACAAA,AGTGTATGATAATAT,-0.04629699877281938,1.5369463856526409,79,74,38,17
CGCACATAGCCAAGAACAAGCCCACGAA,GAGTGCTTCAAAGTT,0.046895573356899055,5.509933199418128,21,56,64,74
TGTCCACACTCAGGGGCAGTGGCATTAA,AAAACATTATCAAAG,-0.031262157436991476,0.0,74,72,39,25
CGGCCAATGCCAGCGGCACATCCACGTT,TCAAAACGGAGTGTT,-0.009754224631770338,0.0,59,59,53,38
TTGTCACTGGCAGTGCCAGGTCCATGAT,TCTTGGAGGTGAATG,0.0013036986861997186,0.0,39,74,64,35
CCACCAATGACAACGGCAAAACCAGTGT,TTTATAAATCAATAG,0.03944721589709999,2.504406232962765,22,81,47,62
ACCTCACGCACAAGCTCATTTCCACAGG,TTTTGCATTTAGGCG,-0.018194087844457384,0.030815950174996942,46,85,52,23
AGGGCATTGCCAACGACATGGTCATTAG,TTTTGCATTTAGGCG,-0.003563653105267243,0.0,49,73,42,38
GTATCACCTACAAGGGCAGAGACAAGGT,TTTTGCATTTAGGCG,-0.02693956332670706,2.3649018718990646,52,94,33,20
GTAGCAAATGCAGAAGCACACACATGCT,GGTTGCCCAGAAGTA,0.02736845466430228,1.5725578021574051,26,69,54,51
AACGCAAGAACAGGCACAATGGCACTTG,GTGTGATTACTAAAT,0.022877368198630347,0.0,35,63,38,60
AGATCAGTAACAATGTCAAACTCAAATG,ACAGTTGACGGACAG,-0.024751097652659204,7.954746834142497,56,88,25,23
GACCCAGGCACATGGGCACCTCCACCAT,TTAGTCTTTCCATCA,-0.008266273047264076,0.0,49,57,52,33
GTTACAGGTCCAGGGCCAATGACATATC,CTTGATCAATCAAAA,0.004087731087861757,0.42363028394896673,41,70,37,40
GGATCATACACAATGACAAATCCATTGG,ATGAAGTTCATAATG,-0.029409829065164483,0.0,56,69,45,20
AAGACACGGCCACCTGCAGGTCCACAGA,CGATGATGATGATGA,0.005643448398166647,0.0,45,61,39,46
TAGCCACTTCCATCTACAATCGCAATGC,TTTATAAATCAATAG,0.018725277443904963,0.0,37,60,32,56
ATACCAACTGCAAACGCAGTATCACGAA,GTTGAACTGGTTGTT,0.0014890130388713594,0.0,41,71,37,37
ATCGCACAGCCAATTCCATGAACACCAA,ACAAGTTTTACAGTT,-0.007271174275608046,0.0,49,73,25,34
AACCCAACCCCAAAACCAACGACAAGAA,CTATCAAGGCTTAAT,0.029227978998568147,0.3763102891033441,27,73,29,56
GAGTCATTGTCAACCACACGCACAGTTA,GTAATCTGACTCTAG,0.01509020649258018,3.8626144852947846,28,76,41,38
CGCCCATATCCATATACAAATTCAGGGG,TCATAGGTATCTCGC,-0.04218030307221307,0.0,80,59,35,6
GCCACAAGAGCAAGGCCAATGCCACGTG,TCAAAACGGAGTGTT,0.00020819823221063355,0.0,38,76,38,33
GGGACATGCGCAAGTCCAACATCAGAAG,AAAAGAAAAATGTAT,-0.000725059493923666,0.0,45,50,47,38
GAGTCACCTGCACAACCAAGCACACACT,TATGCCCTTCTTCTG,0.0008240741044630665,0.0,26,77,55,23
CTATCAGTTCCAAGGGCACACACAACGA,CTATCAAGGCTTAAT,0.014819202289805206,0.0,26,68,54,35
CCTCCAACGCCAGCACCAAGCACAACTT,TCAAAACGGAGTGTT,0.033584193681644496,11.321870326319754,22,50,57,52
CATTCATCGGCAAGAGCATAATCAGCAA,TCATAGGTATCTCGC,-0.0412989938631222,0.0,60,56,45,15
ATCGCAACGCCAGTCACAAAAGCATGAC,GTTAAATCAACAGTT,-0.006480824949861084,0.0,38,80,30,27
TCAACAGATCCAACTGCAACAACATGGC,GTTTAGCTTCCGTTG,-0.015293708611469711,0.0,55,58,33,30
GGCACATAGACATGGTCAATATCACGAG,CAATCTTGAATTGAT,0.022352422966359076,0.0,32,48,45,54
CTATCAGGTCCACTTCCATGCACAATCA,ATTATCAAGTGCCAG,-0.02291577174655826,1.1439551125333765,53,52,48,23
AGAGCAGCGGCAAGTACAGATCCATAAA,CCAGGATGTACCGCC,-0.0069783466237502536,0.0,40,54,51,28
TGACCATGGGCATGTTCAAATCCAGACG,CTACTTACAACGGAA,-0.009389035343071124,0.0,43,63,36,28
ACAACAGGACCAGTTCCAAACACAAACA,ATGGCGATGGTCTTG,0.011467827982409284,0.1958650283222596,23,80,40,28
TGTACAACAGCAATCCCACCCTCACTAT,ATGGCGATGGTCTTG,-0.026788391487860715,3.0307970004789695,44,71,41,17
GAGGCAAGCACAGTGGCAGCTACAATAC,TCATAGGTATCTCGC,-0.01698183303876154,3.599463310695228,54,56,24,28
GCCACAGAAGCAAGAACACTTTCAGCGG,CCAACACAGGCTTCG,0.018426321777812952,0.0,26,60,43,39
GTGTCAGAATCACCGCCAGAATCAATTC,AGTGTTAATCAGACC,-0.022120189033003484,0.0,54,42,43,24
GCGACATATGCAAACGCAGATCCAGGCG,CGATGATGATGATGA,-0.006134419690940602,0.0,39,53,40,28
GATTCAGTGACAGGGCCATCAGCAGTTA,ACCACCGGTCCTGCC,-0.03545885756228585,2.150083464788395,47,74,31,14
GTCGCATGATCAAGAACATGACCAGGGA,TCAAAACGGAGTGTT,0.030397689658943794,12.864113536931427,27,35,45,58
GCACCATGTCCACATGCACGCTCAACGG,ACAACCTACCTGCTA,-0.0167754340304975,3.651020187108884,46,69,28,24
GACTCAAACTCATCGGCACCCGCAAGTA,ACAGTTGACGGACAG,-0.0022966187747803786,0.0,36,64,34,29
GGACCATGACCAACGGCAGGGTCATCTA,TCAAAACGGAGTGTT,0.012118255123195339,1.3804185234529314,29,56,45,36
GAAACACTGTCATGTACAGTAACAGCGG,CTTGCAAGTGTAATT,-0.003209917914384207,0.0,37,52,40,29
TGGTCATGTCCATAAACAGGTACAGTAA,TCAAAACGGAGTGTT,0.0006037604582072922,0.0,33,59,41,29
TAGTCATAGACAGAGCCATTAGCAGAGC,CCAGGATGTACCGCC,0.010328115824133304,1.119150086395166,34,53,32,40
TCACCAGTTACACTGACACACGCATCGC,TTTTGCATTTAGGCG,-0.003739555008628697,0.0,35,52,44,27
GCGGCAAGTCCATGTACATAAGCAAACA,GAGTGCTTCAAAGTT,0.018426321777812924,0.0,28,58,35,42
GTAGCATGCGCAGACTCAGGTTCAGCCA,AATGATACCATTTTT,0.006816098635539077,3.3457799186232933,34,50,37,36
ATCACACGAACAGGGACACGGCCACCTA,TTTATAAATCAATAG,0.008422835362801693,0.0,36,55,32,40
CCAGCACGTACAATGCCATCTGCAGTAT,ACAGTTGACGGACAG,-0.0016461916339943529,0.0,28,66,40,23
ACCACAGATCCACATACACCTACAAAAC,CCAACACAGGCTTCG,0.02312894171980978,1.6313060925841683,22,49,50,38
CAAGCACTACCAAATCCAGGCTCAAAAA,CTACTTACAACGGAA,-0.020099368305788994,0.0,36,73,28,17
GGCGCATAGACATCAACACCCACATACA,ACAGTTGACGGACAG,-0.004678584240851865,0.0,32,74,23,24
TCCCCAAACACACCTGCATTGACATAAT,TCAAATGATGAGGAT,-0.0475024031842509,2.533397208970598,53,62,21,11
CTCTCAACAGCAGAGTCACGGTCAGCGT,CATTTATGGCTATCT,-0.03239690102148738,0.0,49,55,28,16
GAGTCATGGTCAACACCACGTTCATTC,TCAAAGCATGAAAAA,0.019421420549468982,0.0,22,47,39,34
TTAACACAACCATATCCAATCCCACCGA,TTTTGCATTTAGGCG,-0.010406926138407185,0.0,38,56,27,24
GTAACATGTTCAGCCGCAGAAACAAGAG,TTTTGCATTTAGGCG,0.012857852289040766,5.69192550345366,26,44,45,33
AAGACATCGTCAAGGCCAGACTCACTCT,TTTTGCATTTAGGCG,-0.019744755032287165,0.16007906828741625,44,43,33,21
AAGCCACGGCCAACCACACTAACAAATA,CTTGATCAATCAAAA,-0.02684014737728515,7.036770439874715,37,76,22,7
CATGCAAGCCCAAGCCCACGACCACCTC,TTTTGCATTTAGGCG,-0.01739083612515538,0.0,41,48,29,21
GACCCAGACTCATGGACAGTCGCAGTAT,TATGCCCTTCTTCTG,-0.009129630661669316,0.0,32,53,36,21
TATACAAAGTCAAGGTCAAGGCCAAAGA,TATATTGAACTTTAC,0.004910818174207464,0.0,28,55,30,28
GCGACATAGGCACCAGCAGGTGCATGAT,TCAAATGATGAGGAT,-0.027081709952922334,0.0,47,54,19,18
CTAGCACGCCCATGAGCAAATTCAACAG,CGATGATGATGATGA,-0.03170959144806284,7.1233777027714495,42,59,28,14
TTTGCACATCCAAGGGCACCGTCACAAT,GTTGAACTGGTTGTT,0.003944566945099054,0.0,35,44,24,34
GTGTCAAGTCCAGGTTCAGGTGCATAAA,GGTTGCCCAGAAGTA,-0.014857972559224636,2.1504851263440514,38,44,36,21
TCCACACCATCAACTACACCATCAAAAG,TCATAGGTATCTCGC,-0.054305581729034734,0.6011928755121971,65,40,21,11
GAACCAAGGACAGGAGCATTCGCATACA,ACAAGTTTTACAGTT,-0.036802507761150016,5.360841405111728,39,63,19,8
GTTTCAGCAGCACAAACATTGCCAGCGG,AAAACATTATCAAAG,-0.005936595173613481,2.9783736115613237,18,65,27,13
ATCTCAGCGACAGAAGCAGCCACATCGA,AAAAGAAAAATGTAT,0.007943210781065035,0.0,21,46,35,23
GAGCCATGGGCAGAAACATTAGCACACT,CTTGATCAATCAAAA,-0.0326228905876667,3.712548077689007,37,54,21,12
ATGACAGAGACAATCTCATCCCCAAGTA,AGTGTATGATAATAT,-0.02392242974201267,0.0,38,53,18,16
CGCACATGCGCAACCTCACATACACCTG,TTTTGCATTTAGGCG,0.016799982972165246,5.218923258307711,21,37,32,30
TATACAAACACAAGGGCAGTGACACCCA,TCGATAGAATTTACT,-0.029954800331882154,0.0,37,52,15,13
TAGTCATCGCCATAGGCAATTACATCTG,AAAACATTATCAAAG,-0.03133465299403442,0.0,46,38,25,8
AGAGCAGAACCACTGTCATCTCCAATTT,CGATGATGATGATGA,0.01842632177781295,0.17503582854322985,16,51,24,24
GATGCAATAGCACGGGCACGTCCACTGA,TTTATAAATCAATAG,0.01612655939491456,0.0,15,38,41,21
ATCCCACCATCAATACCACCAACATCCC,CTTGCAAGTGTAATT,0.012081197494772307,0.44041203112965377,25,41,18,31
GGGTCAGGAACAATAGCAAGATCACAAA,ACAACCTACCTGCTA,0.012697979880257663,0.33408625331048825,19,45,27,24
TGAACAAAGACAAGGCCAAACGCACGGA,TCAAATGATGAGGAT,-0.025632206221597703,0.0,35,38,23,14
CCATCAAGCGCAGAAACATCTGCAGACA,AGTGTTAATCAGACC,-0.02376255733322957,0.0,26,52,20,11
GAAGCACTGGCAGGGCCACTCTCACACA,CGTCAAGACCTTCTA,-0.024271473070922516,0.0,36,32,24,15
ACACCAAAGCCATTAGCAAACTCAGCTA,GTTGGGCGCTTAAAG,0.01773180340863441,0.0,20,48,29,8
GAAGCATGGACAATCTCAGGTCCAACAA,CTATCAAGGCTTAAT,0.016799982972165246,0.0,21,36,21,30
TAGGCACACTCACCAGCACACACACCTT,CGATGATGATGATGA,-0.016886730739348026,1.697759667796845,25,44,25,13
CCACCATAAACATTATCAAATCCACAGC,CTACTTACAACGGAA,0.0012032970038666606,1.4418585859918949,19,43,29,17
CGCACAGAGACAGTTGCAGGTACAGTAA,CTACTTACAACGGAA,-0.03170959144806284,1.2228166574573152,33,39,17,11
TATCCAAATTCAAAAGCATACGCAGCAC,CTCGCTAATACTCCT,0.017836335874499596,0.0,19,35,24,28
ACCACAAAGCCACAAACAAGGTCATCGT,GTTTAGCTTCCGTTG,0.04666649939248446,0.0,8,28,29,37
GGTTCAGCCCCATGAACAGGGGCACTAT,TCAACAACCTATGCA,0.014058713030932821,3.734134859050016,19,36,21,25
AAGGCAGTAACAGCTTCAGCTGCAACGA,ACCACCGGTCCTGCC,-0.00996541858007318,0.0,25,39,15,16
CGGGCATAACCAACATCAGGTCCAGAAC,CTTGATCAATCAAAA,0.001574702888974722,0.0,21,35,20,19
AACACACATACAGGGCCAAAGACAGTTG,GAGTGCTTCAAAGTT,0.038354221803000306,0.03622202452498868,11,39,17,30
TGCGCAAGCGCAAACTCAAGATCACTTT,TATATTGAACTTTAC,-0.01698183303876154,0.8177749023662955,27,34,19,14
TGACCAAATTCATGGACACATCCACAGG,ACAGTTGACGGACAG,-0.002527300202932859,0.0,20,34,24,16
GGGCCATAAACACGCTCAGAACCACAGG,TCATAGGTATCTCGC,0.0011146612446743184,1.2740612627516725,25,35,26,4
GTTGCAAAGCCATCAACAAGGCCATAGC,CTACTTACAACGGAA,-0.007738835882622666,0.0,19,43,17,13
TCAGCACTGGCAATAGCATTGTCAATGA,ACAACCTACCTGCTA,-0.006304923046499632,0.0,28,36,10,20
GCGACATCTGCAAAAACACTCGCACCTG,CTAAGCAGTCTTCTC,-0.11170576117753388,0.0,46,25,6,1
ATCCCAAGGCCAATAGCACGCACATACC,CCAAGACCGTGTAAA,-0.01310249731463897,0.0,23,36,18,9
TATGCACTCACAAGGACACGTCCACTAA,AATGATACCATTTTT,-0.012527116972064968,0.0,24,42,19,5
ATCGCAAAGGCATGCGCAACGACAACCA,GTAATCTGACTCTAG,-0.021371093837934906,0.0,22,29,26,10
GAGGCAATGGCAGAGTCAACAGCAAATT,ATAGAGCGGCGTTGA,-0.01928708193855706,0.0,31,27,13,15
GAATCATGCACAACGACAAAATCATGCG,CTTGATCAATCAAAA,0.011719347001055612,0.214106392176177,21,31,27,8
GGTGCAGTTACACAATCAGGTCCAGGGA,TCAACAACCTATGCA,-0.05346910143425596,6.336599177690289,37,36,9,7
GCGGCATCCACAATAGCACTGTCAAAAG,TTATATTTATTTGCT,0.023928980123127885,3.588133200279117,13,28,26,23
CACACATGAGCAGCGGCAGTGCCAAGAT,GAACTCAGGTTCCAT,0.020228562486822144,5.208443580238111,12,27,32,19
ATGCCAGTGTCATCGACACGAACAGGAT,TCATAGGTATCTCGC,-0.058480349909908955,2.4428157849285412,38,30,12,1
CATGCATTGGCAGCTGCAAAGCCAAGCA,TTTTGCATTTAGGCG,-0.019452098777218964,0.6969136812355146,27,34,13,13
AAATCAGGCGCACAGACAGGTCCAAGAT,CTACTTACAACGGAA,-0.02158684432145545,0.0,31,26,13,14
TATTCAGCGGCAAGTGCAGTGACACCCA,AATGATACCATTTTT,-0.01808839872757617,0.0,24,33,17,9
GACGCATGATCACACGCATCATCAACTC,CTTGCAAGTGTAATT,-0.006304923046499662,0.0,14,40,17,10
CAATCAATGTCATAACCAGAGGCACGCC,TCAAATGATGAGGAT,-0.023332443838699344,0.0,28,34,11,12
CCCTCAACCTCACGTCCATAGTCAGCAT,TCAAAGCATGAAAAA,0.04388800683474397,1.6467126299044423,9,24,20,30
TGGGCAAAGGCAAGCCCAACAACACCTA,TTTAACTCACCGTAA,-0.04070826934500473,1.7572862484808525,36,30,5,12
GGGCCATACGCACTGGCAAGTCCAACTA,AGAAGACGACGATGA,-0.0052685701441652485,0.0,19,34,13,14
CGGGCAACACCAAGGTCAGAAACAGCTC,TTATATTTATTTGCT,0.05464357581559118,0.0,6,20,27,31
GATACAATACCATAGACAGGCGCACAAA,GAGAATGAAGGACAG,-0.004678584240851896,0.0,24,19,16,18
CGAGCAGCCGCAATCGCATGGACAGTAT,ACAAGTTTTACAGTT,-0.006039317391527087,0.0,25,27,12,18
GGATCAAATTCAAGAACAAGCGCAGTTA,TTTAACTCACCGTAA,-0.010755969467317083,0.0,16,40,15,10
CCGACACATTCACAGGCACTCCCAGCGT,GAACTCAGGTTCCAT,0.0033601509863776823,0.0,22,14,21,21
AGGCCAAAAGCATGTGCAAATCCATAAT,TATGCCCTTCTTCTG,-0.017271577761591536,2.6278654467432148,25,30,18,9
AATCCAGGCTCAGAGACAGAGCCAAATT,TCAAAACGGAGTGTT,-0.012116702617992215,1.3479812854473607,25,30,12,15
GCACCAGTAACAACAGCAAGGACAATGC,TTTATAAATCAATAG,-0.00860468542939802,1.5948340766109368,18,28,20,12
ACGCCACCGCCAAAGACACCATCACGTA,TTTATAAATCAATAG,-0.0003390948432347978,0.298096906848059,7,31,25,16
TACTCAGTACCAATGACAGTTCCACGGC,ACAAGTTTTACAGTT,0.0004597717533900425,0.0,24,22,10,21
TAGACATGCCCATGAGCAGTTGCAATGG,TATGCCCTTCTTCTG,-0.013847080931213788,1.6501292538680445,6,33,27,13
CACACAACCACAGCGACATAGGCATACT,TATATTGAACTTTAC,-0.006304923046499661,0.0,14,30,18,10
AGTGCATTCGCACAACCAGAGTCAACTC,TCAAAACGGAGTGTT,-0.009599784201054052,0.0,17,30,15,11
GCACCAAGGTCACCCACACTCCCAATGC,TTAGTCTTTCCATCA,0.008087824167684988,0.028197169905325836,10,38,15,11
TGCACAGAAGCACATACAGGCTCATGAT,TCATAGGTATCTCGC,-0.023160729544410688,0.43770315023394346,25,28,16,6
TGGTCATCCTCAGTGACATGTTCAGATG,ATGAAGTTCATAATG,-0.010399136251125186,0.0,23,30,19,1
GAATCAGGAGCATCTTCAGGCTCAAACC,TCTTGGAGGTGAATG,-0.009448612362207702,0.43705863758555097,20,20,22,13
TTCTCATCACCAACTCCAATCGCATCGC,CGATGATGATGATGA,-0.002968807761266859,0.0,19,29,12,15
CAATCAAGGTCAACAACATAAGCAATGT,ATCGTTGGCATTTGG,-0.03550373344098694,0.0,30,18,15,7
CGTTCACGGTCACGATCAAGCTCATTCG,TCGATAGAATTTACT,-0.00959978420105405,0.0,17,22,19,11
CACACATGCGCAAAGACACGACCATACG,TGATCATCACGGGAC,-0.02819757425946867,0.0,27,21,14,10
CTACCACCTTCAGCAGCAGGTTCACCAG,AGTTTATAAAAAATT,0.007381083912664854,0.0,13,29,15,14
AGGTCAACTTCAGCGCCACTATCAGAAC,AGTGTATGATAATAT,-0.004678584240851921,3.84006756650615,16,21,23,12
TCACCAGAACCAAATTCATACGCATAGG,CCAGGATGTACCGCC,-0.010182693204628012,0.0,26,39,5,2
GGTACACAGGCATTCACACACCCATAGG,TTTTGCATTTAGGCG,-0.005394963323276027,0.0,23,19,21,9
GCGACAGGTACAAGTCCACCCTCATACT,TATGCCCTTCTTCTG,0.009361864595024891,0.0,14,21,19,16
GGCTCACGATCATCTCCAAGCTCAATTG,GAGAATGAAGGACAG,-0.021371093837934906,0.6135868079919078,22,23,12,10
ACGACAGGAGCAACTCCAGTCTCACTCA,CTTGATCAATCAAAA,-0.0040313147122818666,0.0,17,16,23,13
AGAGCAAAGGCATTGCCATTGGCAAAAA,ATATTGAGTAAGTAC,0.012790444109681822,0.0,15,22,11,19
CAGACATGGCCAACAGCAGTCACATCAA,ATGGCGATGGTCTTG,0.02610345062364461,0.004473261828422892,14,21,24,8
ACGACAAGAACAACCGCAGCTCCATGAT,AAAACATTATCAAAG,-0.05943034171440739,0.021670536657211414,24,22,8,9
TCTACAACGCCATTAACAACCCCATGTA,CGAATGCCATACAAA,-0.025668218728684303,19.560399335300758,23,19,14,5
TCCTCAATAACATCAACAAGCGCAAAGT,GAACTCAGGTTCCAT,0.02105008670995818,5.416062429309875,7,24,16,19
AGGACAAGAACACGTCCACTCCCATTTA,CTACTTACAACGGAA,0.007506329820168609,0.1665416032613507,11,33,13,9
TCCACATACGCAACACCAAGGCCATCAT,TTAGTCTTTCCATCA,-0.025597761187353817,1.8760142153235506,21,27,8,9
GGCGCATTTCCAACCACACAACCAGTCG,AAAACATTATCAAAG,-0.029837299175636867,0.0,25,19,14,4
TCCGCATTACCAGAACCATATCCAGCTT,TATATTGAACTTTAC,-0.00860468542939802,0.0,15,25,14,10
GCACCATCTTCACAAACAGGTGCACTCG,ATGGCGATGGTCTTG,-0.006304923046499661,0.0,14,21,18,10
CCGTCACGGACAAGCGCATAAACAGGCT,TTAGTCTTTCCATCA,-0.004678584240851922,0.0,16,20,16,12
ATGACAGATACACATTCATCCGCAGAGC,CTATCAAGGCTTAAT,0.016987372783946908,0.0,14,24,20,6
GGGTCACCCACATCGACACTGCCAGGAA,TCAAAACGGAGTGTT,-0.0020104939850673783,0.0,16,16,19,13
AAGTCAATGACATGGGCATGCGCATCGG,GAGAATGAAGGACAG,0.02968293594750102,0.4254547747965347,10,29,9,16
TAATCATCGCCAACAACAGTTACAACCG,TTTAACTCACCGTAA,-0.021119629818397902,0.0,18,24,12,5
ACTCCATGCTCAAACCCAGGCGCAACGT,CAATTTCAACGTTGT,-0.11737709736322292,0.0,37,19,4,1
GTTACAATCCCATCCTCAAATTCAGAGC,TTTTGCATTTAGGCG,0.05653447621104037,2.709294068242741,13,38,9,1
CCTTCAATCTCACACGCAGCAACAGGCG,CAAGGATCCCCGTAG,-0.016484311364872373,0.0,19,16,13,10
AACGCACATTCACCCACACGTCCAAGGC,CATTTATGGCTATCT,-0.018750141590024527,3.340901115503698,9,28,14,10
TCGGCAGCGTCAATTTCAGTGGCATGCT,ACAAGTTTTACAGTT,0.00035335836115457653,0.0,18,30,4,8
TGACTAGGCACACCCACATTAGCAGCGT,CTTGATCAATCAAAA,0.01121172842785465,0.000796937106116502,11,24,14,8
AGCGCATTCACACCTGCATATGCAGCGC,TCAAAGCATGAAAAA,0.029503903212154882,0.09070234499762364,9,16,17,15
GGCCCACTACCAGGACCATCACCAACGG,GTTAAATCAACAGTT,-0.13022219150243322,17.5108944474011,31,14,2,0
TTGTCAGCGACACGGGCACTATCACCGG,TCATAGGTATCTCGC,-0.02621695821214596,0.1266315525941195,18,23,8,5
CCCTCAATCGCAATCGCAATCACATGAA,ACAGTTGACGGACAG,0.010479287662979654,0.39114697380824737,11,20,14,13
ACGCCATCCCCAATCTCAAAGTCAAGGC,CAAGGATCCCCGTAG,-0.05072920401544438,0.0,21,21,8,4
CGGTCACTTCCAGTCACAATGGCACAGC,AGAACATCATCTACA,-0.04202806631648155,8.490119376669838,22,24,8,3
CGATCAGCGTCAAGTGCAGAAACATAGA,TCAAAGCATGAAAAA,-0.012610881995564507,1.6621131994885872,17,19,8,13
TCCGCATTCGCATGCGCATCTACAGAGC,CAAGTTCGGCGAAAT,-0.06408234327789666,0.7268261663288769,24,21,7,5
GCGGCACGATCACGTCCAAAAGCAAATA,CTTGATGGCTGAAAG,-0.0036218166056662497,0.0,14,16,6,15
TAGTCACGCGCACATGCAGATGCAAGGG,TTTTGCATTTAGGCG,-0.016820483219318793,0.0,18,18,7,13
GTACCACGACCAGATTCATCTACAAAGG,TCATAGGTATCTCGC,-0.04189540201648128,0.0,25,18,11,0
ATATCAGGCACAACAACAAAAACACGCT,GAGAATGAAGGACAG,-0.008553908404352616,0.0,14,16,12,8
CTGACAACGACACCAACAAGAACAGTAT,GAACTCAGGTTCCAT,-0.028173559731393235,0.4674274559596654,19,14,11,7
CCGGCATATGCATGCCCACTGGCACAGA,TTTTGCATTTAGGCG,-0.011228342651901934,0.0,16,20,13,3
CAGACAAAATCAGCGACACGAGCATAAA,TCTTGGAGGTGAATG,0.036180472843381016,0.9283266527138494,9,14,15,15
GCAGCACGTGCACAGACATTATCAAAGG,TAACCTCGCGCTGAG,-0.023535832467080287,0.027530366067907153,16,21,8,1
AGACCAAGCCCATTGACAAGGCCAGCTC,GTAATCTGACTCTAG,-0.012003551978700155,0.0,15,17,12,5
GTGTCAGCGTCATCACCATGATCAAGAG,TTTATAAATCAATAG,-0.017669986244050362,4.242132194171802,14,21,10,5
GCGCCATGTTCAAATACAATAACAGGCA,TAACCTCGCGCTGAG,-0.12004392207143902,0.1386994275020612,24,12,5,5
TTACCATAACCACAAGCAAGGGCATCCA,CTACTTACAACGGAA,-0.02001631750706592,0.0,15,13,9,11
GCAGCACCAGCACGGACAATCGCAAGCA,ATAGTCGATTAAGAT,-0.10037289264683355,0.0,23,14,6,0
GAAGCAGGCCCATTATCATCGACACATA,ACAACCTACCTGCTA,0.01538923152734375,0.5303962921319112,9,21,15,3
ACCCCAATGTCACAGTCAAATCCAGACG,TCAAAACGGAGTGTT,0.011211728427854652,0.6721410933483867,11,20,14,4
TTGGCAGTCGCATATCCAGTGCCAATCC,ATGGCGATGGTCTTG,-0.009962452252687413,0.0,12,21,10,1
AGACCATGGTCAAACCCATTGCCACGTT,TCAACAACCTATGCA,,2.208807474506898,24,9,6,7
TGGCCAGGCACACGTCCAATCCCACCCA,CTACTTACAACGGAA,-0.039606640504422065,0.972475582670711,17,19,6,6
CGGCCAACGGCATCCACAGCAACAAGTC,CTTGATCAATCAAAA,-0.013412095827035043,0.0,18,10,14,6
TCTACAGAGTCAAGGGCAGAGTCAAGGG,TTTATAAATCAATAG,-0.006735526195808861,5.769137472688044,18,12,16,2
TGCACAGCTTCAGACGCAACATCATGAG,AGTGTTAATCAGACC,-0.04466674183380111,1.0398007539692173,16,17,5,5
GAGCCAGTGACATGAACACCCCCACCTC,TAACCTCGCGCTGAG,-0.06250750758108277,0.0,18,16,8,3
TTAGCAGTGGCATTAACAAACACACCGC,AAAACATTATCAAAG,0.018585514040550068,0.020196383204705626,12,24,4,6
GGGCCAACGCCATAGGCAAGCTCATAAC,ACAGTTGACGGACAG,-0.009199078646148082,0.0,13,12,11,9
GATACAGCGGCAATTGCACCCACATCAT,CAAGTTCGGCGAAAT,-0.0211196298183979,0.0,15,10,10,5
GAAGCAGTAGCAATTGCATAAGCAAAAA,TCAAAACGGAGTGTT,-0.05072920401544456,4.324094153255828,17,17,9,3
ACCTCACAAGCACGCGCAGAATCAACAA,GTTGGGCGCTTAAAG,0.02297738935962599,0.0,8,16,9,13
GCGGCATTCTCACGTCCATCACCAAGTC,AGTGTTAATCAGACC,0.006827945045429738,0.9174279382539225,9,17,7,10
GTATCACATGCAGAACCATTGGCACATG,CGATGATGATGATGA,0.0012666632899184897,0.0,6,19,6,10
AAGCCATGTTCATAGACAGGTGCATAAG,AGATTCATCCCATGG,-0.021960996770266306,0.0,15,20,2,1
GGTGCACTAGCAGGAGCAGAAGCAGGCC,AGATTCATCCCATGG,-0.12004392207143902,0.0,28,14,1,0
GGCACACGCACAAGAGCAGCAGCACGTC,CCAAGACCGTGTAAA,-0.09426101114122902,0.0,17,11,7,5
GGAGCAAATACATAGACAGATACAACGA,CTTGCAAGTGTAATT,0.049554441100094125,2.686573487698439,7,10,11,14
CTGACAGCAACATTGCCAGAGGCACACA,TATATTGAACTTTAC,-0.058140001230816724,1.4685713985786037,14,13,9,4
GCCACACCCACACAAGCAGAGTCAATCG,GAACTCAGGTTCCAT,-0.07949741126062264,0.0,16,12,3,7
TACGCAAATACAAAGTCATTCGCAGCAG,CTATGCATTTACTCA,,0.0,9,19,4,4
TTGGCAGGAACATCAACATAATCACCTC,TTTAACTCACCGTAA,0.003925166621362486,0.0,11,19,7,1
TTCGCAGGTACATGAACAAAAACAAAAT,GTTGAACTGGTTGTT,,0.0,5,16,7,7
ATGACACAAGCACATACAACGGCACGGA,GTTGAACTGGTTGTT,0.01538923152734375,0.0,8,14,10,7
CGGTCAGTATCATACGCACTCTCAACGG,AGAAGACGACGATGA,0.08005194801984902,0.0,6,11,15,4
GGATCACAGACATCAGCACTCACAAGGG,ACCACCGGTCCTGCC,,0.0,8,17,9,2
GACGCAATCGCAAGGCCACTCGCAGCAC,CTACTTACAACGGAA,0.022210056529997236,0.0,3,17,13,4
TGGTCATTCGCAGAACCATCGGCAACCA,GTTAAATCAACAGTT,-0.007197396889660012,0.0,11,17,1,0
ACTTCACCGGCATGAGCAGCTGCAGCAA,ACAAGTTTTACAGTT,-0.04427535190168728,0.0,15,16,2,1
GAGCCAACATCACTATCACTACCAAAGA,TCAAAGCATGAAAAA,,0.0,16,8,9,1
GGGACAATGGCAATCACAAGGGCACCAA,AGTGTTAATCAGACC,,0.0,4,14,5,5
GCTCCAATCTCAGGGACAGGGTCACTTT,GTTAAATCAACAGTT,,0.0,23,3,1,0
CCCTCATATACAATAGCAGTTCCAGTGA,CATTTATGGCTATCT,-0.05072920401544447,0.0,12,12,5,5
GAGGCAATTCCAGTGCCAACGGCACGAT,AGTGTATGATAATAT,,0.0,5,14,7,6
GAGCCAGGCACAAAACCAATGACAAATA,CTTGATCAATCAAAA,-0.060260221995877036,0.0,11,10,5,5
TCGGCAGCAACACATGCAAGTTCAATCA,AATGATACCATTTTT,,0.0,6,18,2,7
TCAACATTACCAAGGACACCCGCACTCT,GTTAAATCAACAGTT,,0.0,18,5,1,0
CGAACAATAACACACCCAGGTGCACTCA,TCATAGGTATCTCGC,,0.0,7,14,6,2
CATACATAAGCAACAACAAGGACAGGTA,GAGAATGAAGGACAG,-0.01971371118506049,0.0,11,15,3,1
GGTGCAGAAGCAAGGGCACAATCAACTT,AGAACATCATCTACA,0.03335935759853825,0.0,6,10,5,10
CTGGCAGCGACAAGTTCAAGCCCAGCCT,ATAGTCGATTAAGAT,,0.0,15,9,3,0
GGATCATCGGCATTGGCACTAGCAGAAT,TCAAATGATGAGGAT,,0.0,4,9,11,3
TTCCCAGCGTCAAAATCATGGCCAACTG,GTAATCTGACTCTAG,,0.0,6,11,4,6
AATGCACTGTCATTCACACCCACAGCGT,GAACTCAGGTTCCAT,,0.0,7,14,5,3
TCTGCAACGTCAGTCTCACCTACAAATA,ACAGTTGACGGACAG,,0.0,8,14,6,1
TGAGCATAAGCAAGATCATCGACAAGAAC,CTTGATCAATCAAAA,,0.0,8,13,4,3
CGAACATGTCCACATTCACCCGCAGTTT,CATTTATGGCTATCT,,0.0,2,7,12,7
GTACCAGGTTCACGCCCAAGAGCAGGAC,CTTGATCAATCAAAA,,0.0,4,2,14,8
ACAACAGGACCAACGACAAGTCCACGGG,AGTGTTAATCAGACC,-0.06743461248176112,0.0,13,11,0,1
ACCACAAACTCAACAGCACATTCATGAC,CTACTTACAACGGAA,,0.0,7,7,4,5
TCCACAACTCCACGGACAGGAACACATC,TCATAGGTATCTCGC,-0.05072920401544456,0.0,13,13,0,0
GTATCAGGACCATTGGCATATACAGTTC,TTTAACTCACCGTAA,,0.0,7,12,4,4
AAACCAAATACAGGAACATGATCATCCC,TAACCTCGCGCTGAG,,0.0,6,11,7,3
TCTACAGACACAGATGCAATACCAGTAA,CGAACAGAAACACAA,,0.0,11,8,1,3
TAGGCAACTCCAGCCTCAGAGACAATAG,ATAGTCGATTAAGAT,,0.0,10,4,8,0
ACACCAGCGGCAGTGGCACTTGCAATGG,GAACTCAGGTTCCAT,,0.0,6,10,4,1
AAATCAAGATCACTCGCAATTGCAGGCA,AGTGTTAATCAGACC,,0.0,9,9,0,0
GGTCCAGTACCAAGGGCAATGCCAACTA,CTTGATCAATCAAAA,,0.0,4,7,5,6
GGAACAGCGACAACGCCAGTCTCAAGGC,TATATTGAACTTTAC,,0.0,4,11,7,1
TATACACCTGCAGATTCAGGCTCATGCC,GAACTCAGGTTCCAT,,0.0,5,10,4,0
AGAGCATGTTCAGTGGCATAATCAAATG,TCAAAACGGAGTGTT,,0.0,7,9,5,0
GTATCATCATCAATGTCACGATCAGTAG,AAAACATTATCAAAG,,0.0,10,7,4,0
TCGACACGAACACCGGCACGCTCACCGC,AGTGTATGATAATAT,,0.0,5,3,4,6
CTGTCAGTAACACAAACACATCCAAGGG,AAAACATTATCAAAG,,0.0,12,6,1,0
CTAGCAGGGTCAATACCAGCCACATAAT,TTTAACTCACCGTAA,,0.0,8,9,2,0
TGACCACTATCACGTTCATGAACAGTCG,TTTTGCATTTAGGCG,,0.0,12,1,2,1
CCTACAGGAGCAGGTCCAACCACAATAT,TTTAACTCACCGTAA,,0.0,7,6,5,2
CCGGCACGCGCACGAACAAAAACAAATC,GTTGGGCGCTTAAAG,,0.0,5,5,4,4
ACGACATGCGCAAGGGCACTTCCAAAAA,AAAACATTATCAAAG,,0.0,7,5,1,4
AGTGCAGGCACAACTACAACATCACAAG,CTAAGCAGTCTTCTC,,0.0,8,9,1,0
GGAGCAGCCACACGTCCACATACATATC,CTTGATGGCTGAAAG,,0.0,10,6,2,0
TAAGCACGCGCAAGTTCAATTCCATAGG,TCAAAGCATGAAAAA,,0.0,7,8,3,1
AGCCCAGCGGCAGCATCAACATCAATGC,AGTGTATGATAATAT,,0.0,9,2,0,5
ACGTCATAGCCATCAGCAGCTCCAAAC,GAGAATGAAGGACAG,,0.0,5,4,4,4
GTTCCAACACCAGGACCATTACCAGGAG,CTTGATCAATCAAAA,,0.0,3,3,8,4
GGGTCATCAACACACTCATGTGCAAGTG,TCGATAGAATTTACT,,0.0,3,9,2,2
ACAACATCTACATGAGCACCGCCAGTGA,GAGAATGAAGGACAG,,0.0,10,4,2,1
AAGGCACTCCCAGCACCAGCCACAAGGG,ATAGTCGATTAAGAT,,0.0,4,7,1,5
CTGTCAGTCGCAAACGCATAAGCAACCG,GCTGCTTATGAGGAT,,0.0,5,6,1,2
CTGTCATAGGCACAGGCAGAATCAAGTC,CTTGATCAATCAAAA,,0.0,5,6,5,0
TGGTCAAGGCCAGAATCAAGCTCATGGA,TCATAGGTATCTCGC,,0.0,7,4,5,0
AATCCAGTCGCAACTCCACCGACATGCA,CGTCAAGACCTTCTA,,0.0,4,1,3,3
AGGACAATGGCAGTTGCAAAAGCAGTAC,GTTAAATCAACAGTT,,0.0,11,0,0,0
TCTGCATTGGCAACCCCAGTATCACACA,CTTGATCAATCAAAA,,0.0,6,7,0,0
GTTGCAGTCCCACGGGCATGACCACTCA,TCATAGGTATCTCGC,,0.0,7,8,0,0
GGCACATGCGCAAGTACACCGCCATTGC,CTACTTACAACGGAA,,0.0,3,10,1,1
CCTCCACGAACAGGGTCATGCGCAATTT,CTTGATGGCTGAAAG,,0.0,3,6,4,2
TTACCAACTCCACTGGCAATCGCAGTGA,CTACTTACAACGGAA,,0.0,6,1,2,2
AGTTCATGACCATTCGCAGTGGCACAAA,GTTAAATCAACAGTT,,0.0,9,3,0,0
CTTACAACCCCACTCGCAACTGCACCGA,GCAAGAAAGAAACCC,,0.0,11,0,0,0
AAGTCAAGGCCACACACAGCAGCAATTC,ATCGTTGGCATTTGG,,0.0,8,4,0,0
TAGGCAACGTCACAGGCAAAAACAAACT,GTTTGTTTTGGGAAA,,0.0,5,1,0,0
AAGTCAGCCTCAAATGCAGAGACAGAGA,AAAACATTATCAAAG,,0.0,4,6,0,2
CTGCCAGACGCACGCACATTTACAGAGG,TCAAAGCATGAAAAA,,0.0,7,6,0,0
TCTACAGGGACATGACCACGTTCACCTT,CTACTTACAACGGAA,,0.0,4,7,1,1
TCGGCAATTTCAACCTCAGAACCAGAAA,CCAACACAGGCTTCG,,0.0,3,4,1,0
CCCGCACAGACAAATTCACAACCATGAG,CTTGATCAATCAAAA,,0.0,5,6,0,0
TGCGCACAACCAACAACATGGTCAGGTG,AGTGTATGATAATAT,,0.0,6,5,0,0
TTCACACGTGCATGTTCAGCGCCAAGAT,CTTGATGGCTGAAAG,,0.0,6,0,3,0
AAGTCAGCCTCAAATGCAGAGACAATAA,AAAACATTATCAAAG,,0.0,6,4,0,0
GCTACACAGGCAGTACCAGATCCATCGA,TCTTGGAGGTGAATG,,0.0,2,1,4,3
GGAGCAGGGACACTAACATTTCCAAACT,TCAAATGATGAGGAT,,0.0,4,5,1,0
TCGGCAGATCCAAATACACGCACATTGA,TCAAAACGGAGTGTT,,0.0,3,2,3,0
TCAACATAGCCAACCACACGCACATAGA,AGATTCATCCCATGG,,0.0,2,4,0,1
CCTCCAAAGTCAGGTACACTCACATAGT,GTTGGGCGCTTAAAG,,0.0,6,1,1,0
GAAACATTCGCACGCTCAGTCTCATACC,CTTGATGGCTGAAAG,,0.0,5,4,0,0
GATTCAATTGCATTGCCAAGACCAAGAA,CTTGATCAATCAAAA,,0.0,2,4,3,0
CACTCATCGCCTCCCATAACCACCAT,CGAACAGAAACACAA,,0.0,0,7,0,0
AGTACAAGTTCAGAATCATTCCCAGTAG,AGTGTATGATAATAT,,0.0,2,4,0,1
GCACCATGGTCATGCACACGAACAGGAC,GGTTGCCCAGAAGTA,,0.0,3,4,0,0
GCATCACAGGCATGTTCAGCCGCATTAG,CATTTATGGCTATCT,,0.0,5,1,0,2
CTGGCATAAGCAGTAGCACCGCCAGATG,CTTGCAAGTGTAATT,,0.0,1,1,3,3
AGCCCATTAACACCGGCATCTACAGAAC,GTTAAATCAACAGTT,,0.0,1,5,2,0
AAAACACGGACACAGACAGGGACATGAA,TTTATAAATCAATAG,,0.0,0,6,1,1
AGGTCATGGGCAAACGCAAAAACAAAGG,AGATTCATCCCATGG,,0.0,0,4,1,3
ATAGCAGCGGCATGCTCATCAACAAAGG,GCTGCGGAGCCTCAG,,0.0,0,0,0,8
AGAGCATACACACGGTCAAGTACAGCTT,ACAAGTTTTACAGTT,,0.0,0,4,1,0
ATGGCACGCCCAGGATCAGTGGCAGCTT,TCTTGGAGGTGAATG,,0.0,1,1,5,0
ACGTCATCGGCATCACCAACATCAGCGC,CTTGATGGCTGAAAG,,0.0,4,2,1,0
GTGGCAGATACAATACCAGTGCCATCTG,CGAACAGAAACACAA,,0.0,4,2,1,0
CACCCATGAACAGATTCATGTACAAAAC,CTTGATGGCTGAAAG,,0.0,2,5,0,0
TAGTCAGTCACAATCGCAAAAGCACTAC,TCAAAGCATGAAAAA,,0.0,2,1,4,0
GCGGCACCTTCAGTGTCATAACCAGAAT,CTCGCTAATACTCCT,,0.0,1,3,1,2
GTACCACGACCATGTGCATTTGCACGAG,TAATATTGTTTTGCG,,0.0,3,0,0,0
CGACCATCCGCACAGTCACGTTCACCTA,CGTCAAGACCTTCTA,,0.0,1,3,1,0
GGCACAATCGCAACCTCAGAGTCATAGG,TCAAAGCATGAAAAA,,0.0,1,4,1,0
TGAACAGGGACATTTGCAGCTGCAGGTG,CTAAGCAGTCTTCTC,,0.0,1,5,0,0
CTCTCAGGGTCAGCTACAGGACCACTAG,CTTGATCAATCAAAA,,0.0,0,4,2,0
GACGCAGATTCATTCGCATATGCAAGGG,CTTGATCAATCAAAA,,0.0,0,1,2,0
AGCTCACGGGCAAGAGCATTCACACAAA,TAATATTGTTTTGCG,,0.0,2,2,0,0
TCAGCACTTGCACAAACATCGCCACAAC,CTAAGCAGTCTTCTC,,0.0,2,1,1,0
AGCGCAACCGCACACACACGAACATCTG,GCAAGAAAGAAACCC,,0.0,3,1,0,0
GCCTCACCGACATTGGCAGTATCACTA,AGTGTTAATCAGACC,,0.0,2,2,0,1
GGTACACTTGCAAAGGCACTAGCAAAGG,CTCGCTAATACTCCT,,0.0,1,0,3,1
GAGACAAGCACAGCATCACATACAGTCT,AGTGTTAATCAGACC,,0.0,2,2,1,0
AAAACAGAGACAGTTACACGTGCAACGG,CTTGATGGCTGAAAG,,0.0,0,2,0,3
TCCGCACACGCATGGACACGGGCATAAG,CCGTTAGTATCGCTA,,0.0,2,0,0,0
CTTGCAACTGCAAGGACAGACTCACTCC,GAGAATGAAGGACAG,,0.0,2,1,0,0
ACGACACTCACAGTATCAGCGACAAAAG,CTCTTGAGAATACTT,,0.0,0,0,1,0
AGGTCAAATTCATGACCACTGGCATGGAG,CGAACAGAAACACAA,,0.0,3,0,0,0
GAGTCAACGGCAAGACCATACGCAAAAT,CATATGCATTCCTTG,,0.0,3,1,0,0
CAGTCAGGGGCATTCTCAAGAGCAAAGA,ATTATCAAGTGCCAG,,0.0,0,0,2,2
CAAACAGCAGCAAATCCACTTCCACTCA,CATTTATGGCTATCT,,0.0,0,1,0,0
ACAACAGTCACAACCGCAATAACAAGAC,ACAGTTGACGGACAG,,0.0,0,0,2,0
TGCTCATAGTCAGGGGCAATGACAAGCT,TCATAGGTATCTCGC,,0.0,1,1,0,0
TTGGCAGTTGCACGGGCACAATCATACC,TGATCATCACGGGAC,,0.0,0,0,1,0
AAGCCAGGGTCAATAGCACGTACAAGAG,TCAAAACGGAGTGTT,,0.0,2,0,0,0
AGTACACAGCCAATACCAGATACAATAC,GAACTCAGGTTCCAT,,0.0,2,1,0,0
TCCGCACTATCAGAGTCAATGACAATAT,GTGTGATTACTAAAT,,0.0,1,0,2,0
CGGTCAGCGTCACTGTCATACACACGCA,TCAAAGCATGAAAAA,,0.0,2,1,0,0
GCACCACTGACAAAGACACAACCAATCC,CATTTATGGCTATCT,,0.0,2,1,0,0
CAATCATCACCAATCACACGTTCAAGCG,CTTTCTTGTGTATTT,,0.0,0,3,0,0
ACCACAAGGGCACGATCAGGGACAGTTT,GCTGCGGAGCCTCAG,,0.0,0,1,2,0
CTTACATCATCAGTGTCAACTGCACGAT,CCAGGATGTACCGCC,,0.0,0,0,3,0
TTCACAGAATCATCATCAAAGGCATCCG,GTTTGTTTTGGGAAA,,0.0,1,0,0,0
TTCCCGTTCACCAACAAGCGCAAATC,GCAAGAAAGAAACCC,,0.0,1,0,0,0
ACCTCACGACCAGGTACAGGCTCATGCT,GCAAGAAAGAAACCC,,0.0,1,0,0,0
ACAACATTACCACTTGCAACCGCAAACT,GCAAGAAAGAAACCC,,0.0,1,0,0,0
TTACCAAGGTCAATACCAGCTGCAACCG,GCTGCGGAGCCTCAG,,0.0,0,1,0,0
GGATCAACGACATGAGCATGCCCACCCT,CTTGATGGCTGAAAG,,0.0,2,0,0,0
CTGCCACCAGCATCTACACAGCCAAACT,AGTGTTAATCAGACC,,0.0,2,0,0,0
TCCACACCGCCAACGGCACATGCAAAAT,CTAGTTGTATAGCCA,,0.0,2,0,0,0
AAATCAGCCTCAGAGTCATGATCAATAC,GCTGCGGAGCCTCAG,,0.0,2,0,0,0
ACGGCATGCCCAATCCAAAACCAAAAT,GCTGCGGAGCCTCAG,,0.0,2,0,0,0
ACGGCATTAGCAGTGACACGCACATACT,GTTGAACTGGTTGTT,,0.0,1,0,1,0
AGTACAAAGGCAGTGGCACAATCAGTAA,ATTATCAAGTGCCAG,,0.0,2,0,0,0
GTCACAAGAACAGATCCACCATCAAATA,GCTGCGGAGCCTCAG,,0.0,2,0,0,0
TGCGCAGTGTCACTGACAGTAACAGGCT,CTAGTTGTATAGCCA,,0.0,2,0,0,0
CAAACAGAAACAAGCGCATTAGCAACTG,GTTAAATCAACAGTT,,0.0,1,1,0,0
GGGGCACGTGCAATAACAACGACATAAA,TCAAAACGGAGTGTT,,0.0,0,1,1,0
CGTTCACGCGCATATCCAGGGCCAACTT,ACAGTTGACGGACAG,,0.0,0,0,2,0
GCTCCAGGTACACCAACAGGGACATTAA,CGAATGCCATACAAA,,0.0,0,0,2,0
CTCGCAACATCATATCCATCCGCAGGAT,TTATATTTATTTGCT,,0.0,0,0,2,0
GCGCCATAAACAAAGACAGTGGCACCCG,GTTTAGCTTCCGTTG,,0.0,0,0,2,0
CCTCCATTATCAGATCCATCCTCAAGAG,GAGAATGAAGGACAG,,0.0,1,0,0,0
TTGTCACCGACACGTGCAGAGGCAGTCC,TATATTGAACTTTAC,,0.0,1,0,0,0
ACTGCAACCGCACCTACAATAGCAGTTC,CATCAATGAGGCAGT,,0.0,1,0,0,0
AGATCAGGAGCAGCGTCAAAGACAGGCT,CATCAATGAGGCAGT,,0.0,1,0,0,0
CAGGCAGCGCCACTATCAGTACCAGTTC,GCTGCGGAGCCTCAG,,0.0,1,0,0,0
CTGCCACGATCAGGCGCACCAGCATTAC,GCAAGAAAGAAACCC,,0.0,1,0,0,0
GGAACATGTCCAGGCCCAGCTGCACGGA,GTAATCTGACTCTAG,,0.0,1,0,0,0
CTAGCACAATCAGAAACAAGCTCACAAC,GCTGCGGAGCCTCAG,,0.0,1,0,0,0
CGCACAGAGACATCGCCAACAGCAGGGC,CTAGTTGTATAGCCA,,0.0,1,0,0,0
TGATCAAGCTCAAGCGCATAACCATGCT,CAAGTTCGGCGAAAT,,0.0,1,0,0,0
AACGCAACGTCATGCGCAGGTTCAACGA,AGTGTTAATCAGACC,,0.0,1,0,0,0
AGTTCAGCAACAGTATCACGAACAACAT,CTCTTGAGAATACTT,,0.0,1,0,0,0
TTCACAGAGGCACCTGCACGTGCATTTC,CTTGATGGCTGAAAG,,0.0,0,1,0,0
TGCACAAGCACATGGTCACGCCCAGGGT,GCTGCGGAGCCTCAG,,0.0,0,1,0,0
AGTGCAAGTCCAAGTCCAGCAGCAGAAA,CTAAGCAGTCTTCTC,,0.0,0,1,0,0
TTCTCACGCTCAAGAGCACCTGCAACGT,TTTATAAATCAATAG,,0.0,0,1,0,0
TCCCCATCAACAAACCCAGTGCCAAGTT,CTTGCAAGTGTAATT,,0.0,0,0,1,0
GAGACACAATCACGGCCACGACCAGGAT,ATGGCGATGGTCTTG,,0.0,0,0,1,0
TAATCAATGGCAAAGGCAATATCACTAG,GCTAATTTCAAGAAT,,0.0,0,0,1,0
TCAGCATCAACAATCCCAGGGCCAGGCC,ATAGAGCGGCGTTGA,,0.0,0,0,1,0
TGAACAGGCGCAATTACAGGGCCAACTG,TCAAAGCATGAAAAA,,0.0,0,0,1,0
GGACCATGGGCAGATACAAGCACATCTT,TTATATTTATTTGCT,,0.0,0,0,1,0
CAATCATCCACACGCACAAGCCCAATAC,ATAGAGCGGCGTTGA,,0.0,0,0,1,0
CAGCCAGAAGCAGCTGCACTAGCACGAT,CATTTATGGCTATCT,,0.0,0,0,1,0
TTGTCACCACCAGTACCAAAACATAGG,CATATGCATTCCTTG,,0.0,0,0,1,0
AAGGCAACCGCAAAAACAAAGTCAACGA,ATTATCATCGCCATC,,0.0,0,0,1,0
GGACCATTAGCAGGGCCACCTTCAGATA,TTATATTTATTTGCT,,0.0,0,0,1,0
TCAACATGAGCATTCGCAACTACAGGTA,TATGCCCTTCTTCTG,,0.0,0,0,1,0
GTGACAGCATCACTTGCAATCTCAAGAT,CCAACACAGGCTTCG,,0.0,0,0,1,0
ATATCAAAATCAGCACCATACACAATTA,CTTGATCAATCAAAA,,0.0,0,0,1,0
GGTTCAATGGCAGTCGCAGGTACAATAC,TCAAAGCATGAAAAA,,0.0,0,0,1,0
CCACCAGGAGCATCTCCAGCGCCAAATC,TCAAAACGGAGTGTT,,0.0,0,0,1,0
GTACCATTAGCACGATCACGCGCATGCG,GTAATCTGACTCTAG,,0.0,0,0,1,0
GCCTCACGATCAGTGCCAGTGACATAAA,TCAAAACGGAGTGTT,,0.0,0,0,1,0
GCCCCACAGCCATATCCATTCGCAGTTC,GCTAATTTCAAGAAT,,0.0,0,0,1,0
CTTGCACAAACATGTTCACGAGCAGATA,CTTGATGGCTGAAAG,,0.0,0,0,1,0
AAGTCAAATCCACAGGCACACCCATGCT,TTAGTCTTTCCATCA,,0.0,0,0,1,0
GATGCAAAAACAGGACCACAAGCACACT,ACAGTTGACGGACAG,,0.0,0,0,0,1
TTCGCATCGTCAGTCGCAGGAGCAGGGA,GTGTGATTACTAAAT,,0.0,0,0,0,1
GAGCCATTCCCAAAGTCAAGCACAACTA,ATCGTTGGCATTTGG,,0.0,0,0,0,1
GGCTCAATTCCATAAGCACCCTCATTGG,GTCACCGGCACTAAC,,0.0,0,0,0,1
GTTCCAGTTGCAAAAACACCACCAAGTT,TCGAAAGCACAGTAG,,0.0,0,0,0,1
