BC,Edge,s,LL.ratio,TP1-2-T1,TP1-2-T2,TP1-2-T3,TP1-2-T4
TAGCCAAACCATTTGCATGCCAAAAC,GTCACCGGCACTAAC,0.025462510954882115,0.0,589,671,401,376
CAACCAGTAACAACTTCAACAGCAACGG,CGATGATGATGATGA,-0.00743626586750632,0.0,559,535,204,133
TCTACAGTAGCATAACCACAAGCATCCG,CTCGCTAATACTCCT,0.020023024438685953,0.0,426,521,243,231
ATAACACCCGCAATGACATCAGCAGGCC,AAAAGAAAAATGTAT,0.012318796402258768,0.0,481,404,265,207
GCTACACTTCCACAAGCATCTACATCGC,AGTGTATGATAATAT,0.0006899635050548209,0.0,471,489,211,143
GAAGCAGTGTCATTATCACCAGCAACGT,TCTTGGAGGTGAATG,-0.0014060175281679285,0.0,470,413,206,134
TCACCAACAACAGGTTCATATCCAAAAA,CTACTTACAACGGAA,-0.014749052177138289,15.044944584616132,492,396,127,94
CAGCCAACTGCAGCCGCAGCTACATACG,ACCACCGGTCCTGCC,-0.0008827290127047851,1.1805050187228971,366,372,182,106
TTAGCAGGCACATTAGCACGCGCACCCC,TCTTGGAGGTGAATG,-0.005212986389045417,0.0,346,303,78,88
CTCTCAGAAGCAGCACCAGTGCCAAATT,CTCGCTAATACTCCT,-0.011950144356858238,25.696520186654197,308,292,101,64
TACGCATGCTCACTTGCAGAGACAGCAA,ACAGTTGACGGACAG,-0.0029643035627132733,2.9701709701150776,283,289,112,77
AGTGCAGGGCCAGCAGCATTGGCAGTTC,TTTATAAATCAATAG,0.022909598190700375,16.8276247718361,230,220,126,136
CCGGCAAGCACACACCCAAGTGCAATCT,TTTTGCATTTAGGCG,-0.0069743110313991,0.0,257,205,82,62
CCGCCATGAGCACAGTCAATCCCAATG,CTACTTACAACGGAA,0.025584913031776887,5.497065749722424,167,221,106,107
GGCCCAGCATCATCTACACGGACACAAC,AAAACATTATCAAAG,-0.0014105202072688186,0.0,221,207,124,63
TCTGCACAAACACTCCCACCCTCAGGCC,GGTTGCCCAGAAGTA,0.0014382781422587418,0.0,219,195,105,68
GCACCACGCGCATAAACAGCAGCATATC,TTTTGCATTTAGGCG,0.0090086936998443,0.0,213,180,125,83
TACTCAAGCGCAGTAACAGGGGCAAGGC,ACAGTTGACGGACAG,-0.0185172200969902,14.746844130681438,252,234,66,43
ATACCATTTCCAGGGACACTCGCACCTA,AAAAGAAAAATGTAT,0.00800469337118036,0.0,201,172,118,76
GACACATTAGCACCCCCATCTACATAAA,TTTTGCATTTAGGCG,0.002203028701789509,0.0,192,205,96,61
ATGGCACTTACAGGACCAGTCGCAGAGG,CTAAGTGTGAAGGAG,-0.008897131066798458,0.0,202,202,77,46
AGGACAGTTACACTGTCAAATACAGTGA,CGAATGCCATACAAA,0.044912308468480426,0.0,111,140,132,127
CCAGCAGTACCAAGTTCAACATCAGCGT,TTTATAAATCAATAG,-0.0015176688450612673,0.0,183,223,59,52
ACAGCAATCTCACTGGCAAGGGCACTAA,TCATAGGTATCTCGC,0.006703715240989183,0.0,187,158,81,68
TGGCCAAGTACATACACATAAACATTGG,AGTGTATGATAATAT,-0.008085828789956237,1.0898187342659185,180,172,94,42
CATCCATATACAAGCACACGAACACCCT,GTACAAGAAATTTTG,-0.009031871874563712,10.496000443456523,194,164,95,44
AATCCATGATCAATCCCATAGGCACTGA,TTTATAAATCAATAG,-0.0003687687571320107,0.0,153,168,105,45
TGCCCAAGGTCAGCTACACCTACACATG,TCTTGGAGGTGAATG,-0.004425333256382687,0.0,192,177,38,50
GGCGCAAGATCAAACTCAATGCCAAACC,GGTTGCCCAGAAGTA,0.013599137431324917,0.0,161,168,87,72
CTTGCACGGTCAACCACACCAACATGAA,ACAGTTGACGGACAG,0.009280104384377395,0.0,168,140,95,66
GTAGCACACACAAGGTCAACGGCACGAC,CTTGCAAGTGTAATT,0.0182321387512108,8.848017077991358,144,172,76,74
AGCCCACATACATTGGCATGGACACAAG,ACAACCTACCTGCTA,0.009679310752601257,6.318569029128071,166,149,102,66
GTTCCAGGCCCAGTCGCAAATGCAAAAG,CTACTTACAACGGAA,-0.0026090604135803257,0.8339729996743017,160,172,73,44
GGTACATTCGCAGAGCCACAGACAGGTG,CTACTTACAACGGAA,0.025975780291919503,7.037884511600055,145,109,92,94
CGTTCACTAACAGGGTCAAGTGCAATCG,ACAGTTGACGGACAG,0.025467284208305716,9.662507783214323,130,140,112,83
AAAACAGGAACAGTATCATCGCCAGAGC,TCAAAACGGAGTGTT,-0.007525591512743516,0.0,177,184,45,42
CGGACAAAGGCACATACAGAGACAACAC,TTTTGCATTTAGGCG,-0.0066299933398674986,0.0,160,157,57,39
GGCTCACTATCAAGGCCATCTGCATCAC,TCAGAGCATTGGCCT,0.021653943886546904,0.0,144,133,84,82
TACACAGGAGCAAGGCCAAAGTCAGGAA,ACAACCTACCTGCTA,-0.004119052387902458,0.0,156,189,59,41
GACGCAGTTACATCCTCAAGGACATGTG,GCCCTCGAAACCTAT,0.010180573331419277,0.0,166,133,88,67
GGAACACAGACAGGGACAGGGTCATAAG,TTTATAAATCAATAG,-0.007655715295425954,0.0,165,162,90,39
TAATCAGCTACAAACTCAGACTCATGAA,TTTATAAATCAATAG,-0.031212095484349393,20.3898552454566,223,156,30,26
TGAGCAATGTCACGAGCAAATTCAAGTT,ACAACCTACCTGCTA,-0.026325604387851725,3.5185238872902573,200,159,47,27
ACCGCAAGACCAATGTCATGAACAGTAG,TTTATAAATCAATAG,0.021096462455173774,9.660570204252053,125,123,73,70
GGGTCAGGTTCAGAAGCACATACAAATG,TCAAAACGGAGTGTT,-0.010525216033075916,0.9317067139827486,166,134,57,36
GTCGCAATTTCAATGTCACCCGCACTGT,GGTTGCCCAGAAGTA,0.026104990307364326,8.731960016995572,126,129,88,82
GTCCCGGACCAAAATCAACCACACCCG,TTTTGCATTTAGGCG,0.006758857244190075,0.0,151,114,72,55
TCCCCATGAACAGCCGCATAAACATGAG,ACAGTTGACGGACAG,-0.0005465469563107547,0.0,188,106,53,55
AGACACGGACAGTAGCAAAAACATGGTT,CTACTTACAACGGAA,-0.01368081292947023,6.143193099781115,147,129,40,29
CATACAAGGTCATCGACACTGCCAGTTG,GTTGGGCGCTTAAAG,0.012090757228508024,0.0,124,127,75,53
GAGCCATTTGCACATCCAAGAGCAAACC,ACAGTTGACGGACAG,0.005221989821961397,0.0,138,115,76,48
TCGACATTAGCAGAGACACAATCAACCT,CTTGATCAATCAAAA,-0.016492891890072,0.0,182,133,25,33
GGCACAGTGCCAAGCACACCGGCACAGA,AGTGTATGATAATAT,0.015262387311429008,0.0,117,117,99,55
TACGCAAACCCAGATCCATAGCCAGTTC,TATATTGAACTTTAC,0.004569653282158164,0.0,129,136,50,44
AGAGCAAATACATATCCACCATCAACAC,CTCGCTAATACTCCT,0.026638335018912385,0.0,124,99,75,82
AGTACATCGCCAGGTACAAACTCACAAG,TTTATAAATCAATAG,0.02884370205849172,28.28320025095445,92,97,113,65
TGGTCAACTCCAAATGCATTTACAATAT,GTACAAGAAATTTTG,0.024069648415322813,0.0,98,147,56,60
GTGGCAGGCGCACGAACAAGCTCACAAG,TTTATAAATCAATAG,-0.0011986871445229148,0.0,122,141,43,35
GTGACAGTCGCAGTAGCATGATCAGCAA,TTTTGCATTTAGGCG,0.014141833618129505,5.653426506480855,110,102,85,50
ACCGCAGGTCCATCTGCACGGCCACTAT,TCAAAACGGAGTGTT,0.024887421299451873,8.104780159404754,102,137,54,64
CACTCAGCGGCAAACCCAACACCAACAT,AAAAGAAAAATGTAT,0.0004823413097067974,0.0,116,143,46,35
GCGCCATGTGCACCGGCAAATACACAAC,TTATATTTATTTGCT,0.018430053620526753,0.0,118,98,71,61
AACTCACGGTCAGGTTCATTAACAGGAG,CTACTTACAACGGAA,0.002353832276676885,0.0,141,110,47,45
GGGACACGGGCACTCGCACGGACATACA,GCTGCTTATGAGGAT,0.03242538997591883,9.577473531490568,75,110,91,59
GTTCCAGCATCATAGACACCCTCATGGG,CTTGCAAGTGTAATT,-0.006558301716442325,0.0,131,116,51,32
ACATCAGTGGCAATGCCAGTGCCAGTCC,GTTGGGCGCTTAAAG,0.032985627253131526,2.587233654633337,75,127,65,60
ACGTCAGAACAGGGTCATTGCCATCTA,TATATTGAACTTTAC,-0.0004299870173753983,0.0,109,116,61,32
TTTCCATTAGCAAAGGCAGCGGCACACT,TATATTGAACTTTAC,-0.0034863040241594587,0.0,112,103,41,30
TCGTCATCAGCATCTACAGGCACAGAGC,TATATTGAACTTTAC,-0.023534893036040245,2.5688242672691786,109,132,47,16
CCGACAAGAACAAGGTCATATCCAAAGC,TTTATAAATCAATAG,-0.02118000122903438,8.143731118126198,146,126,23,23
CAGGCAGAGACATTTGCACCCACAAAGG,CGATGATGATGATGA,-0.006093288243888631,0.0,109,126,50,27
TGCACATCCGCAAAAACAGGCACAATCT,CTACTTACAACGGAA,-0.009592478657912995,3.82789205852589,139,100,44,31
TACACACGCTCAGCGGCATGTTCAACCA,CTACTTACAACGGAA,0.030123584232918433,6.9372289890059164,79,106,65,58
ATTGCACTATCAGTAGCAATCACAAAGA,TCAACAACCTATGCA,-0.009592478657912995,0.0,139,101,35,31
GGTACAATACCACTGCCATGCTCACTGA,TCATAGGTATCTCGC,0.014286447004749426,5.59964313279761,92,89,73,42
ATCGCACATTCAGGCGCAAAAACATCAG,CTCGCTAATACTCCT,0.025162642509422517,0.0,98,95,51,62
TTGTCACGGGCATAGGCACGCTCATCAT,CTAAGTGTGAAGGAG,-0.023636674285603242,1.6053046971455842,123,99,36,18
AACCCATTACCACCTCCACCTGCAGGAG,TCAAAACGGAGTGTT,-0.003355840713454908,0.0,119,105,41,32
GCCTCACCGGCAGATGCATGCACATAGT,TCATAGGTATCTCGC,-0.029618274005544,6.629967839248593,139,93,37,17
CCACCATTGCCATCTGCATTTTCAGGGG,GTACAAGAAATTTTG,0.004669185554776867,4.151510619560327,114,94,47,39
CGCGCAATGACATCTTCAGTACCAACCA,ACAGTTGACGGACAG,0.013652143104462703,0.0,96,87,75,43
ATGACACGGGCACTGGCATGCACAAAGG,CTAAGTGTGAAGGAG,0.021375404110857647,9.6889408126965,85,96,64,48
TGGGCAGTCCCATATGCATTAACAGGCA,ACAGTTGACGGACAG,-0.008132092965784505,1.9505401237396427,103,101,42,24
AACACAGTGACACGCTCAACGGCAAGAT,CCAAGACCGTGTAAA,-0.011764097362251745,0.0,134,91,35,28
ACCTCACCTCCATGCTCATCACCATCCA,CTACTTACAACGGAA,0.007938424297000807,0.0,106,82,54,40
AGTTCAGAAACAAAGTCAGCAGCACGCA,ACCACCGGTCCTGCC,0.011590497714051679,0.0,76,125,51,32
GATACACGGTCACGTGCAAGGGCAATTC,GTTGGGCGCTTAAAG,0.01876834334293163,0.0,90,80,68,47
GTGCCAAAGCCATTCACAGCTCCACCGC,TTTTGCATTTAGGCG,-0.01596545472543059,2.1801557827511715,114,107,41,21
CATGCACGCACACAAACATAGTCAGAAA,AAAAGAAAAATGTAT,0.013806822423012802,0.0,80,115,52,36
CAACCACAACCAGCTCCAGCCGCAGAAA,TTTTGCATTTAGGCG,-0.014121099881528978,2.7849936344533717,113,84,35,22
AGACCAGATACAAGGCCAACCTCAGGTC,TATATTGAACTTTAC,0.008347884126405908,0.0,89,98,41,34
TTAGCAAAGCCAGGCTCAGGTACACATC,CTACTTACAACGGAA,0.010300013974695333,0.0,79,104,47,32
AATACAGGGTCACTTACACCAGCAATAG,TTTATAAATCAATAG,0.010532207770232352,2.595613062034772,76,92,47,31
GGTACAAAGACATCGGCACCGGCAAAAG,ACAGTTGACGGACAG,0.005708616469333124,0.0,85,87,49,30
CGCTCAGCCCCAGTAACACTGCCAACAT,TCAAAACGGAGTGTT,0.0014213705419300268,0.0,87,86,53,27
GTCCCATTTCCATGTACACTGGCAAGCC,CTACTTACAACGGAA,-0.021011346490248342,7.425282964695157,120,78,33,19
ATCGCAACCTCATCCACACACACAAGGG,GGTTGCCCAGAAGTA,0.015879767216100047,0.0,71,107,42,34
CACACAATGACAGTAACAATACCACTTG,AAAACATTATCAAAG,0.013958682974208145,4.345187306441289,73,81,56,33
CACGCATCTACAATTCCAACGGCAGTCA,TATATTGAACTTTAC,0.0038033360080015123,0.0,96,84,30,32
GCACCAAAGCCAAAAACAATAACATCGA,GTTGGGCGCTTAAAG,0.00046722072276876814,1.2194020302587205,63,104,38,19
ATCACAATCACAATGACAATCGCATAGC,TCAAATGATGAGGAT,-0.020846992805445597,0.0,101,80,28,9
AGGCCAAGATCAGCGGCAACCCCAGTGA,TTTATAAATCAATAG,-0.015919254671834675,1.1836594076556821,103,67,38,19
ACTACACAGGCAGCCACAGATACAAGAC,GTACAAGAAATTTTG,0.02564066217369172,0.0,67,71,42,43
AGGGCAACATCAGCGACACGCGCACTCA,TTTATAAATCAATAG,-0.002885687174070176,0.0,110,49,39,30
ATACCAATTCCAAGGCCAGGCTCAGGGC,TTTTGCATTTAGGCG,-0.01215457429914816,2.31930248444678,92,92,25,19
GGTCCAAATGCAGAATCAACTACAAATA,TCTTGGAGGTGAATG,0.007729437196547642,0.0,72,74,47,27
TAGTCAACGGCATAGGCAGACTCAGAGA,TTTATAAATCAATAG,-0.007336733594887605,0.0,88,76,20,21
ATAGCAAGGGCATCCTCAAGTGCACAGT,CTTGCAAGTGTAATT,-0.012871447806513607,0.0,94,62,34,19
TCAGCAGGTGCAGAGGCAAACTCATCGG,CTCGCTAATACTCCT,0.01293296101864968,0.0,73,95,24,32
GAGTCACTACCAATGGCATGCACATGCT,TCAAAACGGAGTGTT,0.04238509563103629,27.979573909841747,33,76,82,35
TGAACAACGCCATGCACAGAGACACTAG,TCAAAACGGAGTGTT,0.006599385474024929,0.0,80,63,41,29
ACAGCATGCCACGCGCAACGACACGTA,CGATGATGATGATGA,0.017992263188857684,5.867123882047508,49,108,37,25
AACGCACGCCCAATGCCATGAGCATCGT,TTTATAAATCAATAG,0.01254881149025122,2.509862310165886,60,87,38,26
AAGCCACCTTCAGTGTCAAACTCATTGA,CCAAGACCGTGTAAA,-0.003983825698048657,0.0,72,78,38,19
TCTGCATCGACAGGTTCAAAGTCAGATG,AGTGTATGATAATAT,-0.00484703717483462,1.3322246683188723,70,94,24,18
CTCTCAATCGCATCATCATGCACAACCG,GCTGCTTATGAGGAT,-0.010625466735207777,1.4084864782830095,74,76,19,16
CTGCCACGCCCATGTACACCACCAAGTC,CTCGCTAATACTCCT,0.008573364129357318,1.341829917017094,65,89,31,25
CAGCCAGAATCACAGCCATTCTCAGCTA,TCATAGGTATCTCGC,-0.0028856871740701763,0.0,77,64,34,21
GTGTCAATCCCATGGCCATGCGCATGTG,AGTGTATGATAATAT,0.013711720123599225,0.0,78,65,26,35
CCCTCAATAGCATTATCAACCACATCCG,TTTATAAATCAATAG,-0.030008395493677453,2.416263499511956,91,63,35,11
GTGCCAATATCAAAACCACGCACATTCG,GGTTGCCCAGAAGTA,-0.0026423770913497784,0.0,91,54,35,25
TAAACATCGGCATCGGCAATGACAGGGC,CTTGCAAGTGTAATT,-0.00235446743197641,0.0,83,49,34,23
AGCCCAAGCACATGGTCATGCACAGCAT,CTACTTACAACGGAA,0.029630843060475285,7.111235721404455,47,65,56,34
AGCACAGAGACATCTTCATCGCCATTCA,GGTTGCCCAGAAGTA,0.0005824414850324674,0.0,76,65,24,23
TAGTCATTCACATCAACACTGGCACCCA,TCTTGGAGGTGAATG,0.017318839611607,4.4427269050576115,54,75,37,27
CACACATCCGCATCGTCACGCGCACCAA,CTAAGCAGTCTTCTC,-0.020214869150267132,0.0,74,70,31,12
AATTCAATGTCAAATACAGGTACAGTGC,AGTGTATGATAATAT,0.009148091010507524,0.0,69,58,31,27
GTAGCATACGCATCATCACGGTCAAGAG,ACAACCTACCTGCTA,-0.042240712806862174,3.911530004941028,83,75,15,8
GCGGCAAATACAGCCCCAATACCAACAT,AAAACATTATCAAAG,-0.008151124272800646,0.0,73,59,38,17
CTTGCATACACATAGGCACTTTCAGTGC,TCAAATGATGAGGAT,-0.055996966655593415,0.0,102,65,14,5
TCTCCAACGACATAGTCATAGACAATCA,GTACAAGAAATTTTG,0.026328517269604067,0.0,58,52,31,38
AATGCATGGTCAACAGCAACCTCAGTTA,TCATAGGTATCTCGC,-0.010171945000015165,0.0,73,64,33,16
GCGCCAGGAACACTTGCACGTGCACCCT,TATATTGAACTTTAC,-0.008818459013915423,3.4639547125162835,92,53,20,21
CGCCCACCGTCAGTGACAATCACAGGAA,TATATTGAACTTTAC,-0.013775161515905202,1.6385116349318878,61,57,20,12
GCTCCAACGACACCTGCATCCCCAGCAT,TCAAAACGGAGTGTT,-0.0016139616419242957,0.0,60,56,24,17
TTGTCACAAGCATCAGCATGTGCAGAGT,CGATGATGATGATGA,-0.011276140119132094,0.0,72,62,8,18
TTAACAAGGACAATTCCACGACCAAACG,AGTGTATGATAATAT,-0.005786066407057848,2.158404587492214,72,53,20,18
TAAGCAAAATCAATGGCAGGCACATGAA,TCAGAGCATTGGCCT,0.020030360926738752,0.0,59,44,42,32
AGTACATCCACAACAACAATGACACCTC,GCTGCTTATGAGGAT,0.01781267580444504,0.9066745139460863,67,29,27,34
GCGACAGCTTCAGACACACAGACATGTC,TATATTGAACTTTAC,0.018679572762282187,1.7405122605757697,48,69,30,25
AGATCAGGAACATCGTCAGTCGCAGTAC,TATATTGAACTTTAC,0.005605576717010703,0.0,54,49,33,19
TAAACACCCCCAAGGACATACGCAGATC,TCTTGGAGGTGAATG,0.006525937041810436,0.0,47,59,23,17
GGGGCAAAAGCACGCGCAACTCCAAGGA,AAAACATTATCAAAG,-0.009464334979353358,0.0,67,52,17,15
GTATCATCGCCAGGTCCAAGCTCAGGCG,TCGATAGAATTTACT,-0.016401190777675663,0.0,88,32,21,16
CTTGCAACGACACTGTCAAAGTCACGGA,TATATTGAACTTTAC,-0.019339340896911184,1.6184575592492365,49,86,14,9
TGGTCAAACTCATCAGCACAGGCACTTC,ACAGTTGACGGACAG,0.0038033360080015123,0.0,57,48,35,19
TCAGCAATGACAGCTGCAAAATCACCTG,AAAAGCGACATTTCT,0.005708616469333152,0.0006178942921337693,68,44,26,24
TAGGCAGAAACAGACTCACGTACACGGG,TTTATAAATCAATAG,0.015768172423777246,2.2370106249675246,44,73,27,21
CAGGCAGATACACCACCATGTGCAAGAT,GTTGGGCGCTTAAAG,0.03204659802090829,1.1675738617281013,45,56,27,35
GAACCAGGGACAAAACCAAAGTCACGGT,GCTGCTTATGAGGAT,-0.012094133061675463,1.1499821045104568,58,71,16,12
TGTCCAAAATCACGTGCAGACTCAAGTT,TCGATAGAATTTACT,0.002975014234509789,0.0,56,48,25,5
TAGACATCCGCATGTTCATGCGCACGTC,TCAAAACGGAGTGTT,-0.01322418478419817,0.4935508615252502,65,45,24,13
ACTGCATTCCCAACGGCAGGACCAATTG,TCAAAACGGAGTGTT,0.014141833618129535,1.4280707102309407,55,43,24,25
TATACACTGGCATGCGCAGAATCACCAC,TCATAGGTATCTCGC,-0.05893899165674012,11.327435684423449,85,41,11,8
TGGCCATATTCAGTAACACGAGCACTGA,GCTGCTTATGAGGAT,0.018737493425566853,0.9858595864739641,46,50,24,24
AAAGCAAAGCCAGAAGCAAGAGCACATT,TCATAGGTATCTCGC,-0.011631806905548325,0.0,57,64,19,6
TACACACAGTCAGTCCCAAGTGCACACT,TTTATAAATCAATAG,0.008330054046636922,0.0649681270790552,55,55,15,21
TAACCATGTCCAATGCCACTGGCACAGA,TATATTGAACTTTAC,-0.008686445640045488,0.1239522050444748,48,51,25,11
AGGACAAAAGCATAGACAGATTCAACAA,AAAACATTATCAAAG,-0.04193859708406404,6.8309929807669505,77,42,14,9
TACCCAAACGCATCTTCAAGCTCACCTT,TCAAAACGGAGTGTT,-0.01163180690554828,1.261488913430071,60,57,20,9
CTTGCAAAAGCATCAGCAATTACACTGG,AAAACATTATCAAAG,-0.007525591512743488,0.0,59,56,15,14
TATTCAAACACAGACTCAATCCCAACCA,CCAACACAGGCTTCG,-0.03443267626909807,0.0,71,55,15,5
GTCACATAACCAAAAGCAGTGCCAAGTG,ACAGTTGACGGACAG,0.025106001317657167,2.432349550114054,38,54,31,24
GGGACAGTCTCAGTTCCACTATCAGAAC,ATTATCAAGTGCCAG,0.004463423584540867,0.0,50,50,19,17
GTACCACGCCCAAATCCAGCCTCACGAC,TCAACAACCTATGCA,-0.0016993223373134487,0.0,46,46,37,13
CTTACACCAACACACACAACCGCAATCC,ATTATCAAGTGCCAG,-0.00877313836338075,0.0,70,40,14,16
CCTCCATCGACAAAATCACCGACAGGGG,GAGTGCTTCAAAGTT,-0.013555120946938094,0.0,53,61,17,4
AGAACAATCACAGGGGCATAACCAATTG,GCTGCTTATGAGGAT,-0.00012276518054461205,0.0,54,40,29,16
ACACCATTGTCATAGGCATTAACAGATC,TATATTGAACTTTAC,-0.0006477104128158814,0.0,48,42,36,14
GGCCCAACGGCAAAGACAAACACACAGA,GGTTGCCCAGAAGTA,0.00817094475488167,0.0,50,51,20,19
CGTGCACTGCCACGGCCAGAATCAAGAG,AGTGTATGATAATAT,-0.011514408304613167,3.742462965056575,57,61,10,12
GTAGCAGAACCATCATCACATGCATCTC,ACAACCTACCTGCTA,0.005558127124182258,0.784880229235057,37,62,16,13
ATACCACTAGCACGGTCAGCAGCATGGT,AAAAGCGACATTTCT,0.009531677905556828,0.0,48,27,36,19
GAGGCAATGTCAAGGACATGGACACTTC,TCTTGGAGGTGAATG,-0.01255076120694749,0.2767636250683836,49,44,17,10
GTACCAAAGTCATCGTCAGCTTCAAGCT,CCAACACAGGCTTCG,-0.04613455665026205,1.1272807769067583,69,43,6,2
GCCGCAATGCCAGTTCCATAGTCAAGTC,AGTGTATGATAATAT,0.010199702935005025,0.0,52,37,14,21
TGCGCATAGCCATGTCCACGCTCAAACA,AGTGTATGATAATAT,0.007139451293234282,0.0,38,35,28,14
GGCACAATGCCAGGGACACACCCATAAT,CTACTTACAACGGAA,0.009880721234466674,0.0,45,33,30,18
GGTACATGTACAGGACCACAGTCAAAAC,CTTGCAAGTGTAATT,-0.009712167595603944,0.0,45,45,13,10
TTTCCAGTGACAGATACACAACCAGGCA,TTTATAAATCAATAG,-0.004185759100845845,0.0,61,33,16,16
TTCTCAGGAACACCCCCATCGTCACCCA,ACAGTTGACGGACAG,0.02690824202666636,1.3564423212806105,27,54,20,18
TATGCACGTCCAGCTACAACAACATCTC,GCTGCTTATGAGGAT,-0.008963072400535312,0.0,44,40,25,10
GTGGCACGAGCACTCTCATGGACATAAA,ACCACCGGTCCTGCC,0.013611318441266196,0.0,38,42,18,17
AATTCAGGGTCATGCACATGGGCAAGAG,ATGAAGTTCATAATG,-0.10180585947800819,0.18626483285912343,70,25,4,4
GCTACAAGAACAGACGCATACGCATAAT,AGAAGACGACGATGA,-0.05970289701308058,0.5226439443317759,68,37,7,3
ACGCCAATATCAGGGTCAAATGCAATAG,CTTGCAAGTGTAATT,-0.003505860430659523,0.0,51,41,20,9
GTAGCAAGAGCACAAACACAGACAATAT,TATATTGAACTTTAC,0.017318839611607028,2.877461017002588,20,55,31,10
GTCGCAAGCACACAACCAACTTCACGTA,ACAAGTTTTACAGTT,-0.027902926927279692,0.0,54,40,13,8
TGTGCAGACACAGCAGCAGCCACAGGGG,ACAGTTGACGGACAG,0.018257868843830228,0.0,35,40,23,18
CTTACAGTCGCATTCTCAATGGCAGATG,CCAGGATGTACCGCC,0.0763548502983955,0.0,33,70,9,4
TCCTCATACACAATCGCAAGAGCAGTTT,TTTTGCATTTAGGCG,-0.02345124580875981,1.6640204622453325,38,42,10,6
CCATCCATCGCCATGGACAAAGAGGC,CCAACACAGGCTTCG,-0.0007857263456025436,0.8854652058069519,52,51,2,0
CACGCAGCACCACTCACAAGGACATCTT,ACAACCTACCTGCTA,0.013146734846473447,2.2611253087816863,34,38,19,15
TGTTCACTAACAGAGACACAAGCAGGAT,TCATAGGTATCTCGC,0.047300942911534,1.6055531159409497,24,39,26,8
TCCCCATGAACAAGACCAGGACCAGGTC,CATTTATGGCTATCT,-0.04316314808447887,0.0,62,31,11,6
AACGCAAAAACAACAACAGCCTCAGATA,ACAGTTGACGGACAG,0.00985721993907065,0.0,44,48,9,5
CATCCATGGCCAGCTTCAGTTCCAAGCA,AGAAGACGACGATGA,-0.007281238056066774,1.9597166015254288,44,39,16,6
GGGGCAGAAGCATGAACAGCCGCAACTT,ACAGTTGACGGACAG,0.03528538963602992,6.372122509147971,21,32,33,18
GACCCATGGACACAGTCAAAAACATCGT,AAAAGCGACATTTCT,0.022513492269913546,0.0,42,52,8,8
TTACCAACAACATGGACAAACACATGCC,TATGCCCTTCTTCTG,-0.02210614728676772,0.0,53,42,7,7
GATGCATCGGCATTGGCATGCTCATCAA,GGTTGCCCAGAAGTA,0.02777409157344171,3.0784859956348782,38,25,21,26
ATGACAGACTCAAGTCCAGCAACAAGCT,AAAACATTATCAAAG,-0.01933934089691118,0.9506553943078302,35,31,10,6
AAATCAACGGCACCCCCAAAAGCACAAG,TATATTGAACTTTAC,-0.01255076120694749,2.1377637340868887,49,29,12,10
ATCCCACCGTCACACCCAAAACCAGGCA,TATATTGAACTTTAC,0.019798626065570434,5.578699222041905e-05,32,47,20,8
CTGTCAGAGGCATAGGCACTAACAAGTC,GGTTGCCCAGAAGTA,0.01254881149025122,0.0,30,52,11,13
TAGCCAAAAGCAGATTCATAACAATCA,TTTTGCATTTAGGCG,-0.004076289927472813,0.0,38,34,10,10
GATCCACTTGCACGAGCAACAGCATAAA,GTACAAGAAATTTTG,0.0210964624551738,0.0,25,39,20,14
TGTCCAGCCTCAGTGACAGCGGCAGCTC,GCTGCTTATGAGGAT,0.02379070675963894,1.0436122753361872,28,38,14,17
CGAGCAATTACAGCACCATTGACAGACC,AGAAGACGACGATGA,-0.11035807682182446,2.0502156763898256,61,20,5,2
GGACCAGAACCAAAATCAGCATCAGAAT,TATATTGAACTTTAC,0.023396224838072164,0.7849807068772634,30,36,10,18
ACTGCAAGATCACCGCCATCACCAAAGG,CTTGCAAGTGTAATT,-0.02687411427530826,3.248139150685006,45,34,9,3
ACTTCAACGGCACCTTCATACACAAACG,TATATTGAACTTTAC,0.027498227929979743,2.105350374279112,28,26,13,19
TAGGCAATAGCATTGGCAAACGCACGCC,TTTTGCATTTAGGCG,0.03887307844244209,6.2596327306144985,22,25,16,21
TGCACAAGCCCACACACATGTGCAATCG,AGAAGACGACGATGA,0.010602484157524027,4.093338174945018,25,36,13,5
CAGCCATCGTCATTAACATAAGCAAACC,CTTGCAAGTGTAATT,0.026908242026666387,6.564289282514608,15,27,23,10
GGGACAATGCCAGTGTCAACTACACGAT,TCAAAACGGAGTGTT,0.02690824202666636,6.521424292654274,24,26,27,16
AGAACACCACCACCCTCATGCACAAATT,CAATTTCAACGTTGT,-0.037930548628593554,0.0,34,23,5,1
GCGACAATGCCACGACCAGGCTCATCAG,ACAGTTGACGGACAG,0.030834343215212487,3.4770019141452053,24,21,21,18
TGATCATATACAGGAACATTGGCAAGCA,CTTGATCAATCAAAA,0.011868374556738505,3.1172804407841284,30,29,16,9
GGGGCACTCGCAGGTTCAGATTCAATTC,CTCGCTAATACTCCT,0.032141629962146735,0.3712111389575625,20,27,16,5
ACGCCACGGACAGCAACACCATCAGGGA,TCAAAACGGAGTGTT,-0.013154002123959695,0.5566473785619337,30,26,8,6
ATCGCAAAAACAACCTCACGTCCACGGT,GGTTGCCCAGAAGTA,0.005414522442981393,0.0,32,23,15,9
AAGTCAGCACCAATCCCAGGCACACGCG,TCTTGGAGGTGAATG,0.007729437196547638,0.0,32,25,16,12
TCACCACAAGCAAGATCAGTACCAGTGC,TCAACAACCTATGCA,0.03631071040909926,0.7222698005310235,23,35,20,5
AGATCACCCACACCTACAGCAACATCAA,TTTTGCATTTAGGCG,0.059724010876459,3.1065537783374566,18,29,25,9
CATCCAGCCTCAGGATCAGTGACAATGT,AGTGTATGATAATAT,0.008641448499859948,0.0,28,37,14,3
AGGACAAGTTCAAGAACAATGTCATGTG,AGAAGACGACGATGA,-0.04992648013649142,0.0,50,30,4,3
GGCACAACGGCAGACGCATCCTCAAGTC,TATGCCCTTCTTCTG,0.0016520519700825049,0.0,32,25,12,10
GGCGCACTTCCATCAACACAAACAACTA,TTAGTCTTTCCATCA,-0.0034978409203404006,0.0,33,32,4,10
ATATCACTCGCAGGCGCAAACTCACAGC,GTTGGGCGCTTAAAG,0.008787727140366967,0.0,31,28,11,12
GGGCCAGAATCAAGCGCAACAACACATG,TATATTGAACTTTAC,0.014307882765210111,0.40164236612486093,25,32,14,3
AAAGCATCAGCACGTCCACGGTGCATACG,CAAGGATCCCCGTAG,0.02647519569679657,0.0,28,22,20,3
AGACCAATCGCATGGACACGAACAGCCG,ACAGGGCAGCTCCCG,0.004054835927432788,0.0,34,35,7,4
AGGTCATGGCCATATCCAAAATCATGAA,ACAACCTACCTGCTA,-0.023975360587983018,0.04803579399887781,27,21,6,7
GCGCCAGGTTCAACTGCATCCTCACATG,TCAAAGCATGAAAAA,0.0011560822401076361,7.271002042863273,28,28,8,8
AATTCAGATCCAAAGGCACTGCCATACG,ACAGGGCAGCTCCCG,0.005414522442981393,0.0,32,25,15,4
TCTCCAGATACATGTACAGGGGCAGGCT,TTTATAAATCAATAG,-0.053498288396699414,1.1654818140598309,38,22,6,9
TGATCAGCTTCAGAGGCACCAACATCCA,TTTTGCATTTAGGCG,-0.042375724885677,2.8437132444038298,34,22,8,4
GTCTCATCCGCACATGCACTCGCAAGTA,ACAACCTACCTGCTA,-0.00899962023127716,0.0,37,22,13,4
CAATCAGCAACAGTGTCATACGCACGAC,GGTTGCCCAGAAGTA,0.0038033360080015426,0.0,30,24,12,10
GTCGCAAGCGCATAAACATAAGCAGTCC,TCAAAGCATGAAAAA,-0.07022056453616043,0.0,49,24,1,0
AGGTCAGCGGCATGTCCATCGCCACCTC,TATATTGAACTTTAC,-0.012608926582726743,0.14457252993520342,32,19,8,11
GATGCACCCGCATTTGCATTTTCATCCC,TATATTGAACTTTAC,0.011241454385141866,0.0,24,28,13,10
GACACACCCCCATATGCACCCGCACAAT,CGATGATGATGATGA,0.001909361738590288,0.0,25,19,8,12
GCTCCACAATCAAGAACAGCTCCATGAG,ACCACCGGTCCTGCC,0.008566879455479804,0.0,26,28,7,9
GCTCCAACGGCATGATCACAGTCAATAC,CCAACACAGGCTTCG,-0.015833821439432058,1.0783818421739397,32,27,1,0
CTATCAATGACAAAGTCACATGCAGGGT,AATGATACCATTTTT,0.002752296717040759,0.0,27,27,12,2
ATCCCACTGCCACGCTCAGGCTCAGCCA,AGTGTATGATAATAT,0.039784321919945714,11.88313800644488,6,24,21,16
AGCCCAGCATCACTGGCAAGGCCAATAC,GTACAAGAAATTTTG,0.013909474282751242,0.0,18,16,10,8
AGCGCATCTACAGGATCATAACCAATCC,TTTATAAATCAATAG,0.03614376534582356,2.11646691316804,15,31,13,9
ACCGCAATCACAACGTCAATCACAGGAT,TCAAAGCATGAAAAA,-0.07075618445621296,0.0,39,19,5,4
CTGTCAGTACCAACATCAGAGTCAAATC,ATAGAGCGGCGTTGA,-0.05862761783545443,0.0,40,22,6,2
ATTGCATTCTCAACAGCAGAGTCAATGG,TCAAAACGGAGTGTT,0.02476174527135828,1.6420478773194418,20,26,6,14
TGAGCACGCCCACGCGCAGCTTCAACGA,CTATGCATTTACTCA,-0.053498288396699414,0.0,38,22,5,1
CGCTCAGGTCCAGTTACATCAGCAAAAA,CTCGCTAATACTCCT,0.015318018131086089,0.0,21,23,12,4
TCGCCACTCGCAATCTCATATTCAGAAA,GGTTGCCCAGAAGTA,-0.005171220331547977,0.1301241260520669,29,17,11,9
CCTACATTTCCAAAAGCATAACCATGCG,ACAAGTTTTACAGTT,-0.020355055721586978,0.0,31,25,2,1
CCAGCAAGGCCATAGGCAGATACACTGA,AAAACATTATCAAAG,0.02220562208466952,1.3746089997574131,19,22,10,11
GATCCACGGACAAGAACAAGTACAGAAA,GCTAATTTCAAGAAT,0.031384169427400986,0.0,17,23,2,3
GTACCATCCTCAACGGCATCCCCAACCA,CATTTATGGCTATCT,0.030407352062752226,0.0,22,15,17,5
GACTCACATCCAAGAGCAAGCTCACCGA,AGTGTATGATAATAT,-0.037930548628593554,12.76855912488594,34,23,2,0
ATGGCACCTTCAATCCCAGCTACAACCC,CTAAGCAGTCTTCTC,-0.008505789056481604,0.0,31,15,11,3
TACACATGTCCAAGGCCAGCTGCATATC,TTTTGCATTTAGGCG,0.02414919491505194,0.6843931063743867,22,19,15,9
GATGCACTAGCAATCGCAGACACACCAA,AAAACATTATCAAAG,0.03803078174496588,1.5223663210667269,20,19,18,8
CGATCAAGAGCATATGCATATACAGGCA,TCAGAGCATTGGCCT,-0.02985941059027626,0.0,15,11,9,2
CTATCAACCGCAATAACAGGGGCAGGGG,ATATTGAGTAAGTAC,-0.05097361012322095,0.0,32,19,2,3
GGCCCATAGACACATCCAACCCCAAGTT,TCATAGGTATCTCGC,0.028029725050298108,0.004911991176129504,19,19,14,2
CGAACAAACGCATAGGCAGGGCCAACAT,TATATTGAACTTTAC,0.0011560822401076361,0.0,22,22,6,4
AGGTCATATACAGGAACACTCCCAATTC,TCGATAGAATTTACT,0.021759661723234514,1.1739179699020497,20,23,13,4
ACTCCAAACGCAAGTCCAGGAACACGCT,ACAACCTACCTGCTA,-0.013124455063032364,0.0,34,10,11,5
CTGACAGATACATATGCAGTGTCAACCC,GCTAATTTCAAGAAT,-0.07143761809818602,0.0,31,15,5,2
GTAACATACCCAAGCCCACAGGCATGCT,GAGTGCTTCAAAGTT,0.010459830708403658,0.0,27,12,14,5
GCGTCAAGTCCAAACACAGATGCACCAG,GTTAAATCAACAGTT,-0.06074783860051465,0.0,26,14,8,3
GCGCCAGGGACATATGCAAGTACATACT,CCAACACAGGCTTCG,-0.0681586358158869,1.681789125835337,32,16,3,0
TGCCCACAGTCACATACACGTACACCAG,AAAAGCGACATTTCT,0.04674845110220476,2.154081107515964,14,15,15,9
ACAACACTGTCAACTACAGGTACAAATT,GCCCTCGAAACCTAT,,0.0,23,9,2,0
ACTGCAGAATCACGTACATCCGCACAGC,CAATCTTGAATTGAT,-0.06476848064831876,0.0,29,15,2,3
TTTACACCGCCATGACCAAGCTCAAGTA,CCAACACAGGCTTCG,-0.03249114142201366,0.0,28,20,2,0
TACGCAGGCACAGTGGCAACTCCAAACA,ACAAGTTTTACAGTT,-0.0030998792017719263,0.16529862257976902,24,23,2,5
ATACCAATTTCACCTGCAGATACAACCC,ACCACCGGTCCTGCC,0.052033968772545715,5.651018441253598,12,13,10,17
ATCTCATTGGCAACAGCAGTAACAGCAA,CATTTATGGCTATCT,0.03369821805715856,0.0,20,7,18,9
AACGCACTAGCAAGCGCAAAGACATTCG,TCAAAACGGAGTGTT,0.012278645751130047,0.8416429789619997,17,19,6,1
AATGCACGCACAGCGGCAGCGACAATTG,TCAAATGATGAGGAT,-0.0835737037986127,0.0,28,12,5,1
AAGTCAGCCGCAGATACATCATCACAGA,TCAAATGATGAGGAT,-0.036313262704033365,0.0,16,11,7,3
TGAACACAACAGACGCAGCATCAGGGA,TTTATAAATCAATAG,0.057954486000701515,0.8450995475416789,17,30,7,0
GGCACATAGTCACGTACATTAGCAATCT,CTTGCAAGTGTAATT,0.05100634151922012,4.080830125779613,12,18,14,8
GACCCAGTTCCACCATCAAGTGCAAGGT,TTTATAAATCAATAG,-0.004250639886919937,0.0,19,18,2,6
ACATCATAAGCACTCACATCTCCAGGAG,ATGAAGTTCATAATG,-0.0809419729668753,0.0,25,11,2,2
TCAACAAGGTCATATTCAGAAACAGGGA,CGATGATGATGATGA,0.010687100220540114,0.7271380982840583,20,22,5,2
TTAGCATCAACAACGACAGGAACACCAG,CTCGCTAATACTCCT,0.02702768750612581,0.0,18,16,13,3
CGCACAGTAACACGGGCACACGCATGGC,GCTGCTTATGAGGAT,-0.036313262704033365,0.0,16,11,8,1
GAAACATCGTCACGTTCATCGGCATACG,CAAAACGTACGGATG,-0.018910987306107428,0.0,22,18,7,6
AGCTCAGTTTCAGATACAGCGGCACACG,CCAACACAGGCTTCG,0.03910504441059803,1.9503073458210736,13,19,7,1
GTAACAGGTACACCACCACGCCCAAGCT,GGTTGCCCAGAAGTA,,0.0,18,9,5,2
GGGCCAGTCCCAGGTCCACTGACACCCA,TTTTGCATTTAGGCG,0.057682911150446256,2.0844958177172828,12,16,16,6
CTTTCAACGACAACTCCACTCACAAGTC,ACAAGTTTTACAGTT,-0.054805496553434634,0.032806507624428605,21,12,8,1
AAAACATATGCAGCGTCAATAACATGAT,TTTATAAATCAATAG,-0.06423656450055874,0.5694976316240172,25,13,5,6
TTGCCAGACTCACGATCATAGCCATGGC,GTTGGGCGCTTAAAG,-0.047394699338062465,10.87312943251834,26,16,3,0
ATGCCACATGCAGGGACAGAGTCATTTC,TTTATAAATCAATAG,-0.023975360587982927,0.03462091110105803,18,14,3,8
GGCGCAGCCTCACCGCCAAGCGCATGGA,CTTGATCAATCAAAA,-0.06815863581588681,5.253124170406778,28,14,0,0
AACACACGAGCATGAACAGGCACAAGAT,CTATGCATTTACTCA,,0.0,24,4,4,7
GCCGCAAGTCCATGTACAGTAACAAGAT,CCAACACAGGCTTCG,-0.04848760639128145,0.0,23,14,1,0
ATGACATCAACACCTACACCAACAGGGA,TTAGTCTTTCCATCA,0.034946103294698896,0.0,13,19,11,1
GCGCCAGGAACATGATCAGTGCCAGGGG,GAACTCAGGTTCCAT,-0.014258985742618257,0.0,14,12,4,3
GGCGCACTAACATAGGCAACATCATTCT,TGATCATCACGGGAC,-0.006848188527246002,0.0,13,12,8,4
GAAACACACACAATAACAAGGTCATAGA,CTATGCATTTACTCA,,3.4749629755685163,22,9,8,7
CGCCCATCATCATCTCCAGGCACAGGGT,TCGATAGAATTTACT,-0.023975360587982927,0.0,18,14,1,2
CCCCCAATAACAAATCCACAGTCAATAC,ACAGTTGACGGACAG,0.009160353007461276,0.0,12,13,9,6
TAGACAAAGCCAGGCTCATGACCAAATT,AGAAGACGACGATGA,-0.039390428570708826,0.0,18,12,5,3
ACGGCACTAGCACAGTCACATCCAACGC,ACAAGTTTTACAGTT,,0.0,24,5,2,3
TGGACACCCACACATCCAATCGCACGGA,TAGACGGACATCTTC,-0.03249114142201366,0.0,21,15,0,2
TAGGCATGAACACTCCCAACGTCACATA,CTTGCAAGTGTAATT,,0.0,25,3,6,3
GGAACAAGACCAATGTCAGAGTCAGTAT,TCAAATGATGAGGAT,-0.09047299094730787,0.0,25,10,6,1
CATGCAGCCACAATAGCAAGCGCATATT,CTTGCAAGTGTAATT,,0.0,7,14,4,0
AGTACACACACATCTTCACTGGCAGAGC,TTTATAAATCAATAG,,0.0,21,7,3,5
GAGTCATATACAAGAACAGGCACAACTC,TTTTGCATTTAGGCG,,0.0,27,2,3,3
AATCCACATGCAAACACAGGCACACCTC,TTTATAAATCAATAG,-0.015549326226208925,0.0,13,11,6,5
CCACCAGCACCAAGAGCAGTACCAGTGT,TATATTGAACTTTAC,-0.036313262704033365,0.0,16,11,1,2
ACAGCACTGGCACGGCCAATGTCAGATT,TCAAATGATGAGGAT,0.03910504441059803,0.0,13,19,4,3
CGCCCAAAAGCATAATCAAGTCCAACCA,TTTATAAATCAATAG,0.014509221502559821,0.0,14,16,3,5
CGATCAAGTGCAAAGACAACCTCAAGCC,AGAAGACGACGATGA,,0.0,14,8,6,3
TAATCAATCGCAAAGCCAACTACACGCG,CGATGATGATGATGA,-0.013154002123959695,0.0,15,13,2,1
TGATCAGTACCATAGTCAGGCGCACTAC,TTTTGCATTTAGGCG,,0.0,16,8,3,4
TCAACAATGACAGAAACACAACCAGGCA,CTCGCTAATACTCCT,,0.0,16,5,3,4
TCCGCAAGAGCAATGGCAATAGCAGCGG,ACCACCGGTCCTGCC,-0.02296012344158118,0.0,14,11,4,7
CAGGCAGGCGCACTCGCATTAGCAGTGT,ACAGGGCAGCTCCCG,-0.036313262704033365,0.0,16,11,3,6
TAACCAGCTTCATATACACAGACAAGAC,ATGAAGTTCATAATG,-0.04992648013649142,0.0,20,12,2,0
GTATCAGAAGCAGCGGCACAAACATGGA,TTTATAAATCAATAG,,0.0,20,8,0,0
AACACAGGGACACGGACATGAGCAAGAA,CAAGGATCCCCGTAG,,0.0,10,9,4,3
GGCTCAAGGCCAGATGCAACCTCAGTCT,CTATGCATTTACTCA,,0.0,15,8,2,0
CAATCATGAACACCGCCAGGGCCAATAA,TCGATAGAATTTACT,,0.0,6,5,3,0
GCCCCAGAAGCACTGACAGACACAATTA,TCAAATGATGAGGAT,,0.0,7,11,1,4
CTGTCACTAGCACACGCACGAGCACAAA,TATATTGAACTTTAC,0.009160353007461276,0.0,12,13,4,6
GTGCCAGATACAAGAACAAAGCCAAGAT,AAAAGAAAAATGTAT,,0.0,8,19,3,0
CAATCAACTACAGTAGCAAAGCCAATCG,CAATCTTGAATTGAT,-0.025080344206641493,0.0,13,10,2,0
ATGTCACATTCAGCATCAAAGGCACGCA,TCGATAGAATTTACT,,0.0,16,6,2,2
CTCTCAAACACAGGCTCAAACCCACCAC,GTTGGGCGCTTAAAG,,0.0,7,18,3,3
GTACCACCCACAGCTTCAACTACACAGG,GTTGAACTGGTTGTT,,0.0,14,7,2,7
AGTTCATGGCCATGGTCACACGCACATA,ATAGAGCGGCGTTGA,,0.0,30,0,0,0
TGCCCACCTGCATTCTCACCCACACGAA,ATTATCATCGCCATC,,0.0,8,7,1,1
TGGACATCGTCAGCCGCAACGACAACTA,AAAACATTATCAAAG,-0.02985941059027626,0.0,15,11,5,1
GTCGCACGCGCATTCTCATTGTCATTCG,TCAAATGATGAGGAT,,0.0,16,5,3,2
GGCACACAACCACTTACAAGGTCATGGC,ATTATCATCGCCATC,-0.015549326226208925,0.0,13,11,4,1
TGAGCAGCCTCATTCACAACAGCACCTC,ATTATCATCGCCATC,,0.0,16,8,4,2
ACAGCAGCAACACTGACAACTCCACTTT,GCTGCTTATGAGGAT,,0.0,7,8,9,1
GGCACAGGGCCACATTCAACAGCAGTTT,GAACTCAGGTTCCAT,,0.0,4,16,3,1
GTACCACTGACAAATACAGCTCCAAGTT,GCTAATTTCAAGAAT,0.0011560822401076361,0.0,14,14,1,0
TAAGCACGGTCACAGTCAATACCAAGGT,GCTAATTTCAAGAAT,,0.0,9,7,0,0
GCGACAGCAGCAAAGGCAGGTTCAAATC,AGTGTATGATAATAT,,0.0,12,9,4,1
GCATCAGTGTCATGCGCACGGCCATAGC,TCAAAGCATGAAAAA,,0.0,19,5,1,1
GTGACATGGGCAGGTGCAACGCCAATAA,CATTTATGGCTATCT,-0.05190674286610948,0.0,17,10,0,1
CTTGCAGTTGCAGGGACAGGAGCAACTA,TCAACAACCTATGCA,,0.0,6,16,4,3
GTGTCACAAACAGATTCAGTAACACTTT,TTTATAAATCAATAG,,0.0,14,1,0,0
ACTTCAGAAGCACAAGCATTAACAAGCC,ACAGTTGACGGACAG,,0.0,5,6,3,6
GTAGCATTGCCAGTATCATTAGCACGGA,TTTTGCATTTAGGCG,,0.0,10,8,5,2
GGTACAGAGGCACTAGCAGTCACACAGA,TCAAAGCATGAAAAA,,0.0,16,2,0,0
TTCACAAAACCAGGTACACCCACACTGC,CTTTCTTGTGTATTT,,0.0,11,7,3,2
TGTTCAGGGGCAGTTCCAAGGGCAAGAA,CTACTTACAACGGAA,0.041702593050924094,0.0,10,15,2,1
CGGACACAAGCACTGGCAAATACACCCA,TCTTGGAGGTGAATG,,0.0,6,3,8,3
GAGACAAAAACAGCAGCACATCCAGGAC,TTTATAAATCAATAG,,0.0,5,7,7,0
GTAGCATGGTCAAACCCACCCACATACA,ATGGCGATGGTCTTG,,0.0,0,6,16,3
GGAGCAGAGGCAACTACACCCCCATTTA,ATCGTTGGCATTTGG,0.027392508686856762,0.0,10,13,1,3
CGCCCACGCACACGCCCACTGCCAACCC,GAGAATGAAGGACAG,,0.0,6,13,7,1
GAAACATCATCATTGGCAGTCTCAGCAA,CTTGCAAGTGTAATT,,0.0,8,13,0,1
CTACCATTAGCACTCCCAGTTACATTCG,CATTTATGGCTATCT,,0.0,11,8,1,4
GGATCAACGTCATTACCAATCTCACGCA,AGTGTTAATCAGACC,,0.0,12,9,2,0
TCGTCAAGAACAGAGTCATCCTCACTTT,CGTCAAGACCTTCTA,,0.0,11,9,3,2
GGACCAAGTTCATAGCCACTTGCAGTCG,TCAAATGATGAGGAT,,0.0,14,9,1,1
CAGACAAAGGCAAAATCACTGACAAGCG,TCATAGGTATCTCGC,,0.0,15,3,2,0
GGGGCACTCCCAATAACACGAACAACAC,ATTATCATCGCCATC,,0.0,11,4,4,0
GGTGCAAAGGCAGCGCCACGGTCATAGA,TCAAATGATGAGGAT,-0.015549326226208925,0.0,13,11,0,0
AGAGCAGATACAGACACAGGTACACGGG,GGTTGCCCAGAAGTA,,0.0,6,8,4,3
GGTACAACAGCACGTACAGGACCATGAG,GCTAATTTCAAGAAT,,0.0,7,1,0,0
CATACAAGGCCAACCGCATTCGCAGCTG,TCAAAGCATGAAAAA,,0.0,9,10,0,0
GCCGCAGAATCAGCGCCACCACCATATC,CTTGATCAATCAAAA,,0.0,14,9,0,0
GCCCCAGTGACACTATCACCTTCACACA,TATGCCCTTCTTCTG,,0.0,2,12,8,1
GATCCACACTCATTCACAGGTGCAGCGG,ACAGGGCAGCTCCCG,,0.0,7,6,3,0
AGAGCATTGTCATCTCATACACAGAGT,ACAGGGCAGCTCCCG,,0.0,14,5,0,0
CACGCAGATGCACTAACACTGGCATCAG,TTTAACTCACCGTAA,,0.0,11,5,6,0
TAGACATGAACAGCATCATCAACAAAAA,ACAACCTACCTGCTA,,0.0,7,0,0,0
AACACAACATCATGCACAAGCGCAGGCA,ATTATCATCGCCATC,,0.0,8,4,4,1
AATACAGCAGCAAAACCATTACCAGCCA,GTTTAGCTTCCGTTG,,0.0,13,3,0,0
GTTCCATGATCACGTCCAAGGGCAGCAA,ACAGGGCAGCTCCCG,,0.0,6,10,4,0
GAAACAGTGGCAGCCGCATGACCATATA,TCGATAGAATTTACT,,0.0,6,9,1,4
GTGTCAACACCACGCACACAGCCAATCC,AGAAGACGACGATGA,,0.0,10,3,1,0
GCGCCATGTTCAGGCGCAATGCCATTGA,ACAAGTTTTACAGTT,,0.0,12,6,0,0
ATGCCATCTGCATCCGCAGTGACAAGAG,GCTGCTTATGAGGAT,,0.0,6,7,2,5
CATTCAGTCGCAGTATCAGAGTCACCTC,ACAGTTGACGGACAG,,0.0,9,6,4,2
GGCCCAGTACCATCCGCATGGCCAGCCC,CTAAGCAGTCTTCTC,,0.0,7,3,2,0
CTCACACCGTCAAAGACACGTACACTCG,ATTATCATCGCCATC,,0.0,8,3,0,0
GCATCACTGGCACGAGCAGCTGCAGTTC,CTGATTTGTGCTGTC,,0.0,11,2,3,4
GCGTCATGATCAGATGCAGTTGCATGTA,CTCTTGAGAATACTT,,0.0,3,0,0,0
TACTCATCCACACGGGCACGTTCACGCC,GTTAAATCAACAGTT,,0.0,6,0,0,0
AGTACACCTGCAAACGCATTCACACGAC,ATGAAGTTCATAATG,,0.0,10,3,0,0
GGGGCATGGGCACTCTCAAGAGCACGGA,GCTAATTTCAAGAAT,,0.0,13,3,0,0
GGAACAATTACACACTCATGAACAGGGC,GCTAATTTCAAGAAT,,0.0,12,3,0,0
GAATCAATAGCAACCCCACCAGCACGTC,ATTATCATCGCCATC,,0.0,7,4,0,0
GTGGCAGCTTCACAGACACGTCCAGGCA,GGTTGCCCAGAAGTA,,0.0,13,0,0,0
ATTTCACAAACAGCTCCATGCGCAGCAG,TCAAATGATGAGGAT,,0.0,7,0,2,0
ACGACAGGGTCAACTTCAAGTTCAATGA,GTTTAGCTTCCGTTG,,0.0,15,1,0,0
AGCGCAAGGGCATTGTCAGCGACACATG,CATTTATGGCTATCT,,0.0,8,4,1,4
CCCTCACCCACATAGGCAGATTCACTAC,AGTGTATGATAATAT,,0.0,8,7,2,0
ACCTCAGCCACAACAACAGCCACAGTAC,TTTATAAATCAATAG,,0.0,8,7,2,2
TTAACAGCGACAACTGCAGCACCATTAG,CTTGATGGCTGAAAG,,0.0,11,1,0,0
GGTCCAAATTCAGCGCCAAGGCCATGCA,ACAGGGCAGCTCCCG,,0.0,7,5,1,0
TGGTCAAAGCCATCACCACGGCCACGGG,ATTATCATCGCCATC,,0.0,13,5,0,0
AATCCACGTGCAAATTCACACACAGAGC,ATTATCATCGCCATC,,0.0,3,2,0,0
CCCCCAAGTGCATCTCCAAGCGCACAAT,CAAGTTCGGCGAAAT,,0.0,2,0,0,0
ATCTCAATGGCACGGTCAGGGTCACAAG,GTTGAACTGGTTGTT,,0.0,4,4,1,7
GTAGCATAACCACCTCAAATACAAGCA,CGCGATCAATCCTCT,,0.0,8,3,5,1
CAAGCAACACATGTCCAGTTTCACGAC,TCAAATGATGAGGAT,,0.0,0,3,0,0
AGAACACATACAGACGCACTGACAAGGC,AGAACATCATCTACA,,0.0,7,1,2,2
CGACCATCCTCAGCTACAAGTACAAGGT,TAGACGGACATCTTC,,0.0,8,6,1,0
GGCGCATACGCAGCGCCACGCTCATGGG,CGAACAGAAACACAA,,0.0,8,8,0,0
AAATCAGCGGCAAGGTCAGTTGCACGAA,GTCACCGGCACTAAC,,0.0,5,3,0,0
GGACCACGAACATTAGCAGGGACAAGCT,GTTTAGCTTCCGTTG,,0.0,9,0,1,0
TGACCAGCACCAATACCAGGGCCACATA,TAATATTGTTTTGCG,,0.0,5,7,1,0
GATCCAGTAGCAGTAACACACTCAGAGC,GTAATCTGACTCTAG,,0.0,5,6,0,0
AGGGCAGGATCAAATCCATTCTCAGTAA,TTTATAAATCAATAG,,0.0,5,3,2,0
GCACCAACCCCAACCACAAGCCCACCAA,TCAAAGCATGAAAAA,,0.0,3,6,1,0
TTTTCACGCACAGGGGCAGGAGCAGGAA,GTGTGATTACTAAAT,,0.0,2,1,1,1
AACCCACGGTCACCAGCACATGCAAGTT,TTTTGCATTTAGGCG,,0.0,3,0,0,0
AGCGCAAATTCATAGACACGACCAAGGT,CTCTTGAGAATACTT,,0.0,6,0,0,0
TGCACAAGTACATGAACATCATCAAGCC,CCGTTAGTATCGCTA,,0.0,2,3,0,0
TAGGCAAGCCAACATCAACGGCAATGC,GAGAATGAAGGACAG,,0.0,9,0,0,0
TTTTCAGCCTCATTACCACCGTCACGAT,GAGAATGAAGGACAG,,0.0,6,1,0,0
TATGCAGTATCATAGACATTTTCACGGC,CGCGATCAATCCTCT,,0.0,9,2,1,0
ATGTCACGGTCAAGAGCAGCGGCACCAC,GTGTGATTACTAAAT,,0.0,7,5,0,0
GGACCAAGACCAGTCTCAAGCGCAGATA,CTTGCAAGTGTAATT,,0.0,2,6,3,2
ACCGCAATCTCAGGCACAGGTTCATCTC,GCTAATTTCAAGAAT,,0.0,6,0,1,1
GCCTCATATACACATCCAGGTACAGGAA,GTGTGATTACTAAAT,,0.0,5,0,0,0
CCCCCAGGCTCACCATCAGAATCAAATC,CTATCAAGGCTTAAT,,0.0,2,1,0,0
GGGTCAATAACATTCACAAAACCATAGC,ACAAGTTTTACAGTT,,0.0,5,6,0,0
TTACCACCTACACCCGCAGCCACAGTAA,GTTAAATCAACAGTT,,0.0,1,0,0,0
CTATCATCAACAACCACAGGGCCAACAG,CATCAATGAGGCAGT,,0.0,3,0,1,1
CGGGCACCCTCAGAATCAATTGCATAAG,CGCGATCAATCCTCT,,0.0,3,3,1,0
GTTACAAGCCCAAACACATCCTCAGCAT,TCATAGGTATCTCGC,,0.0,6,0,0,0
TCACCATGTCCACATTCAGGACCAAAGT,GTGTGATTACTAAAT,,0.0,6,2,0,0
GGTTCAGTCTCAATCGCAGACACAACAG,GTTAAATCAACAGTT,,0.0,7,0,0,0
CAGTCAGAGACATTGTCAGCTCCACAGA,ATCGTTGGCATTTGG,,0.0,5,0,0,0
AAAGCACTCTCAAACTCAACTCCACATA,CATCAATGAGGCAGT,,0.0,3,0,0,0
GGCACATACCCATCTGCAGAATCAACGG,ATGAAGTTCATAATG,,0.0,8,0,1,0
TCGACACACCCATTACCATTCGCATACA,CTCGCTAATACTCCT,,0.0,3,1,0,0
GCGCCATTTCCATGTCCAAACCCATGAA,CAAGGATCCCCGTAG,,0.0,4,0,0,3
GGAACACGGGCAATATCAAGAGCAATTA,GTAATCTGACTCTAG,,0.0,1,0,0,0
AACCCACTCGCAAAACCAGCCGCAGCCG,TCAAATGATGAGGAT,,0.0,5,2,0,0
ATACAAGACCATAAGCAACAGCAGCAT,ATTATCATCGCCATC,,0.0,7,0,0,0
AAGCCATCCTCAGAATCATGGTCATACG,CTAGTTGTATAGCCA,,0.0,1,0,0,0
AGAGCAAGCACACGCGCAATACCATCAT,ATATTGAGTAAGTAC,,0.0,1,1,0,0
TGAGCAGTTGCACACCCACTGGCATCTC,CGATGATGATGATGA,,0.0,2,4,0,0
GCACCAGGTCATAACCAAACACAGGGC,CCAACACAGGCTTCG,,0.0,5,2,0,0
CCTACAGTCTCAGCAGCATTGCCAGAAA,TAGACGGACATCTTC,,0.0,8,0,0,0
GACAGTAGCAGAGGCATATACAAGCT,GAGAATGAAGGACAG,,0.0,6,0,0,0
TTAGCACACGCAAACGCAACATCATAGC,CAATCTTGAATTGAT,,0.0,8,0,0,0
GGAGCAAGAACATCCACACCTCCAGTCG,GTTTAGCTTCCGTTG,,0.0,9,0,0,0
CATGCAGAGGCACCTACAGACGCATCCA,CATTTATGGCTATCT,,0.0,0,2,1,1
CCATCAGCTCCAAGGGCATACACAATGG,ACAGTTGACGGACAG,,0.0,0,0,2,0
CGAACATTAGCATAGACAGTATCATTGG,CTAGTTGTATAGCCA,,0.0,5,0,0,0
TTAACACATCCAAAGTCAGCTTCAGCTA,CTATCAAGGCTTAAT,,0.0,2,0,0,0
AAACCATTAGCAATGTCACGCACAATAA,TCATAGGTATCTCGC,,0.0,2,5,1,0
AATCCACACTCACACTCAGTATCATGAG,CTCGCTAATACTCCT,,0.0,1,2,0,2
AAAACATACACACAGACAGAGACATACC,AGAAGACGACGATGA,,0.0,6,0,0,0
GGTTCAGGACCAACCACATTTGCAACGC,TCAAAGCATGAAAAA,,0.0,3,0,0,0
CACCCAGGAGCAGTTACAAATGCAGTGC,TCAAAGCATGAAAAA,,0.0,3,0,0,0
GGGACATCGTCACGAACAGCAACAAGTA,TTTATAAATCAATAG,,0.0,1,0,0,0
CGTCCATGAGCATAGGCAAGAACAGTTT,ATGGCGATGGTCTTG,,0.0,2,0,0,0
AAGCCATGTGCACATGCAGGGTCAATAA,TTTATAAATCAATAG,,0.0,3,1,0,0
TATGCAATGCCAGGGGCAACCGCAATTA,TACACCAATTACACT,,0.0,0,1,0,0
TACTCAGCAGCAGATTCAGCAGCACAAA,AGATTCATCCCATGG,,0.0,0,1,0,0
GGAACATGACCAATCTCAGGTCCAAAAA,GTTAAATCAACAGTT,,0.0,7,0,0,0
TCTACATGAGCATCGGCATTTACATTGA,TATATTGAACTTTAC,,0.0,1,2,0,0
AATACAAGTTCAGAAGCAGCAGCATGGG,TAATATTGTTTTGCG,,0.0,3,2,1,0
TTCCCAATATCAGGGTCAAATTCAGTGA,GTTTAGCTTCCGTTG,,0.0,2,0,0,0
TAAACAATCTCACGTACAACAGCAACTC,CAATCTTGAATTGAT,,0.0,8,0,0,0
GCACCAAGATCAAGACCAGTACCATGCA,ATTATCAAGTGCCAG,,0.0,3,0,3,2
ATAGCACTGACAGGCGCACCATCAAATA,CATTTATGGCTATCT,,0.0,1,0,0,0
TGAGCAGAGACACGCACAATCCCATGCG,CATCAATGAGGCAGT,,0.0,1,1,0,0
AAAGCAAGTCCATTGACAAGGGCAAAGC,TGGAGTCTTTGTTGA,,0.0,4,0,1,0
ATGCCACAGTCACACCCAATCACATGAA,GTGTGATTACTAAAT,,0.0,2,0,0,0
CTCTCAGTGACAACTGCAGCCACATGTT,TCAAATGATGAGGAT,,0.0,0,5,0,0
TTATCAGCAACAGTGACACGCACAGTAT,CAAGTTCGGCGAAAT,,0.0,1,3,0,0
GAAGCAGTGACACCTTCAGTTCCACAGC,TAACCTCGCGCTGAG,,0.0,1,2,0,0
GTAACACCTTCAAGTACAAAGGCACCAC,TGGAGTCTTTGTTGA,,0.0,3,0,0,0
CCAGCAAAGACAAGCGCACTGGCAAAGC,GTAATCTGACTCTAG,,0.0,3,1,0,0
TGGCCACTAACATAGTCATATCCAGCGG,TCAAAGCATGAAAAA,,0.0,3,0,0,0
GGTCCATGGGCAGTAGCATGTACAACGC,TCAAAGCATGAAAAA,,0.0,3,0,0,0
ATATCAGCGCCATGAGCAGATCCAACTC,GAGAATGAAGGACAG,,0.0,2,1,0,0
ATCGCATATTCACCACCATAAGCAGGAA,GTGTGATTACTAAAT,,0.0,5,0,0,0
GCAACAGGTACATCAGCACAAACAATCA,CTAGTTGTATAGCCA,,0.0,5,0,0,0
GATACAATATCAGACACAGCATCATAGG,ACAGTTGACGGACAG,,0.0,2,2,0,0
AAGGCAGTGACAATATCAGCATCAGAGT,AGAAGACGACGATGA,,0.0,3,2,1,0
TAGGCAAAACCACAGCCATGGACACGTC,GTAATCTGACTCTAG,,0.0,4,0,0,0
CACTCAAATGCACGGTCAGAATCACTGA,CTATCAAGGCTTAAT,,0.0,2,1,0,0
TATGCATGACCAGATTCACAAGCACACT,GTTTAGCTTCCGTTG,,0.0,0,1,0,0
TGGCCACGCACAGTGGCAGTACCATCCT,GTTTAGCTTCCGTTG,,0.0,2,0,0,0
ACGGCAAACCCACCATCAAAAGCACGGA,ACAGTTGACGGACAG,,0.0,2,0,0,0
GGCCCAGAATCAAAAACAAATCCAGGTT,TAATATTGTTTTGCG,,0.0,3,2,0,0
CGCACACAACCAAAATCATAGACAAGGG,TAACCTCGCGCTGAG,,0.0,5,0,0,0
GGAGCAAGACCAGACTCATGAGCACAGC,TAACCTCGCGCTGAG,,0.0,2,3,1,0
CGACCAGCGACAACGGCAACAGCAACTA,CATCAATGAGGCAGT,,0.0,1,0,0,0
ATGACAGTCCCATAATCATTATCATAAA,ACAGTTGACGGACAG,,0.0,2,0,0,0
AAGGCACAGCCAGCTTCATCAACAGCGG,CATCACCGTGCTCAT,,0.0,1,0,0,0
CAGACAAGGACACGATCAGCTACACGAA,CATATGCATTCCTTG,,0.0,1,0,0,0
TTTCCAACATCACGGACAAAGACAAGCC,ACAACCTACCTGCTA,,0.0,1,1,0,0
CCGGCACACTCCAGAAACATTTCCACACA,GAGAATGAAGGACAG,,0.0,2,1,1,0
AGGGCAATTGCAGAAACAGCGGCATGAA,TATATTGAACTTTAC,,0.0,1,0,0,0
CCACCACACCCAGCCCCAACTACATACC,CTCTTGAGAATACTT,,0.0,4,0,0,0
CAAGCAGATACATGAACAAAACCAATGC,CAATCTTGAATTGAT,,0.0,2,0,0,0
TTCGCAAACTCAAACACAGACTCATGGG,CGTCAAGACCTTCTA,,0.0,3,0,0,0
ACGTCAACGACAAACGCAATACCATCGG,GAGAATGAAGGACAG,,0.0,1,1,0,0
TGGGCAGTCTCATTGGCATGCTCATCTG,GTTTAGCTTCCGTTG,,0.0,2,0,0,0
AAGGCAAAGTCACTTCCATACACAGCGA,TCAAAACGGAGTGTT,,0.0,2,0,0,0
CCTCCAGAAGCAGCCTCAACACCATTCA,TAACCTCGCGCTGAG,,0.0,2,0,0,0
TCGCCAGGAGCAGGACCAGAATCACGCG,CATATGCATTCCTTG,,0.0,1,0,0,0
GAATCAGTCTCAAAATCACGACCAATGT,CTTGCAAGTGTAATT,,0.0,3,0,0,0
AAAACACCGTCATGTGCAATGGCATCAG,GTGTGATTACTAAAT,,0.0,3,0,0,0
CCTCCACGAACAAGCGCAAACTCATCGC,CATCAATGAGGCAGT,,0.0,4,0,0,0
AATGCAGAGGCATGTTCACCGCCATAAA,AGAAGACGACGATGA,,0.0,2,1,0,1
GCCACACAGACATAAGCAAATTCAGAAG,CTAGTTGTATAGCCA,,0.0,1,0,0,0
TGACCAGGGTCATCCGCATAAACATGGG,ACAGTTGACGGACAG,,0.0,1,0,0,0
TATACATAACCACACCCAATGTCAGAAA,AGATTCATCCCATGG,,0.0,0,0,0,1
GACCCAGGAACAATTGCATGGGCATCAA,TAACCTCGCGCTGAG,,0.0,2,0,0,0
GATCCAATATCAGCCACAGTAACAAGTA,GTGTGATTACTAAAT,,0.0,1,0,0,0
CGTTCACGATCACTACCAATGTCAGCGA,CTCTTGAGAATACTT,,0.0,1,0,0,0
ACAACATCTCCATGGGCATACTCAAAGA,GTTTAGCTTCCGTTG,,0.0,3,0,0,0
GTGACACCTCCACTTCCATGCGCAATGA,TATGCCCTTCTTCTG,,0.0,3,0,0,0
GCGCCAGGCTCAGTTCCAGGAGCACGAC,AAAACATTATCAAAG,,0.0,1,1,1,0
TAAGCACGAACATCAACAGGGACATCCT,TCAAAGCATGAAAAA,,0.0,3,0,0,0
GACCCACGTACATTAGCAAAGTCAACTG,GTTTAGCTTCCGTTG,,0.0,2,1,0,0
GGTCCATCCGCAGACACAAGTGCAACAG,AGTGTATGATAATAT,,0.0,1,0,0,0
AAGCCAGAGCCAGCTTCACATGCACCTT,CTAGTTGTATAGCCA,,0.0,1,0,0,0
GCGTCATATGCATGCACAACGGCAAGAC,AAAACATTATCAAAG,,0.0,2,0,0,0
GTTCCTGGACAGGAACACTATCAGAGG,ATTATCATCGCCATC,,0.0,1,1,0,0
GGCACAATACCAGCTGCAGGGGCAGCAA,TAACCTCGCGCTGAG,,0.0,2,0,0,0
CCGACACTTGCAGTCGCAAATCCAAAAC,GCTGCTTATGAGGAT,,0.0,0,2,0,0
GACACAGTTTCATGCGCAACTGCATCGC,TAACCTCGCGCTGAG,,0.0,1,0,0,0
ATATCAACTACACTATCAACGACACGTC,TATGCCCTTCTTCTG,,0.0,1,0,0,0
CAATCACGTCCAAAGACAGCGCCATCAA,CTATCAAGGCTTAAT,,0.0,1,0,0,0
ACTTCAGTACCATAGGCAAAGGCAGCTG,CATCAATGAGGCAGT,,0.0,1,0,0,0
GATCCACCTCCATAGTCAGTCTCAAAGC,GCAAGAAAGAAACCC,,0.0,1,0,0,0
GTAACACATTCATCTGCAGCGGCAAAGC,CTACTTACAACGGAA,,0.0,1,0,0,0
CAGACAACAACACTTTCAGGGACACGCC,GCTGCTTATGAGGAT,,0.0,1,0,0,0
TCCACACATCCATCAACAGACACATGAT,CAAGTTCGGCGAAAT,,0.0,0,1,0,0
