BC,Edge,s,LL.ratio,TP1-1-T1,TP1-1-T2,TP1-1-T3,TP1-1-T4
TTTACAAGCTCATGCTCAGTAACAGGTG,TTATATTTATTTGCT,0.0574534746286785,0.0,1891,6855,9428,20024
AGACCATGGACACGAGCAAACGCACTTT,TTATATTTATTTGCT,0.057244775675418046,0.0,1499,5344,7565,15774
GGGACAACTGCATCTTCAACTGCAAGAT,TCGATAGAATTTACT,0.009130950496384698,0.0,3561,8371,6823,8848
CGGCCACCTTCACAGGCAATGGCAGGTA,TTTATAAATCAATAG,0.01838723512045423,0.0,2518,5783,5337,8259
TCAGCACAGTCAGAGCCAAGAGCAATCA,CAATCTTGAATTGAT,0.022617522807834828,0.0,1470,3752,3488,5474
GCGTCATAAGCACGTTCAATAGCACATC,GAGTGCTTCAAAGTT,0.018133941904480668,0.0,1552,3399,3196,5052
TACGCATTTACAAAGCCAGGTACAGCAT,GAGTGCTTCAAAGTT,0.02171493545689108,0.0,1307,3157,2977,4737
CTCGCAAGCACAATGGCAAGGGCAGATT,CTTGCAAGTGTAATT,0.006456153069417892,0.0,1508,3463,2652,3458
ACGCCAATACCATGGCCATCTACAGGAT,TTTATAAATCAATAG,0.02121055441037555,0.0,1123,2836,2621,4009
GTATCAACTACAAAGTCACCGGCAGTTC,ACAGTTGACGGACAG,0.010816057985889546,0.0,1330,3130,2598,3476
ATACCAATTGCAGAGGCAAAGGCAAACA,GGTTGCCCAGAAGTA,0.006689934529147634,0.0,1439,3019,2548,3323
CGGTCAACGTCAATTACAGTGCCAGCCA,TTTATAAATCAATAG,0.01967018891828374,0.0,1013,2833,2695,3453
GACTCAGCACCATCTACAACGCCATAGC,TTTATAAATCAATAG,0.016986362578357294,0.0,1069,2685,2289,3362
CGGACCATGGTCATCATTCGCAATTA,TCAAAACGGAGTGTT,0.0024377007284015566,0.0,1316,2941,2204,2675
GCGTCAAACTCAAAAGCATGCTCAAGGG,AGTTTATAAAAAATT,0.017279664950009165,0.0,1007,2404,2203,3195
CAGCCAGGCGCATGATCAGGGACAAAAG,TTTATAAATCAATAG,0.016220484448494343,0.0,1006,2195,2128,3092
CAATCACATTCACGCACAGACGCATCCC,TTTATAAATCAATAG,0.016488018539451536,0.0,956,2341,1972,2962
GTTTCAGTAACATCTTCAGAAACATGCG,TGGAGTCTTTGTTGA,-0.008606464862987306,0.0,1441,2575,1811,2103
CCTCCACCAGCATTTGCATAAGCAGTTG,TTTATAAATCAATAG,0.027542249390697122,23.740315552815446,701,1980,1909,3026
GGTCCAAAAGCATAAACACCATCAACCG,CGATGATGATGATGA,0.004442264402155405,0.0,958,2276,1669,2068
CAATCAGCGCCAATGTCAGATACATCTA,TTTATAAATCAATAG,0.014466496297337697,0.0,762,1794,1643,2222
TAGTCACCGGCAGCAACAAGTTCACTGG,TCAGAGCATTGGCCT,0.021279889635962983,0.0,653,1701,1481,2336
CCATCAATGGCACGATCAAAATCAATGC,TCAAAACGGAGTGTT,0.010062695831211992,0.0,780,1914,1421,1993
TAATCACAAGCAAAAACAGGTGCATCCA,GAGTGCTTCAAAGTT,0.021412680351142927,0.0,644,1523,1509,2313
GAGGCAAACGCACTGACAGTCGCACGGT,ACAAGTTTTACAGTT,-0.0001318282512391255,0.0,855,1928,1365,1609
AAAGCACGGACACACGCAACAGCAGGTA,ACAGTTGACGGACAG,0.00948501878193943,0.0,757,1609,1400,1901
TAGCCACGAACAAGCCCAGATCCACCAA,CTTGATCAATCAAAA,-0.02665114970134533,0.0,1334,1848,1108,1133
GTAGCAGTAGCATCCGCATAAGCATTTG,GGTTGCCCAGAAGTA,0.007042286234331009,0.0,743,1587,1290,1734
AGGGCAAAAACAGACGCACCATCATAAC,CTTGCAAGTGTAATT,0.0006667433620850026,0.0,800,1670,1185,1542
CTGGCAGGCACATAACCAACGACATTGA,CAATCTTGAATTGAT,0.020604054604069607,0.0,542,1402,1280,1900
TCTTCAGTAGCAAGTCCACGGCCAACAC,AGTTTATAAAAAATT,0.02382733809904432,0.0,498,1296,1242,1923
GCTTCAGAAGCAAGGGCACGCACAGAAA,CAATCTTGAATTGAT,0.028158186632357685,0.0,428,1222,1193,1882
TGGACAGCCCCATCACCAGATCCATGCA,CGATGATGATGATGA,-0.0003127016220263381,0.0,717,1452,1055,1342
CTCCCAAGTCCAGGTTCACGCTCAGTCA,TTTATAAATCAATAG,0.024052695991092887,0.0,445,1250,1047,1730
AGTCCAATGGCAAGATCACCTACAGAAA,TTATATTTATTTGCT,0.055627994591817054,0.0,242,797,991,2426
AGCGCAGTCACAGTGTCAAAGACACATA,TCAAAACGGAGTGTT,-0.00017032453174350404,0.0,665,1244,1026,1250
CTATCACGGTCATAGGCAGCACCAACGA,ACAGTTGACGGACAG,0.012329596136400242,0.0,498,1238,997,1362
GGGGCAGTATCATTACCATCGCCAGGAC,CTTGATCAATCAAAA,-0.015227344493221731,0.0,743,1318,875,889
AGCCCACATGCACAATCATCGACACGGT,CCAACACAGGCTTCG,0.018684905784933183,0.0,404,1065,913,1337
TTCGCAACTTCAGATGCAGAAACAGGGA,GAGTGCTTCAAAGTT,0.013464336538460497,0.0,452,1026,941,1279
CGCTCATAACCATTGTCACCAACATGGA,TGATCATCACGGGAC,0.000126074043047846,0.0,541,1124,819,1026
AGTTCAACTACAATGCCAGAAGCAGAAG,TTTATAAATCAATAG,0.019675274486684862,0.0,391,917,865,1333
ACGGCAGATTCAACAACATAGGCAAGCA,CCAACACAGGCTTCG,0.011961176735307203,0.0,410,955,893,1109
GTGCCAGTCGCAGCTTCAAAGTCAAGAT,ACAAGTTTTACAGTT,-0.003970257870320629,0.0,539,1087,804,904
ACGACAATATCATAGACAGCGGCAGATG,TGATCATCACGGGAC,-0.0018008891318818689,0.0,538,1023,709,963
GAAGCAGCGTCACCGCCAACGTCAACGT,GTTGGGCGCTTAAAG,-0.0013930105990669708,0.0,500,1010,730,906
ATCACACGGACACGCTCAAGGTCACAAG,TTTATAAATCAATAG,0.012605281741864949,0.0,392,888,724,1081
TCACCACTGGCAGTAACAACCTCATTCT,CTTTCTTGTGTATTT,-0.029730410949116732,0.0,687,1048,583,532
ATAGCATCGGCAAACACACGAACAGATG,TCTTGGAGGTGAATG,0.007930194331230012,0.0,373,773,668,894
TCTCCAATCCCAACTACATGGACATTGC,ACAACCTACCTGCTA,-0.000767070146444563,0.0,397,837,635,733
ACGCCACCCGCATTGTCATAGGCACTAG,ACAAGTTTTACAGTT,0.005451179667513518,0.0,360,842,611,801
ACCGCACAATCACTGGCAGATGCACAGT,TGATCATCACGGGAC,-0.0011059882380810195,0.0,412,818,629,753
GAGGCAACGACAAGCTCAGAATCACCAC,AGTGTATGATAATAT,-0.011789538163092842,0.0,487,848,609,646
TTCACACCTGCACTGGCAGCTACAATAG,TTTATAAATCAATAG,0.025357212687040328,0.0,257,683,618,1039
AGGCCATTCACATTCTCAGTGGCAAAGT,CCAGGATGTACCGCC,-0.010284470617577215,0.0,490,829,564,680
TAGGCAGACGCACCTTCAACTACAAGCC,GTTTAGCTTCCGTTG,0.013958120032303916,0.0,320,719,612,919
TCCGCACGTCCACGAACAGTTCCAGTTA,GTACAAGAAATTTTG,0.00642709204280434,0.0,371,742,619,850
TAGTCAGTAACAGGACCAAGCGCAGCCC,TTAGTCTTTCCATCA,-0.006229657845968383,0.0,446,765,592,699
GGAGCACTAACAATCACATGACCAGGGG,GTAATCTGACTCTAG,-0.003356776307881158,0.0,408,819,546,697
CCAACATGAGCAGATTCAAAACCACAGG,AGAAGACGACGATGA,0.013261741397924688,0.0,304,731,609,855
CATCCAATCACAGCGGCAACATCAGAGA,TCAAAACGGAGTGTT,0.0016130250839103473,0.0,353,799,623,700
TCAGCAAATGCAAGAGCAGGACCAAACG,CTTGATCAATCAAAA,-0.0221792703294751,0.0,522,868,533,507
CGCGCAAGTACATTGTCATGCTCAAAAA,TCAAATGATGAGGAT,-0.008073460110832799,0.0,410,813,621,608
TATCCAACAGCAAAAGCAAAAGCACAAT,ATAGAGCGGCGTTGA,-0.05791800586195501,16.88839863100884,740,773,350,246
CAAGCAACTGCAAGGTCACCCCCAACTA,TGATCATCACGGGAC,-0.0018590550251510903,0.0,380,813,524,679
AAAGCAGTCACAGCTGCACGGACATAGC,CCAACACAGGCTTCG,0.011980969567499418,0.0,293,709,606,793
TGGGCAGTCACAAAATCACCGTCAATTC,TTTATAAATCAATAG,0.017509645449954408,0.0,267,601,514,853
GCTACATCAGCAGTGGCATGGGCAACAA,TATATTGAACTTTAC,0.012607208914029408,9.214824015227805,256,688,534,706
CCATCATTAACAAGCTCAAACTCACAGC,ACAGTTGACGGACAG,0.00155158346661449,0.0,339,660,441,671
CCCTCAGGCGCAAAGGCAAAGTCATTTA,GTACAAGAAATTTTG,0.0006551420056638708,0.0,328,584,463,632
GGTGCATCCACAAAGTCAAGAACATCTC,CTTGATCAATCAAAA,-0.014172422638731058,0.0,366,644,387,452
TCCCCAATATCAGTCTCATGCACAAGCA,TCAAAGCATGAAAAA,0.011167762886622343,0.0,223,611,419,589
CAAGCATTGGCAACGTCACACACAACAA,CCAGGATGTACCGCC,-0.011938141848691677,0.0,340,609,403,449
GGGGCAGGGTCACCTTCATCAACAAGAA,TCAAATGATGAGGAT,-0.0017322811090663057,0.0,252,614,442,452
ACCACATTGCCAGGACCAAGATCATGGC,TCAAAGCATGAAAAA,-0.001642672309287622,0.0,263,563,401,473
AGATCAGACTCAATCCCACTCGCAGTTG,TCAAAACGGAGTGTT,0.029034181531491846,32.62803772369534,140,498,451,632
GTCACAAGTGCACGGACAATTTCAAAGG,CGATGATGATGATGA,-0.0020958514948491136,0.0,248,531,352,440
CTGACATATACAACCACAATGCCATACG,AAAAGCGACATTTCT,-0.010469484968598874,0.0,271,513,363,374
CATCCAGCGACAGATGCATGCGCACTCG,TCTTGGAGGTGAATG,0.009868483400064595,0.0,211,407,391,536
GGACCACAAACAACCGCAAATACAGTCG,TCAACAACCTATGCA,0.01573079079113453,0.0,174,465,375,527
AGCCCAAAAGCAACCGCACGATCAGAGC,TATATTGAACTTTAC,-0.003307835859604464,0.0,249,468,318,426
GATGCATACTCATCAACATGGGCAGAGG,ACAGTTGACGGACAG,0.0083384148414455,0.0,190,454,339,461
GACACAATACCAACGACAGACTCACCCT,GTTGGGCGCTTAAAG,0.0015217192797976592,0.0,223,420,307,441
ATACCATAGTCATATACACGAACAAGAG,CATTGTCGGACGCTT,-0.022886396166058236,0.0,285,455,295,271
GGGGCAGTGTCAACATCACCTTCACACA,TGATCATCACGGGAC,0.005124440487899226,0.0,182,459,278,401
TGGCCATTGACAGCGACAAATTCAGTGA,ACAAGTTTTACAGTT,-0.01241955376412837,7.305371574855599,242,425,305,315
TGAGCAATTACAGGATCATCACCAAGCG,CTTGATCAATCAAAA,-0.020237618821704436,0.0,271,430,312,279
GTCACACACACACCTGCATTAGCATGCG,TCTTGGAGGTGAATG,0.005105122902056721,0.0,198,374,270,436
GGAACACTTTCAGCCCCACAACCAATGA,TTAGTCTTTCCATCA,0.009608493028926583,0.0,146,384,317,368
GTCGCAGTCTCAGGATCAGTTACAGTCT,CTTTCTTGTGTATTT,-0.036214084251411774,0.0,320,467,215,204
TTGCCAAAGGCAGGACCAACAGCAGTTA,GAGTGCTTCAAAGTT,0.017947896368812093,0.0,135,321,313,437
GTAACATTGACAGGGGCAATCACACACC,TCAAATGATGAGGAT,0.00037717145716986006,0.0,157,419,279,300
TTAACAGCCACAAACTCAACCGCATCCA,TTTATAAATCAATAG,0.011457149048057126,0.0,140,373,270,373
CGATCAGGACCACTGCCATCCACAGT,TCTTGGAGGTGAATG,0.006667549953594045,0.0,156,347,298,360
TTGACATCCTCAAGGACAGGGTCAGGCA,GTAATCTGACTCTAG,-0.009642371051535344,0.0,217,360,258,307
CAGGCAGCACCACGGGCAACGACATTAT,AATGATACCATTTTT,0.0009979170083167,0.0,169,329,245,329
TGGTCATGGACAGTCCCAGGGCCATCAA,AGTGTATGATAATAT,-0.005540596544902058,0.0,180,353,226,288
CCGCCACGAGCACTCACATTATCACGCG,TCAAATGATGAGGAT,-0.010783114040497617,0.0,207,307,243,283
ACGTCATTAGCAAGGGCAGATGCACAGA,ACAGTTGACGGACAG,0.0197908921712133,6.250296369762509,114,285,263,390
TTCCAGGTTCATACCCACAAACAGTTC,ACAAGTTTTACAGTT,0.004762269492262432,0.0,156,298,189,340
AAGCCACGGCCAGCTTCAACGCCAAGGA,TCAAAACGGAGTGTT,0.008137906568509814,0.0,136,321,229,328
ATAGCAATCTCAGGCTCATGGCCACATG,GAACTCAGGTTCCAT,0.0009450760841030435,0.0,142,340,251,276
CGCTCAACCGCAGGTACAGCTCCAATCT,AGTGTATGATAATAT,-0.007118800564808691,0.0,173,296,220,264
AATACAACGGCACCTTCAGACTCAACTA,GTTGGGCGCTTAAAG,-0.0002058350466931739,0.0,139,330,217,261
GGTGCAGCCACACATCCAACAGCAATAT,GTTGGGCGCTTAAAG,0.010778867067822733,4.096246646116015,113,284,262,295
TTGGCATACACATCGGCAGTGGCATGGG,CTACTTACAACGGAA,-0.031056191282887776,0.0,215,290,193,160
TTGTCAAACCCACAACCACCTGCAGCAA,CTACTTACAACGGAA,-0.036432664269617075,0.0,210,337,149,133
TCAACAGCACCACTAACAGTCACAATCA,ACAAGTTTTACAGTT,-0.0005932630409596351,0.0,125,336,188,232
ACACCACCGCCAGCTACAACAACAAATT,CCAGGATGTACCGCC,-0.00614121339499134,0.0,147,306,174,231
TAGCCAGTCGCAGTCGCATCAACAAGAC,GTTAAATCAACAGTT,-0.04454457918229455,5.85421023277263,288,276,110,143
TGTTCAGCGCCAAGCGCATAGACACTTG,TGATCATCACGGGAC,0.004503014260549458,0.0,123,284,194,266
CAGGCAAGCACAAGTTCAAAACCATAGA,TCTTGGAGGTGAATG,-0.008545633111378643,10.677415775098325,145,260,199,212
ACCACATCTCCAGATACACAGTCACCAG,ACAGTTGACGGACAG,0.007120803562440167,0.0,112,263,186,262
CAAGCATTTGCAGGCACATATACAACAC,ATAGAGCGGCGTTGA,-0.03755523978852464,0.0,178,318,138,109
ACCGCAGATACAACCTCACATGCAACGT,ACCACCGGTCCTGCC,-0.021207384186426582,0.0,149,273,172,149
TCTGCAAAGGCAGGTTCAGGTACACATC,TCAAAGCATGAAAAA,0.008216746088075804,0.0,103,273,162,249
ATAACAATTACAAGGGCAACCTCACGCG,CTATGCATTTACTCA,-0.012776988429424464,0.0,139,264,186,179
ACTACAGAGCCATCCTCAAGAACAGTCC,CTTGATGGCTGAAAG,-0.010493377116972201,0.0,153,257,156,211
GAAGCAATGTCAAGTACAAGTACACGAA,CTTGATCAATCAAAA,-0.027163777144539086,0.0,165,266,161,138
AGCGCATCATCACACTCACAACCAAAAG,TCAAAACGGAGTGTT,0.006366679274057238,0.0,115,207,160,263
TCGCCAACAGCACGTCCACCAGCACTAA,GTTGGGCGCTTAAAG,0.005859561928129219,0.0,103,193,139,232
AGTCCATGGGCACAGTCACTCCCATAGG,ATATTGAGTAAGTAC,0.0037328477383391737,0.0,106,242,170,224
GTTACAGGTACAACTACAGGCACACCTT,TCAAAGCATGAAAAA,0.0022325330273549695,0.0,99,214,204,200
GATCCAGTACCAAACACATTTCCACGGG,AGTGTATGATAATAT,-0.005163944703104297,0.0,110,228,171,178
GGACCACAAGCAGTTACACATTCAAAGG,GTAATCTGACTCTAG,-0.0053004170875264,0.0,121,226,127,195
GAAGCAGTCGCAGTGCCAATATCAACCA,TATATTGAACTTTAC,0.0017470324870874018,0.0,111,204,147,221
GGTTCACGACCAACGCCATTGACAGGCA,TTAGTCTTTCCATCA,-0.0026434931542179962,0.0,106,233,144,185
ACTTCACAATCAATGACACGGTCAATGG,CTAAGCAGTCTTCTC,-0.041918099052716234,0.0,188,229,98,101
ATACCACAAGCACGTGCACGGTCAGTAC,GGTTGCCCAGAAGTA,0.02005011885126767,0.0,67,174,151,231
GTTCCACTCTCAGCTGCATGTGCATGAG,ATTATCAAGTGCCAG,-0.0009672258277858998,0.0,85,203,144,156
TCGCCATAGCCAGGGGCACAAACAAGCT,TTTTGCATTTAGGCG,-0.009483919812536204,0.0,121,158,137,172
TTGGCAAGCGCAGCTCCATACTCATGCG,TCATAGGTATCTCGC,-0.07022359926443456,0.8454399599779663,161,227,90,37
GAGGCAAGTTCATGAACAGCGACACAGA,GAGAATGAAGGACAG,-0.06016793576447186,0.0,177,159,76,55
GTTCCAATTCCAACTGCAGGGACAAAAG,GGTTGCCCAGAAGTA,0.010170176148089408,0.0,71,172,127,182
ATGTCAATACCATAATCATGAGCAAAT,CTTGATCAATCAAAA,-0.0157306158100507,0.0,112,180,107,132
TCTTCAGATACAGAAACATGCACAAGCT,ACCACCGGTCCTGCC,-0.012664192232056231,0.0,89,186,117,115
TGGGCATCTTCACAACCATCAACATCAA,ACAGTTGACGGACAG,0.0055046413202460105,0.0,70,131,131,156
AGCACACGGTCAAATACAACGACACCGT,TCTTGGAGGTGAATG,0.022851143812984077,4.428696019465406,52,133,112,195
AATGCAAACGCACTTCCAAGTCCATACA,GAGAATGAAGGACAG,-0.05583715265197616,0.0,130,157,73,46
GCACCAGGGTCAGCACCACGTGCATAAA,CATTTATGGCTATCT,0.007465991321010452,0.0,55,159,126,130
GGAGCAGTGTCATGGGCACGGCCAACAC,AATGATACCATTTTT,1.909061386722322e-05,0.0,73,150,99,138
GGGCCAATAGCAAGGCCACTCCCAGCAA,CCAACACAGGCTTCG,0.0055580173658118445,0.0,56,99,93,125
CTGTCATTTGCACGGACATCCGCACAGC,CCAACACAGGCTTCG,0.021771029677828763,0.0,46,123,113,167
TCAACAACCGCAACTGCAGAGGCAACTT,TTAGTCTTTCCATCA,0.002939273282375074,0.0,63,143,111,130
GGGGCACGGCCAACAACAACGTCAAACT,ACAGTTGACGGACAG,0.00043743441029181165,0.0,70,149,104,134
GGGCCAGGCCCAAGGGCAGGGGCAGTCC,CCAGGATGTACCGCC,-0.011286304076261596,0.0,75,170,93,101
ACCACAGTCACATCGGCAAAAACAGTCC,CTTGATCAATCAAAA,-0.01617270893933107,0.0,92,140,99,107
AGGCCAATCTCAGCTACAACTGCATCTG,GCTAATTTCAAGAAT,-0.0503317547682719,0.5546405199008859,115,149,97,48
GGCACAGAGCCAAAATCATGTCCACGCT,TCAAAACGGAGTGTT,-0.0010495100792301537,0.0,65,137,113,119
ATCTCAACCTCATCAGCATCTGCAGATG,CTTGATCAATCAAAA,-0.02829276558588234,0.0,94,148,110,76
AGGGCAAGTACACGAACAGCTCCAGGGA,CAATCTTGAATTGAT,0.022905300337217476,0.0,41,132,101,154
CTCCCAAGTCCAACGGCAACACCACGTG,CGATGATGATGATGA,-0.0021478400679039895,0.0,70,116,107,124
AGGTCAGGATCAGTATCAGAATCAGTGC,CTCGCTAATACTCCT,0.009335640209378592,0.0,54,110,119,135
GTCTCAGGCGCAACCGCATGTGCAAATC,TCATAGGTATCTCGC,-0.05571547334427728,0.0,107,147,62,38
TGGACAGATCCATCTACAGTCGCAATCG,ATAGAGCGGCGTTGA,-0.03414816090888186,0.0,115,112,80,78
CATGCATCCGCACGCCCAGTGGCATTAT,TCAAAGCATGAAAAA,0.009797541364759441,0.0,43,125,108,109
CGTCCAGGCACAGGAACATAGTCACTTC,TTTATAAATCAATAG,0.016773758586518913,0.0,48,110,79,150
TGGTCACTAACAGAAGCAAGTGCAATCG,CTTGATCAATCAAAA,-0.030666323290781422,0.0,85,147,75,64
ACCTCATCTCCAAGACCAGGTACAATGG,AGAACATCATCTACA,-0.0006569190351255987,0.0,61,123,85,113
GGAGCAGACACACACACAAGAACAAAGG,TGATCATCACGGGAC,0.006502533114932172,0.0,54,97,89,124
TGTACATGCCCAGTCACACTTCCAAAGG,TCATAGGTATCTCGC,-0.08550607054447795,2.887939739470937,117,145,57,17
GCTCCACAGCCATAAACAAGGCCATAGT,CATTGTCGGACGCTT,-0.01670155824081816,0.0,76,106,63,87
TCGCCAGTTCCAGCAGCAGCCACAAGGC,TTAGTCTTTCCATCA,-0.008838594806732178,0.0,69,109,71,100
TGCCCAGGAACAGCAGCACACTCACGAA,AAAAGAAAAATGTAT,0.01382542380286859,0.0,43,104,87,123
ACTGAGCCTCAGCGACACCCGCAGTAT,ACAGTTGACGGACAG,-0.0005727439062191223,0.0,56,97,88,104
CACTCAGCGACAGATGCATATGCATCCT,TTTATAAATCAATAG,0.0156704269723074,0.0,43,78,86,130
GTACCATCGACAGTTCCACTGCCAAAGG,TCTTGGAGGTGAATG,0.019226703808435226,0.7292083504930815,33,97,85,111
GAGACAAGCTCAAAGCCAAAAACATACG,TTTAACTCACCGTAA,-0.01161798177136722,0.0,57,112,69,76
ACGTCAACTTCAATCACAACAACATCAA,TGATCATCACGGGAC,-0.009136895278608236,0.0,55,113,68,79
GTGGCATATCCACGTGCATGGGCAGGGT,CATTTATGGCTATCT,-0.005453903821566799,0.0,48,101,79,77
AGGTCAACAACAGCTGCAATGACACCCT,ATTATCAAGTGCCAG,-0.01593325067926345,0.0,70,89,59,82
GGTCCAGCTCCAGGCGCACTATCAGACT,CTTGATGGCTGAAAG,-0.003856236256661521,0.0,41,98,72,69
TAACCACAGCCATACTCAATCACAGGGA,ACAACCTACCTGCTA,-0.010592259815808735,0.0,56,80,77,77
TCATCAACGTCACACTCACTGACAATGT,CTTGATCAATCAAAA,-0.012900191132293732,0.0,53,99,48,68
GTCCCAACGGCAAAAGCAAGCTCAAATC,TATATTGAACTTTAC,-0.009389216930396337,0.0,47,96,57,67
AACACATGAGCAAGCACAAATACACGAT,GTTGGGCGCTTAAAG,0.005409539020832463,0.0,36,74,75,80
TTAGCATTTGCACGATCACCAGCAGCTC,AAAACATTATCAAAG,-0.05982439852806585,0.0,86,88,48,27
GGACCACGCACATCACCATGTTCAACGG,TCAAATGATGAGGAT,-0.078230458009483,75.055747828824,91,101,29,5
GTGCCAGAGACATCTCCAGCAACAACTA,ACAGGGCAGCTCCCG,-0.03823490497862624,0.0,65,86,30,39
GGAACATGCCCAGGGACAGTGTCATGCG,AAAACATTATCAAAG,-0.06034471222563511,0.0,55,87,51,17
GGTGCAGCGCCAGTGGCAACACCATAGA,GCTAATTTCAAGAAT,-0.025021062559018082,0.09473971191482633,37,102,46,33
ACTTCAGCAACACGGGCAGGCACAGTGA,TCAAAGCATGAAAAA,0.008100931153366969,0.0,22,81,61,53
CGGCCATTCACACATTCACGCGCATAGA,ATTATCAAGTGCCAG,0.005711200204829767,2.275272854894638,33,58,47,74
GACACAAAGGCAGTAGCAAAATCACCGA,TGATCATCACGGGAC,0.004884593788561195,0.0,32,69,33,70
ACTCCATCCACAAGGGCACAGCCACGCC,CAAGGATCCCCGTAG,-0.023112664647758224,0.0,36,74,44,34
CTAGCAGGGTCACACCCATATTCAAAGT,TATGCCCTTCTTCTG,0.001897521832238266,0.0,25,55,62,50
TGACCAAGCTCAGCAGCACCTCCAAGGT,GTTAAATCAACAGTT,-0.06451681699076858,0.0,66,58,26,18
GGTCCAGCCTCAGCATCACTAACACACC,CTTGATGGCTGAAAG,-0.019302103725094943,0.011928698929921211,34,47,58,36
CATACATTTTCACGCAAAACCAGCCG,CATTTATGGCTATCT,0.016024663391450252,1.144876099527437,18,53,41,55
TCTGCAACTTCAACCGCATAAACAGCGG,CTTGCAAGTGTAATT,-0.0012794841612392565,0.0,22,51,43,40
TAGTCATTAACACCAGCACCATCAGGGG,CTTGATCAATCAAAA,-0.03154588179655455,1.9294642222770335,30,74,27,22
CCGGCAAGCACAGCCGCATCTCCATGGG,GGTTGCCCAGAAGTA,0.01541302543584372,0.0,16,53,35,48
AAGACAGTCCCACAGTCATACGCAATAA,GAGAATGAAGGACAG,-0.04621757066642307,1.2318039558033433,36,47,29,17
GCTGCAATTACAAAAGCAGTTCCATACG,GCCCTCGAAACCTAT,-0.035131890876425875,0.0,41,39,33,27
TGGGCAGGGACACCTACACGCTCATTCC,CTTGATCAATCAAAA,-0.02241963899212242,0.0,28,61,25,27
AGTGCACGTGCACATACACGCACATAGC,GAGAATGAAGGACAG,-0.072703024492079,4.413959100019383,59,33,21,6
AGTCCACCCGCAGGTTCACTCACAGCTG,ATTATCAAGTGCCAG,-0.05305776568734111,14.104642335609697,39,58,18,15
GGATCACGTGCATGCCCACGAGCAACAG,GCTAATTTCAAGAAT,-0.0357179865616881,0.0,34,44,28,22
GGTACAGCACCACCAACAGGGACAGTAA,CTACTTACAACGGAA,-0.027284769412891718,0.0,30,44,21,25
GGTTCACACGCAGTGGCAGCTCCAAGGA,ATTATCATCGCCATC,-0.061999898573830474,0.0,34,40,24,10
TATCCAACTACAACAGCAACGCCAAAAC,GAGAATGAAGGACAG,-0.049450646199333335,0.0,42,34,22,18
TGTGCAGCCACAGTTTCACCTGCAGGCC,GTTAAATCAACAGTT,-0.08248554502877956,0.0,41,40,12,1
ATAACAGCTGCACACACAACAGCACCAA,TTAGTCTTTCCATCA,0.007035877826480172,0.0,18,35,18,42
CTCCCAGTTACAACGTCATCCTCATCAT,CTACTTACAACGGAA,-0.0625696892866357,6.9641934623805355,39,40,17,7
ATTGCAATGGCACAGGCAATGACACGGG,AGTTTATAAAAAATT,0.051719185177971166,13.100426898048909,4,7,25,52
AAACCACGAACACATTCAAAGACAAGGC,AGTGTATGATAATAT,-0.03545551801399122,4.920206736345904,23,45,17,15
GGGCCAGATACAACATCAGATTCAAGTC,GAGAATGAAGGACAG,-0.03161772886632451,0.4312170981488066,21,37,17,9
ATGCCACACGCAATCCCAAGGGCAACCC,GTTAAATCAACAGTT,-0.20359564297400964,5.6838662623932805,45,12,7,2
ATAGCAAGGACATGATCAAGTACAAATA,GTTTGTTTTGGGAAA,-0.03426370333252944,0.0,20,29,4,1
CTGACAGATGCAGCCGCATGATCAGGCC,GTTGGGCGCTTAAAG,-0.008281866486134446,0.0,19,30,14,28
CTCACATAATCAGAGACAAGGCCAGAAG,TATGCCCTTCTTCTG,-0.0010028574007493775,0.0,12,37,20,22
TTGGCACATCCAGAGGCAGTCTCATAAT,CATTGTCGGACGCTT,-0.040525512521050334,5.097708135931612,31,27,21,8
TGACCACGACCACTCACATACCCAATGC,CCGTTAGTATCGCTA,-0.04260251372550642,0.0,19,33,15,10
CGCCCAGTAACATTTACAACAGCAACAC,TCAAAACGGAGTGTT,-0.020557591354745084,0.025368699281102636,19,19,9,35
CAAACACCACCAGAGCCAAACACATTAT,CTTGATCAATCAAAA,-0.017035279421293088,0.0,15,29,16,17
TAAACAGGTGCAAGCCCACTTACAGTCA,TTTTGCATTTAGGCG,-0.004791501349833424,0.0,11,31,20,18
TCATCATAAGCACCGACACTCCCAGGCG,TCAAAGCATGAAAAA,0.011105967719843549,0.0,11,14,18,29
GGTTCAGCTGCAGAATCATGTACATGCA,GAGAATGAAGGACAG,-0.08195611054156045,6.681320789008339,30,27,4,1
GATCCACTCCCACGAACAATGGCATAAT,CTCTTGAGAATACTT,-0.10326543208763113,0.0,33,24,4,6
TAATCACCTACATCGACAATCACACGGA,ACAACCTACCTGCTA,0.00978810499106824,0.7077978189296346,8,16,28,18
ATAACACAGCCATGCACAGTAGCAGAAA,CATTTATGGCTATCT,-0.016069028192184615,1.3455933513739922,12,27,15,14
TGTACATTGGCATCTCCATAGGCAGGAT,TCATAGGTATCTCGC,-0.002105340919783316,0.02273802305867889,14,28,3,7
ATAACAGTTACAGCCCCAGCCCCAGATG,CTCTTGAGAATACTT,-0.12402936856545567,0.0,22,13,1,0
GAGACAAAGGCAGAAACAAGTCCAGCTA,CTCTTGAGAATACTT,-0.08539625321329361,0.6925777064184189,23,20,3,0
GCAGCACGCGCACGCTCAGTTCCAAGAC,GCTGCGGAGCCTCAG,0.01390044262712349,0.0,8,21,18,4
GCTTCAAATACAGCCCCAACCGCAGCCC,GTTGGGCGCTTAAAG,-0.030873548164961306,12.524266527374948,16,24,6,3
ATGACAGAGGCAGCTGCAGCGCCAAGCA,TCATAGGTATCTCGC,-0.01246190870417687,4.36709437647761,10,15,10,13
GCTACATCTACAGAGGCCCGCCAGCCT,TAACCTCGCGCTGAG,-0.11196656978659424,0.0,15,10,7,7
GGATCACGTACACGAGCACAGACAGGAT,CTTGATGGCTGAAAG,0.04183182490525004,1.1513399702844822,8,15,17,2
TGTTCACGCCCGGTCCACTACCACCAC,TTTATAAATCAATAG,0.027730044316428025,0.0,1,7,11,18
AGTGCACTAGCATAACCAAACTCATCGC,TCAAAGCATGAAAAA,,0.0,5,8,6,15
CAAGCAAGTGCATAAACAAGAACACCAC,GAGAATGAAGGACAG,-0.1260744296125848,0.0,19,11,3,0
CTTCCAGTTTCACACTCAACCACATGGC,AAAAGCGACATTTCT,,0.0,7,17,6,2
CGTGCAAGGGCAGCTCCAGTGCCATCAA,TTAGTCTTTCCATCA,,0.0,6,6,7,12
GCCCCACGGTCACCAACATACTCAAAGG,CAATCTTGAATTGAT,,0.0,8,4,7,8
GGCGCAGCGTCACTACCACCCACAAACT,TCATAGGTATCTCGC,,0.0,9,11,0,0
CGCTCATGGGCATGCGCAGCACCATTCA,CTAAGTGTGAAGGAG,,0.0,5,7,5,2
AATTCAGGAGCAGTCACATACGCACGTC,CTAAGCAGTCTTCTC,,0.0,6,11,2,4
CGAGCATGGTCACTTGCAACGACAGGTC,TAACCTCGCGCTGAG,,0.0,0,8,9,7
ATTGCAGCTGCATGGGCAACCGCATTCC,GCTAATTTCAAGAAT,,0.0,2,4,0,1
CGAACAGGTGCATGTGCACGAACACGAA,TAACCTCGCGCTGAG,,0.0,4,7,3,5
AGATCAGTTCCAATAGCAATTGCAGGAT,GAGAATGAAGGACAG,,0.0,6,11,0,3
TAAGCAATTGCACTAGCAGCATCATGAA,TCTTGGAGGTGAATG,,0.0,0,5,12,3
GTGCCATGTTCAAAGTCACGAACAACGT,GAGAATGAAGGACAG,,0.0,6,7,3,1
TAGACAACATCACCTGCATCCGCATTGT,ATTATCATCGCCATC,,0.0,6,8,0,2
TATCCACTCGCAGTTCCATCCACAAACA,ACAAGTTTTACAGTT,,0.0,7,8,0,0
TCGCCATGCACACAAGCATCAGCAGCTG,CCGTTAGTATCGCTA,,0.0,4,3,3,1
TCACCAGCCACAGCAACACTGACATACC,CTCTTGAGAATACTT,,0.0,2,1,0,0
GATTCAGTGGCACCGCCAAAATCAGGTT,CTAAGCAGTCTTCTC,,0.0,3,6,1,4
AAGCCAAGTACAGTTGCAATCTCATGGG,TAACCTCGCGCTGAG,,0.0,5,3,3,2
GCTGCATATCCAAGCCCAATCTCATGGG,TTTATAAATCAATAG,,0.0,2,4,0,7
TCCACATGGGCACATTCAGCATCACATC,CCAGGATGTACCGCC,,0.0,5,3,4,0
TGACCAGGGACATACCCAATGGCACACT,TAACCTCGCGCTGAG,,0.0,8,1,4,0
GGTTCACACGCATCGCCAACAACAAAAT,GTTTGTTTTGGGAAA,,0.0,3,0,0,0
GCAGCACATCCAGAACCAGTCTCAGTGG,CATCAATGAGGCAGT,,0.0,1,2,0,0
ATACCACATTCACTTACACACTCAAAGC,CTAGTTGTATAGCCA,,0.0,5,1,0,0
TCCTCAAAATCACCATCAATGCCATAGA,CATCAATGAGGCAGT,,0.0,2,2,0,0
TACACATCGACATGAACAGTGACAATAA,TACACCAATTACACT,,0.0,4,0,0,0
GAAACAATCCCATTCACACATCCAACGT,CTAGTTGTATAGCCA,,0.0,0,0,2,0
GACCCATATGCAATGGCACGGTCACCTC,CTAGTTGTATAGCCA,,0.0,5,1,0,0
TAATCATAAACACGTGCACAAACAAGGC,CATCAATGAGGCAGT,,0.0,2,3,0,0
ATAACAACCGCAATAACAGGTCCATAGA,ATTATCATCGCCATC,,0.0,1,3,0,0
TGGACATCGGCAAGTTCAACCGCAAGGA,CTCTTGAGAATACTT,,0.0,4,1,0,0
GTTTCACCCACAAAAGCAAGTACACTGG,TACACCAATTACACT,,0.0,1,0,0,0
TGCCCAAACACACGGCCACATCAGTTG,CATATGCATTCCTTG,,0.0,1,5,0,0
TACACAGTTGCAACCTCAATTTCAGGCG,TATATTGAACTTTAC,,0.0,0,3,3,0
GACGCAGATTCATAGACAACTACATGGG,TATGCCCTTCTTCTG,,0.0,0,1,2,3
AACACAGTGCCATATCCACGCGCACTCG,GCTGCGGAGCCTCAG,,0.0,2,2,0,0
GATACATGGTCAGCTCCATAAGCAGCAC,CATCAATGAGGCAGT,,0.0,4,0,0,0
TAGACAACCACAAAGCCATATCCAATTG,TCAGAGCATTGGCCT,,0.0,2,3,0,0
AGCTCAATCGCATTGCCAAGGGCATGAC,GTTAAATCAACAGTT,,0.0,1,0,0,0
CCATCAGTAGCACTCGCAGGACCAGTTT,TAATATTGTTTTGCG,,0.0,2,0,0,0
GGGTCAAGAGCACTTGCACACGCAAACT,AGTGTATGATAATAT,,0.0,0,2,0,0
TTTCCAATCTCAGCTCCACACACAGCGG,TCAAAGCATGAAAAA,,0.0,0,0,1,0
ATCGCAATAGCACCAGCATCCACAGGCG,CTCTTGAGAATACTT,,0.0,1,0,0,0
AGGACACCGCCATGGGCAATGGCAATAA,CTGATTTGTGCTGTC,,0.0,2,0,0,0
ATGCCAAGTGCAAGGTCAATATCACGTC,TCGAAAGCACAGTAG,,0.0,2,0,0,0
TTAACATCCTCATGTACACCCACAGAAC,TTTATAAATCAATAG,,0.0,1,0,1,0
ATAACATATGCAGGCTCACCCTCATAGA,AAAAGCGACATTTCT,,0.0,0,0,2,0
GAGGCAACTCCATTTCCAGGAACAGGGA,TATATTGAACTTTAC,,0.0,0,0,2,0
GACTCATAATCATGGTCACAGCCATCCG,CTTGATGGCTGAAAG,,0.0,1,0,0,0
AGGCCAAGTCCAATGTCAAATACACGTC,ATAGAGCGGCGTTGA,,0.0,1,0,0,0
AAGTCAGCGCCAGAAGCACCTCCAAACC,CATCAATGAGGCAGT,,0.0,1,0,0,0
TAAGCAACGACAATACCAACAGCACCGA,GCTAATTTCAAGAAT,,0.0,0,1,0,0
TATGCAACACCAAGCTCAAAAGCAGTAG,AGATTCATCCCATGG,,0.0,0,1,0,0
CACTCATAGCCAGCTTCAACTCCAGGGT,TTAGTCTTTCCATCA,,0.0,0,1,0,0
AGGCCACTAACACTGTCAGGGTCATAAC,CTTGATCAATCAAAA,,0.0,0,1,0,0
GGAACAAACGCATAGTCAGCTCCAACAA,TAATATTGTTTTGCG,,0.0,0,1,0,0
GCGGCAGTCCCACTTGCAAGGCCATGTG,GCTAATTTCAAGAAT,,0.0,0,0,1,0
CGAACAACTGCACTTTCAAAAACAACAA,TTTATAAATCAATAG,,0.0,0,0,1,0
GTCTCATATTCATGGCCAGTGGCACAGG,CTATGCATTTACTCA,,0.0,0,0,1,0
CATCCAGCGACAAAGTCATGTGCACCGG,GGTTGCCCAGAAGTA,,0.0,0,0,1,0
AGCTCACAGGCAAGATCATTAGCAGCCC,CTCGCTAATACTCCT,,0.0,0,0,1,0
GAGGCAGGGCCAGGCACAACAACAAGAA,GAACTCAGGTTCCAT,,0.0,0,0,1,0
AGAGCAGTAGCATCATCAAATTCACAAG,GGTTGCCCAGAAGTA,,0.0,0,0,1,0
ATCTCAACGCCACCGGCAGTTACAAAGG,TCAAAACGGAGTGTT,,0.0,0,0,1,0
TCATCATACGCAACTTCAAAATCATTCG,CAAGGATCCCCGTAG,,0.0,0,0,1,0
CTTACAGTAGCAATATCAGCTTCATGTC,CATTTATGGCTATCT,,0.0,0,0,1,0
TGCACAATGTCATACGCACTCACAACCG,GTTTGTTTTGGGAAA,,0.0,0,0,1,0
ATTACATGGCCAGAAACATGGTCACATC,AAAACATTATCAAAG,,0.0,0,0,0,1
AAGACAGGGACACACGCACACCCAACCA,GAACTCAGGTTCCAT,,0.0,0,0,0,1
TACACAGTCGCACTTCCATTCGCACCAA,CAATCTTGAATTGAT,,0.0,0,0,0,1
